
===========================================================================
report_checks -path_delay max (Setup)
============================================================================
======================= nom_ss_100C_1v60 Corner ===================================

Startpoint: h0[1] (input port clocked by clk)
Endpoint: y[8] (output port clocked by clk)
Path Group: clk
Path Type: max

Fanout         Cap        Slew       Delay        Time   Description
---------------------------------------------------------------------------------------------
                      0.150000    0.000000    0.000000   clock clk (rise edge)
                                  0.000000    0.000000   clock network delay (ideal)
                                  2.000000    2.000000 v input external delay
     8    0.024172    0.107020    0.077980    2.077980 v h0[1] (in)
                                                         h0[1] (net)
                      0.107020    0.000000    2.077980 v _453_/A2 (sky130_fd_sc_hd__a22o_2)
     2    0.006468    0.087413    0.528285    2.606265 v _453_/X (sky130_fd_sc_hd__a22o_2)
                                                         _114_ (net)
                      0.087413    0.000000    2.606265 v _454_/B2 (sky130_fd_sc_hd__a22o_2)
     2    0.006691    0.088417    0.462977    3.069242 v _454_/X (sky130_fd_sc_hd__a22o_2)
                                                         _115_ (net)
                      0.088417    0.000000    3.069242 v _457_/A1 (sky130_fd_sc_hd__a21o_2)
     2    0.006468    0.077850    0.393261    3.462503 v _457_/X (sky130_fd_sc_hd__a21o_2)
                                                         _118_ (net)
                      0.077850    0.000000    3.462503 v _459_/B2 (sky130_fd_sc_hd__a22o_2)
     2    0.006568    0.087881    0.458407    3.920910 v _459_/X (sky130_fd_sc_hd__a22o_2)
                                                         _120_ (net)
                      0.087881    0.000000    3.920910 v _461_/A2 (sky130_fd_sc_hd__a21o_2)
     3    0.008864    0.087435    0.439116    4.360026 v _461_/X (sky130_fd_sc_hd__a21o_2)
                                                         _122_ (net)
                      0.087435    0.000000    4.360026 v _534_/A2 (sky130_fd_sc_hd__a21bo_2)
     3    0.013039    0.108190    0.467083    4.827109 v _534_/X (sky130_fd_sc_hd__a21bo_2)
                                                         _194_ (net)
                      0.108190    0.000000    4.827109 v _656_/A1 (sky130_fd_sc_hd__a211o_2)
     1    0.002359    0.079409    0.590955    5.418065 v _656_/X (sky130_fd_sc_hd__a211o_2)
                                                         _314_ (net)
                      0.079409    0.000000    5.418065 v _657_/B1 (sky130_fd_sc_hd__o21a_2)
     2    0.009375    0.091793    0.258552    5.676616 v _657_/X (sky130_fd_sc_hd__o21a_2)
                                                         _315_ (net)
                      0.091793    0.000000    5.676616 v _658_/B (sky130_fd_sc_hd__and2_2)
     1    0.001248    0.062596    0.406021    6.082638 v _658_/X (sky130_fd_sc_hd__and2_2)
                                                         _316_ (net)
                      0.062596    0.000000    6.082638 v _681_/C (sky130_fd_sc_hd__or3_2)
     2    0.009375    0.210739    1.093491    7.176128 v _681_/X (sky130_fd_sc_hd__or3_2)
                                                         _338_ (net)
                      0.210739    0.000000    7.176128 v _683_/B (sky130_fd_sc_hd__xor2_2)
     2    0.009709    0.131574    0.361967    7.538095 v _683_/X (sky130_fd_sc_hd__xor2_2)
                                                         _340_ (net)
                      0.131574    0.000000    7.538095 v _685_/B (sky130_fd_sc_hd__xnor2_2)
     2    0.010091    0.144615    0.312054    7.850149 v _685_/Y (sky130_fd_sc_hd__xnor2_2)
                                                         _342_ (net)
                      0.144615    0.000000    7.850149 v _689_/A (sky130_fd_sc_hd__xor2_2)
     2    0.009375    0.138121    0.381227    8.231377 v _689_/X (sky130_fd_sc_hd__xor2_2)
                                                         _346_ (net)
                      0.138121    0.000000    8.231377 v _690_/B (sky130_fd_sc_hd__and2_2)
     2    0.003485    0.074805    0.450117    8.681494 v _690_/X (sky130_fd_sc_hd__and2_2)
                                                         _347_ (net)
                      0.074805    0.000000    8.681494 v _699_/D (sky130_fd_sc_hd__or4_2)
     2    0.003731    0.225900    1.376501   10.057995 v _699_/X (sky130_fd_sc_hd__or4_2)
                                                         _355_ (net)
                      0.225900    0.000000   10.057995 v _700_/B (sky130_fd_sc_hd__and2b_2)
     1    0.008022    0.096449    0.535958   10.593953 v _700_/X (sky130_fd_sc_hd__and2b_2)
                                                         _356_ (net)
                      0.096449    0.000000   10.593953 v _701_/B (sky130_fd_sc_hd__xor2_2)
     1    0.033442    0.668328    0.612095   11.206048 ^ _701_/X (sky130_fd_sc_hd__xor2_2)
                                                         y[8] (net)
                      0.668328    0.000000   11.206048 ^ y[8] (out)
                                             11.206048   data arrival time

                      0.150000   10.000000   10.000000   clock clk (rise edge)
                                  0.000000   10.000000   clock network delay (ideal)
                                 -0.250000    9.750000   clock uncertainty
                                  0.000000    9.750000   clock reconvergence pessimism
                                 -2.000000    7.750000   output external delay
                                              7.750000   data required time
---------------------------------------------------------------------------------------------
                                              7.750000   data required time
                                            -11.206048   data arrival time
---------------------------------------------------------------------------------------------
                                             -3.456048   slack (VIOLATED)


Startpoint: h0[1] (input port clocked by clk)
Endpoint: y[9] (output port clocked by clk)
Path Group: clk
Path Type: max

Fanout         Cap        Slew       Delay        Time   Description
---------------------------------------------------------------------------------------------
                      0.150000    0.000000    0.000000   clock clk (rise edge)
                                  0.000000    0.000000   clock network delay (ideal)
                                  2.000000    2.000000 v input external delay
     8    0.024172    0.107020    0.077980    2.077980 v h0[1] (in)
                                                         h0[1] (net)
                      0.107020    0.000000    2.077980 v _453_/A2 (sky130_fd_sc_hd__a22o_2)
     2    0.006468    0.087413    0.528285    2.606265 v _453_/X (sky130_fd_sc_hd__a22o_2)
                                                         _114_ (net)
                      0.087413    0.000000    2.606265 v _454_/B2 (sky130_fd_sc_hd__a22o_2)
     2    0.006691    0.088417    0.462977    3.069242 v _454_/X (sky130_fd_sc_hd__a22o_2)
                                                         _115_ (net)
                      0.088417    0.000000    3.069242 v _457_/A1 (sky130_fd_sc_hd__a21o_2)
     2    0.006468    0.077850    0.393261    3.462503 v _457_/X (sky130_fd_sc_hd__a21o_2)
                                                         _118_ (net)
                      0.077850    0.000000    3.462503 v _459_/B2 (sky130_fd_sc_hd__a22o_2)
     2    0.006568    0.087881    0.458407    3.920910 v _459_/X (sky130_fd_sc_hd__a22o_2)
                                                         _120_ (net)
                      0.087881    0.000000    3.920910 v _461_/A2 (sky130_fd_sc_hd__a21o_2)
     3    0.008864    0.087435    0.439116    4.360026 v _461_/X (sky130_fd_sc_hd__a21o_2)
                                                         _122_ (net)
                      0.087435    0.000000    4.360026 v _463_/A2 (sky130_fd_sc_hd__a21o_2)
     2    0.006617    0.077957    0.426683    4.786709 v _463_/X (sky130_fd_sc_hd__a21o_2)
                                                         _124_ (net)
                      0.077957    0.000000    4.786709 v _477_/A2 (sky130_fd_sc_hd__a21o_2)
     3    0.008370    0.085299    0.432013    5.218722 v _477_/X (sky130_fd_sc_hd__a21o_2)
                                                         _138_ (net)
                      0.085299    0.000000    5.218722 v _478_/C (sky130_fd_sc_hd__and3_2)
     2    0.006487    0.093094    0.487816    5.706539 v _478_/X (sky130_fd_sc_hd__and3_2)
                                                         _139_ (net)
                      0.093094    0.000000    5.706539 v _496_/A1 (sky130_fd_sc_hd__o21a_2)
     2    0.005663    0.075497    0.431860    6.138398 v _496_/X (sky130_fd_sc_hd__o21a_2)
                                                         _157_ (net)
                      0.075497    0.000000    6.138398 v _512_/B (sky130_fd_sc_hd__or3_2)
     3    0.006071    0.191162    1.143420    7.281818 v _512_/X (sky130_fd_sc_hd__or3_2)
                                                         _173_ (net)
                      0.191162    0.000000    7.281818 v _515_/A1 (sky130_fd_sc_hd__a211o_2)
     2    0.006562    0.105208    0.669132    7.950950 v _515_/X (sky130_fd_sc_hd__a211o_2)
                                                         _176_ (net)
                      0.105208    0.000000    7.950950 v _585_/A1 (sky130_fd_sc_hd__a21o_2)
     2    0.010263    0.093447    0.421180    8.372130 v _585_/X (sky130_fd_sc_hd__a21o_2)
                                                         _245_ (net)
                      0.093447    0.000000    8.372130 v _637_/A2 (sky130_fd_sc_hd__a21o_2)
     2    0.010263    0.093445    0.449178    8.821309 v _637_/X (sky130_fd_sc_hd__a21o_2)
                                                         _296_ (net)
                      0.093445    0.000000    8.821309 v _674_/A2 (sky130_fd_sc_hd__a21o_2)
     2    0.010460    0.094290    0.450251    9.271560 v _674_/X (sky130_fd_sc_hd__a21o_2)
                                                         _332_ (net)
                      0.094290    0.000000    9.271560 v _695_/A2 (sky130_fd_sc_hd__a21o_2)
     2    0.010263    0.093447    0.449548    9.721107 v _695_/X (sky130_fd_sc_hd__a21o_2)
                                                         _352_ (net)
                      0.093447    0.000000    9.721107 v _697_/A2 (sky130_fd_sc_hd__a21o_2)
     2    0.011034    0.096749    0.453377   10.174484 v _697_/X (sky130_fd_sc_hd__a21o_2)
                                                         _353_ (net)
                      0.096749    0.000000   10.174484 v _705_/A1 (sky130_fd_sc_hd__a21o_2)
     1    0.033442    0.183873    0.515936   10.690420 v _705_/X (sky130_fd_sc_hd__a21o_2)
                                                         y[9] (net)
                      0.183873    0.000000   10.690420 v y[9] (out)
                                             10.690420   data arrival time

                      0.150000   10.000000   10.000000   clock clk (rise edge)
                                  0.000000   10.000000   clock network delay (ideal)
                                 -0.250000    9.750000   clock uncertainty
                                  0.000000    9.750000   clock reconvergence pessimism
                                 -2.000000    7.750000   output external delay
                                              7.750000   data required time
---------------------------------------------------------------------------------------------
                                              7.750000   data required time
                                            -10.690420   data arrival time
---------------------------------------------------------------------------------------------
                                             -2.940420   slack (VIOLATED)


Startpoint: h0[1] (input port clocked by clk)
Endpoint: y[7] (output port clocked by clk)
Path Group: clk
Path Type: max

Fanout         Cap        Slew       Delay        Time   Description
---------------------------------------------------------------------------------------------
                      0.150000    0.000000    0.000000   clock clk (rise edge)
                                  0.000000    0.000000   clock network delay (ideal)
                                  2.000000    2.000000 v input external delay
     8    0.024172    0.107020    0.077980    2.077980 v h0[1] (in)
                                                         h0[1] (net)
                      0.107020    0.000000    2.077980 v _453_/A2 (sky130_fd_sc_hd__a22o_2)
     2    0.006468    0.087413    0.528285    2.606265 v _453_/X (sky130_fd_sc_hd__a22o_2)
                                                         _114_ (net)
                      0.087413    0.000000    2.606265 v _454_/B2 (sky130_fd_sc_hd__a22o_2)
     2    0.006691    0.088417    0.462977    3.069242 v _454_/X (sky130_fd_sc_hd__a22o_2)
                                                         _115_ (net)
                      0.088417    0.000000    3.069242 v _457_/A1 (sky130_fd_sc_hd__a21o_2)
     2    0.006468    0.077850    0.393261    3.462503 v _457_/X (sky130_fd_sc_hd__a21o_2)
                                                         _118_ (net)
                      0.077850    0.000000    3.462503 v _459_/B2 (sky130_fd_sc_hd__a22o_2)
     2    0.006568    0.087881    0.458407    3.920910 v _459_/X (sky130_fd_sc_hd__a22o_2)
                                                         _120_ (net)
                      0.087881    0.000000    3.920910 v _461_/A2 (sky130_fd_sc_hd__a21o_2)
     3    0.008864    0.087435    0.439116    4.360026 v _461_/X (sky130_fd_sc_hd__a21o_2)
                                                         _122_ (net)
                      0.087435    0.000000    4.360026 v _463_/A2 (sky130_fd_sc_hd__a21o_2)
     2    0.006617    0.077957    0.426683    4.786709 v _463_/X (sky130_fd_sc_hd__a21o_2)
                                                         _124_ (net)
                      0.077957    0.000000    4.786709 v _477_/A2 (sky130_fd_sc_hd__a21o_2)
     3    0.008370    0.085299    0.432013    5.218722 v _477_/X (sky130_fd_sc_hd__a21o_2)
                                                         _138_ (net)
                      0.085299    0.000000    5.218722 v _478_/C (sky130_fd_sc_hd__and3_2)
     2    0.006487    0.093094    0.487816    5.706539 v _478_/X (sky130_fd_sc_hd__and3_2)
                                                         _139_ (net)
                      0.093094    0.000000    5.706539 v _496_/A1 (sky130_fd_sc_hd__o21a_2)
     2    0.005663    0.075497    0.431860    6.138398 v _496_/X (sky130_fd_sc_hd__o21a_2)
                                                         _157_ (net)
                      0.075497    0.000000    6.138398 v _512_/B (sky130_fd_sc_hd__or3_2)
     3    0.006071    0.191162    1.143420    7.281818 v _512_/X (sky130_fd_sc_hd__or3_2)
                                                         _173_ (net)
                      0.191162    0.000000    7.281818 v _515_/A1 (sky130_fd_sc_hd__a211o_2)
     2    0.006562    0.105208    0.669132    7.950950 v _515_/X (sky130_fd_sc_hd__a211o_2)
                                                         _176_ (net)
                      0.105208    0.000000    7.950950 v _585_/A1 (sky130_fd_sc_hd__a21o_2)
     2    0.010263    0.093447    0.421180    8.372130 v _585_/X (sky130_fd_sc_hd__a21o_2)
                                                         _245_ (net)
                      0.093447    0.000000    8.372130 v _637_/A2 (sky130_fd_sc_hd__a21o_2)
     2    0.010263    0.093445    0.449178    8.821309 v _637_/X (sky130_fd_sc_hd__a21o_2)
                                                         _296_ (net)
                      0.093445    0.000000    8.821309 v _674_/A2 (sky130_fd_sc_hd__a21o_2)
     2    0.010460    0.094290    0.450251    9.271560 v _674_/X (sky130_fd_sc_hd__a21o_2)
                                                         _332_ (net)
                      0.094290    0.000000    9.271560 v _695_/A2 (sky130_fd_sc_hd__a21o_2)
     2    0.010263    0.093447    0.449548    9.721107 v _695_/X (sky130_fd_sc_hd__a21o_2)
                                                         _352_ (net)
                      0.093447    0.000000    9.721107 v _696_/B (sky130_fd_sc_hd__xor2_2)
     1    0.033442    0.668261    0.610751   10.331859 ^ _696_/X (sky130_fd_sc_hd__xor2_2)
                                                         y[7] (net)
                      0.668261    0.000000   10.331859 ^ y[7] (out)
                                             10.331859   data arrival time

                      0.150000   10.000000   10.000000   clock clk (rise edge)
                                  0.000000   10.000000   clock network delay (ideal)
                                 -0.250000    9.750000   clock uncertainty
                                  0.000000    9.750000   clock reconvergence pessimism
                                 -2.000000    7.750000   output external delay
                                              7.750000   data required time
---------------------------------------------------------------------------------------------
                                              7.750000   data required time
                                            -10.331859   data arrival time
---------------------------------------------------------------------------------------------
                                             -2.581858   slack (VIOLATED)


Startpoint: h0[1] (input port clocked by clk)
Endpoint: y[6] (output port clocked by clk)
Path Group: clk
Path Type: max

Fanout         Cap        Slew       Delay        Time   Description
---------------------------------------------------------------------------------------------
                      0.150000    0.000000    0.000000   clock clk (rise edge)
                                  0.000000    0.000000   clock network delay (ideal)
                                  2.000000    2.000000 v input external delay
     8    0.024172    0.107020    0.077980    2.077980 v h0[1] (in)
                                                         h0[1] (net)
                      0.107020    0.000000    2.077980 v _453_/A2 (sky130_fd_sc_hd__a22o_2)
     2    0.006468    0.087413    0.528285    2.606265 v _453_/X (sky130_fd_sc_hd__a22o_2)
                                                         _114_ (net)
                      0.087413    0.000000    2.606265 v _454_/B2 (sky130_fd_sc_hd__a22o_2)
     2    0.006691    0.088417    0.462977    3.069242 v _454_/X (sky130_fd_sc_hd__a22o_2)
                                                         _115_ (net)
                      0.088417    0.000000    3.069242 v _457_/A1 (sky130_fd_sc_hd__a21o_2)
     2    0.006468    0.077850    0.393261    3.462503 v _457_/X (sky130_fd_sc_hd__a21o_2)
                                                         _118_ (net)
                      0.077850    0.000000    3.462503 v _459_/B2 (sky130_fd_sc_hd__a22o_2)
     2    0.006568    0.087881    0.458407    3.920910 v _459_/X (sky130_fd_sc_hd__a22o_2)
                                                         _120_ (net)
                      0.087881    0.000000    3.920910 v _461_/A2 (sky130_fd_sc_hd__a21o_2)
     3    0.008864    0.087435    0.439116    4.360026 v _461_/X (sky130_fd_sc_hd__a21o_2)
                                                         _122_ (net)
                      0.087435    0.000000    4.360026 v _463_/A2 (sky130_fd_sc_hd__a21o_2)
     2    0.006617    0.077957    0.426683    4.786709 v _463_/X (sky130_fd_sc_hd__a21o_2)
                                                         _124_ (net)
                      0.077957    0.000000    4.786709 v _477_/A2 (sky130_fd_sc_hd__a21o_2)
     3    0.008370    0.085299    0.432013    5.218722 v _477_/X (sky130_fd_sc_hd__a21o_2)
                                                         _138_ (net)
                      0.085299    0.000000    5.218722 v _478_/C (sky130_fd_sc_hd__and3_2)
     2    0.006487    0.093094    0.487816    5.706539 v _478_/X (sky130_fd_sc_hd__and3_2)
                                                         _139_ (net)
                      0.093094    0.000000    5.706539 v _496_/A1 (sky130_fd_sc_hd__o21a_2)
     2    0.005663    0.075497    0.431860    6.138398 v _496_/X (sky130_fd_sc_hd__o21a_2)
                                                         _157_ (net)
                      0.075497    0.000000    6.138398 v _512_/B (sky130_fd_sc_hd__or3_2)
     3    0.006071    0.191162    1.143420    7.281818 v _512_/X (sky130_fd_sc_hd__or3_2)
                                                         _173_ (net)
                      0.191162    0.000000    7.281818 v _515_/A1 (sky130_fd_sc_hd__a211o_2)
     2    0.006562    0.105208    0.669132    7.950950 v _515_/X (sky130_fd_sc_hd__a211o_2)
                                                         _176_ (net)
                      0.105208    0.000000    7.950950 v _585_/A1 (sky130_fd_sc_hd__a21o_2)
     2    0.010263    0.093447    0.421180    8.372130 v _585_/X (sky130_fd_sc_hd__a21o_2)
                                                         _245_ (net)
                      0.093447    0.000000    8.372130 v _637_/A2 (sky130_fd_sc_hd__a21o_2)
     2    0.010263    0.093445    0.449178    8.821309 v _637_/X (sky130_fd_sc_hd__a21o_2)
                                                         _296_ (net)
                      0.093445    0.000000    8.821309 v _674_/A2 (sky130_fd_sc_hd__a21o_2)
     2    0.010460    0.094290    0.450251    9.271560 v _674_/X (sky130_fd_sc_hd__a21o_2)
                                                         _332_ (net)
                      0.094290    0.000000    9.271560 v _675_/B (sky130_fd_sc_hd__xnor2_2)
     1    0.033442    0.709789    0.629979    9.901539 ^ _675_/Y (sky130_fd_sc_hd__xnor2_2)
                                                         y[6] (net)
                      0.709789    0.000000    9.901539 ^ y[6] (out)
                                              9.901539   data arrival time

                      0.150000   10.000000   10.000000   clock clk (rise edge)
                                  0.000000   10.000000   clock network delay (ideal)
                                 -0.250000    9.750000   clock uncertainty
                                  0.000000    9.750000   clock reconvergence pessimism
                                 -2.000000    7.750000   output external delay
                                              7.750000   data required time
---------------------------------------------------------------------------------------------
                                              7.750000   data required time
                                             -9.901539   data arrival time
---------------------------------------------------------------------------------------------
                                             -2.151539   slack (VIOLATED)


Startpoint: h0[1] (input port clocked by clk)
Endpoint: y[5] (output port clocked by clk)
Path Group: clk
Path Type: max

Fanout         Cap        Slew       Delay        Time   Description
---------------------------------------------------------------------------------------------
                      0.150000    0.000000    0.000000   clock clk (rise edge)
                                  0.000000    0.000000   clock network delay (ideal)
                                  2.000000    2.000000 v input external delay
     8    0.024172    0.107020    0.077980    2.077980 v h0[1] (in)
                                                         h0[1] (net)
                      0.107020    0.000000    2.077980 v _453_/A2 (sky130_fd_sc_hd__a22o_2)
     2    0.006468    0.087413    0.528285    2.606265 v _453_/X (sky130_fd_sc_hd__a22o_2)
                                                         _114_ (net)
                      0.087413    0.000000    2.606265 v _454_/B2 (sky130_fd_sc_hd__a22o_2)
     2    0.006691    0.088417    0.462977    3.069242 v _454_/X (sky130_fd_sc_hd__a22o_2)
                                                         _115_ (net)
                      0.088417    0.000000    3.069242 v _457_/A1 (sky130_fd_sc_hd__a21o_2)
     2    0.006468    0.077850    0.393261    3.462503 v _457_/X (sky130_fd_sc_hd__a21o_2)
                                                         _118_ (net)
                      0.077850    0.000000    3.462503 v _459_/B2 (sky130_fd_sc_hd__a22o_2)
     2    0.006568    0.087881    0.458407    3.920910 v _459_/X (sky130_fd_sc_hd__a22o_2)
                                                         _120_ (net)
                      0.087881    0.000000    3.920910 v _461_/A2 (sky130_fd_sc_hd__a21o_2)
     3    0.008864    0.087435    0.439116    4.360026 v _461_/X (sky130_fd_sc_hd__a21o_2)
                                                         _122_ (net)
                      0.087435    0.000000    4.360026 v _463_/A2 (sky130_fd_sc_hd__a21o_2)
     2    0.006617    0.077957    0.426683    4.786709 v _463_/X (sky130_fd_sc_hd__a21o_2)
                                                         _124_ (net)
                      0.077957    0.000000    4.786709 v _477_/A2 (sky130_fd_sc_hd__a21o_2)
     3    0.008370    0.085299    0.432013    5.218722 v _477_/X (sky130_fd_sc_hd__a21o_2)
                                                         _138_ (net)
                      0.085299    0.000000    5.218722 v _478_/C (sky130_fd_sc_hd__and3_2)
     2    0.006487    0.093094    0.487816    5.706539 v _478_/X (sky130_fd_sc_hd__and3_2)
                                                         _139_ (net)
                      0.093094    0.000000    5.706539 v _496_/A1 (sky130_fd_sc_hd__o21a_2)
     2    0.005663    0.075497    0.431860    6.138398 v _496_/X (sky130_fd_sc_hd__o21a_2)
                                                         _157_ (net)
                      0.075497    0.000000    6.138398 v _512_/B (sky130_fd_sc_hd__or3_2)
     3    0.006071    0.191162    1.143420    7.281818 v _512_/X (sky130_fd_sc_hd__or3_2)
                                                         _173_ (net)
                      0.191162    0.000000    7.281818 v _515_/A1 (sky130_fd_sc_hd__a211o_2)
     2    0.006562    0.105208    0.669132    7.950950 v _515_/X (sky130_fd_sc_hd__a211o_2)
                                                         _176_ (net)
                      0.105208    0.000000    7.950950 v _585_/A1 (sky130_fd_sc_hd__a21o_2)
     2    0.010263    0.093447    0.421180    8.372130 v _585_/X (sky130_fd_sc_hd__a21o_2)
                                                         _245_ (net)
                      0.093447    0.000000    8.372130 v _637_/A2 (sky130_fd_sc_hd__a21o_2)
     2    0.010263    0.093445    0.449178    8.821309 v _637_/X (sky130_fd_sc_hd__a21o_2)
                                                         _296_ (net)
                      0.093445    0.000000    8.821309 v _638_/B (sky130_fd_sc_hd__xor2_2)
     1    0.033442    0.668264    0.610751    9.432060 ^ _638_/X (sky130_fd_sc_hd__xor2_2)
                                                         y[5] (net)
                      0.668264    0.000000    9.432060 ^ y[5] (out)
                                              9.432060   data arrival time

                      0.150000   10.000000   10.000000   clock clk (rise edge)
                                  0.000000   10.000000   clock network delay (ideal)
                                 -0.250000    9.750000   clock uncertainty
                                  0.000000    9.750000   clock reconvergence pessimism
                                 -2.000000    7.750000   output external delay
                                              7.750000   data required time
---------------------------------------------------------------------------------------------
                                              7.750000   data required time
                                             -9.432060   data arrival time
---------------------------------------------------------------------------------------------
                                             -1.682060   slack (VIOLATED)


Startpoint: h0[1] (input port clocked by clk)
Endpoint: y[4] (output port clocked by clk)
Path Group: clk
Path Type: max

Fanout         Cap        Slew       Delay        Time   Description
---------------------------------------------------------------------------------------------
                      0.150000    0.000000    0.000000   clock clk (rise edge)
                                  0.000000    0.000000   clock network delay (ideal)
                                  2.000000    2.000000 v input external delay
     8    0.024172    0.107020    0.077980    2.077980 v h0[1] (in)
                                                         h0[1] (net)
                      0.107020    0.000000    2.077980 v _453_/A2 (sky130_fd_sc_hd__a22o_2)
     2    0.006468    0.087413    0.528285    2.606265 v _453_/X (sky130_fd_sc_hd__a22o_2)
                                                         _114_ (net)
                      0.087413    0.000000    2.606265 v _454_/B2 (sky130_fd_sc_hd__a22o_2)
     2    0.006691    0.088417    0.462977    3.069242 v _454_/X (sky130_fd_sc_hd__a22o_2)
                                                         _115_ (net)
                      0.088417    0.000000    3.069242 v _457_/A1 (sky130_fd_sc_hd__a21o_2)
     2    0.006468    0.077850    0.393261    3.462503 v _457_/X (sky130_fd_sc_hd__a21o_2)
                                                         _118_ (net)
                      0.077850    0.000000    3.462503 v _459_/B2 (sky130_fd_sc_hd__a22o_2)
     2    0.006568    0.087881    0.458407    3.920910 v _459_/X (sky130_fd_sc_hd__a22o_2)
                                                         _120_ (net)
                      0.087881    0.000000    3.920910 v _461_/A2 (sky130_fd_sc_hd__a21o_2)
     3    0.008864    0.087435    0.439116    4.360026 v _461_/X (sky130_fd_sc_hd__a21o_2)
                                                         _122_ (net)
                      0.087435    0.000000    4.360026 v _463_/A2 (sky130_fd_sc_hd__a21o_2)
     2    0.006617    0.077957    0.426683    4.786709 v _463_/X (sky130_fd_sc_hd__a21o_2)
                                                         _124_ (net)
                      0.077957    0.000000    4.786709 v _477_/A2 (sky130_fd_sc_hd__a21o_2)
     3    0.008370    0.085299    0.432013    5.218722 v _477_/X (sky130_fd_sc_hd__a21o_2)
                                                         _138_ (net)
                      0.085299    0.000000    5.218722 v _478_/C (sky130_fd_sc_hd__and3_2)
     2    0.006487    0.093094    0.487816    5.706539 v _478_/X (sky130_fd_sc_hd__and3_2)
                                                         _139_ (net)
                      0.093094    0.000000    5.706539 v _496_/A1 (sky130_fd_sc_hd__o21a_2)
     2    0.005663    0.075497    0.431860    6.138398 v _496_/X (sky130_fd_sc_hd__o21a_2)
                                                         _157_ (net)
                      0.075497    0.000000    6.138398 v _512_/B (sky130_fd_sc_hd__or3_2)
     3    0.006071    0.191162    1.143420    7.281818 v _512_/X (sky130_fd_sc_hd__or3_2)
                                                         _173_ (net)
                      0.191162    0.000000    7.281818 v _515_/A1 (sky130_fd_sc_hd__a211o_2)
     2    0.006562    0.105208    0.669132    7.950950 v _515_/X (sky130_fd_sc_hd__a211o_2)
                                                         _176_ (net)
                      0.105208    0.000000    7.950950 v _585_/A1 (sky130_fd_sc_hd__a21o_2)
     2    0.010263    0.093447    0.421180    8.372130 v _585_/X (sky130_fd_sc_hd__a21o_2)
                                                         _245_ (net)
                      0.093447    0.000000    8.372130 v _586_/B (sky130_fd_sc_hd__xor2_2)
     1    0.033442    0.668260    0.610751    8.982882 ^ _586_/X (sky130_fd_sc_hd__xor2_2)
                                                         y[4] (net)
                      0.668260    0.000000    8.982882 ^ y[4] (out)
                                              8.982882   data arrival time

                      0.150000   10.000000   10.000000   clock clk (rise edge)
                                  0.000000   10.000000   clock network delay (ideal)
                                 -0.250000    9.750000   clock uncertainty
                                  0.000000    9.750000   clock reconvergence pessimism
                                 -2.000000    7.750000   output external delay
                                              7.750000   data required time
---------------------------------------------------------------------------------------------
                                              7.750000   data required time
                                             -8.982882   data arrival time
---------------------------------------------------------------------------------------------
                                             -1.232881   slack (VIOLATED)


Startpoint: h0[1] (input port clocked by clk)
Endpoint: y[3] (output port clocked by clk)
Path Group: clk
Path Type: max

Fanout         Cap        Slew       Delay        Time   Description
---------------------------------------------------------------------------------------------
                      0.150000    0.000000    0.000000   clock clk (rise edge)
                                  0.000000    0.000000   clock network delay (ideal)
                                  2.000000    2.000000 v input external delay
     8    0.024172    0.107020    0.077980    2.077980 v h0[1] (in)
                                                         h0[1] (net)
                      0.107020    0.000000    2.077980 v _453_/A2 (sky130_fd_sc_hd__a22o_2)
     2    0.006468    0.087413    0.528285    2.606265 v _453_/X (sky130_fd_sc_hd__a22o_2)
                                                         _114_ (net)
                      0.087413    0.000000    2.606265 v _454_/B2 (sky130_fd_sc_hd__a22o_2)
     2    0.006691    0.088417    0.462977    3.069242 v _454_/X (sky130_fd_sc_hd__a22o_2)
                                                         _115_ (net)
                      0.088417    0.000000    3.069242 v _457_/A1 (sky130_fd_sc_hd__a21o_2)
     2    0.006468    0.077850    0.393261    3.462503 v _457_/X (sky130_fd_sc_hd__a21o_2)
                                                         _118_ (net)
                      0.077850    0.000000    3.462503 v _459_/B2 (sky130_fd_sc_hd__a22o_2)
     2    0.006568    0.087881    0.458407    3.920910 v _459_/X (sky130_fd_sc_hd__a22o_2)
                                                         _120_ (net)
                      0.087881    0.000000    3.920910 v _461_/A2 (sky130_fd_sc_hd__a21o_2)
     3    0.008864    0.087435    0.439116    4.360026 v _461_/X (sky130_fd_sc_hd__a21o_2)
                                                         _122_ (net)
                      0.087435    0.000000    4.360026 v _463_/A2 (sky130_fd_sc_hd__a21o_2)
     2    0.006617    0.077957    0.426683    4.786709 v _463_/X (sky130_fd_sc_hd__a21o_2)
                                                         _124_ (net)
                      0.077957    0.000000    4.786709 v _477_/A2 (sky130_fd_sc_hd__a21o_2)
     3    0.008370    0.085299    0.432013    5.218722 v _477_/X (sky130_fd_sc_hd__a21o_2)
                                                         _138_ (net)
                      0.085299    0.000000    5.218722 v _478_/C (sky130_fd_sc_hd__and3_2)
     2    0.006487    0.093094    0.487816    5.706539 v _478_/X (sky130_fd_sc_hd__and3_2)
                                                         _139_ (net)
                      0.093094    0.000000    5.706539 v _496_/A1 (sky130_fd_sc_hd__o21a_2)
     2    0.005663    0.075497    0.431860    6.138398 v _496_/X (sky130_fd_sc_hd__o21a_2)
                                                         _157_ (net)
                      0.075497    0.000000    6.138398 v _512_/B (sky130_fd_sc_hd__or3_2)
     3    0.006071    0.191162    1.143420    7.281818 v _512_/X (sky130_fd_sc_hd__or3_2)
                                                         _173_ (net)
                      0.191162    0.000000    7.281818 v _514_/B1 (sky130_fd_sc_hd__o211a_2)
     2    0.003462    0.074534    0.313916    7.595734 v _514_/X (sky130_fd_sc_hd__o211a_2)
                                                         _175_ (net)
                      0.074534    0.000000    7.595734 v _516_/A_N (sky130_fd_sc_hd__nand2b_2)
     1    0.008431    0.119825    0.404633    8.000367 v _516_/Y (sky130_fd_sc_hd__nand2b_2)
                                                         _177_ (net)
                      0.119825    0.000000    8.000367 v _518_/A (sky130_fd_sc_hd__xnor2_2)
     1    0.033442    0.709789    0.684836    8.685203 ^ _518_/Y (sky130_fd_sc_hd__xnor2_2)
                                                         y[3] (net)
                      0.709789    0.000000    8.685203 ^ y[3] (out)
                                              8.685203   data arrival time

                      0.150000   10.000000   10.000000   clock clk (rise edge)
                                  0.000000   10.000000   clock network delay (ideal)
                                 -0.250000    9.750000   clock uncertainty
                                  0.000000    9.750000   clock reconvergence pessimism
                                 -2.000000    7.750000   output external delay
                                              7.750000   data required time
---------------------------------------------------------------------------------------------
                                              7.750000   data required time
                                             -8.685203   data arrival time
---------------------------------------------------------------------------------------------
                                             -0.935203   slack (VIOLATED)


Startpoint: h3[1] (input port clocked by clk)
Endpoint: y[2] (output port clocked by clk)
Path Group: clk
Path Type: max

Fanout         Cap        Slew       Delay        Time   Description
---------------------------------------------------------------------------------------------
                      0.150000    0.000000    0.000000   clock clk (rise edge)
                                  0.000000    0.000000   clock network delay (ideal)
                                  2.000000    2.000000 v input external delay
     8    0.020561    0.091720    0.066395    2.066395 v h3[1] (in)
                                                         h3[1] (net)
                      0.091720    0.000000    2.066395 v _399_/D (sky130_fd_sc_hd__and4_2)
     3    0.009980    0.110255    0.563140    2.629534 v _399_/X (sky130_fd_sc_hd__and4_2)
                                                         _061_ (net)
                      0.110255    0.000000    2.629534 v _403_/A (sky130_fd_sc_hd__or3b_2)
     3    0.011504    0.221404    1.242146    3.871680 v _403_/X (sky130_fd_sc_hd__or3b_2)
                                                         _065_ (net)
                      0.221404    0.000000    3.871680 v _405_/A (sky130_fd_sc_hd__and2_2)
     2    0.005699    0.085896    0.462099    4.333780 v _405_/X (sky130_fd_sc_hd__and2_2)
                                                         _067_ (net)
                      0.085896    0.000000    4.333780 v _409_/A (sky130_fd_sc_hd__or2_2)
     1    0.004241    0.121574    0.711736    5.045516 v _409_/X (sky130_fd_sc_hd__or2_2)
                                                         _071_ (net)
                      0.121574    0.000000    5.045516 v _410_/B (sky130_fd_sc_hd__nand2_2)
     2    0.007132    0.094026    0.148479    5.193995 ^ _410_/Y (sky130_fd_sc_hd__nand2_2)
                                                         _072_ (net)
                      0.094026    0.000000    5.193995 ^ _411_/C (sky130_fd_sc_hd__nor3_2)
     4    0.010646    0.100392    0.104893    5.298887 v _411_/Y (sky130_fd_sc_hd__nor3_2)
                                                         _073_ (net)
                      0.100392    0.000000    5.298887 v _426_/A (sky130_fd_sc_hd__or3_2)
     3    0.008881    0.207640    1.237545    6.536432 v _426_/X (sky130_fd_sc_hd__or3_2)
                                                         _088_ (net)
                      0.207640    0.000000    6.536432 v _438_/B1 (sky130_fd_sc_hd__o211a_2)
     2    0.003462    0.074402    0.322326    6.858758 v _438_/X (sky130_fd_sc_hd__o211a_2)
                                                         _100_ (net)
                      0.074402    0.000000    6.858758 v _440_/A_N (sky130_fd_sc_hd__nand2b_2)
     1    0.008431    0.119824    0.404566    7.263324 v _440_/Y (sky130_fd_sc_hd__nand2b_2)
                                                         _102_ (net)
                      0.119824    0.000000    7.263324 v _449_/A (sky130_fd_sc_hd__xnor2_2)
     1    0.033442    0.709789    0.684836    7.948160 ^ _449_/Y (sky130_fd_sc_hd__xnor2_2)
                                                         y[2] (net)
                      0.709789    0.000000    7.948160 ^ y[2] (out)
                                              7.948160   data arrival time

                      0.150000   10.000000   10.000000   clock clk (rise edge)
                                  0.000000   10.000000   clock network delay (ideal)
                                 -0.250000    9.750000   clock uncertainty
                                  0.000000    9.750000   clock reconvergence pessimism
                                 -2.000000    7.750000   output external delay
                                              7.750000   data required time
---------------------------------------------------------------------------------------------
                                              7.750000   data required time
                                             -7.948160   data arrival time
---------------------------------------------------------------------------------------------
                                             -0.198160   slack (VIOLATED)


Startpoint: h1[0] (input port clocked by clk)
Endpoint: y[1] (output port clocked by clk)
Path Group: clk
Path Type: max

Fanout         Cap        Slew       Delay        Time   Description
---------------------------------------------------------------------------------------------
                      0.150000    0.000000    0.000000   clock clk (rise edge)
                                  0.000000    0.000000   clock network delay (ideal)
                                  2.000000    2.000000 ^ input external delay
    10    0.029716    0.220476    0.157399    2.157399 ^ h1[0] (in)
                                                         h1[0] (net)
                      0.220476    0.000000    2.157399 ^ _390_/A1 (sky130_fd_sc_hd__a22o_2)
     2    0.006080    0.093329    0.381731    2.539130 ^ _390_/X (sky130_fd_sc_hd__a22o_2)
                                                         _052_ (net)
                      0.093329    0.000000    2.539130 ^ _392_/C (sky130_fd_sc_hd__and4_2)
     3    0.011667    0.171863    0.571006    3.110136 ^ _392_/X (sky130_fd_sc_hd__and4_2)
                                                         _054_ (net)
                      0.171863    0.000000    3.110136 ^ _394_/A (sky130_fd_sc_hd__nor2_2)
     2    0.005618    0.064634    0.123707    3.233842 v _394_/Y (sky130_fd_sc_hd__nor2_2)
                                                         _056_ (net)
                      0.064634    0.000000    3.233842 v _396_/A (sky130_fd_sc_hd__and2_2)
     3    0.007725    0.094359    0.393983    3.627825 v _396_/X (sky130_fd_sc_hd__and2_2)
                                                         _058_ (net)
                      0.094359    0.000000    3.627825 v _430_/A (sky130_fd_sc_hd__or2_2)
     2    0.005618    0.130841    0.732135    4.359961 v _430_/X (sky130_fd_sc_hd__or2_2)
                                                         _092_ (net)
                      0.130841    0.000000    4.359961 v _435_/A (sky130_fd_sc_hd__and2_2)
     1    0.004181    0.078387    0.404412    4.764372 v _435_/X (sky130_fd_sc_hd__and2_2)
                                                         _097_ (net)
                      0.078387    0.000000    4.764372 v _436_/B (sky130_fd_sc_hd__nor2_2)
     2    0.006200    0.159090    0.172745    4.937118 ^ _436_/Y (sky130_fd_sc_hd__nor2_2)
                                                         _098_ (net)
                      0.159090    0.000000    4.937118 ^ _437_/C (sky130_fd_sc_hd__and3_2)
     3    0.009575    0.133160    0.465986    5.403104 ^ _437_/X (sky130_fd_sc_hd__and3_2)
                                                         _099_ (net)
                      0.133160    0.000000    5.403104 ^ _442_/A (sky130_fd_sc_hd__nor2_2)
     2    0.009921    0.067914    0.122704    5.525808 v _442_/Y (sky130_fd_sc_hd__nor2_2)
                                                         _104_ (net)
                      0.067914    0.000000    5.525808 v _704_/A (sky130_fd_sc_hd__xnor2_2)
     1    0.033442    0.709777    0.661204    6.187012 ^ _704_/Y (sky130_fd_sc_hd__xnor2_2)
                                                         y[1] (net)
                      0.709777    0.000000    6.187012 ^ y[1] (out)
                                              6.187012   data arrival time

                      0.150000   10.000000   10.000000   clock clk (rise edge)
                                  0.000000   10.000000   clock network delay (ideal)
                                 -0.250000    9.750000   clock uncertainty
                                  0.000000    9.750000   clock reconvergence pessimism
                                 -2.000000    7.750000   output external delay
                                              7.750000   data required time
---------------------------------------------------------------------------------------------
                                              7.750000   data required time
                                             -6.187012   data arrival time
---------------------------------------------------------------------------------------------
                                              1.562988   slack (MET)


Startpoint: h0[0] (input port clocked by clk)
Endpoint: y[0] (output port clocked by clk)
Path Group: clk
Path Type: max

Fanout         Cap        Slew       Delay        Time   Description
---------------------------------------------------------------------------------------------
                      0.150000    0.000000    0.000000   clock clk (rise edge)
                                  0.000000    0.000000   clock network delay (ideal)
                                  2.000000    2.000000 v input external delay
     8    0.024244    0.107325    0.078211    2.078211 v h0[0] (in)
                                                         h0[0] (net)
                      0.107325    0.000000    2.078211 v _395_/C (sky130_fd_sc_hd__and4_2)
     3    0.009780    0.109617    0.546622    2.624833 v _395_/X (sky130_fd_sc_hd__and4_2)
                                                         _057_ (net)
                      0.109617    0.000000    2.624833 v _444_/A (sky130_fd_sc_hd__nor2_2)
     2    0.013141    0.273650    0.317657    2.942490 ^ _444_/Y (sky130_fd_sc_hd__nor2_2)
                                                         _106_ (net)
                      0.273650    0.000000    2.942490 ^ _445_/B (sky130_fd_sc_hd__xnor2_2)
     2    0.005589    0.106909    0.200471    3.142962 v _445_/Y (sky130_fd_sc_hd__xnor2_2)
                                                         _107_ (net)
                      0.106909    0.000000    3.142962 v _446_/C (sky130_fd_sc_hd__and3_2)
     2    0.008404    0.101053    0.510378    3.653340 v _446_/X (sky130_fd_sc_hd__and3_2)
                                                         _108_ (net)
                      0.101053    0.000000    3.653340 v _703_/A (sky130_fd_sc_hd__nor2_2)
     1    0.033442    0.607804    0.574994    4.228334 ^ _703_/Y (sky130_fd_sc_hd__nor2_2)
                                                         y[0] (net)
                      0.607804    0.000000    4.228334 ^ y[0] (out)
                                              4.228334   data arrival time

                      0.150000   10.000000   10.000000   clock clk (rise edge)
                                  0.000000   10.000000   clock network delay (ideal)
                                 -0.250000    9.750000   clock uncertainty
                                  0.000000    9.750000   clock reconvergence pessimism
                                 -2.000000    7.750000   output external delay
                                              7.750000   data required time
---------------------------------------------------------------------------------------------
                                              7.750000   data required time
                                             -4.228334   data arrival time
---------------------------------------------------------------------------------------------
                                              3.521666   slack (MET)


Startpoint: _774_ (rising edge-triggered flip-flop clocked by clk)
Endpoint: _755_ (rising edge-triggered flip-flop clocked by clk)
Path Group: clk
Path Type: max

Fanout         Cap        Slew       Delay        Time   Description
---------------------------------------------------------------------------------------------
                      0.150000    0.000000    0.000000   clock clk (rise edge)
                                  0.000000    0.000000   clock network delay (ideal)
                      0.150000    0.000000    0.000000 ^ _774_/CLK (sky130_fd_sc_hd__dfxtp_2)
     2    0.002668    0.040229    0.661566    0.661566 v _774_/Q (sky130_fd_sc_hd__dfxtp_2)
                                                         controller.state[5] (net)
                      0.040229    0.000000    0.661566 v _720_/A (sky130_fd_sc_hd__or4_2)
     2    0.006325    0.252068    1.680566    2.342132 v _720_/X (sky130_fd_sc_hd__or4_2)
                                                         _359_ (net)
                      0.252068    0.000000    2.342132 v _721_/C (sky130_fd_sc_hd__nor3_2)
     2    0.006096    0.272598    0.302104    2.644236 ^ _721_/Y (sky130_fd_sc_hd__nor3_2)
                                                         _360_ (net)
                      0.272598    0.000000    2.644236 ^ _732_/D_N (sky130_fd_sc_hd__or4b_2)
     1    0.003175    0.219313    1.522169    4.166405 v _732_/X (sky130_fd_sc_hd__or4b_2)
                                                         _365_ (net)
                      0.219313    0.000000    4.166405 v _733_/S (sky130_fd_sc_hd__mux2_1)
     1    0.001353    0.097368    0.757533    4.923938 v _733_/X (sky130_fd_sc_hd__mux2_1)
                                                         _366_ (net)
                      0.097368    0.000000    4.923938 v _734_/B (sky130_fd_sc_hd__and2_2)
     1    0.001577    0.064722    0.412715    5.336654 v _734_/X (sky130_fd_sc_hd__and2_2)
                                                         _019_ (net)
                      0.064722    0.000000    5.336654 v _755_/D (sky130_fd_sc_hd__dfxtp_2)
                                              5.336654   data arrival time

                      0.150000   10.000000   10.000000   clock clk (rise edge)
                                  0.000000   10.000000   clock network delay (ideal)
                                 -0.250000    9.750000   clock uncertainty
                                  0.000000    9.750000   clock reconvergence pessimism
                                              9.750000 ^ _755_/CLK (sky130_fd_sc_hd__dfxtp_2)
                                 -0.250529    9.499472   library setup time
                                              9.499472   data required time
---------------------------------------------------------------------------------------------
                                              9.499472   data required time
                                             -5.336654   data arrival time
---------------------------------------------------------------------------------------------
                                              4.162818   slack (MET)


Startpoint: x[0] (input port clocked by clk)
Endpoint: _751_ (rising edge-triggered flip-flop clocked by clk)
Path Group: clk
Path Type: max

Fanout         Cap        Slew       Delay        Time   Description
---------------------------------------------------------------------------------------------
                      0.150000    0.000000    0.000000   clock clk (rise edge)
                                  0.000000    0.000000   clock network delay (ideal)
                                  2.000000    2.000000 v input external delay
     1    0.001460    0.013625    0.005189    2.005189 v x[0] (in)
                                                         x[0] (net)
                      0.013625    0.000000    2.005189 v _725_/A0 (sky130_fd_sc_hd__mux2_1)
     1    0.001353    0.096941    0.613667    2.618856 v _725_/X (sky130_fd_sc_hd__mux2_1)
                                                         _362_ (net)
                      0.096941    0.000000    2.618856 v _726_/B (sky130_fd_sc_hd__and2_2)
     1    0.001577    0.064720    0.412494    3.031351 v _726_/X (sky130_fd_sc_hd__and2_2)
                                                         _015_ (net)
                      0.064720    0.000000    3.031351 v _751_/D (sky130_fd_sc_hd__dfxtp_2)
                                              3.031351   data arrival time

                      0.150000   10.000000   10.000000   clock clk (rise edge)
                                  0.000000   10.000000   clock network delay (ideal)
                                 -0.250000    9.750000   clock uncertainty
                                  0.000000    9.750000   clock reconvergence pessimism
                                              9.750000 ^ _751_/CLK (sky130_fd_sc_hd__dfxtp_2)
                                 -0.250528    9.499472   library setup time
                                              9.499472   data required time
---------------------------------------------------------------------------------------------
                                              9.499472   data required time
                                             -3.031351   data arrival time
---------------------------------------------------------------------------------------------
                                              6.468122   slack (MET)


Startpoint: x[1] (input port clocked by clk)
Endpoint: _752_ (rising edge-triggered flip-flop clocked by clk)
Path Group: clk
Path Type: max

Fanout         Cap        Slew       Delay        Time   Description
---------------------------------------------------------------------------------------------
                      0.150000    0.000000    0.000000   clock clk (rise edge)
                                  0.000000    0.000000   clock network delay (ideal)
                                  2.000000    2.000000 v input external delay
     1    0.001460    0.013625    0.005189    2.005189 v x[1] (in)
                                                         x[1] (net)
                      0.013625    0.000000    2.005189 v _727_/A0 (sky130_fd_sc_hd__mux2_1)
     1    0.001353    0.096941    0.613667    2.618856 v _727_/X (sky130_fd_sc_hd__mux2_1)
                                                         _363_ (net)
                      0.096941    0.000000    2.618856 v _728_/B (sky130_fd_sc_hd__and2_2)
     1    0.001577    0.064720    0.412494    3.031351 v _728_/X (sky130_fd_sc_hd__and2_2)
                                                         _016_ (net)
                      0.064720    0.000000    3.031351 v _752_/D (sky130_fd_sc_hd__dfxtp_2)
                                              3.031351   data arrival time

                      0.150000   10.000000   10.000000   clock clk (rise edge)
                                  0.000000   10.000000   clock network delay (ideal)
                                 -0.250000    9.750000   clock uncertainty
                                  0.000000    9.750000   clock reconvergence pessimism
                                              9.750000 ^ _752_/CLK (sky130_fd_sc_hd__dfxtp_2)
                                 -0.250528    9.499472   library setup time
                                              9.499472   data required time
---------------------------------------------------------------------------------------------
                                              9.499472   data required time
                                             -3.031351   data arrival time
---------------------------------------------------------------------------------------------
                                              6.468122   slack (MET)


Startpoint: x[2] (input port clocked by clk)
Endpoint: _753_ (rising edge-triggered flip-flop clocked by clk)
Path Group: clk
Path Type: max

Fanout         Cap        Slew       Delay        Time   Description
---------------------------------------------------------------------------------------------
                      0.150000    0.000000    0.000000   clock clk (rise edge)
                                  0.000000    0.000000   clock network delay (ideal)
                                  2.000000    2.000000 v input external delay
     1    0.001460    0.013625    0.005189    2.005189 v x[2] (in)
                                                         x[2] (net)
                      0.013625    0.000000    2.005189 v _729_/A0 (sky130_fd_sc_hd__mux2_1)
     1    0.001353    0.096941    0.613667    2.618856 v _729_/X (sky130_fd_sc_hd__mux2_1)
                                                         _364_ (net)
                      0.096941    0.000000    2.618856 v _730_/B (sky130_fd_sc_hd__and2_2)
     1    0.001577    0.064720    0.412494    3.031351 v _730_/X (sky130_fd_sc_hd__and2_2)
                                                         _017_ (net)
                      0.064720    0.000000    3.031351 v _753_/D (sky130_fd_sc_hd__dfxtp_2)
                                              3.031351   data arrival time

                      0.150000   10.000000   10.000000   clock clk (rise edge)
                                  0.000000   10.000000   clock network delay (ideal)
                                 -0.250000    9.750000   clock uncertainty
                                  0.000000    9.750000   clock reconvergence pessimism
                                              9.750000 ^ _753_/CLK (sky130_fd_sc_hd__dfxtp_2)
                                 -0.250528    9.499472   library setup time
                                              9.499472   data required time
---------------------------------------------------------------------------------------------
                                              9.499472   data required time
                                             -3.031351   data arrival time
---------------------------------------------------------------------------------------------
                                              6.468122   slack (MET)


Startpoint: _774_ (rising edge-triggered flip-flop clocked by clk)
Endpoint: _750_ (rising edge-triggered flip-flop clocked by clk)
Path Group: clk
Path Type: max

Fanout         Cap        Slew       Delay        Time   Description
---------------------------------------------------------------------------------------------
                      0.150000    0.000000    0.000000   clock clk (rise edge)
                                  0.000000    0.000000   clock network delay (ideal)
                      0.150000    0.000000    0.000000 ^ _774_/CLK (sky130_fd_sc_hd__dfxtp_2)
     2    0.002668    0.040229    0.661566    0.661566 v _774_/Q (sky130_fd_sc_hd__dfxtp_2)
                                                         controller.state[5] (net)
                      0.040229    0.000000    0.661566 v _720_/A (sky130_fd_sc_hd__or4_2)
     2    0.006325    0.252068    1.680566    2.342132 v _720_/X (sky130_fd_sc_hd__or4_2)
                                                         _359_ (net)
                      0.252068    0.000000    2.342132 v _724_/A1 (sky130_fd_sc_hd__o21a_2)
     1    0.001577    0.053227    0.464300    2.806432 v _724_/X (sky130_fd_sc_hd__o21a_2)
                                                         _014_ (net)
                      0.053227    0.000000    2.806432 v _750_/D (sky130_fd_sc_hd__dfxtp_2)
                                              2.806432   data arrival time

                      0.150000   10.000000   10.000000   clock clk (rise edge)
                                  0.000000   10.000000   clock network delay (ideal)
                                 -0.250000    9.750000   clock uncertainty
                                  0.000000    9.750000   clock reconvergence pessimism
                                              9.750000 ^ _750_/CLK (sky130_fd_sc_hd__dfxtp_2)
                                 -0.245756    9.504244   library setup time
                                              9.504244   data required time
---------------------------------------------------------------------------------------------
                                              9.504244   data required time
                                             -2.806432   data arrival time
---------------------------------------------------------------------------------------------
                                              6.697812   slack (MET)


Startpoint: start_diag (input port clocked by clk)
Endpoint: _775_ (rising edge-triggered flip-flop clocked by clk)
Path Group: clk
Path Type: max

Fanout         Cap        Slew       Delay        Time   Description
---------------------------------------------------------------------------------------------
                      0.150000    0.000000    0.000000   clock clk (rise edge)
                                  0.000000    0.000000   clock network delay (ideal)
                                  2.000000    2.000000 v input external delay
     2    0.005672    0.030767    0.019128    2.019128 v start_diag (in)
                                                         start_diag (net)
                      0.030767    0.000000    2.019128 v _711_/A (sky130_fd_sc_hd__and2_2)
     2    0.002813    0.071370    0.343115    2.362243 v _711_/X (sky130_fd_sc_hd__and2_2)
                                                         _358_ (net)
                      0.071370    0.000000    2.362243 v _712_/B (sky130_fd_sc_hd__and2_2)
     1    0.001577    0.064730    0.399416    2.761659 v _712_/X (sky130_fd_sc_hd__and2_2)
                                                         _005_ (net)
                      0.064730    0.000000    2.761659 v _775_/D (sky130_fd_sc_hd__dfxtp_2)
                                              2.761659   data arrival time

                      0.150000   10.000000   10.000000   clock clk (rise edge)
                                  0.000000   10.000000   clock network delay (ideal)
                                 -0.250000    9.750000   clock uncertainty
                                  0.000000    9.750000   clock reconvergence pessimism
                                              9.750000 ^ _775_/CLK (sky130_fd_sc_hd__dfxtp_2)
                                 -0.250532    9.499468   library setup time
                                              9.499468   data required time
---------------------------------------------------------------------------------------------
                                              9.499468   data required time
                                             -2.761659   data arrival time
---------------------------------------------------------------------------------------------
                                              6.737809   slack (MET)


Startpoint: _774_ (rising edge-triggered flip-flop clocked by clk)
Endpoint: _749_ (rising edge-triggered flip-flop clocked by clk)
Path Group: clk
Path Type: max

Fanout         Cap        Slew       Delay        Time   Description
---------------------------------------------------------------------------------------------
                      0.150000    0.000000    0.000000   clock clk (rise edge)
                                  0.000000    0.000000   clock network delay (ideal)
                      0.150000    0.000000    0.000000 ^ _774_/CLK (sky130_fd_sc_hd__dfxtp_2)
     2    0.002668    0.040229    0.661566    0.661566 v _774_/Q (sky130_fd_sc_hd__dfxtp_2)
                                                         controller.state[5] (net)
                      0.040229    0.000000    0.661566 v _720_/A (sky130_fd_sc_hd__or4_2)
     2    0.006325    0.252068    1.680566    2.342132 v _720_/X (sky130_fd_sc_hd__or4_2)
                                                         _359_ (net)
                      0.252068    0.000000    2.342132 v _721_/C (sky130_fd_sc_hd__nor3_2)
     2    0.006096    0.272598    0.302104    2.644236 ^ _721_/Y (sky130_fd_sc_hd__nor3_2)
                                                         _360_ (net)
                      0.272598    0.000000    2.644236 ^ _722_/B (sky130_fd_sc_hd__nor2_2)
     1    0.001577    0.054377    0.109681    2.753917 v _722_/Y (sky130_fd_sc_hd__nor2_2)
                                                         _013_ (net)
                      0.054377    0.000000    2.753917 v _749_/D (sky130_fd_sc_hd__dfxtp_2)
                                              2.753917   data arrival time

                      0.150000   10.000000   10.000000   clock clk (rise edge)
                                  0.000000   10.000000   clock network delay (ideal)
                                 -0.250000    9.750000   clock uncertainty
                                  0.000000    9.750000   clock reconvergence pessimism
                                              9.750000 ^ _749_/CLK (sky130_fd_sc_hd__dfxtp_2)
                                 -0.246234    9.503766   library setup time
                                              9.503766   data required time
---------------------------------------------------------------------------------------------
                                              9.503766   data required time
                                             -2.753917   data arrival time
---------------------------------------------------------------------------------------------
                                              6.749849   slack (MET)


Startpoint: rst (input port clocked by clk)
Endpoint: _754_ (rising edge-triggered flip-flop clocked by clk)
Path Group: clk
Path Type: max

Fanout         Cap        Slew       Delay        Time   Description
---------------------------------------------------------------------------------------------
                      0.150000    0.000000    0.000000   clock clk (rise edge)
                                  0.000000    0.000000   clock network delay (ideal)
                                  2.000000    2.000000 ^ input external delay
     3    0.011708    0.095180    0.063846    2.063846 ^ rst (in)
                                                         rst (net)
                      0.095180    0.000000    2.063846 ^ _369_/A (sky130_fd_sc_hd__inv_2)
    31    0.044220    0.189282    0.202346    2.266192 v _369_/Y (sky130_fd_sc_hd__inv_2)
                                                         _367_ (net)
                      0.189282    0.000000    2.266192 v _731_/B (sky130_fd_sc_hd__and3b_2)
     1    0.001577    0.065454    0.468201    2.734392 v _731_/X (sky130_fd_sc_hd__and3b_2)
                                                         _018_ (net)
                      0.065454    0.000000    2.734392 v _754_/D (sky130_fd_sc_hd__dfxtp_2)
                                              2.734392   data arrival time

                      0.150000   10.000000   10.000000   clock clk (rise edge)
                                  0.000000   10.000000   clock network delay (ideal)
                                 -0.250000    9.750000   clock uncertainty
                                  0.000000    9.750000   clock reconvergence pessimism
                                              9.750000 ^ _754_/CLK (sky130_fd_sc_hd__dfxtp_2)
                                 -0.250833    9.499167   library setup time
                                              9.499167   data required time
---------------------------------------------------------------------------------------------
                                              9.499167   data required time
                                             -2.734392   data arrival time
---------------------------------------------------------------------------------------------
                                              6.764775   slack (MET)


Startpoint: rst (input port clocked by clk)
Endpoint: _757_ (rising edge-triggered flip-flop clocked by clk)
Path Group: clk
Path Type: max

Fanout         Cap        Slew       Delay        Time   Description
---------------------------------------------------------------------------------------------
                      0.150000    0.000000    0.000000   clock clk (rise edge)
                                  0.000000    0.000000   clock network delay (ideal)
                                  2.000000    2.000000 ^ input external delay
     3    0.011708    0.095180    0.063846    2.063846 ^ rst (in)
                                                         rst (net)
                      0.095180    0.000000    2.063846 ^ _369_/A (sky130_fd_sc_hd__inv_2)
    31    0.044220    0.189282    0.202346    2.266192 v _369_/Y (sky130_fd_sc_hd__inv_2)
                                                         _367_ (net)
                      0.189282    0.000000    2.266192 v _736_/B (sky130_fd_sc_hd__and2_2)
     1    0.001577    0.065044    0.460244    2.726435 v _736_/X (sky130_fd_sc_hd__and2_2)
                                                         _021_ (net)
                      0.065044    0.000000    2.726435 v _757_/D (sky130_fd_sc_hd__dfxtp_2)
                                              2.726435   data arrival time

                      0.150000   10.000000   10.000000   clock clk (rise edge)
                                  0.000000   10.000000   clock network delay (ideal)
                                 -0.250000    9.750000   clock uncertainty
                                  0.000000    9.750000   clock reconvergence pessimism
                                              9.750000 ^ _757_/CLK (sky130_fd_sc_hd__dfxtp_2)
                                 -0.250663    9.499337   library setup time
                                              9.499337   data required time
---------------------------------------------------------------------------------------------
                                              9.499337   data required time
                                             -2.726435   data arrival time
---------------------------------------------------------------------------------------------
                                              6.772902   slack (MET)


Startpoint: rst (input port clocked by clk)
Endpoint: _758_ (rising edge-triggered flip-flop clocked by clk)
Path Group: clk
Path Type: max

Fanout         Cap        Slew       Delay        Time   Description
---------------------------------------------------------------------------------------------
                      0.150000    0.000000    0.000000   clock clk (rise edge)
                                  0.000000    0.000000   clock network delay (ideal)
                                  2.000000    2.000000 ^ input external delay
     3    0.011708    0.095180    0.063846    2.063846 ^ rst (in)
                                                         rst (net)
                      0.095180    0.000000    2.063846 ^ _369_/A (sky130_fd_sc_hd__inv_2)
    31    0.044220    0.189282    0.202346    2.266192 v _369_/Y (sky130_fd_sc_hd__inv_2)
                                                         _367_ (net)
                      0.189282    0.000000    2.266192 v _737_/B (sky130_fd_sc_hd__and2_2)
     1    0.001577    0.065044    0.460244    2.726435 v _737_/X (sky130_fd_sc_hd__and2_2)
                                                         _022_ (net)
                      0.065044    0.000000    2.726435 v _758_/D (sky130_fd_sc_hd__dfxtp_2)
                                              2.726435   data arrival time

                      0.150000   10.000000   10.000000   clock clk (rise edge)
                                  0.000000   10.000000   clock network delay (ideal)
                                 -0.250000    9.750000   clock uncertainty
                                  0.000000    9.750000   clock reconvergence pessimism
                                              9.750000 ^ _758_/CLK (sky130_fd_sc_hd__dfxtp_2)
                                 -0.250663    9.499337   library setup time
                                              9.499337   data required time
---------------------------------------------------------------------------------------------
                                              9.499337   data required time
                                             -2.726435   data arrival time
---------------------------------------------------------------------------------------------
                                              6.772902   slack (MET)


Startpoint: rst (input port clocked by clk)
Endpoint: _759_ (rising edge-triggered flip-flop clocked by clk)
Path Group: clk
Path Type: max

Fanout         Cap        Slew       Delay        Time   Description
---------------------------------------------------------------------------------------------
                      0.150000    0.000000    0.000000   clock clk (rise edge)
                                  0.000000    0.000000   clock network delay (ideal)
                                  2.000000    2.000000 ^ input external delay
     3    0.011708    0.095180    0.063846    2.063846 ^ rst (in)
                                                         rst (net)
                      0.095180    0.000000    2.063846 ^ _369_/A (sky130_fd_sc_hd__inv_2)
    31    0.044220    0.189282    0.202346    2.266192 v _369_/Y (sky130_fd_sc_hd__inv_2)
                                                         _367_ (net)
                      0.189282    0.000000    2.266192 v _738_/B (sky130_fd_sc_hd__and2_2)
     1    0.001577    0.065044    0.460244    2.726435 v _738_/X (sky130_fd_sc_hd__and2_2)
                                                         _023_ (net)
                      0.065044    0.000000    2.726435 v _759_/D (sky130_fd_sc_hd__dfxtp_2)
                                              2.726435   data arrival time

                      0.150000   10.000000   10.000000   clock clk (rise edge)
                                  0.000000   10.000000   clock network delay (ideal)
                                 -0.250000    9.750000   clock uncertainty
                                  0.000000    9.750000   clock reconvergence pessimism
                                              9.750000 ^ _759_/CLK (sky130_fd_sc_hd__dfxtp_2)
                                 -0.250663    9.499337   library setup time
                                              9.499337   data required time
---------------------------------------------------------------------------------------------
                                              9.499337   data required time
                                             -2.726435   data arrival time
---------------------------------------------------------------------------------------------
                                              6.772902   slack (MET)


Startpoint: rst (input port clocked by clk)
Endpoint: _760_ (rising edge-triggered flip-flop clocked by clk)
Path Group: clk
Path Type: max

Fanout         Cap        Slew       Delay        Time   Description
---------------------------------------------------------------------------------------------
                      0.150000    0.000000    0.000000   clock clk (rise edge)
                                  0.000000    0.000000   clock network delay (ideal)
                                  2.000000    2.000000 ^ input external delay
     3    0.011708    0.095180    0.063846    2.063846 ^ rst (in)
                                                         rst (net)
                      0.095180    0.000000    2.063846 ^ _369_/A (sky130_fd_sc_hd__inv_2)
    31    0.044220    0.189282    0.202346    2.266192 v _369_/Y (sky130_fd_sc_hd__inv_2)
                                                         _367_ (net)
                      0.189282    0.000000    2.266192 v _739_/B (sky130_fd_sc_hd__and2_2)
     1    0.001577    0.065044    0.460244    2.726435 v _739_/X (sky130_fd_sc_hd__and2_2)
                                                         _024_ (net)
                      0.065044    0.000000    2.726435 v _760_/D (sky130_fd_sc_hd__dfxtp_2)
                                              2.726435   data arrival time

                      0.150000   10.000000   10.000000   clock clk (rise edge)
                                  0.000000   10.000000   clock network delay (ideal)
                                 -0.250000    9.750000   clock uncertainty
                                  0.000000    9.750000   clock reconvergence pessimism
                                              9.750000 ^ _760_/CLK (sky130_fd_sc_hd__dfxtp_2)
                                 -0.250663    9.499337   library setup time
                                              9.499337   data required time
---------------------------------------------------------------------------------------------
                                              9.499337   data required time
                                             -2.726435   data arrival time
---------------------------------------------------------------------------------------------
                                              6.772902   slack (MET)


Startpoint: rst (input port clocked by clk)
Endpoint: _761_ (rising edge-triggered flip-flop clocked by clk)
Path Group: clk
Path Type: max

Fanout         Cap        Slew       Delay        Time   Description
---------------------------------------------------------------------------------------------
                      0.150000    0.000000    0.000000   clock clk (rise edge)
                                  0.000000    0.000000   clock network delay (ideal)
                                  2.000000    2.000000 ^ input external delay
     3    0.011708    0.095180    0.063846    2.063846 ^ rst (in)
                                                         rst (net)
                      0.095180    0.000000    2.063846 ^ _369_/A (sky130_fd_sc_hd__inv_2)
    31    0.044220    0.189282    0.202346    2.266192 v _369_/Y (sky130_fd_sc_hd__inv_2)
                                                         _367_ (net)
                      0.189282    0.000000    2.266192 v _740_/B (sky130_fd_sc_hd__and2_2)
     1    0.001577    0.065044    0.460244    2.726435 v _740_/X (sky130_fd_sc_hd__and2_2)
                                                         _025_ (net)
                      0.065044    0.000000    2.726435 v _761_/D (sky130_fd_sc_hd__dfxtp_2)
                                              2.726435   data arrival time

                      0.150000   10.000000   10.000000   clock clk (rise edge)
                                  0.000000   10.000000   clock network delay (ideal)
                                 -0.250000    9.750000   clock uncertainty
                                  0.000000    9.750000   clock reconvergence pessimism
                                              9.750000 ^ _761_/CLK (sky130_fd_sc_hd__dfxtp_2)
                                 -0.250663    9.499337   library setup time
                                              9.499337   data required time
---------------------------------------------------------------------------------------------
                                              9.499337   data required time
                                             -2.726435   data arrival time
---------------------------------------------------------------------------------------------
                                              6.772902   slack (MET)


Startpoint: rst (input port clocked by clk)
Endpoint: _762_ (rising edge-triggered flip-flop clocked by clk)
Path Group: clk
Path Type: max

Fanout         Cap        Slew       Delay        Time   Description
---------------------------------------------------------------------------------------------
                      0.150000    0.000000    0.000000   clock clk (rise edge)
                                  0.000000    0.000000   clock network delay (ideal)
                                  2.000000    2.000000 ^ input external delay
     3    0.011708    0.095180    0.063846    2.063846 ^ rst (in)
                                                         rst (net)
                      0.095180    0.000000    2.063846 ^ _369_/A (sky130_fd_sc_hd__inv_2)
    31    0.044220    0.189282    0.202346    2.266192 v _369_/Y (sky130_fd_sc_hd__inv_2)
                                                         _367_ (net)
                      0.189282    0.000000    2.266192 v _741_/B (sky130_fd_sc_hd__and2_2)
     1    0.001577    0.065044    0.460244    2.726435 v _741_/X (sky130_fd_sc_hd__and2_2)
                                                         _026_ (net)
                      0.065044    0.000000    2.726435 v _762_/D (sky130_fd_sc_hd__dfxtp_2)
                                              2.726435   data arrival time

                      0.150000   10.000000   10.000000   clock clk (rise edge)
                                  0.000000   10.000000   clock network delay (ideal)
                                 -0.250000    9.750000   clock uncertainty
                                  0.000000    9.750000   clock reconvergence pessimism
                                              9.750000 ^ _762_/CLK (sky130_fd_sc_hd__dfxtp_2)
                                 -0.250663    9.499337   library setup time
                                              9.499337   data required time
---------------------------------------------------------------------------------------------
                                              9.499337   data required time
                                             -2.726435   data arrival time
---------------------------------------------------------------------------------------------
                                              6.772902   slack (MET)


Startpoint: rst (input port clocked by clk)
Endpoint: _763_ (rising edge-triggered flip-flop clocked by clk)
Path Group: clk
Path Type: max

Fanout         Cap        Slew       Delay        Time   Description
---------------------------------------------------------------------------------------------
                      0.150000    0.000000    0.000000   clock clk (rise edge)
                                  0.000000    0.000000   clock network delay (ideal)
                                  2.000000    2.000000 ^ input external delay
     3    0.011708    0.095180    0.063846    2.063846 ^ rst (in)
                                                         rst (net)
                      0.095180    0.000000    2.063846 ^ _369_/A (sky130_fd_sc_hd__inv_2)
    31    0.044220    0.189282    0.202346    2.266192 v _369_/Y (sky130_fd_sc_hd__inv_2)
                                                         _367_ (net)
                      0.189282    0.000000    2.266192 v _742_/B (sky130_fd_sc_hd__and2_2)
     1    0.001577    0.065044    0.460244    2.726435 v _742_/X (sky130_fd_sc_hd__and2_2)
                                                         _027_ (net)
                      0.065044    0.000000    2.726435 v _763_/D (sky130_fd_sc_hd__dfxtp_2)
                                              2.726435   data arrival time

                      0.150000   10.000000   10.000000   clock clk (rise edge)
                                  0.000000   10.000000   clock network delay (ideal)
                                 -0.250000    9.750000   clock uncertainty
                                  0.000000    9.750000   clock reconvergence pessimism
                                              9.750000 ^ _763_/CLK (sky130_fd_sc_hd__dfxtp_2)
                                 -0.250663    9.499337   library setup time
                                              9.499337   data required time
---------------------------------------------------------------------------------------------
                                              9.499337   data required time
                                             -2.726435   data arrival time
---------------------------------------------------------------------------------------------
                                              6.772902   slack (MET)


Startpoint: rst (input port clocked by clk)
Endpoint: _764_ (rising edge-triggered flip-flop clocked by clk)
Path Group: clk
Path Type: max

Fanout         Cap        Slew       Delay        Time   Description
---------------------------------------------------------------------------------------------
                      0.150000    0.000000    0.000000   clock clk (rise edge)
                                  0.000000    0.000000   clock network delay (ideal)
                                  2.000000    2.000000 ^ input external delay
     3    0.011708    0.095180    0.063846    2.063846 ^ rst (in)
                                                         rst (net)
                      0.095180    0.000000    2.063846 ^ _369_/A (sky130_fd_sc_hd__inv_2)
    31    0.044220    0.189282    0.202346    2.266192 v _369_/Y (sky130_fd_sc_hd__inv_2)
                                                         _367_ (net)
                      0.189282    0.000000    2.266192 v _743_/B (sky130_fd_sc_hd__and2_2)
     1    0.001577    0.065044    0.460244    2.726435 v _743_/X (sky130_fd_sc_hd__and2_2)
                                                         _028_ (net)
                      0.065044    0.000000    2.726435 v _764_/D (sky130_fd_sc_hd__dfxtp_2)
                                              2.726435   data arrival time

                      0.150000   10.000000   10.000000   clock clk (rise edge)
                                  0.000000   10.000000   clock network delay (ideal)
                                 -0.250000    9.750000   clock uncertainty
                                  0.000000    9.750000   clock reconvergence pessimism
                                              9.750000 ^ _764_/CLK (sky130_fd_sc_hd__dfxtp_2)
                                 -0.250663    9.499337   library setup time
                                              9.499337   data required time
---------------------------------------------------------------------------------------------
                                              9.499337   data required time
                                             -2.726435   data arrival time
---------------------------------------------------------------------------------------------
                                              6.772902   slack (MET)


Startpoint: rst (input port clocked by clk)
Endpoint: _765_ (rising edge-triggered flip-flop clocked by clk)
Path Group: clk
Path Type: max

Fanout         Cap        Slew       Delay        Time   Description
---------------------------------------------------------------------------------------------
                      0.150000    0.000000    0.000000   clock clk (rise edge)
                                  0.000000    0.000000   clock network delay (ideal)
                                  2.000000    2.000000 ^ input external delay
     3    0.011708    0.095180    0.063846    2.063846 ^ rst (in)
                                                         rst (net)
                      0.095180    0.000000    2.063846 ^ _369_/A (sky130_fd_sc_hd__inv_2)
    31    0.044220    0.189282    0.202346    2.266192 v _369_/Y (sky130_fd_sc_hd__inv_2)
                                                         _367_ (net)
                      0.189282    0.000000    2.266192 v _744_/B (sky130_fd_sc_hd__and2_2)
     1    0.001577    0.065044    0.460244    2.726435 v _744_/X (sky130_fd_sc_hd__and2_2)
                                                         _029_ (net)
                      0.065044    0.000000    2.726435 v _765_/D (sky130_fd_sc_hd__dfxtp_2)
                                              2.726435   data arrival time

                      0.150000   10.000000   10.000000   clock clk (rise edge)
                                  0.000000   10.000000   clock network delay (ideal)
                                 -0.250000    9.750000   clock uncertainty
                                  0.000000    9.750000   clock reconvergence pessimism
                                              9.750000 ^ _765_/CLK (sky130_fd_sc_hd__dfxtp_2)
                                 -0.250663    9.499337   library setup time
                                              9.499337   data required time
---------------------------------------------------------------------------------------------
                                              9.499337   data required time
                                             -2.726435   data arrival time
---------------------------------------------------------------------------------------------
                                              6.772902   slack (MET)


Startpoint: rst (input port clocked by clk)
Endpoint: _766_ (rising edge-triggered flip-flop clocked by clk)
Path Group: clk
Path Type: max

Fanout         Cap        Slew       Delay        Time   Description
---------------------------------------------------------------------------------------------
                      0.150000    0.000000    0.000000   clock clk (rise edge)
                                  0.000000    0.000000   clock network delay (ideal)
                                  2.000000    2.000000 ^ input external delay
     3    0.011708    0.095180    0.063846    2.063846 ^ rst (in)
                                                         rst (net)
                      0.095180    0.000000    2.063846 ^ _369_/A (sky130_fd_sc_hd__inv_2)
    31    0.044220    0.189282    0.202346    2.266192 v _369_/Y (sky130_fd_sc_hd__inv_2)
                                                         _367_ (net)
                      0.189282    0.000000    2.266192 v _745_/B (sky130_fd_sc_hd__and2_2)
     1    0.001577    0.065044    0.460244    2.726435 v _745_/X (sky130_fd_sc_hd__and2_2)
                                                         _030_ (net)
                      0.065044    0.000000    2.726435 v _766_/D (sky130_fd_sc_hd__dfxtp_2)
                                              2.726435   data arrival time

                      0.150000   10.000000   10.000000   clock clk (rise edge)
                                  0.000000   10.000000   clock network delay (ideal)
                                 -0.250000    9.750000   clock uncertainty
                                  0.000000    9.750000   clock reconvergence pessimism
                                              9.750000 ^ _766_/CLK (sky130_fd_sc_hd__dfxtp_2)
                                 -0.250663    9.499337   library setup time
                                              9.499337   data required time
---------------------------------------------------------------------------------------------
                                              9.499337   data required time
                                             -2.726435   data arrival time
---------------------------------------------------------------------------------------------
                                              6.772902   slack (MET)


Startpoint: rst (input port clocked by clk)
Endpoint: _767_ (rising edge-triggered flip-flop clocked by clk)
Path Group: clk
Path Type: max

Fanout         Cap        Slew       Delay        Time   Description
---------------------------------------------------------------------------------------------
                      0.150000    0.000000    0.000000   clock clk (rise edge)
                                  0.000000    0.000000   clock network delay (ideal)
                                  2.000000    2.000000 ^ input external delay
     3    0.011708    0.095180    0.063846    2.063846 ^ rst (in)
                                                         rst (net)
                      0.095180    0.000000    2.063846 ^ _369_/A (sky130_fd_sc_hd__inv_2)
    31    0.044220    0.189282    0.202346    2.266192 v _369_/Y (sky130_fd_sc_hd__inv_2)
                                                         _367_ (net)
                      0.189282    0.000000    2.266192 v _746_/B (sky130_fd_sc_hd__and2_2)
     1    0.001577    0.065044    0.460244    2.726435 v _746_/X (sky130_fd_sc_hd__and2_2)
                                                         _031_ (net)
                      0.065044    0.000000    2.726435 v _767_/D (sky130_fd_sc_hd__dfxtp_2)
                                              2.726435   data arrival time

                      0.150000   10.000000   10.000000   clock clk (rise edge)
                                  0.000000   10.000000   clock network delay (ideal)
                                 -0.250000    9.750000   clock uncertainty
                                  0.000000    9.750000   clock reconvergence pessimism
                                              9.750000 ^ _767_/CLK (sky130_fd_sc_hd__dfxtp_2)
                                 -0.250663    9.499337   library setup time
                                              9.499337   data required time
---------------------------------------------------------------------------------------------
                                              9.499337   data required time
                                             -2.726435   data arrival time
---------------------------------------------------------------------------------------------
                                              6.772902   slack (MET)


Startpoint: rst (input port clocked by clk)
Endpoint: _768_ (rising edge-triggered flip-flop clocked by clk)
Path Group: clk
Path Type: max

Fanout         Cap        Slew       Delay        Time   Description
---------------------------------------------------------------------------------------------
                      0.150000    0.000000    0.000000   clock clk (rise edge)
                                  0.000000    0.000000   clock network delay (ideal)
                                  2.000000    2.000000 ^ input external delay
     3    0.011708    0.095180    0.063846    2.063846 ^ rst (in)
                                                         rst (net)
                      0.095180    0.000000    2.063846 ^ _369_/A (sky130_fd_sc_hd__inv_2)
    31    0.044220    0.189282    0.202346    2.266192 v _369_/Y (sky130_fd_sc_hd__inv_2)
                                                         _367_ (net)
                      0.189282    0.000000    2.266192 v _747_/B (sky130_fd_sc_hd__and2_2)
     1    0.001577    0.065044    0.460244    2.726435 v _747_/X (sky130_fd_sc_hd__and2_2)
                                                         _032_ (net)
                      0.065044    0.000000    2.726435 v _768_/D (sky130_fd_sc_hd__dfxtp_2)
                                              2.726435   data arrival time

                      0.150000   10.000000   10.000000   clock clk (rise edge)
                                  0.000000   10.000000   clock network delay (ideal)
                                 -0.250000    9.750000   clock uncertainty
                                  0.000000    9.750000   clock reconvergence pessimism
                                              9.750000 ^ _768_/CLK (sky130_fd_sc_hd__dfxtp_2)
                                 -0.250663    9.499337   library setup time
                                              9.499337   data required time
---------------------------------------------------------------------------------------------
                                              9.499337   data required time
                                             -2.726435   data arrival time
---------------------------------------------------------------------------------------------
                                              6.772902   slack (MET)


Startpoint: rst (input port clocked by clk)
Endpoint: _780_ (rising edge-triggered flip-flop clocked by clk)
Path Group: clk
Path Type: max

Fanout         Cap        Slew       Delay        Time   Description
---------------------------------------------------------------------------------------------
                      0.150000    0.000000    0.000000   clock clk (rise edge)
                                  0.000000    0.000000   clock network delay (ideal)
                                  2.000000    2.000000 ^ input external delay
     3    0.011708    0.095180    0.063846    2.063846 ^ rst (in)
                                                         rst (net)
                      0.095180    0.000000    2.063846 ^ _369_/A (sky130_fd_sc_hd__inv_2)
    31    0.044220    0.189282    0.202346    2.266192 v _369_/Y (sky130_fd_sc_hd__inv_2)
                                                         _367_ (net)
                      0.189282    0.000000    2.266192 v _706_/B (sky130_fd_sc_hd__and2_2)
     1    0.001577    0.065044    0.460244    2.726435 v _706_/X (sky130_fd_sc_hd__and2_2)
                                                         _010_ (net)
                      0.065044    0.000000    2.726435 v _780_/D (sky130_fd_sc_hd__dfxtp_2)
                                              2.726435   data arrival time

                      0.150000   10.000000   10.000000   clock clk (rise edge)
                                  0.000000   10.000000   clock network delay (ideal)
                                 -0.250000    9.750000   clock uncertainty
                                  0.000000    9.750000   clock reconvergence pessimism
                                              9.750000 ^ _780_/CLK (sky130_fd_sc_hd__dfxtp_2)
                                 -0.250663    9.499337   library setup time
                                              9.499337   data required time
---------------------------------------------------------------------------------------------
                                              9.499337   data required time
                                             -2.726435   data arrival time
---------------------------------------------------------------------------------------------
                                              6.772902   slack (MET)


Startpoint: _755_ (rising edge-triggered flip-flop clocked by clk)
Endpoint: diag_busy (output port clocked by clk)
Path Group: clk
Path Type: max

Fanout         Cap        Slew       Delay        Time   Description
---------------------------------------------------------------------------------------------
                      0.150000    0.000000    0.000000   clock clk (rise edge)
                                  0.000000    0.000000   clock network delay (ideal)
                      0.150000    0.000000    0.000000 ^ _755_/CLK (sky130_fd_sc_hd__dfxtp_2)
     6    0.046772    0.381707    0.972045    0.972045 ^ _755_/Q (sky130_fd_sc_hd__dfxtp_2)
                                                         diag_busy (net)
                      0.381707    0.000000    0.972045 ^ diag_busy (out)
                                              0.972045   data arrival time

                      0.150000   10.000000   10.000000   clock clk (rise edge)
                                  0.000000   10.000000   clock network delay (ideal)
                                 -0.250000    9.750000   clock uncertainty
                                  0.000000    9.750000   clock reconvergence pessimism
                                 -2.000000    7.750000   output external delay
                                              7.750000   data required time
---------------------------------------------------------------------------------------------
                                              7.750000   data required time
                                             -0.972045   data arrival time
---------------------------------------------------------------------------------------------
                                              6.777955   slack (MET)


Startpoint: rst (input port clocked by clk)
Endpoint: _772_ (rising edge-triggered flip-flop clocked by clk)
Path Group: clk
Path Type: max

Fanout         Cap        Slew       Delay        Time   Description
---------------------------------------------------------------------------------------------
                      0.150000    0.000000    0.000000   clock clk (rise edge)
                                  0.000000    0.000000   clock network delay (ideal)
                                  2.000000    2.000000 ^ input external delay
     3    0.011708    0.095180    0.063846    2.063846 ^ rst (in)
                                                         rst (net)
                      0.095180    0.000000    2.063846 ^ _369_/A (sky130_fd_sc_hd__inv_2)
    31    0.044220    0.189282    0.202346    2.266192 v _369_/Y (sky130_fd_sc_hd__inv_2)
                                                         _367_ (net)
                      0.189282    0.000000    2.266192 v _715_/A (sky130_fd_sc_hd__and2_2)
     1    0.001577    0.065007    0.412236    2.678427 v _715_/X (sky130_fd_sc_hd__and2_2)
                                                         _002_ (net)
                      0.065007    0.000000    2.678427 v _772_/D (sky130_fd_sc_hd__dfxtp_2)
                                              2.678427   data arrival time

                      0.150000   10.000000   10.000000   clock clk (rise edge)
                                  0.000000   10.000000   clock network delay (ideal)
                                 -0.250000    9.750000   clock uncertainty
                                  0.000000    9.750000   clock reconvergence pessimism
                                              9.750000 ^ _772_/CLK (sky130_fd_sc_hd__dfxtp_2)
                                 -0.250647    9.499352   library setup time
                                              9.499352   data required time
---------------------------------------------------------------------------------------------
                                              9.499352   data required time
                                             -2.678427   data arrival time
---------------------------------------------------------------------------------------------
                                              6.820925   slack (MET)


Startpoint: rst (input port clocked by clk)
Endpoint: _774_ (rising edge-triggered flip-flop clocked by clk)
Path Group: clk
Path Type: max

Fanout         Cap        Slew       Delay        Time   Description
---------------------------------------------------------------------------------------------
                      0.150000    0.000000    0.000000   clock clk (rise edge)
                                  0.000000    0.000000   clock network delay (ideal)
                                  2.000000    2.000000 ^ input external delay
     3    0.011708    0.095180    0.063846    2.063846 ^ rst (in)
                                                         rst (net)
                      0.095180    0.000000    2.063846 ^ _369_/A (sky130_fd_sc_hd__inv_2)
    31    0.044220    0.189282    0.202346    2.266192 v _369_/Y (sky130_fd_sc_hd__inv_2)
                                                         _367_ (net)
                      0.189282    0.000000    2.266192 v _713_/A (sky130_fd_sc_hd__and2_2)
     1    0.001577    0.065004    0.412236    2.678427 v _713_/X (sky130_fd_sc_hd__and2_2)
                                                         _004_ (net)
                      0.065004    0.000000    2.678427 v _774_/D (sky130_fd_sc_hd__dfxtp_2)
                                              2.678427   data arrival time

                      0.150000   10.000000   10.000000   clock clk (rise edge)
                                  0.000000   10.000000   clock network delay (ideal)
                                 -0.250000    9.750000   clock uncertainty
                                  0.000000    9.750000   clock reconvergence pessimism
                                              9.750000 ^ _774_/CLK (sky130_fd_sc_hd__dfxtp_2)
                                 -0.250646    9.499354   library setup time
                                              9.499354   data required time
---------------------------------------------------------------------------------------------
                                              9.499354   data required time
                                             -2.678427   data arrival time
---------------------------------------------------------------------------------------------
                                              6.820927   slack (MET)


Startpoint: rst (input port clocked by clk)
Endpoint: _778_ (rising edge-triggered flip-flop clocked by clk)
Path Group: clk
Path Type: max

Fanout         Cap        Slew       Delay        Time   Description
---------------------------------------------------------------------------------------------
                      0.150000    0.000000    0.000000   clock clk (rise edge)
                                  0.000000    0.000000   clock network delay (ideal)
                                  2.000000    2.000000 ^ input external delay
     3    0.011708    0.095180    0.063846    2.063846 ^ rst (in)
                                                         rst (net)
                      0.095180    0.000000    2.063846 ^ _369_/A (sky130_fd_sc_hd__inv_2)
    31    0.044220    0.189282    0.202346    2.266192 v _369_/Y (sky130_fd_sc_hd__inv_2)
                                                         _367_ (net)
                      0.189282    0.000000    2.266192 v _708_/A (sky130_fd_sc_hd__and2_2)
     1    0.001577    0.065004    0.412236    2.678427 v _708_/X (sky130_fd_sc_hd__and2_2)
                                                         _008_ (net)
                      0.065004    0.000000    2.678427 v _778_/D (sky130_fd_sc_hd__dfxtp_2)
                                              2.678427   data arrival time

                      0.150000   10.000000   10.000000   clock clk (rise edge)
                                  0.000000   10.000000   clock network delay (ideal)
                                 -0.250000    9.750000   clock uncertainty
                                  0.000000    9.750000   clock reconvergence pessimism
                                              9.750000 ^ _778_/CLK (sky130_fd_sc_hd__dfxtp_2)
                                 -0.250646    9.499354   library setup time
                                              9.499354   data required time
---------------------------------------------------------------------------------------------
                                              9.499354   data required time
                                             -2.678427   data arrival time
---------------------------------------------------------------------------------------------
                                              6.820927   slack (MET)


Startpoint: rst (input port clocked by clk)
Endpoint: _756_ (rising edge-triggered flip-flop clocked by clk)
Path Group: clk
Path Type: max

Fanout         Cap        Slew       Delay        Time   Description
---------------------------------------------------------------------------------------------
                      0.150000    0.000000    0.000000   clock clk (rise edge)
                                  0.000000    0.000000   clock network delay (ideal)
                                  2.000000    2.000000 ^ input external delay
     3    0.011708    0.095180    0.063846    2.063846 ^ rst (in)
                                                         rst (net)
                      0.095180    0.000000    2.063846 ^ _369_/A (sky130_fd_sc_hd__inv_2)
    31    0.044220    0.189282    0.202346    2.266192 v _369_/Y (sky130_fd_sc_hd__inv_2)
                                                         _367_ (net)
                      0.189282    0.000000    2.266192 v _735_/A (sky130_fd_sc_hd__and2_2)
     1    0.001577    0.064968    0.412236    2.678427 v _735_/X (sky130_fd_sc_hd__and2_2)
                                                         _020_ (net)
                      0.064968    0.000000    2.678427 v _756_/D (sky130_fd_sc_hd__dfxtp_2)
                                              2.678427   data arrival time

                      0.150000   10.000000   10.000000   clock clk (rise edge)
                                  0.000000   10.000000   clock network delay (ideal)
                                 -0.250000    9.750000   clock uncertainty
                                  0.000000    9.750000   clock reconvergence pessimism
                                              9.750000 ^ _756_/CLK (sky130_fd_sc_hd__dfxtp_2)
                                 -0.250631    9.499369   library setup time
                                              9.499369   data required time
---------------------------------------------------------------------------------------------
                                              9.499369   data required time
                                             -2.678427   data arrival time
---------------------------------------------------------------------------------------------
                                              6.820941   slack (MET)


Startpoint: rst (input port clocked by clk)
Endpoint: _770_ (rising edge-triggered flip-flop clocked by clk)
Path Group: clk
Path Type: max

Fanout         Cap        Slew       Delay        Time   Description
---------------------------------------------------------------------------------------------
                      0.150000    0.000000    0.000000   clock clk (rise edge)
                                  0.000000    0.000000   clock network delay (ideal)
                                  2.000000    2.000000 ^ input external delay
     3    0.011708    0.095180    0.063846    2.063846 ^ rst (in)
                                                         rst (net)
                      0.095180    0.000000    2.063846 ^ _369_/A (sky130_fd_sc_hd__inv_2)
    31    0.044220    0.189282    0.202346    2.266192 v _369_/Y (sky130_fd_sc_hd__inv_2)
                                                         _367_ (net)
                      0.189282    0.000000    2.266192 v _717_/A (sky130_fd_sc_hd__and2_2)
     1    0.001577    0.064919    0.412236    2.678427 v _717_/X (sky130_fd_sc_hd__and2_2)
                                                         _000_ (net)
                      0.064919    0.000000    2.678427 v _770_/D (sky130_fd_sc_hd__dfxtp_2)
                                              2.678427   data arrival time

                      0.150000   10.000000   10.000000   clock clk (rise edge)
                                  0.000000   10.000000   clock network delay (ideal)
                                 -0.250000    9.750000   clock uncertainty
                                  0.000000    9.750000   clock reconvergence pessimism
                                              9.750000 ^ _770_/CLK (sky130_fd_sc_hd__dfxtp_2)
                                 -0.250610    9.499390   library setup time
                                              9.499390   data required time
---------------------------------------------------------------------------------------------
                                              9.499390   data required time
                                             -2.678427   data arrival time
---------------------------------------------------------------------------------------------
                                              6.820962   slack (MET)


Startpoint: rst (input port clocked by clk)
Endpoint: _773_ (rising edge-triggered flip-flop clocked by clk)
Path Group: clk
Path Type: max

Fanout         Cap        Slew       Delay        Time   Description
---------------------------------------------------------------------------------------------
                      0.150000    0.000000    0.000000   clock clk (rise edge)
                                  0.000000    0.000000   clock network delay (ideal)
                                  2.000000    2.000000 ^ input external delay
     3    0.011708    0.095180    0.063846    2.063846 ^ rst (in)
                                                         rst (net)
                      0.095180    0.000000    2.063846 ^ _369_/A (sky130_fd_sc_hd__inv_2)
    31    0.044220    0.189282    0.202346    2.266192 v _369_/Y (sky130_fd_sc_hd__inv_2)
                                                         _367_ (net)
                      0.189282    0.000000    2.266192 v _714_/A (sky130_fd_sc_hd__and2_2)
     1    0.001577    0.064920    0.412236    2.678427 v _714_/X (sky130_fd_sc_hd__and2_2)
                                                         _003_ (net)
                      0.064920    0.000000    2.678427 v _773_/D (sky130_fd_sc_hd__dfxtp_2)
                                              2.678427   data arrival time

                      0.150000   10.000000   10.000000   clock clk (rise edge)
                                  0.000000   10.000000   clock network delay (ideal)
                                 -0.250000    9.750000   clock uncertainty
                                  0.000000    9.750000   clock reconvergence pessimism
                                              9.750000 ^ _773_/CLK (sky130_fd_sc_hd__dfxtp_2)
                                 -0.250611    9.499389   library setup time
                                              9.499389   data required time
---------------------------------------------------------------------------------------------
                                              9.499389   data required time
                                             -2.678427   data arrival time
---------------------------------------------------------------------------------------------
                                              6.820962   slack (MET)


Startpoint: rst (input port clocked by clk)
Endpoint: _776_ (rising edge-triggered flip-flop clocked by clk)
Path Group: clk
Path Type: max

Fanout         Cap        Slew       Delay        Time   Description
---------------------------------------------------------------------------------------------
                      0.150000    0.000000    0.000000   clock clk (rise edge)
                                  0.000000    0.000000   clock network delay (ideal)
                                  2.000000    2.000000 ^ input external delay
     3    0.011708    0.095180    0.063846    2.063846 ^ rst (in)
                                                         rst (net)
                      0.095180    0.000000    2.063846 ^ _369_/A (sky130_fd_sc_hd__inv_2)
    31    0.044220    0.189282    0.202346    2.266192 v _369_/Y (sky130_fd_sc_hd__inv_2)
                                                         _367_ (net)
                      0.189282    0.000000    2.266192 v _710_/A (sky130_fd_sc_hd__and2_2)
     1    0.001577    0.064915    0.412236    2.678427 v _710_/X (sky130_fd_sc_hd__and2_2)
                                                         _006_ (net)
                      0.064915    0.000000    2.678427 v _776_/D (sky130_fd_sc_hd__dfxtp_2)
                                              2.678427   data arrival time

                      0.150000   10.000000   10.000000   clock clk (rise edge)
                                  0.000000   10.000000   clock network delay (ideal)
                                 -0.250000    9.750000   clock uncertainty
                                  0.000000    9.750000   clock reconvergence pessimism
                                              9.750000 ^ _776_/CLK (sky130_fd_sc_hd__dfxtp_2)
                                 -0.250609    9.499391   library setup time
                                              9.499391   data required time
---------------------------------------------------------------------------------------------
                                              9.499391   data required time
                                             -2.678427   data arrival time
---------------------------------------------------------------------------------------------
                                              6.820963   slack (MET)


Startpoint: rst (input port clocked by clk)
Endpoint: _771_ (rising edge-triggered flip-flop clocked by clk)
Path Group: clk
Path Type: max

Fanout         Cap        Slew       Delay        Time   Description
---------------------------------------------------------------------------------------------
                      0.150000    0.000000    0.000000   clock clk (rise edge)
                                  0.000000    0.000000   clock network delay (ideal)
                                  2.000000    2.000000 ^ input external delay
     3    0.011708    0.095180    0.063846    2.063846 ^ rst (in)
                                                         rst (net)
                      0.095180    0.000000    2.063846 ^ _369_/A (sky130_fd_sc_hd__inv_2)
    31    0.044220    0.189282    0.202346    2.266192 v _369_/Y (sky130_fd_sc_hd__inv_2)
                                                         _367_ (net)
                      0.189282    0.000000    2.266192 v _716_/A (sky130_fd_sc_hd__and2_2)
     1    0.001577    0.064893    0.412236    2.678427 v _716_/X (sky130_fd_sc_hd__and2_2)
                                                         _001_ (net)
                      0.064893    0.000000    2.678427 v _771_/D (sky130_fd_sc_hd__dfxtp_2)
                                              2.678427   data arrival time

                      0.150000   10.000000   10.000000   clock clk (rise edge)
                                  0.000000   10.000000   clock network delay (ideal)
                                 -0.250000    9.750000   clock uncertainty
                                  0.000000    9.750000   clock reconvergence pessimism
                                              9.750000 ^ _771_/CLK (sky130_fd_sc_hd__dfxtp_2)
                                 -0.250600    9.499401   library setup time
                                              9.499401   data required time
---------------------------------------------------------------------------------------------
                                              9.499401   data required time
                                             -2.678427   data arrival time
---------------------------------------------------------------------------------------------
                                              6.820973   slack (MET)


Startpoint: rst (input port clocked by clk)
Endpoint: _777_ (rising edge-triggered flip-flop clocked by clk)
Path Group: clk
Path Type: max

Fanout         Cap        Slew       Delay        Time   Description
---------------------------------------------------------------------------------------------
                      0.150000    0.000000    0.000000   clock clk (rise edge)
                                  0.000000    0.000000   clock network delay (ideal)
                                  2.000000    2.000000 ^ input external delay
     3    0.011708    0.095180    0.063846    2.063846 ^ rst (in)
                                                         rst (net)
                      0.095180    0.000000    2.063846 ^ _369_/A (sky130_fd_sc_hd__inv_2)
    31    0.044220    0.189282    0.202346    2.266192 v _369_/Y (sky130_fd_sc_hd__inv_2)
                                                         _367_ (net)
                      0.189282    0.000000    2.266192 v _709_/A (sky130_fd_sc_hd__and2_2)
     1    0.001577    0.064890    0.412236    2.678427 v _709_/X (sky130_fd_sc_hd__and2_2)
                                                         _007_ (net)
                      0.064890    0.000000    2.678427 v _777_/D (sky130_fd_sc_hd__dfxtp_2)
                                              2.678427   data arrival time

                      0.150000   10.000000   10.000000   clock clk (rise edge)
                                  0.000000   10.000000   clock network delay (ideal)
                                 -0.250000    9.750000   clock uncertainty
                                  0.000000    9.750000   clock reconvergence pessimism
                                              9.750000 ^ _777_/CLK (sky130_fd_sc_hd__dfxtp_2)
                                 -0.250599    9.499401   library setup time
                                              9.499401   data required time
---------------------------------------------------------------------------------------------
                                              9.499401   data required time
                                             -2.678427   data arrival time
---------------------------------------------------------------------------------------------
                                              6.820974   slack (MET)


Startpoint: rst (input port clocked by clk)
Endpoint: _779_ (rising edge-triggered flip-flop clocked by clk)
Path Group: clk
Path Type: max

Fanout         Cap        Slew       Delay        Time   Description
---------------------------------------------------------------------------------------------
                      0.150000    0.000000    0.000000   clock clk (rise edge)
                                  0.000000    0.000000   clock network delay (ideal)
                                  2.000000    2.000000 ^ input external delay
     3    0.011708    0.095180    0.063846    2.063846 ^ rst (in)
                                                         rst (net)
                      0.095180    0.000000    2.063846 ^ _369_/A (sky130_fd_sc_hd__inv_2)
    31    0.044220    0.189282    0.202346    2.266192 v _369_/Y (sky130_fd_sc_hd__inv_2)
                                                         _367_ (net)
                      0.189282    0.000000    2.266192 v _707_/A (sky130_fd_sc_hd__and2_2)
     1    0.001577    0.064904    0.412236    2.678427 v _707_/X (sky130_fd_sc_hd__and2_2)
                                                         _009_ (net)
                      0.064904    0.000000    2.678427 v _779_/D (sky130_fd_sc_hd__dfxtp_2)
                                              2.678427   data arrival time

                      0.150000   10.000000   10.000000   clock clk (rise edge)
                                  0.000000   10.000000   clock network delay (ideal)
                                 -0.250000    9.750000   clock uncertainty
                                  0.000000    9.750000   clock reconvergence pessimism
                                              9.750000 ^ _779_/CLK (sky130_fd_sc_hd__dfxtp_2)
                                 -0.250604    9.499395   library setup time
                                              9.499395   data required time
---------------------------------------------------------------------------------------------
                                              9.499395   data required time
                                             -2.678427   data arrival time
---------------------------------------------------------------------------------------------
                                              6.820968   slack (MET)


Startpoint: _756_ (rising edge-triggered flip-flop clocked by clk)
Endpoint: diag_done (output port clocked by clk)
Path Group: clk
Path Type: max

Fanout         Cap        Slew       Delay        Time   Description
---------------------------------------------------------------------------------------------
                      0.150000    0.000000    0.000000   clock clk (rise edge)
                                  0.000000    0.000000   clock network delay (ideal)
                      0.150000    0.000000    0.000000 ^ _756_/CLK (sky130_fd_sc_hd__dfxtp_2)
     1    0.033442    0.280322    0.894701    0.894701 ^ _756_/Q (sky130_fd_sc_hd__dfxtp_2)
                                                         diag_done (net)
                      0.280322    0.000000    0.894701 ^ diag_done (out)
                                              0.894701   data arrival time

                      0.150000   10.000000   10.000000   clock clk (rise edge)
                                  0.000000   10.000000   clock network delay (ideal)
                                 -0.250000    9.750000   clock uncertainty
                                  0.000000    9.750000   clock reconvergence pessimism
                                 -2.000000    7.750000   output external delay
                                              7.750000   data required time
---------------------------------------------------------------------------------------------
                                              7.750000   data required time
                                             -0.894701   data arrival time
---------------------------------------------------------------------------------------------
                                              6.855299   slack (MET)


Startpoint: start_diag (input port clocked by clk)
Endpoint: _769_ (rising edge-triggered flip-flop clocked by clk)
Path Group: clk
Path Type: max

Fanout         Cap        Slew       Delay        Time   Description
---------------------------------------------------------------------------------------------
                      0.150000    0.000000    0.000000   clock clk (rise edge)
                                  0.000000    0.000000   clock network delay (ideal)
                                  2.000000    2.000000 ^ input external delay
     2    0.006025    0.056058    0.034253    2.034254 ^ start_diag (in)
                                                         start_diag (net)
                      0.056058    0.000000    2.034254 ^ _370_/A (sky130_fd_sc_hd__inv_2)
     1    0.002293    0.020754    0.047784    2.082037 v _370_/Y (sky130_fd_sc_hd__inv_2)
                                                         _368_ (net)
                      0.020754    0.000000    2.082037 v _718_/A1 (sky130_fd_sc_hd__a211o_2)
     1    0.001577    0.073982    0.543997    2.626034 v _718_/X (sky130_fd_sc_hd__a211o_2)
                                                         _011_ (net)
                      0.073982    0.000000    2.626034 v _769_/D (sky130_fd_sc_hd__dfxtp_2)
                                              2.626034   data arrival time

                      0.150000   10.000000   10.000000   clock clk (rise edge)
                                  0.000000   10.000000   clock network delay (ideal)
                                 -0.250000    9.750000   clock uncertainty
                                  0.000000    9.750000   clock reconvergence pessimism
                                              9.750000 ^ _769_/CLK (sky130_fd_sc_hd__dfxtp_2)
                                 -0.254373    9.495626   library setup time
                                              9.495626   data required time
---------------------------------------------------------------------------------------------
                                              9.495626   data required time
                                             -2.626034   data arrival time
---------------------------------------------------------------------------------------------
                                              6.869593   slack (MET)


Startpoint: rst (input port clocked by clk)
Endpoint: _748_ (rising edge-triggered flip-flop clocked by clk)
Path Group: clk
Path Type: max

Fanout         Cap        Slew       Delay        Time   Description
---------------------------------------------------------------------------------------------
                      0.150000    0.000000    0.000000   clock clk (rise edge)
                                  0.000000    0.000000   clock network delay (ideal)
                                  2.000000    2.000000 v input external delay
     3    0.010754    0.051473    0.035238    2.035238 v rst (in)
                                                         rst (net)
                      0.051473    0.000000    2.035238 v _369_/A (sky130_fd_sc_hd__inv_2)
    31    0.046580    0.341974    0.292611    2.327849 ^ _369_/Y (sky130_fd_sc_hd__inv_2)
                                                         _367_ (net)
                      0.341974    0.000000    2.327849 ^ _719_/B1 (sky130_fd_sc_hd__o41a_2)
     1    0.001537    0.053717    0.374380    2.702229 ^ _719_/X (sky130_fd_sc_hd__o41a_2)
                                                         _012_ (net)
                      0.053717    0.000000    2.702229 ^ _748_/D (sky130_fd_sc_hd__dfxtp_2)
                                              2.702229   data arrival time

                      0.150000   10.000000   10.000000   clock clk (rise edge)
                                  0.000000   10.000000   clock network delay (ideal)
                                 -0.250000    9.750000   clock uncertainty
                                  0.000000    9.750000   clock reconvergence pessimism
                                              9.750000 ^ _748_/CLK (sky130_fd_sc_hd__dfxtp_2)
                                 -0.122921    9.627079   library setup time
                                              9.627079   data required time
---------------------------------------------------------------------------------------------
                                              9.627079   data required time
                                             -2.702229   data arrival time
---------------------------------------------------------------------------------------------
                                              6.924850   slack (MET)



