+ define_corners nom_ss_100C_1v60
Reading timing models for corner nom_ss_100C_1v60…
Reading cell library for the 'nom_ss_100C_1v60' corner at '/Users/balliprincephilomon/.ciel/ciel/sky130/versions/8afc8346a57fe1ab7934ba5a6056ea8b43078e71/sky130A/libs.ref/sky130_fd_sc_hd/lib/sky130_fd_sc_hd__ss_100C_1v60.lib'…
Reading top-level netlist at '/Users/balliprincephilomon/Prince/Self_diagnosis_FIR/physical_design/runs/RUN_2026-09-18_23-04-08/06-yosys-synthesis/self_diagnosing_fir.nl.v'…
Linking design 'self_diagnosing_fir' from netlist…
Reading design constraints file at '/nix/store/ljb503jj13ih6kqgymr6k5ac4k23cps5-python3-3.13.9-env/lib/python3.13/site-packages/librelane/scripts/base.sdc'…
[INFO] Using clock clk…
[INFO] Setting output delay to: 2.0
[INFO] Setting input delay to: 2.0
[INFO] Setting load to: 0.033442
[INFO] Setting clock uncertainty to: 0.25
[INFO] Setting clock transition to: 0.1499999999999999944488848768742172978818416595458984375
[INFO] Setting timing derate to: 5.0%
%OL_CREATE_REPORT min.rpt

===========================================================================
report_checks -path_delay min (Hold)
============================================================================
======================= nom_ss_100C_1v60 Corner ===================================

Startpoint: _779_ (rising edge-triggered flip-flop clocked by clk)
Endpoint: _769_ (rising edge-triggered flip-flop clocked by clk)
Path Group: clk
Path Type: min

Fanout         Cap        Slew       Delay        Time   Description
---------------------------------------------------------------------------------------------
                      0.150000    0.000000    0.000000   clock clk (rise edge)
                                  0.000000    0.000000   clock network delay (ideal)
                      0.150000    0.000000    0.000000 ^ _779_/CLK (sky130_fd_sc_hd__dfxtp_2)
     2    0.003984    0.062728    0.645806    0.645806 ^ _779_/Q (sky130_fd_sc_hd__dfxtp_2)
                                                         controller.state[10] (net)
                      0.062728    0.000000    0.645806 ^ _718_/B1 (sky130_fd_sc_hd__a211o_2)
     1    0.001537    0.038042    0.142380    0.788186 ^ _718_/X (sky130_fd_sc_hd__a211o_2)
                                                         _011_ (net)
                      0.038042    0.000000    0.788186 ^ _769_/D (sky130_fd_sc_hd__dfxtp_2)
                                              0.788186   data arrival time

                      0.150000    0.000000    0.000000   clock clk (rise edge)
                                  0.000000    0.000000   clock network delay (ideal)
                                  0.250000    0.250000   clock uncertainty
                                  0.000000    0.250000   clock reconvergence pessimism
                                              0.250000 ^ _769_/CLK (sky130_fd_sc_hd__dfxtp_2)
                                 -0.051841    0.198159   library hold time
                                              0.198159   data required time
---------------------------------------------------------------------------------------------
                                              0.198159   data required time
                                             -0.788186   data arrival time
---------------------------------------------------------------------------------------------
                                              0.590027   slack (MET)


Startpoint: _771_ (rising edge-triggered flip-flop clocked by clk)
Endpoint: _749_ (rising edge-triggered flip-flop clocked by clk)
Path Group: clk
Path Type: min

Fanout         Cap        Slew       Delay        Time   Description
---------------------------------------------------------------------------------------------
                      0.150000    0.000000    0.000000   clock clk (rise edge)
                                  0.000000    0.000000   clock network delay (ideal)
                      0.150000    0.000000    0.000000 ^ _771_/CLK (sky130_fd_sc_hd__dfxtp_2)
     2    0.006038    0.077289    0.659937    0.659937 ^ _771_/Q (sky130_fd_sc_hd__dfxtp_2)
                                                         controller.state[2] (net)
                      0.077289    0.000000    0.659937 ^ _721_/A (sky130_fd_sc_hd__nor3_2)
     2    0.005499    0.041540    0.079193    0.739130 v _721_/Y (sky130_fd_sc_hd__nor3_2)
                                                         _360_ (net)
                      0.041540    0.000000    0.739130 v _722_/B (sky130_fd_sc_hd__nor2_2)
     1    0.001537    0.081253    0.087783    0.826913 ^ _722_/Y (sky130_fd_sc_hd__nor2_2)
                                                         _013_ (net)
                      0.081253    0.000000    0.826913 ^ _749_/D (sky130_fd_sc_hd__dfxtp_2)
                                              0.826913   data arrival time

                      0.150000    0.000000    0.000000   clock clk (rise edge)
                                  0.000000    0.000000   clock network delay (ideal)
                                  0.250000    0.250000   clock uncertainty
                                  0.000000    0.250000   clock reconvergence pessimism
                                              0.250000 ^ _749_/CLK (sky130_fd_sc_hd__dfxtp_2)
                                 -0.061818    0.188182   library hold time
                                              0.188182   data required time
---------------------------------------------------------------------------------------------
                                              0.188182   data required time
                                             -0.826913   data arrival time
---------------------------------------------------------------------------------------------
                                              0.638731   slack (MET)


Startpoint: _774_ (rising edge-triggered flip-flop clocked by clk)
Endpoint: _780_ (rising edge-triggered flip-flop clocked by clk)
Path Group: clk
Path Type: min

Fanout         Cap        Slew       Delay        Time   Description
---------------------------------------------------------------------------------------------
                      0.150000    0.000000    0.000000   clock clk (rise edge)
                                  0.000000    0.000000   clock network delay (ideal)
                      0.150000    0.000000    0.000000 ^ _774_/CLK (sky130_fd_sc_hd__dfxtp_2)
     2    0.002846    0.054690    0.637435    0.637435 ^ _774_/Q (sky130_fd_sc_hd__dfxtp_2)
                                                         controller.state[5] (net)
                      0.054690    0.000000    0.637435 ^ _706_/A (sky130_fd_sc_hd__and2_2)
     1    0.001537    0.058759    0.218499    0.855935 ^ _706_/X (sky130_fd_sc_hd__and2_2)
                                                         _010_ (net)
                      0.058759    0.000000    0.855935 ^ _780_/D (sky130_fd_sc_hd__dfxtp_2)
                                              0.855935   data arrival time

                      0.150000    0.000000    0.000000   clock clk (rise edge)
                                  0.000000    0.000000   clock network delay (ideal)
                                  0.250000    0.250000   clock uncertainty
                                  0.000000    0.250000   clock reconvergence pessimism
                                              0.250000 ^ _780_/CLK (sky130_fd_sc_hd__dfxtp_2)
                                 -0.056624    0.193376   library hold time
                                              0.193376   data required time
---------------------------------------------------------------------------------------------
                                              0.193376   data required time
                                             -0.855935   data arrival time
---------------------------------------------------------------------------------------------
                                              0.662559   slack (MET)


Startpoint: _780_ (rising edge-triggered flip-flop clocked by clk)
Endpoint: _748_ (rising edge-triggered flip-flop clocked by clk)
Path Group: clk
Path Type: min

Fanout         Cap        Slew       Delay        Time   Description
---------------------------------------------------------------------------------------------
                      0.150000    0.000000    0.000000   clock clk (rise edge)
                                  0.000000    0.000000   clock network delay (ideal)
                      0.150000    0.000000    0.000000 ^ _780_/CLK (sky130_fd_sc_hd__dfxtp_2)
     3    0.005451    0.073090    0.656575    0.656575 ^ _780_/Q (sky130_fd_sc_hd__dfxtp_2)
                                                         controller.state[11] (net)
                      0.073090    0.000000    0.656575 ^ _719_/A4 (sky130_fd_sc_hd__o41a_2)
     1    0.001537    0.046030    0.207358    0.863932 ^ _719_/X (sky130_fd_sc_hd__o41a_2)
                                                         _012_ (net)
                      0.046030    0.000000    0.863932 ^ _748_/D (sky130_fd_sc_hd__dfxtp_2)
                                              0.863932   data arrival time

                      0.150000    0.000000    0.000000   clock clk (rise edge)
                                  0.000000    0.000000   clock network delay (ideal)
                                  0.250000    0.250000   clock uncertainty
                                  0.000000    0.250000   clock reconvergence pessimism
                                              0.250000 ^ _748_/CLK (sky130_fd_sc_hd__dfxtp_2)
                                 -0.053685    0.196315   library hold time
                                              0.196315   data required time
---------------------------------------------------------------------------------------------
                                              0.196315   data required time
                                             -0.863932   data arrival time
---------------------------------------------------------------------------------------------
                                              0.667618   slack (MET)


Startpoint: _775_ (rising edge-triggered flip-flop clocked by clk)
Endpoint: _772_ (rising edge-triggered flip-flop clocked by clk)
Path Group: clk
Path Type: min

Fanout         Cap        Slew       Delay        Time   Description
---------------------------------------------------------------------------------------------
                      0.150000    0.000000    0.000000   clock clk (rise edge)
                                  0.000000    0.000000   clock network delay (ideal)
                      0.150000    0.000000    0.000000 ^ _775_/CLK (sky130_fd_sc_hd__dfxtp_2)
     2    0.002877    0.054909    0.637663    0.637663 ^ _775_/Q (sky130_fd_sc_hd__dfxtp_2)
                                                         controller.state[6] (net)
                      0.054909    0.000000    0.637663 ^ _715_/B (sky130_fd_sc_hd__and2_2)
     1    0.001537    0.058588    0.228922    0.866585 ^ _715_/X (sky130_fd_sc_hd__and2_2)
                                                         _002_ (net)
                      0.058588    0.000000    0.866585 ^ _772_/D (sky130_fd_sc_hd__dfxtp_2)
                                              0.866585   data arrival time

                      0.150000    0.000000    0.000000   clock clk (rise edge)
                                  0.000000    0.000000   clock network delay (ideal)
                                  0.250000    0.250000   clock uncertainty
                                  0.000000    0.250000   clock reconvergence pessimism
                                              0.250000 ^ _772_/CLK (sky130_fd_sc_hd__dfxtp_2)
                                 -0.056585    0.193415   library hold time
                                              0.193415   data required time
---------------------------------------------------------------------------------------------
                                              0.193415   data required time
                                             -0.866585   data arrival time
---------------------------------------------------------------------------------------------
                                              0.673170   slack (MET)


Startpoint: _772_ (rising edge-triggered flip-flop clocked by clk)
Endpoint: _778_ (rising edge-triggered flip-flop clocked by clk)
Path Group: clk
Path Type: min

Fanout         Cap        Slew       Delay        Time   Description
---------------------------------------------------------------------------------------------
                      0.150000    0.000000    0.000000   clock clk (rise edge)
                                  0.000000    0.000000   clock network delay (ideal)
                      0.150000    0.000000    0.000000 ^ _772_/CLK (sky130_fd_sc_hd__dfxtp_2)
     2    0.002948    0.055410    0.638186    0.638186 ^ _772_/Q (sky130_fd_sc_hd__dfxtp_2)
                                                         controller.state[3] (net)
                      0.055410    0.000000    0.638186 ^ _708_/B (sky130_fd_sc_hd__and2_2)
     1    0.001537    0.058590    0.229114    0.867299 ^ _708_/X (sky130_fd_sc_hd__and2_2)
                                                         _008_ (net)
                      0.058590    0.000000    0.867299 ^ _778_/D (sky130_fd_sc_hd__dfxtp_2)
                                              0.867299   data arrival time

                      0.150000    0.000000    0.000000   clock clk (rise edge)
                                  0.000000    0.000000   clock network delay (ideal)
                                  0.250000    0.250000   clock uncertainty
                                  0.000000    0.250000   clock reconvergence pessimism
                                              0.250000 ^ _778_/CLK (sky130_fd_sc_hd__dfxtp_2)
                                 -0.056585    0.193415   library hold time
                                              0.193415   data required time
---------------------------------------------------------------------------------------------
                                              0.193415   data required time
                                             -0.867299   data arrival time
---------------------------------------------------------------------------------------------
                                              0.673885   slack (MET)


Startpoint: _777_ (rising edge-triggered flip-flop clocked by clk)
Endpoint: _774_ (rising edge-triggered flip-flop clocked by clk)
Path Group: clk
Path Type: min

Fanout         Cap        Slew       Delay        Time   Description
---------------------------------------------------------------------------------------------
                      0.150000    0.000000    0.000000   clock clk (rise edge)
                                  0.000000    0.000000   clock network delay (ideal)
                      0.150000    0.000000    0.000000 ^ _777_/CLK (sky130_fd_sc_hd__dfxtp_2)
     2    0.002990    0.055707    0.638495    0.638495 ^ _777_/Q (sky130_fd_sc_hd__dfxtp_2)
                                                         controller.state[8] (net)
                      0.055707    0.000000    0.638495 ^ _713_/B (sky130_fd_sc_hd__and2_2)
     1    0.001537    0.058592    0.229227    0.867722 ^ _713_/X (sky130_fd_sc_hd__and2_2)
                                                         _004_ (net)
                      0.058592    0.000000    0.867722 ^ _774_/D (sky130_fd_sc_hd__dfxtp_2)
                                              0.867722   data arrival time

                      0.150000    0.000000    0.000000   clock clk (rise edge)
                                  0.000000    0.000000   clock network delay (ideal)
                                  0.250000    0.250000   clock uncertainty
                                  0.000000    0.250000   clock reconvergence pessimism
                                              0.250000 ^ _774_/CLK (sky130_fd_sc_hd__dfxtp_2)
                                 -0.056586    0.193414   library hold time
                                              0.193414   data required time
---------------------------------------------------------------------------------------------
                                              0.193414   data required time
                                             -0.867722   data arrival time
---------------------------------------------------------------------------------------------
                                              0.674308   slack (MET)


Startpoint: _779_ (rising edge-triggered flip-flop clocked by clk)
Endpoint: _756_ (rising edge-triggered flip-flop clocked by clk)
Path Group: clk
Path Type: min

Fanout         Cap        Slew       Delay        Time   Description
---------------------------------------------------------------------------------------------
                      0.150000    0.000000    0.000000   clock clk (rise edge)
                                  0.000000    0.000000   clock network delay (ideal)
                      0.150000    0.000000    0.000000 ^ _779_/CLK (sky130_fd_sc_hd__dfxtp_2)
     2    0.003984    0.062728    0.645806    0.645806 ^ _779_/Q (sky130_fd_sc_hd__dfxtp_2)
                                                         controller.state[10] (net)
                      0.062728    0.000000    0.645806 ^ _735_/B (sky130_fd_sc_hd__and2_2)
     1    0.001537    0.058625    0.231914    0.877720 ^ _735_/X (sky130_fd_sc_hd__and2_2)
                                                         _020_ (net)
                      0.058625    0.000000    0.877720 ^ _756_/D (sky130_fd_sc_hd__dfxtp_2)
                                              0.877720   data arrival time

                      0.150000    0.000000    0.000000   clock clk (rise edge)
                                  0.000000    0.000000   clock network delay (ideal)
                                  0.250000    0.250000   clock uncertainty
                                  0.000000    0.250000   clock reconvergence pessimism
                                              0.250000 ^ _756_/CLK (sky130_fd_sc_hd__dfxtp_2)
                                 -0.056593    0.193407   library hold time
                                              0.193407   data required time
---------------------------------------------------------------------------------------------
                                              0.193407   data required time
                                             -0.877720   data arrival time
---------------------------------------------------------------------------------------------
                                              0.684313   slack (MET)


Startpoint: _776_ (rising edge-triggered flip-flop clocked by clk)
Endpoint: _773_ (rising edge-triggered flip-flop clocked by clk)
Path Group: clk
Path Type: min

Fanout         Cap        Slew       Delay        Time   Description
---------------------------------------------------------------------------------------------
                      0.150000    0.000000    0.000000   clock clk (rise edge)
                                  0.000000    0.000000   clock network delay (ideal)
                      0.150000    0.000000    0.000000 ^ _776_/CLK (sky130_fd_sc_hd__dfxtp_2)
     3    0.005371    0.072524    0.656008    0.656008 ^ _776_/Q (sky130_fd_sc_hd__dfxtp_2)
                                                         controller.state[7] (net)
                      0.072524    0.000000    0.656008 ^ _714_/B (sky130_fd_sc_hd__and2_2)
     1    0.001537    0.058670    0.235662    0.891670 ^ _714_/X (sky130_fd_sc_hd__and2_2)
                                                         _003_ (net)
                      0.058670    0.000000    0.891670 ^ _773_/D (sky130_fd_sc_hd__dfxtp_2)
                                              0.891670   data arrival time

                      0.150000    0.000000    0.000000   clock clk (rise edge)
                                  0.000000    0.000000   clock network delay (ideal)
                                  0.250000    0.250000   clock uncertainty
                                  0.000000    0.250000   clock reconvergence pessimism
                                              0.250000 ^ _773_/CLK (sky130_fd_sc_hd__dfxtp_2)
                                 -0.056604    0.193396   library hold time
                                              0.193396   data required time
---------------------------------------------------------------------------------------------
                                              0.193396   data required time
                                             -0.891670   data arrival time
---------------------------------------------------------------------------------------------
                                              0.698274   slack (MET)


Startpoint: _780_ (rising edge-triggered flip-flop clocked by clk)
Endpoint: _770_ (rising edge-triggered flip-flop clocked by clk)
Path Group: clk
Path Type: min

Fanout         Cap        Slew       Delay        Time   Description
---------------------------------------------------------------------------------------------
                      0.150000    0.000000    0.000000   clock clk (rise edge)
                                  0.000000    0.000000   clock network delay (ideal)
                      0.150000    0.000000    0.000000 ^ _780_/CLK (sky130_fd_sc_hd__dfxtp_2)
     3    0.005451    0.073090    0.656575    0.656575 ^ _780_/Q (sky130_fd_sc_hd__dfxtp_2)
                                                         controller.state[11] (net)
                      0.073090    0.000000    0.656575 ^ _717_/B (sky130_fd_sc_hd__and2_2)
     1    0.001537    0.058673    0.235879    0.892454 ^ _717_/X (sky130_fd_sc_hd__and2_2)
                                                         _000_ (net)
                      0.058673    0.000000    0.892454 ^ _770_/D (sky130_fd_sc_hd__dfxtp_2)
                                              0.892454   data arrival time

                      0.150000    0.000000    0.000000   clock clk (rise edge)
                                  0.000000    0.000000   clock network delay (ideal)
                                  0.250000    0.250000   clock uncertainty
                                  0.000000    0.250000   clock reconvergence pessimism
                                              0.250000 ^ _770_/CLK (sky130_fd_sc_hd__dfxtp_2)
                                 -0.056604    0.193396   library hold time
                                              0.193396   data required time
---------------------------------------------------------------------------------------------
                                              0.193396   data required time
                                             -0.892454   data arrival time
---------------------------------------------------------------------------------------------
                                              0.699058   slack (MET)


Startpoint: _770_ (rising edge-triggered flip-flop clocked by clk)
Endpoint: _776_ (rising edge-triggered flip-flop clocked by clk)
Path Group: clk
Path Type: min

Fanout         Cap        Slew       Delay        Time   Description
---------------------------------------------------------------------------------------------
                      0.150000    0.000000    0.000000   clock clk (rise edge)
                                  0.000000    0.000000   clock network delay (ideal)
                      0.150000    0.000000    0.000000 ^ _770_/CLK (sky130_fd_sc_hd__dfxtp_2)
     3    0.005454    0.073112    0.656592    0.656592 ^ _770_/Q (sky130_fd_sc_hd__dfxtp_2)
                                                         controller.state[1] (net)
                      0.073112    0.000000    0.656592 ^ _710_/B (sky130_fd_sc_hd__and2_2)
     1    0.001537    0.058673    0.235887    0.892479 ^ _710_/X (sky130_fd_sc_hd__and2_2)
                                                         _006_ (net)
                      0.058673    0.000000    0.892479 ^ _776_/D (sky130_fd_sc_hd__dfxtp_2)
                                              0.892479   data arrival time

                      0.150000    0.000000    0.000000   clock clk (rise edge)
                                  0.000000    0.000000   clock network delay (ideal)
                                  0.250000    0.250000   clock uncertainty
                                  0.000000    0.250000   clock reconvergence pessimism
                                              0.250000 ^ _776_/CLK (sky130_fd_sc_hd__dfxtp_2)
                                 -0.056604    0.193396   library hold time
                                              0.193396   data required time
---------------------------------------------------------------------------------------------
                                              0.193396   data required time
                                             -0.892479   data arrival time
---------------------------------------------------------------------------------------------
                                              0.699084   slack (MET)


Startpoint: _773_ (rising edge-triggered flip-flop clocked by clk)
Endpoint: _779_ (rising edge-triggered flip-flop clocked by clk)
Path Group: clk
Path Type: min

Fanout         Cap        Slew       Delay        Time   Description
---------------------------------------------------------------------------------------------
                      0.150000    0.000000    0.000000   clock clk (rise edge)
                                  0.000000    0.000000   clock network delay (ideal)
                      0.150000    0.000000    0.000000 ^ _773_/CLK (sky130_fd_sc_hd__dfxtp_2)
     3    0.005672    0.074671    0.657841    0.657841 ^ _773_/Q (sky130_fd_sc_hd__dfxtp_2)
                                                         controller.state[4] (net)
                      0.074671    0.000000    0.657841 ^ _707_/B (sky130_fd_sc_hd__and2_2)
     1    0.001537    0.058680    0.236484    0.894325 ^ _707_/X (sky130_fd_sc_hd__and2_2)
                                                         _009_ (net)
                      0.058680    0.000000    0.894325 ^ _779_/D (sky130_fd_sc_hd__dfxtp_2)
                                              0.894325   data arrival time

                      0.150000    0.000000    0.000000   clock clk (rise edge)
                                  0.000000    0.000000   clock network delay (ideal)
                                  0.250000    0.250000   clock uncertainty
                                  0.000000    0.250000   clock reconvergence pessimism
                                              0.250000 ^ _779_/CLK (sky130_fd_sc_hd__dfxtp_2)
                                 -0.056606    0.193394   library hold time
                                              0.193394   data required time
---------------------------------------------------------------------------------------------
                                              0.193394   data required time
                                             -0.894325   data arrival time
---------------------------------------------------------------------------------------------
                                              0.700931   slack (MET)


Startpoint: _771_ (rising edge-triggered flip-flop clocked by clk)
Endpoint: _777_ (rising edge-triggered flip-flop clocked by clk)
Path Group: clk
Path Type: min

Fanout         Cap        Slew       Delay        Time   Description
---------------------------------------------------------------------------------------------
                      0.150000    0.000000    0.000000   clock clk (rise edge)
                                  0.000000    0.000000   clock network delay (ideal)
                      0.150000    0.000000    0.000000 ^ _771_/CLK (sky130_fd_sc_hd__dfxtp_2)
     2    0.006038    0.077289    0.659937    0.659937 ^ _771_/Q (sky130_fd_sc_hd__dfxtp_2)
                                                         controller.state[2] (net)
                      0.077289    0.000000    0.659937 ^ _709_/B (sky130_fd_sc_hd__and2_2)
     1    0.001537    0.058693    0.237485    0.897423 ^ _709_/X (sky130_fd_sc_hd__and2_2)
                                                         _007_ (net)
                      0.058693    0.000000    0.897423 ^ _777_/D (sky130_fd_sc_hd__dfxtp_2)
                                              0.897423   data arrival time

                      0.150000    0.000000    0.000000   clock clk (rise edge)
                                  0.000000    0.000000   clock network delay (ideal)
                                  0.250000    0.250000   clock uncertainty
                                  0.000000    0.250000   clock reconvergence pessimism
                                              0.250000 ^ _777_/CLK (sky130_fd_sc_hd__dfxtp_2)
                                 -0.056609    0.193391   library hold time
                                              0.193391   data required time
---------------------------------------------------------------------------------------------
                                              0.193391   data required time
                                             -0.897423   data arrival time
---------------------------------------------------------------------------------------------
                                              0.704032   slack (MET)


Startpoint: _778_ (rising edge-triggered flip-flop clocked by clk)
Endpoint: _771_ (rising edge-triggered flip-flop clocked by clk)
Path Group: clk
Path Type: min

Fanout         Cap        Slew       Delay        Time   Description
---------------------------------------------------------------------------------------------
                      0.150000    0.000000    0.000000   clock clk (rise edge)
                                  0.000000    0.000000   clock network delay (ideal)
                      0.150000    0.000000    0.000000 ^ _778_/CLK (sky130_fd_sc_hd__dfxtp_2)
     2    0.006106    0.077775    0.660327    0.660327 ^ _778_/Q (sky130_fd_sc_hd__dfxtp_2)
                                                         controller.state[9] (net)
                      0.077775    0.000000    0.660327 ^ _716_/B (sky130_fd_sc_hd__and2_2)
     1    0.001537    0.058695    0.237672    0.897999 ^ _716_/X (sky130_fd_sc_hd__and2_2)
                                                         _001_ (net)
                      0.058695    0.000000    0.897999 ^ _771_/D (sky130_fd_sc_hd__dfxtp_2)
                                              0.897999   data arrival time

                      0.150000    0.000000    0.000000   clock clk (rise edge)
                                  0.000000    0.000000   clock network delay (ideal)
                                  0.250000    0.250000   clock uncertainty
                                  0.000000    0.250000   clock reconvergence pessimism
                                              0.250000 ^ _771_/CLK (sky130_fd_sc_hd__dfxtp_2)
                                 -0.056609    0.193391   library hold time
                                              0.193391   data required time
---------------------------------------------------------------------------------------------
                                              0.193391   data required time
                                             -0.897999   data arrival time
---------------------------------------------------------------------------------------------
                                              0.704608   slack (MET)


Startpoint: _763_ (rising edge-triggered flip-flop clocked by clk)
Endpoint: _767_ (rising edge-triggered flip-flop clocked by clk)
Path Group: clk
Path Type: min

Fanout         Cap        Slew       Delay        Time   Description
---------------------------------------------------------------------------------------------
                      0.150000    0.000000    0.000000   clock clk (rise edge)
                                  0.000000    0.000000   clock network delay (ideal)
                      0.150000    0.000000    0.000000 ^ _763_/CLK (sky130_fd_sc_hd__dfxtp_2)
     5    0.012302    0.122090    0.695819    0.695819 ^ _763_/Q (sky130_fd_sc_hd__dfxtp_2)
                                                         diagnostic.x2[2] (net)
                      0.122090    0.000000    0.695819 ^ _746_/A (sky130_fd_sc_hd__and2_2)
     1    0.001537    0.058910    0.245986    0.941806 ^ _746_/X (sky130_fd_sc_hd__and2_2)
                                                         _031_ (net)
                      0.058910    0.000000    0.941806 ^ _767_/D (sky130_fd_sc_hd__dfxtp_2)
                                              0.941806   data arrival time

                      0.150000    0.000000    0.000000   clock clk (rise edge)
                                  0.000000    0.000000   clock network delay (ideal)
                                  0.250000    0.250000   clock uncertainty
                                  0.000000    0.250000   clock reconvergence pessimism
                                              0.250000 ^ _767_/CLK (sky130_fd_sc_hd__dfxtp_2)
                                 -0.056659    0.193341   library hold time
                                              0.193341   data required time
---------------------------------------------------------------------------------------------
                                              0.193341   data required time
                                             -0.941806   data arrival time
---------------------------------------------------------------------------------------------
                                              0.748465   slack (MET)


Startpoint: _775_ (rising edge-triggered flip-flop clocked by clk)
Endpoint: _750_ (rising edge-triggered flip-flop clocked by clk)
Path Group: clk
Path Type: min

Fanout         Cap        Slew       Delay        Time   Description
---------------------------------------------------------------------------------------------
                      0.150000    0.000000    0.000000   clock clk (rise edge)
                                  0.000000    0.000000   clock network delay (ideal)
                      0.150000    0.000000    0.000000 ^ _775_/CLK (sky130_fd_sc_hd__dfxtp_2)
     2    0.002877    0.054909    0.637663    0.637663 ^ _775_/Q (sky130_fd_sc_hd__dfxtp_2)
                                                         controller.state[6] (net)
                      0.054909    0.000000    0.637663 ^ _723_/B (sky130_fd_sc_hd__or2_2)
     2    0.004045    0.059157    0.164314    0.801977 ^ _723_/X (sky130_fd_sc_hd__or2_2)
                                                         _361_ (net)
                      0.059157    0.000000    0.801977 ^ _724_/A2 (sky130_fd_sc_hd__o21a_2)
     1    0.001537    0.045682    0.190782    0.992759 ^ _724_/X (sky130_fd_sc_hd__o21a_2)
                                                         _014_ (net)
                      0.045682    0.000000    0.992759 ^ _750_/D (sky130_fd_sc_hd__dfxtp_2)
                                              0.992759   data arrival time

                      0.150000    0.000000    0.000000   clock clk (rise edge)
                                  0.000000    0.000000   clock network delay (ideal)
                                  0.250000    0.250000   clock uncertainty
                                  0.000000    0.250000   clock reconvergence pessimism
                                              0.250000 ^ _750_/CLK (sky130_fd_sc_hd__dfxtp_2)
                                 -0.053605    0.196395   library hold time
                                              0.196395   data required time
---------------------------------------------------------------------------------------------
                                              0.196395   data required time
                                             -0.992759   data arrival time
---------------------------------------------------------------------------------------------
                                              0.796364   slack (MET)


Startpoint: _754_ (rising edge-triggered flip-flop clocked by clk)
Endpoint: _760_ (rising edge-triggered flip-flop clocked by clk)
Path Group: clk
Path Type: min

Fanout         Cap        Slew       Delay        Time   Description
---------------------------------------------------------------------------------------------
                      0.150000    0.000000    0.000000   clock clk (rise edge)
                                  0.000000    0.000000   clock network delay (ideal)
                      0.150000    0.000000    0.000000 ^ _754_/CLK (sky130_fd_sc_hd__dfxtp_2)
     8    0.020582    0.111192    0.670894    0.670894 v _754_/Q (sky130_fd_sc_hd__dfxtp_2)
                                                         diagnostic.x0[3] (net)
                      0.111192    0.000000    0.670894 v _739_/A (sky130_fd_sc_hd__and2_2)
     1    0.001577    0.061106    0.337181    1.008075 v _739_/X (sky130_fd_sc_hd__and2_2)
                                                         _024_ (net)
                      0.061106    0.000000    1.008075 v _760_/D (sky130_fd_sc_hd__dfxtp_2)
                                              1.008075   data arrival time

                      0.150000    0.000000    0.000000   clock clk (rise edge)
                                  0.000000    0.000000   clock network delay (ideal)
                                  0.250000    0.250000   clock uncertainty
                                  0.000000    0.250000   clock reconvergence pessimism
                                              0.250000 ^ _760_/CLK (sky130_fd_sc_hd__dfxtp_2)
                                 -0.067991    0.182009   library hold time
                                              0.182009   data required time
---------------------------------------------------------------------------------------------
                                              0.182009   data required time
                                             -1.008075   data arrival time
---------------------------------------------------------------------------------------------
                                              0.826066   slack (MET)


Startpoint: _757_ (rising edge-triggered flip-flop clocked by clk)
Endpoint: _761_ (rising edge-triggered flip-flop clocked by clk)
Path Group: clk
Path Type: min

Fanout         Cap        Slew       Delay        Time   Description
---------------------------------------------------------------------------------------------
                      0.150000    0.000000    0.000000   clock clk (rise edge)
                                  0.000000    0.000000   clock network delay (ideal)
                      0.150000    0.000000    0.000000 ^ _757_/CLK (sky130_fd_sc_hd__dfxtp_2)
     8    0.020616    0.111323    0.670996    0.670996 v _757_/Q (sky130_fd_sc_hd__dfxtp_2)
                                                         diagnostic.x1[0] (net)
                      0.111323    0.000000    0.670996 v _740_/A (sky130_fd_sc_hd__and2_2)
     1    0.001577    0.061106    0.337241    1.008237 v _740_/X (sky130_fd_sc_hd__and2_2)
                                                         _025_ (net)
                      0.061106    0.000000    1.008237 v _761_/D (sky130_fd_sc_hd__dfxtp_2)
                                              1.008237   data arrival time

                      0.150000    0.000000    0.000000   clock clk (rise edge)
                                  0.000000    0.000000   clock network delay (ideal)
                                  0.250000    0.250000   clock uncertainty
                                  0.000000    0.250000   clock reconvergence pessimism
                                              0.250000 ^ _761_/CLK (sky130_fd_sc_hd__dfxtp_2)
                                 -0.067991    0.182009   library hold time
                                              0.182009   data required time
---------------------------------------------------------------------------------------------
                                              0.182009   data required time
                                             -1.008237   data arrival time
---------------------------------------------------------------------------------------------
                                              0.826228   slack (MET)


Startpoint: _761_ (rising edge-triggered flip-flop clocked by clk)
Endpoint: _765_ (rising edge-triggered flip-flop clocked by clk)
Path Group: clk
Path Type: min

Fanout         Cap        Slew       Delay        Time   Description
---------------------------------------------------------------------------------------------
                      0.150000    0.000000    0.000000   clock clk (rise edge)
                                  0.000000    0.000000   clock network delay (ideal)
                      0.150000    0.000000    0.000000 ^ _761_/CLK (sky130_fd_sc_hd__dfxtp_2)
     8    0.021064    0.113045    0.672348    0.672348 v _761_/Q (sky130_fd_sc_hd__dfxtp_2)
                                                         diagnostic.x2[0] (net)
                      0.113045    0.000000    0.672348 v _744_/A (sky130_fd_sc_hd__and2_2)
     1    0.001577    0.061108    0.338030    1.010378 v _744_/X (sky130_fd_sc_hd__and2_2)
                                                         _029_ (net)
                      0.061108    0.000000    1.010378 v _765_/D (sky130_fd_sc_hd__dfxtp_2)
                                              1.010378   data arrival time

                      0.150000    0.000000    0.000000   clock clk (rise edge)
                                  0.000000    0.000000   clock network delay (ideal)
                                  0.250000    0.250000   clock uncertainty
                                  0.000000    0.250000   clock reconvergence pessimism
                                              0.250000 ^ _765_/CLK (sky130_fd_sc_hd__dfxtp_2)
                                 -0.067991    0.182009   library hold time
                                              0.182009   data required time
---------------------------------------------------------------------------------------------
                                              0.182009   data required time
                                             -1.010378   data arrival time
---------------------------------------------------------------------------------------------
                                              0.828369   slack (MET)


Startpoint: _764_ (rising edge-triggered flip-flop clocked by clk)
Endpoint: _768_ (rising edge-triggered flip-flop clocked by clk)
Path Group: clk
Path Type: min

Fanout         Cap        Slew       Delay        Time   Description
---------------------------------------------------------------------------------------------
                      0.150000    0.000000    0.000000   clock clk (rise edge)
                                  0.000000    0.000000   clock network delay (ideal)
                      0.150000    0.000000    0.000000 ^ _764_/CLK (sky130_fd_sc_hd__dfxtp_2)
     8    0.021099    0.113179    0.672453    0.672453 v _764_/Q (sky130_fd_sc_hd__dfxtp_2)
                                                         diagnostic.x2[3] (net)
                      0.113179    0.000000    0.672453 v _747_/A (sky130_fd_sc_hd__and2_2)
     1    0.001577    0.061108    0.338092    1.010545 v _747_/X (sky130_fd_sc_hd__and2_2)
                                                         _032_ (net)
                      0.061108    0.000000    1.010545 v _768_/D (sky130_fd_sc_hd__dfxtp_2)
                                              1.010545   data arrival time

                      0.150000    0.000000    0.000000   clock clk (rise edge)
                                  0.000000    0.000000   clock network delay (ideal)
                                  0.250000    0.250000   clock uncertainty
                                  0.000000    0.250000   clock reconvergence pessimism
                                              0.250000 ^ _768_/CLK (sky130_fd_sc_hd__dfxtp_2)
                                 -0.067991    0.182009   library hold time
                                              0.182009   data required time
---------------------------------------------------------------------------------------------
                                              0.182009   data required time
                                             -1.010545   data arrival time
---------------------------------------------------------------------------------------------
                                              0.828537   slack (MET)


Startpoint: _760_ (rising edge-triggered flip-flop clocked by clk)
Endpoint: _764_ (rising edge-triggered flip-flop clocked by clk)
Path Group: clk
Path Type: min

Fanout         Cap        Slew       Delay        Time   Description
---------------------------------------------------------------------------------------------
                      0.150000    0.000000    0.000000   clock clk (rise edge)
                                  0.000000    0.000000   clock network delay (ideal)
                      0.150000    0.000000    0.000000 ^ _760_/CLK (sky130_fd_sc_hd__dfxtp_2)
     8    0.021554    0.114928    0.673826    0.673826 v _760_/Q (sky130_fd_sc_hd__dfxtp_2)
                                                         diagnostic.x1[3] (net)
                      0.114928    0.000000    0.673826 v _743_/A (sky130_fd_sc_hd__and2_2)
     1    0.001577    0.061109    0.338893    1.012719 v _743_/X (sky130_fd_sc_hd__and2_2)
                                                         _028_ (net)
                      0.061109    0.000000    1.012719 v _764_/D (sky130_fd_sc_hd__dfxtp_2)
                                              1.012719   data arrival time

                      0.150000    0.000000    0.000000   clock clk (rise edge)
                                  0.000000    0.000000   clock network delay (ideal)
                                  0.250000    0.250000   clock uncertainty
                                  0.000000    0.250000   clock reconvergence pessimism
                                              0.250000 ^ _764_/CLK (sky130_fd_sc_hd__dfxtp_2)
                                 -0.067992    0.182008   library hold time
                                              0.182008   data required time
---------------------------------------------------------------------------------------------
                                              0.182008   data required time
                                             -1.012719   data arrival time
---------------------------------------------------------------------------------------------
                                              0.830711   slack (MET)


Startpoint: _762_ (rising edge-triggered flip-flop clocked by clk)
Endpoint: _766_ (rising edge-triggered flip-flop clocked by clk)
Path Group: clk
Path Type: min

Fanout         Cap        Slew       Delay        Time   Description
---------------------------------------------------------------------------------------------
                      0.150000    0.000000    0.000000   clock clk (rise edge)
                                  0.000000    0.000000   clock network delay (ideal)
                      0.150000    0.000000    0.000000 ^ _762_/CLK (sky130_fd_sc_hd__dfxtp_2)
    10    0.021790    0.115835    0.674538    0.674538 v _762_/Q (sky130_fd_sc_hd__dfxtp_2)
                                                         diagnostic.x2[1] (net)
                      0.115835    0.000000    0.674538 v _745_/A (sky130_fd_sc_hd__and2_2)
     1    0.001577    0.061110    0.339309    1.013847 v _745_/X (sky130_fd_sc_hd__and2_2)
                                                         _030_ (net)
                      0.061110    0.000000    1.013847 v _766_/D (sky130_fd_sc_hd__dfxtp_2)
                                              1.013847   data arrival time

                      0.150000    0.000000    0.000000   clock clk (rise edge)
                                  0.000000    0.000000   clock network delay (ideal)
                                  0.250000    0.250000   clock uncertainty
                                  0.000000    0.250000   clock reconvergence pessimism
                                              0.250000 ^ _766_/CLK (sky130_fd_sc_hd__dfxtp_2)
                                 -0.067992    0.182008   library hold time
                                              0.182008   data required time
---------------------------------------------------------------------------------------------
                                              0.182008   data required time
                                             -1.013847   data arrival time
---------------------------------------------------------------------------------------------
                                              0.831839   slack (MET)


Startpoint: _759_ (rising edge-triggered flip-flop clocked by clk)
Endpoint: _763_ (rising edge-triggered flip-flop clocked by clk)
Path Group: clk
Path Type: min

Fanout         Cap        Slew       Delay        Time   Description
---------------------------------------------------------------------------------------------
                      0.150000    0.000000    0.000000   clock clk (rise edge)
                                  0.000000    0.000000   clock network delay (ideal)
                      0.150000    0.000000    0.000000 ^ _759_/CLK (sky130_fd_sc_hd__dfxtp_2)
     9    0.023910    0.123984    0.680933    0.680933 v _759_/Q (sky130_fd_sc_hd__dfxtp_2)
                                                         diagnostic.x1[2] (net)
                      0.123984    0.000000    0.680933 v _742_/A (sky130_fd_sc_hd__and2_2)
     1    0.001577    0.061116    0.343044    1.023977 v _742_/X (sky130_fd_sc_hd__and2_2)
                                                         _027_ (net)
                      0.061116    0.000000    1.023977 v _763_/D (sky130_fd_sc_hd__dfxtp_2)
                                              1.023977   data arrival time

                      0.150000    0.000000    0.000000   clock clk (rise edge)
                                  0.000000    0.000000   clock network delay (ideal)
                                  0.250000    0.250000   clock uncertainty
                                  0.000000    0.250000   clock reconvergence pessimism
                                              0.250000 ^ _763_/CLK (sky130_fd_sc_hd__dfxtp_2)
                                 -0.067994    0.182006   library hold time
                                              0.182006   data required time
---------------------------------------------------------------------------------------------
                                              0.182006   data required time
                                             -1.023977   data arrival time
---------------------------------------------------------------------------------------------
                                              0.841971   slack (MET)


Startpoint: _753_ (rising edge-triggered flip-flop clocked by clk)
Endpoint: _759_ (rising edge-triggered flip-flop clocked by clk)
Path Group: clk
Path Type: min

Fanout         Cap        Slew       Delay        Time   Description
---------------------------------------------------------------------------------------------
                      0.150000    0.000000    0.000000   clock clk (rise edge)
                                  0.000000    0.000000   clock network delay (ideal)
                      0.150000    0.000000    0.000000 ^ _753_/CLK (sky130_fd_sc_hd__dfxtp_2)
     9    0.024787    0.127355    0.683578    0.683578 v _753_/Q (sky130_fd_sc_hd__dfxtp_2)
                                                         diagnostic.x0[2] (net)
                      0.127355    0.000000    0.683578 v _738_/A (sky130_fd_sc_hd__and2_2)
     1    0.001577    0.061118    0.344589    1.028168 v _738_/X (sky130_fd_sc_hd__and2_2)
                                                         _023_ (net)
                      0.061118    0.000000    1.028168 v _759_/D (sky130_fd_sc_hd__dfxtp_2)
                                              1.028168   data arrival time

                      0.150000    0.000000    0.000000   clock clk (rise edge)
                                  0.000000    0.000000   clock network delay (ideal)
                                  0.250000    0.250000   clock uncertainty
                                  0.000000    0.250000   clock reconvergence pessimism
                                              0.250000 ^ _759_/CLK (sky130_fd_sc_hd__dfxtp_2)
                                 -0.067995    0.182005   library hold time
                                              0.182005   data required time
---------------------------------------------------------------------------------------------
                                              0.182005   data required time
                                             -1.028168   data arrival time
---------------------------------------------------------------------------------------------
                                              0.846163   slack (MET)


Startpoint: _751_ (rising edge-triggered flip-flop clocked by clk)
Endpoint: _757_ (rising edge-triggered flip-flop clocked by clk)
Path Group: clk
Path Type: min

Fanout         Cap        Slew       Delay        Time   Description
---------------------------------------------------------------------------------------------
                      0.150000    0.000000    0.000000   clock clk (rise edge)
                                  0.000000    0.000000   clock network delay (ideal)
                      0.150000    0.000000    0.000000 ^ _751_/CLK (sky130_fd_sc_hd__dfxtp_2)
     9    0.025547    0.130276    0.685871    0.685871 v _751_/Q (sky130_fd_sc_hd__dfxtp_2)
                                                         diagnostic.x0[0] (net)
                      0.130276    0.000000    0.685871 v _736_/A (sky130_fd_sc_hd__and2_2)
     1    0.001577    0.061120    0.345928    1.031799 v _736_/X (sky130_fd_sc_hd__and2_2)
                                                         _021_ (net)
                      0.061120    0.000000    1.031799 v _757_/D (sky130_fd_sc_hd__dfxtp_2)
                                              1.031799   data arrival time

                      0.150000    0.000000    0.000000   clock clk (rise edge)
                                  0.000000    0.000000   clock network delay (ideal)
                                  0.250000    0.250000   clock uncertainty
                                  0.000000    0.250000   clock reconvergence pessimism
                                              0.250000 ^ _757_/CLK (sky130_fd_sc_hd__dfxtp_2)
                                 -0.067996    0.182004   library hold time
                                              0.182004   data required time
---------------------------------------------------------------------------------------------
                                              0.182004   data required time
                                             -1.031799   data arrival time
---------------------------------------------------------------------------------------------
                                              0.849795   slack (MET)


Startpoint: _752_ (rising edge-triggered flip-flop clocked by clk)
Endpoint: _758_ (rising edge-triggered flip-flop clocked by clk)
Path Group: clk
Path Type: min

Fanout         Cap        Slew       Delay        Time   Description
---------------------------------------------------------------------------------------------
                      0.150000    0.000000    0.000000   clock clk (rise edge)
                                  0.000000    0.000000   clock network delay (ideal)
                      0.150000    0.000000    0.000000 ^ _752_/CLK (sky130_fd_sc_hd__dfxtp_2)
     9    0.025736    0.131002    0.686441    0.686441 v _752_/Q (sky130_fd_sc_hd__dfxtp_2)
                                                         diagnostic.x0[1] (net)
                      0.131002    0.000000    0.686441 v _737_/A (sky130_fd_sc_hd__and2_2)
     1    0.001577    0.061121    0.346261    1.032703 v _737_/X (sky130_fd_sc_hd__and2_2)
                                                         _022_ (net)
                      0.061121    0.000000    1.032703 v _758_/D (sky130_fd_sc_hd__dfxtp_2)
                                              1.032703   data arrival time

                      0.150000    0.000000    0.000000   clock clk (rise edge)
                                  0.000000    0.000000   clock network delay (ideal)
                                  0.250000    0.250000   clock uncertainty
                                  0.000000    0.250000   clock reconvergence pessimism
                                              0.250000 ^ _758_/CLK (sky130_fd_sc_hd__dfxtp_2)
                                 -0.067996    0.182004   library hold time
                                              0.182004   data required time
---------------------------------------------------------------------------------------------
                                              0.182004   data required time
                                             -1.032703   data arrival time
---------------------------------------------------------------------------------------------
                                              0.850699   slack (MET)


Startpoint: _750_ (rising edge-triggered flip-flop clocked by clk)
Endpoint: _751_ (rising edge-triggered flip-flop clocked by clk)
Path Group: clk
Path Type: min

Fanout         Cap        Slew       Delay        Time   Description
---------------------------------------------------------------------------------------------
                      0.150000    0.000000    0.000000   clock clk (rise edge)
                                  0.000000    0.000000   clock network delay (ideal)
                      0.150000    0.000000    0.000000 ^ _750_/CLK (sky130_fd_sc_hd__dfxtp_2)
     1    0.001892    0.047952    0.630418    0.630418 ^ _750_/Q (sky130_fd_sc_hd__dfxtp_2)
                                                         controller.test_x[0] (net)
                      0.047952    0.000000    0.630418 ^ _725_/A1 (sky130_fd_sc_hd__mux2_1)
     1    0.001460    0.058053    0.192023    0.822442 ^ _725_/X (sky130_fd_sc_hd__mux2_1)
                                                         _362_ (net)
                      0.058053    0.000000    0.822442 ^ _726_/B (sky130_fd_sc_hd__and2_2)
     1    0.001537    0.058603    0.230125    1.052567 ^ _726_/X (sky130_fd_sc_hd__and2_2)
                                                         _015_ (net)
                      0.058603    0.000000    1.052567 ^ _751_/D (sky130_fd_sc_hd__dfxtp_2)
                                              1.052567   data arrival time

                      0.150000    0.000000    0.000000   clock clk (rise edge)
                                  0.000000    0.000000   clock network delay (ideal)
                                  0.250000    0.250000   clock uncertainty
                                  0.000000    0.250000   clock reconvergence pessimism
                                              0.250000 ^ _751_/CLK (sky130_fd_sc_hd__dfxtp_2)
                                 -0.056588    0.193412   library hold time
                                              0.193412   data required time
---------------------------------------------------------------------------------------------
                                              0.193412   data required time
                                             -1.052567   data arrival time
---------------------------------------------------------------------------------------------
                                              0.859155   slack (MET)


Startpoint: _749_ (rising edge-triggered flip-flop clocked by clk)
Endpoint: _752_ (rising edge-triggered flip-flop clocked by clk)
Path Group: clk
Path Type: min

Fanout         Cap        Slew       Delay        Time   Description
---------------------------------------------------------------------------------------------
                      0.150000    0.000000    0.000000   clock clk (rise edge)
                                  0.000000    0.000000   clock network delay (ideal)
                      0.150000    0.000000    0.000000 ^ _749_/CLK (sky130_fd_sc_hd__dfxtp_2)
     1    0.001892    0.047952    0.630418    0.630418 ^ _749_/Q (sky130_fd_sc_hd__dfxtp_2)
                                                         controller.test_x[1] (net)
                      0.047952    0.000000    0.630418 ^ _727_/A1 (sky130_fd_sc_hd__mux2_1)
     1    0.001460    0.058053    0.192023    0.822442 ^ _727_/X (sky130_fd_sc_hd__mux2_1)
                                                         _363_ (net)
                      0.058053    0.000000    0.822442 ^ _728_/B (sky130_fd_sc_hd__and2_2)
     1    0.001537    0.058603    0.230125    1.052567 ^ _728_/X (sky130_fd_sc_hd__and2_2)
                                                         _016_ (net)
                      0.058603    0.000000    1.052567 ^ _752_/D (sky130_fd_sc_hd__dfxtp_2)
                                              1.052567   data arrival time

                      0.150000    0.000000    0.000000   clock clk (rise edge)
                                  0.000000    0.000000   clock network delay (ideal)
                                  0.250000    0.250000   clock uncertainty
                                  0.000000    0.250000   clock reconvergence pessimism
                                              0.250000 ^ _752_/CLK (sky130_fd_sc_hd__dfxtp_2)
                                 -0.056588    0.193412   library hold time
                                              0.193412   data required time
---------------------------------------------------------------------------------------------
                                              0.193412   data required time
                                             -1.052567   data arrival time
---------------------------------------------------------------------------------------------
                                              0.859155   slack (MET)


Startpoint: _748_ (rising edge-triggered flip-flop clocked by clk)
Endpoint: _753_ (rising edge-triggered flip-flop clocked by clk)
Path Group: clk
Path Type: min

Fanout         Cap        Slew       Delay        Time   Description
---------------------------------------------------------------------------------------------
                      0.150000    0.000000    0.000000   clock clk (rise edge)
                                  0.000000    0.000000   clock network delay (ideal)
                      0.150000    0.000000    0.000000 ^ _748_/CLK (sky130_fd_sc_hd__dfxtp_2)
     1    0.001892    0.047952    0.630418    0.630418 ^ _748_/Q (sky130_fd_sc_hd__dfxtp_2)
                                                         controller.test_x[2] (net)
                      0.047952    0.000000    0.630418 ^ _729_/A1 (sky130_fd_sc_hd__mux2_1)
     1    0.001460    0.058053    0.192023    0.822442 ^ _729_/X (sky130_fd_sc_hd__mux2_1)
                                                         _364_ (net)
                      0.058053    0.000000    0.822442 ^ _730_/B (sky130_fd_sc_hd__and2_2)
     1    0.001537    0.058603    0.230125    1.052567 ^ _730_/X (sky130_fd_sc_hd__and2_2)
                                                         _017_ (net)
                      0.058603    0.000000    1.052567 ^ _753_/D (sky130_fd_sc_hd__dfxtp_2)
                                              1.052567   data arrival time

                      0.150000    0.000000    0.000000   clock clk (rise edge)
                                  0.000000    0.000000   clock network delay (ideal)
                                  0.250000    0.250000   clock uncertainty
                                  0.000000    0.250000   clock reconvergence pessimism
                                              0.250000 ^ _753_/CLK (sky130_fd_sc_hd__dfxtp_2)
                                 -0.056588    0.193412   library hold time
                                              0.193412   data required time
---------------------------------------------------------------------------------------------
                                              0.193412   data required time
                                             -1.052567   data arrival time
---------------------------------------------------------------------------------------------
                                              0.859155   slack (MET)


Startpoint: _758_ (rising edge-triggered flip-flop clocked by clk)
Endpoint: _762_ (rising edge-triggered flip-flop clocked by clk)
Path Group: clk
Path Type: min

Fanout         Cap        Slew       Delay        Time   Description
---------------------------------------------------------------------------------------------
                      0.150000    0.000000    0.000000   clock clk (rise edge)
                                  0.000000    0.000000   clock network delay (ideal)
                      0.150000    0.000000    0.000000 ^ _758_/CLK (sky130_fd_sc_hd__dfxtp_2)
    10    0.028216    0.140535    0.693922    0.693922 v _758_/Q (sky130_fd_sc_hd__dfxtp_2)
                                                         diagnostic.x1[1] (net)
                      0.140535    0.000000    0.693922 v _741_/A (sky130_fd_sc_hd__and2_2)
     1    0.001577    0.061128    0.350631    1.044553 v _741_/X (sky130_fd_sc_hd__and2_2)
                                                         _026_ (net)
                      0.061128    0.000000    1.044553 v _762_/D (sky130_fd_sc_hd__dfxtp_2)
                                              1.044553   data arrival time

                      0.150000    0.000000    0.000000   clock clk (rise edge)
                                  0.000000    0.000000   clock network delay (ideal)
                                  0.250000    0.250000   clock uncertainty
                                  0.000000    0.250000   clock reconvergence pessimism
                                              0.250000 ^ _762_/CLK (sky130_fd_sc_hd__dfxtp_2)
                                 -0.067999    0.182001   library hold time
                                              0.182001   data required time
---------------------------------------------------------------------------------------------
                                              0.182001   data required time
                                             -1.044553   data arrival time
---------------------------------------------------------------------------------------------
                                              0.862552   slack (MET)


Startpoint: _769_ (rising edge-triggered flip-flop clocked by clk)
Endpoint: _775_ (rising edge-triggered flip-flop clocked by clk)
Path Group: clk
Path Type: min

Fanout         Cap        Slew       Delay        Time   Description
---------------------------------------------------------------------------------------------
                      0.150000    0.000000    0.000000   clock clk (rise edge)
                                  0.000000    0.000000   clock network delay (ideal)
                      0.150000    0.000000    0.000000 ^ _769_/CLK (sky130_fd_sc_hd__dfxtp_2)
     2    0.003972    0.062643    0.645718    0.645718 ^ _769_/Q (sky130_fd_sc_hd__dfxtp_2)
                                                         controller.state[0] (net)
                      0.062643    0.000000    0.645718 ^ _711_/B (sky130_fd_sc_hd__and2_2)
     2    0.003009    0.070161    0.244456    0.890173 ^ _711_/X (sky130_fd_sc_hd__and2_2)
                                                         _358_ (net)
                      0.070161    0.000000    0.890173 ^ _712_/B (sky130_fd_sc_hd__and2_2)
     1    0.001537    0.058659    0.234758    1.124931 ^ _712_/X (sky130_fd_sc_hd__and2_2)
                                                         _005_ (net)
                      0.058659    0.000000    1.124931 ^ _775_/D (sky130_fd_sc_hd__dfxtp_2)
                                              1.124931   data arrival time

                      0.150000    0.000000    0.000000   clock clk (rise edge)
                                  0.000000    0.000000   clock network delay (ideal)
                                  0.250000    0.250000   clock uncertainty
                                  0.000000    0.250000   clock reconvergence pessimism
                                              0.250000 ^ _775_/CLK (sky130_fd_sc_hd__dfxtp_2)
                                 -0.056601    0.193399   library hold time
                                              0.193399   data required time
---------------------------------------------------------------------------------------------
                                              0.193399   data required time
                                             -1.124931   data arrival time
---------------------------------------------------------------------------------------------
                                              0.931533   slack (MET)


Startpoint: _755_ (rising edge-triggered flip-flop clocked by clk)
Endpoint: _754_ (rising edge-triggered flip-flop clocked by clk)
Path Group: clk
Path Type: min

Fanout         Cap        Slew       Delay        Time   Description
---------------------------------------------------------------------------------------------
                      0.150000    0.000000    0.000000   clock clk (rise edge)
                                  0.000000    0.000000   clock network delay (ideal)
                      0.150000    0.000000    0.000000 ^ _755_/CLK (sky130_fd_sc_hd__dfxtp_2)
     6    0.046039    0.209040    0.747687    0.747687 v _755_/Q (sky130_fd_sc_hd__dfxtp_2)
                                                         diag_busy (net)
                      0.209040    0.000000    0.747687 v _731_/A_N (sky130_fd_sc_hd__and3b_2)
     1    0.001537    0.070933    0.479416    1.227102 ^ _731_/X (sky130_fd_sc_hd__and3b_2)
                                                         _018_ (net)
                      0.070933    0.000000    1.227102 ^ _754_/D (sky130_fd_sc_hd__dfxtp_2)
                                              1.227102   data arrival time

                      0.150000    0.000000    0.000000   clock clk (rise edge)
                                  0.000000    0.000000   clock network delay (ideal)
                                  0.250000    0.250000   clock uncertainty
                                  0.000000    0.250000   clock reconvergence pessimism
                                              0.250000 ^ _754_/CLK (sky130_fd_sc_hd__dfxtp_2)
                                 -0.059435    0.190565   library hold time
                                              0.190565   data required time
---------------------------------------------------------------------------------------------
                                              0.190565   data required time
                                             -1.227102   data arrival time
---------------------------------------------------------------------------------------------
                                              1.036538   slack (MET)


Startpoint: _780_ (rising edge-triggered flip-flop clocked by clk)
Endpoint: _755_ (rising edge-triggered flip-flop clocked by clk)
Path Group: clk
Path Type: min

Fanout         Cap        Slew       Delay        Time   Description
---------------------------------------------------------------------------------------------
                      0.150000    0.000000    0.000000   clock clk (rise edge)
                                  0.000000    0.000000   clock network delay (ideal)
                      0.150000    0.000000    0.000000 ^ _780_/CLK (sky130_fd_sc_hd__dfxtp_2)
     3    0.005451    0.073090    0.656575    0.656575 ^ _780_/Q (sky130_fd_sc_hd__dfxtp_2)
                                                         controller.state[11] (net)
                      0.073090    0.000000    0.656575 ^ _732_/C (sky130_fd_sc_hd__or4b_2)
     1    0.003356    0.058303    0.182842    0.839417 ^ _732_/X (sky130_fd_sc_hd__or4b_2)
                                                         _365_ (net)
                      0.058303    0.000000    0.839417 ^ _733_/S (sky130_fd_sc_hd__mux2_1)
     1    0.001460    0.057930    0.210103    1.049520 ^ _733_/X (sky130_fd_sc_hd__mux2_1)
                                                         _366_ (net)
                      0.057930    0.000000    1.049520 ^ _734_/B (sky130_fd_sc_hd__and2_2)
     1    0.001537    0.058602    0.230078    1.279598 ^ _734_/X (sky130_fd_sc_hd__and2_2)
                                                         _019_ (net)
                      0.058602    0.000000    1.279598 ^ _755_/D (sky130_fd_sc_hd__dfxtp_2)
                                              1.279598   data arrival time

                      0.150000    0.000000    0.000000   clock clk (rise edge)
                                  0.000000    0.000000   clock network delay (ideal)
                                  0.250000    0.250000   clock uncertainty
                                  0.000000    0.250000   clock reconvergence pessimism
                                              0.250000 ^ _755_/CLK (sky130_fd_sc_hd__dfxtp_2)
                                 -0.056588    0.193412   library hold time
                                              0.193412   data required time
---------------------------------------------------------------------------------------------
                                              0.193412   data required time
                                             -1.279598   data arrival time
---------------------------------------------------------------------------------------------
                                              1.086185   slack (MET)


Startpoint: _756_ (rising edge-triggered flip-flop clocked by clk)
Endpoint: diag_done (output port clocked by clk)
Path Group: clk
Path Type: min

Fanout         Cap        Slew       Delay        Time   Description
---------------------------------------------------------------------------------------------
                      0.150000    0.000000    0.000000   clock clk (rise edge)
                                  0.000000    0.000000   clock network delay (ideal)
                      0.150000    0.000000    0.000000 ^ _756_/CLK (sky130_fd_sc_hd__dfxtp_2)
     1    0.033442    0.160622    0.709687    0.709687 v _756_/Q (sky130_fd_sc_hd__dfxtp_2)
                                                         diag_done (net)
                      0.160622    0.000000    0.709687 v diag_done (out)
                                              0.709687   data arrival time

                      0.150000    0.000000    0.000000   clock clk (rise edge)
                                  0.000000    0.000000   clock network delay (ideal)
                                  0.250000    0.250000   clock uncertainty
                                  0.000000    0.250000   clock reconvergence pessimism
                                 -2.000000   -1.750000   output external delay
                                             -1.750000   data required time
---------------------------------------------------------------------------------------------
                                             -1.750000   data required time
                                             -0.709687   data arrival time
---------------------------------------------------------------------------------------------
                                              2.459687   slack (MET)


Startpoint: _755_ (rising edge-triggered flip-flop clocked by clk)
Endpoint: diag_busy (output port clocked by clk)
Path Group: clk
Path Type: min

Fanout         Cap        Slew       Delay        Time   Description
---------------------------------------------------------------------------------------------
                      0.150000    0.000000    0.000000   clock clk (rise edge)
                                  0.000000    0.000000   clock network delay (ideal)
                      0.150000    0.000000    0.000000 ^ _755_/CLK (sky130_fd_sc_hd__dfxtp_2)
     6    0.046039    0.209040    0.747687    0.747687 v _755_/Q (sky130_fd_sc_hd__dfxtp_2)
                                                         diag_busy (net)
                      0.209040    0.000000    0.747687 v diag_busy (out)
                                              0.747687   data arrival time

                      0.150000    0.000000    0.000000   clock clk (rise edge)
                                  0.000000    0.000000   clock network delay (ideal)
                                  0.250000    0.250000   clock uncertainty
                                  0.000000    0.250000   clock reconvergence pessimism
                                 -2.000000   -1.750000   output external delay
                                             -1.750000   data required time
---------------------------------------------------------------------------------------------
                                             -1.750000   data required time
                                             -0.747687   data arrival time
---------------------------------------------------------------------------------------------
                                              2.497687   slack (MET)


Startpoint: _761_ (rising edge-triggered flip-flop clocked by clk)
Endpoint: y[0] (output port clocked by clk)
Path Group: clk
Path Type: min

Fanout         Cap        Slew       Delay        Time   Description
---------------------------------------------------------------------------------------------
                      0.150000    0.000000    0.000000   clock clk (rise edge)
                                  0.000000    0.000000   clock network delay (ideal)
                      0.150000    0.000000    0.000000 ^ _761_/CLK (sky130_fd_sc_hd__dfxtp_2)
     8    0.021064    0.113045    0.672348    0.672348 v _761_/Q (sky130_fd_sc_hd__dfxtp_2)
                                                         diagnostic.x2[0] (net)
                      0.113045    0.000000    0.672348 v _702_/A2 (sky130_fd_sc_hd__a21oi_2)
     1    0.004682    0.148340    0.235446    0.907794 ^ _702_/Y (sky130_fd_sc_hd__a21oi_2)
                                                         _357_ (net)
                      0.148340    0.000000    0.907794 ^ _703_/B (sky130_fd_sc_hd__nor2_2)
     1    0.033442    0.149700    0.178210    1.086004 v _703_/Y (sky130_fd_sc_hd__nor2_2)
                                                         y[0] (net)
                      0.149700    0.000000    1.086004 v y[0] (out)
                                              1.086004   data arrival time

                      0.150000    0.000000    0.000000   clock clk (rise edge)
                                  0.000000    0.000000   clock network delay (ideal)
                                  0.250000    0.250000   clock uncertainty
                                  0.000000    0.250000   clock reconvergence pessimism
                                 -2.000000   -1.750000   output external delay
                                             -1.750000   data required time
---------------------------------------------------------------------------------------------
                                             -1.750000   data required time
                                             -1.086004   data arrival time
---------------------------------------------------------------------------------------------
                                              2.836004   slack (MET)


Startpoint: _765_ (rising edge-triggered flip-flop clocked by clk)
Endpoint: y[1] (output port clocked by clk)
Path Group: clk
Path Type: min

Fanout         Cap        Slew       Delay        Time   Description
---------------------------------------------------------------------------------------------
                      0.150000    0.000000    0.000000   clock clk (rise edge)
                                  0.000000    0.000000   clock network delay (ideal)
                      0.150000    0.000000    0.000000 ^ _765_/CLK (sky130_fd_sc_hd__dfxtp_2)
     6    0.019618    0.107487    0.667986    0.667986 v _765_/Q (sky130_fd_sc_hd__dfxtp_2)
                                                         diagnostic.x3[0] (net)
                      0.107487    0.000000    0.667986 v _447_/A2 (sky130_fd_sc_hd__a31oi_2)
     2    0.010010    0.251185    0.348553    1.016539 ^ _447_/Y (sky130_fd_sc_hd__a31oi_2)
                                                         _109_ (net)
                      0.251185    0.000000    1.016539 ^ _704_/B (sky130_fd_sc_hd__xnor2_2)
     1    0.033442    0.320786    0.355174    1.371712 v _704_/Y (sky130_fd_sc_hd__xnor2_2)
                                                         y[1] (net)
                      0.320786    0.000000    1.371712 v y[1] (out)
                                              1.371712   data arrival time

                      0.150000    0.000000    0.000000   clock clk (rise edge)
                                  0.000000    0.000000   clock network delay (ideal)
                                  0.250000    0.250000   clock uncertainty
                                  0.000000    0.250000   clock reconvergence pessimism
                                 -2.000000   -1.750000   output external delay
                                             -1.750000   data required time
---------------------------------------------------------------------------------------------
                                             -1.750000   data required time
                                             -1.371712   data arrival time
---------------------------------------------------------------------------------------------
                                              3.121712   slack (MET)


Startpoint: _765_ (rising edge-triggered flip-flop clocked by clk)
Endpoint: y[2] (output port clocked by clk)
Path Group: clk
Path Type: min

Fanout         Cap        Slew       Delay        Time   Description
---------------------------------------------------------------------------------------------
                      0.150000    0.000000    0.000000   clock clk (rise edge)
                                  0.000000    0.000000   clock network delay (ideal)
                      0.150000    0.000000    0.000000 ^ _765_/CLK (sky130_fd_sc_hd__dfxtp_2)
     6    0.021203    0.187235    0.745241    0.745241 ^ _765_/Q (sky130_fd_sc_hd__dfxtp_2)
                                                         diagnostic.x3[0] (net)
                      0.187235    0.000000    0.745241 ^ _447_/A2 (sky130_fd_sc_hd__a31oi_2)
     2    0.009648    0.073015    0.262225    1.007466 v _447_/Y (sky130_fd_sc_hd__a31oi_2)
                                                         _109_ (net)
                      0.073015    0.000000    1.007466 v _448_/A_N (sky130_fd_sc_hd__and2b_2)
     2    0.010924    0.123067    0.439665    1.447130 ^ _448_/X (sky130_fd_sc_hd__and2b_2)
                                                         _110_ (net)
                      0.123067    0.000000    1.447130 ^ _449_/B (sky130_fd_sc_hd__xnor2_2)
     1    0.033442    0.320790    0.310915    1.758045 v _449_/Y (sky130_fd_sc_hd__xnor2_2)
                                                         y[2] (net)
                      0.320790    0.000000    1.758045 v y[2] (out)
                                              1.758045   data arrival time

                      0.150000    0.000000    0.000000   clock clk (rise edge)
                                  0.000000    0.000000   clock network delay (ideal)
                                  0.250000    0.250000   clock uncertainty
                                  0.000000    0.250000   clock reconvergence pessimism
                                 -2.000000   -1.750000   output external delay
                                             -1.750000   data required time
---------------------------------------------------------------------------------------------
                                             -1.750000   data required time
                                             -1.758045   data arrival time
---------------------------------------------------------------------------------------------
                                              3.508045   slack (MET)


Startpoint: _762_ (rising edge-triggered flip-flop clocked by clk)
Endpoint: y[3] (output port clocked by clk)
Path Group: clk
Path Type: min

Fanout         Cap        Slew       Delay        Time   Description
---------------------------------------------------------------------------------------------
                      0.150000    0.000000    0.000000   clock clk (rise edge)
                                  0.000000    0.000000   clock network delay (ideal)
                      0.150000    0.000000    0.000000 ^ _762_/CLK (sky130_fd_sc_hd__dfxtp_2)
    10    0.021790    0.115835    0.674538    0.674538 v _762_/Q (sky130_fd_sc_hd__dfxtp_2)
                                                         diagnostic.x2[1] (net)
                      0.115835    0.000000    0.674538 v _422_/B (sky130_fd_sc_hd__nand4_2)
     2    0.005981    0.092069    0.153696    0.828234 ^ _422_/Y (sky130_fd_sc_hd__nand4_2)
                                                         _084_ (net)
                      0.092069    0.000000    0.828234 ^ _437_/A (sky130_fd_sc_hd__and3_2)
     3    0.009575    0.132765    0.373288    1.201522 ^ _437_/X (sky130_fd_sc_hd__and3_2)
                                                         _099_ (net)
                      0.132765    0.000000    1.201522 ^ _439_/C1 (sky130_fd_sc_hd__a211o_2)
     2    0.007054    0.075205    0.203590    1.405113 ^ _439_/X (sky130_fd_sc_hd__a211o_2)
                                                         _101_ (net)
                      0.075205    0.000000    1.405113 ^ _517_/A1 (sky130_fd_sc_hd__a21o_2)
     2    0.010924    0.103266    0.263112    1.668225 ^ _517_/X (sky130_fd_sc_hd__a21o_2)
                                                         _178_ (net)
                      0.103266    0.000000    1.668225 ^ _518_/B (sky130_fd_sc_hd__xnor2_2)
     1    0.033442    0.320790    0.304015    1.972240 v _518_/Y (sky130_fd_sc_hd__xnor2_2)
                                                         y[3] (net)
                      0.320790    0.000000    1.972240 v y[3] (out)
                                              1.972240   data arrival time

                      0.150000    0.000000    0.000000   clock clk (rise edge)
                                  0.000000    0.000000   clock network delay (ideal)
                                  0.250000    0.250000   clock uncertainty
                                  0.000000    0.250000   clock reconvergence pessimism
                                 -2.000000   -1.750000   output external delay
                                             -1.750000   data required time
---------------------------------------------------------------------------------------------
                                             -1.750000   data required time
                                             -1.972240   data arrival time
---------------------------------------------------------------------------------------------
                                              3.722240   slack (MET)


Startpoint: _764_ (rising edge-triggered flip-flop clocked by clk)
Endpoint: y[7] (output port clocked by clk)
Path Group: clk
Path Type: min

Fanout         Cap        Slew       Delay        Time   Description
---------------------------------------------------------------------------------------------
                      0.150000    0.000000    0.000000   clock clk (rise edge)
                                  0.000000    0.000000   clock network delay (ideal)
                      0.150000    0.000000    0.000000 ^ _764_/CLK (sky130_fd_sc_hd__dfxtp_2)
     8    0.021099    0.113179    0.672453    0.672453 v _764_/Q (sky130_fd_sc_hd__dfxtp_2)
                                                         diagnostic.x2[3] (net)
                      0.113179    0.000000    0.672453 v _625_/A (sky130_fd_sc_hd__nand2_2)
     2    0.005101    0.068848    0.105404    0.777857 ^ _625_/Y (sky130_fd_sc_hd__nand2_2)
                                                         _284_ (net)
                      0.068848    0.000000    0.777857 ^ _676_/B1 (sky130_fd_sc_hd__a21o_2)
     1    0.004617    0.058641    0.149688    0.927546 ^ _676_/X (sky130_fd_sc_hd__a21o_2)
                                                         _333_ (net)
                      0.058641    0.000000    0.927546 ^ _677_/B (sky130_fd_sc_hd__nand2_2)
     2    0.010091    0.105463    0.123281    1.050826 v _677_/Y (sky130_fd_sc_hd__nand2_2)
                                                         _334_ (net)
                      0.105463    0.000000    1.050826 v _691_/A (sky130_fd_sc_hd__xor2_2)
     2    0.010665    0.247574    0.318904    1.369731 ^ _691_/X (sky130_fd_sc_hd__xor2_2)
                                                         _348_ (net)
                      0.247574    0.000000    1.369731 ^ _694_/A (sky130_fd_sc_hd__xnor2_2)
     2    0.011841    0.123179    0.296350    1.666080 ^ _694_/Y (sky130_fd_sc_hd__xnor2_2)
                                                         _351_ (net)
                      0.123179    0.000000    1.666080 ^ _696_/A (sky130_fd_sc_hd__xor2_2)
     1    0.033442    0.184904    0.315043    1.981123 v _696_/X (sky130_fd_sc_hd__xor2_2)
                                                         y[7] (net)
                      0.184904    0.000000    1.981123 v y[7] (out)
                                              1.981123   data arrival time

                      0.150000    0.000000    0.000000   clock clk (rise edge)
                                  0.000000    0.000000   clock network delay (ideal)
                                  0.250000    0.250000   clock uncertainty
                                  0.000000    0.250000   clock reconvergence pessimism
                                 -2.000000   -1.750000   output external delay
                                             -1.750000   data required time
---------------------------------------------------------------------------------------------
                                             -1.750000   data required time
                                             -1.981123   data arrival time
---------------------------------------------------------------------------------------------
                                              3.731123   slack (MET)


Startpoint: _763_ (rising edge-triggered flip-flop clocked by clk)
Endpoint: y[9] (output port clocked by clk)
Path Group: clk
Path Type: min

Fanout         Cap        Slew       Delay        Time   Description
---------------------------------------------------------------------------------------------
                      0.150000    0.000000    0.000000   clock clk (rise edge)
                                  0.000000    0.000000   clock network delay (ideal)
                      0.150000    0.000000    0.000000 ^ _763_/CLK (sky130_fd_sc_hd__dfxtp_2)
     5    0.012302    0.122090    0.695819    0.695819 ^ _763_/Q (sky130_fd_sc_hd__dfxtp_2)
                                                         diagnostic.x2[2] (net)
                      0.122090    0.000000    0.695819 ^ _521_/A (sky130_fd_sc_hd__nand2_2)
     4    0.010643    0.111668    0.138592    0.834411 v _521_/Y (sky130_fd_sc_hd__nand2_2)
                                                         _181_ (net)
                      0.111668    0.000000    0.834411 v _676_/A1 (sky130_fd_sc_hd__a21o_2)
     1    0.004241    0.064293    0.351190    1.185601 v _676_/X (sky130_fd_sc_hd__a21o_2)
                                                         _333_ (net)
                      0.064293    0.000000    1.185601 v _677_/B (sky130_fd_sc_hd__nand2_2)
     2    0.010808    0.107779    0.128355    1.313956 ^ _677_/Y (sky130_fd_sc_hd__nand2_2)
                                                         _334_ (net)
                      0.107779    0.000000    1.313956 ^ _690_/A (sky130_fd_sc_hd__and2_2)
     2    0.003841    0.076651    0.259796    1.573752 ^ _690_/X (sky130_fd_sc_hd__and2_2)
                                                         _347_ (net)
                      0.076651    0.000000    1.573752 ^ _698_/B2 (sky130_fd_sc_hd__o22a_2)
     2    0.004065    0.068002    0.232738    1.806490 ^ _698_/X (sky130_fd_sc_hd__o22a_2)
                                                         _354_ (net)
                      0.068002    0.000000    1.806490 ^ _705_/B1 (sky130_fd_sc_hd__a21o_2)
     1    0.033442    0.268633    0.298814    2.105304 ^ _705_/X (sky130_fd_sc_hd__a21o_2)
                                                         y[9] (net)
                      0.268633    0.000000    2.105304 ^ y[9] (out)
                                              2.105304   data arrival time

                      0.150000    0.000000    0.000000   clock clk (rise edge)
                                  0.000000    0.000000   clock network delay (ideal)
                                  0.250000    0.250000   clock uncertainty
                                  0.000000    0.250000   clock reconvergence pessimism
                                 -2.000000   -1.750000   output external delay
                                             -1.750000   data required time
---------------------------------------------------------------------------------------------
                                             -1.750000   data required time
                                             -2.105304   data arrival time
---------------------------------------------------------------------------------------------
                                              3.855304   slack (MET)


Startpoint: _764_ (rising edge-triggered flip-flop clocked by clk)
Endpoint: y[8] (output port clocked by clk)
Path Group: clk
Path Type: min

Fanout         Cap        Slew       Delay        Time   Description
---------------------------------------------------------------------------------------------
                      0.150000    0.000000    0.000000   clock clk (rise edge)
                                  0.000000    0.000000   clock network delay (ideal)
                      0.150000    0.000000    0.000000 ^ _764_/CLK (sky130_fd_sc_hd__dfxtp_2)
     8    0.021099    0.113179    0.672453    0.672453 v _764_/Q (sky130_fd_sc_hd__dfxtp_2)
                                                         diagnostic.x2[3] (net)
                      0.113179    0.000000    0.672453 v _625_/A (sky130_fd_sc_hd__nand2_2)
     2    0.005101    0.068848    0.105404    0.777857 ^ _625_/Y (sky130_fd_sc_hd__nand2_2)
                                                         _284_ (net)
                      0.068848    0.000000    0.777857 ^ _676_/B1 (sky130_fd_sc_hd__a21o_2)
     1    0.004617    0.058641    0.149688    0.927546 ^ _676_/X (sky130_fd_sc_hd__a21o_2)
                                                         _333_ (net)
                      0.058641    0.000000    0.927546 ^ _677_/B (sky130_fd_sc_hd__nand2_2)
     2    0.010091    0.105463    0.123281    1.050826 v _677_/Y (sky130_fd_sc_hd__nand2_2)
                                                         _334_ (net)
                      0.105463    0.000000    1.050826 v _691_/A (sky130_fd_sc_hd__xor2_2)
     2    0.010665    0.247574    0.318904    1.369731 ^ _691_/X (sky130_fd_sc_hd__xor2_2)
                                                         _348_ (net)
                      0.247574    0.000000    1.369731 ^ _693_/B (sky130_fd_sc_hd__and2b_2)
     1    0.002547    0.062979    0.307226    1.676956 ^ _693_/X (sky130_fd_sc_hd__and2b_2)
                                                         _350_ (net)
                      0.062979    0.000000    1.676956 ^ _697_/B1 (sky130_fd_sc_hd__a21o_2)
     2    0.011841    0.109744    0.186511    1.863467 ^ _697_/X (sky130_fd_sc_hd__a21o_2)
                                                         _353_ (net)
                      0.109744    0.000000    1.863467 ^ _701_/A (sky130_fd_sc_hd__xor2_2)
     1    0.033442    0.184934    0.310088    2.173554 v _701_/X (sky130_fd_sc_hd__xor2_2)
                                                         y[8] (net)
                      0.184934    0.000000    2.173554 v y[8] (out)
                                              2.173554   data arrival time

                      0.150000    0.000000    0.000000   clock clk (rise edge)
                                  0.000000    0.000000   clock network delay (ideal)
                                  0.250000    0.250000   clock uncertainty
                                  0.000000    0.250000   clock reconvergence pessimism
                                 -2.000000   -1.750000   output external delay
                                             -1.750000   data required time
---------------------------------------------------------------------------------------------
                                             -1.750000   data required time
                                             -2.173554   data arrival time
---------------------------------------------------------------------------------------------
                                              3.923554   slack (MET)


Startpoint: _762_ (rising edge-triggered flip-flop clocked by clk)
Endpoint: y[4] (output port clocked by clk)
Path Group: clk
Path Type: min

Fanout         Cap        Slew       Delay        Time   Description
---------------------------------------------------------------------------------------------
                      0.150000    0.000000    0.000000   clock clk (rise edge)
                                  0.000000    0.000000   clock network delay (ideal)
                      0.150000    0.000000    0.000000 ^ _762_/CLK (sky130_fd_sc_hd__dfxtp_2)
    10    0.021790    0.115835    0.674538    0.674538 v _762_/Q (sky130_fd_sc_hd__dfxtp_2)
                                                         diagnostic.x2[1] (net)
                      0.115835    0.000000    0.674538 v _422_/B (sky130_fd_sc_hd__nand4_2)
     2    0.005981    0.092069    0.153696    0.828234 ^ _422_/Y (sky130_fd_sc_hd__nand4_2)
                                                         _084_ (net)
                      0.092069    0.000000    0.828234 ^ _437_/A (sky130_fd_sc_hd__and3_2)
     3    0.009575    0.132765    0.373288    1.201522 ^ _437_/X (sky130_fd_sc_hd__and3_2)
                                                         _099_ (net)
                      0.132765    0.000000    1.201522 ^ _439_/C1 (sky130_fd_sc_hd__a211o_2)
     2    0.007054    0.075205    0.203590    1.405113 ^ _439_/X (sky130_fd_sc_hd__a211o_2)
                                                         _101_ (net)
                      0.075205    0.000000    1.405113 ^ _517_/A1 (sky130_fd_sc_hd__a21o_2)
     2    0.010924    0.103266    0.263112    1.668225 ^ _517_/X (sky130_fd_sc_hd__a21o_2)
                                                         _178_ (net)
                      0.103266    0.000000    1.668225 ^ _585_/A2 (sky130_fd_sc_hd__a21o_2)
     2    0.010974    0.103620    0.283868    1.952092 ^ _585_/X (sky130_fd_sc_hd__a21o_2)
                                                         _245_ (net)
                      0.103620    0.000000    1.952092 ^ _586_/B (sky130_fd_sc_hd__xor2_2)
     1    0.033442    0.184935    0.294362    2.246455 v _586_/X (sky130_fd_sc_hd__xor2_2)
                                                         y[4] (net)
                      0.184935    0.000000    2.246455 v y[4] (out)
                                              2.246455   data arrival time

                      0.150000    0.000000    0.000000   clock clk (rise edge)
                                  0.000000    0.000000   clock network delay (ideal)
                                  0.250000    0.250000   clock uncertainty
                                  0.000000    0.250000   clock reconvergence pessimism
                                 -2.000000   -1.750000   output external delay
                                             -1.750000   data required time
---------------------------------------------------------------------------------------------
                                             -1.750000   data required time
                                             -2.246455   data arrival time
---------------------------------------------------------------------------------------------
                                              3.996455   slack (MET)


Startpoint: _765_ (rising edge-triggered flip-flop clocked by clk)
Endpoint: y[5] (output port clocked by clk)
Path Group: clk
Path Type: min

Fanout         Cap        Slew       Delay        Time   Description
---------------------------------------------------------------------------------------------
                      0.150000    0.000000    0.000000   clock clk (rise edge)
                                  0.000000    0.000000   clock network delay (ideal)
                      0.150000    0.000000    0.000000 ^ _765_/CLK (sky130_fd_sc_hd__dfxtp_2)
     6    0.019618    0.107487    0.667986    0.667986 v _765_/Q (sky130_fd_sc_hd__dfxtp_2)
                                                         diagnostic.x3[0] (net)
                      0.107487    0.000000    0.667986 v _402_/A (sky130_fd_sc_hd__nand2_2)
     2    0.002848    0.052314    0.089090    0.757076 ^ _402_/Y (sky130_fd_sc_hd__nand2_2)
                                                         _064_ (net)
                      0.052314    0.000000    0.757076 ^ _403_/B (sky130_fd_sc_hd__or3b_2)
     3    0.012375    0.129478    0.223359    0.980435 ^ _403_/X (sky130_fd_sc_hd__or3b_2)
                                                         _065_ (net)
                      0.129478    0.000000    0.980435 ^ _492_/A (sky130_fd_sc_hd__or3_2)
     1    0.004518    0.061995    0.212311    1.192746 ^ _492_/X (sky130_fd_sc_hd__or3_2)
                                                         _153_ (net)
                      0.061995    0.000000    1.192746 ^ _565_/B1 (sky130_fd_sc_hd__o21ai_2)
     3    0.012115    0.129794    0.137567    1.330313 v _565_/Y (sky130_fd_sc_hd__o21ai_2)
                                                         _225_ (net)
                      0.129794    0.000000    1.330313 v _578_/A (sky130_fd_sc_hd__xnor2_2)
     2    0.012203    0.142261    0.299136    1.629449 v _578_/Y (sky130_fd_sc_hd__xnor2_2)
                                                         _238_ (net)
                      0.142261    0.000000    1.629449 v _579_/B (sky130_fd_sc_hd__nor2_2)
     1    0.002547    0.100429    0.137149    1.766598 ^ _579_/Y (sky130_fd_sc_hd__nor2_2)
                                                         _239_ (net)
                      0.100429    0.000000    1.766598 ^ _587_/B1 (sky130_fd_sc_hd__a21o_2)
     2    0.010665    0.101485    0.196284    1.962882 ^ _587_/X (sky130_fd_sc_hd__a21o_2)
                                                         _246_ (net)
                      0.101485    0.000000    1.962882 ^ _636_/A (sky130_fd_sc_hd__xnor2_2)
     2    0.011841    0.122700    0.246588    2.209471 ^ _636_/Y (sky130_fd_sc_hd__xnor2_2)
                                                         _295_ (net)
                      0.122700    0.000000    2.209471 ^ _638_/A (sky130_fd_sc_hd__xor2_2)
     1    0.033442    0.184905    0.314866    2.524337 v _638_/X (sky130_fd_sc_hd__xor2_2)
                                                         y[5] (net)
                      0.184905    0.000000    2.524337 v y[5] (out)
                                              2.524337   data arrival time

                      0.150000    0.000000    0.000000   clock clk (rise edge)
                                  0.000000    0.000000   clock network delay (ideal)
                                  0.250000    0.250000   clock uncertainty
                                  0.000000    0.250000   clock reconvergence pessimism
                                 -2.000000   -1.750000   output external delay
                                             -1.750000   data required time
---------------------------------------------------------------------------------------------
                                             -1.750000   data required time
                                             -2.524337   data arrival time
---------------------------------------------------------------------------------------------
                                              4.274337   slack (MET)


Startpoint: _766_ (rising edge-triggered flip-flop clocked by clk)
Endpoint: y[6] (output port clocked by clk)
Path Group: clk
Path Type: min

Fanout         Cap        Slew       Delay        Time   Description
---------------------------------------------------------------------------------------------
                      0.150000    0.000000    0.000000   clock clk (rise edge)
                                  0.000000    0.000000   clock network delay (ideal)
                      0.150000    0.000000    0.000000 ^ _766_/CLK (sky130_fd_sc_hd__dfxtp_2)
     8    0.020748    0.111830    0.671395    0.671395 v _766_/Q (sky130_fd_sc_hd__dfxtp_2)
                                                         diagnostic.x3[1] (net)
                      0.111830    0.000000    0.671395 v _484_/A (sky130_fd_sc_hd__nand2_2)
     1    0.008492    0.093851    0.123635    0.795030 ^ _484_/Y (sky130_fd_sc_hd__nand2_2)
                                                         _145_ (net)
                      0.093851    0.000000    0.795030 ^ _486_/B (sky130_fd_sc_hd__xnor2_2)
     2    0.013545    0.135424    0.240918    1.035948 ^ _486_/Y (sky130_fd_sc_hd__xnor2_2)
                                                         _147_ (net)
                      0.135424    0.000000    1.035948 ^ _575_/A2 (sky130_fd_sc_hd__a21oi_2)
     2    0.012203    0.074063    0.171936    1.207884 v _575_/Y (sky130_fd_sc_hd__a21oi_2)
                                                         _235_ (net)
                      0.074063    0.000000    1.207884 v _576_/B (sky130_fd_sc_hd__nor2_2)
     2    0.003964    0.121662    0.128249    1.336133 ^ _576_/Y (sky130_fd_sc_hd__nor2_2)
                                                         _236_ (net)
                      0.121662    0.000000    1.336133 ^ _613_/B1 (sky130_fd_sc_hd__a21o_2)
     1    0.009061    0.090228    0.196701    1.532834 ^ _613_/X (sky130_fd_sc_hd__a21o_2)
                                                         _272_ (net)
                      0.090228    0.000000    1.532834 ^ _621_/A (sky130_fd_sc_hd__xnor2_2)
     2    0.012400    0.143959    0.189021    1.721854 v _621_/Y (sky130_fd_sc_hd__xnor2_2)
                                                         _280_ (net)
                      0.143959    0.000000    1.721854 v _622_/B (sky130_fd_sc_hd__nor2_2)
     2    0.003955    0.122996    0.155130    1.876984 ^ _622_/Y (sky130_fd_sc_hd__nor2_2)
                                                         _281_ (net)
                      0.122996    0.000000    1.876984 ^ _672_/A (sky130_fd_sc_hd__or3b_2)
     2    0.007054    0.086495    0.226134    2.103118 ^ _672_/X (sky130_fd_sc_hd__or3b_2)
                                                         _330_ (net)
                      0.086495    0.000000    2.103118 ^ _673_/B (sky130_fd_sc_hd__nand2b_2)
     1    0.008431    0.099720    0.130849    2.233968 v _673_/Y (sky130_fd_sc_hd__nand2b_2)
                                                         _331_ (net)
                      0.099720    0.000000    2.233968 v _675_/A (sky130_fd_sc_hd__xnor2_2)
     1    0.033442    0.320790    0.416996    2.650964 v _675_/Y (sky130_fd_sc_hd__xnor2_2)
                                                         y[6] (net)
                      0.320790    0.000000    2.650964 v y[6] (out)
                                              2.650964   data arrival time

                      0.150000    0.000000    0.000000   clock clk (rise edge)
                                  0.000000    0.000000   clock network delay (ideal)
                                  0.250000    0.250000   clock uncertainty
                                  0.000000    0.250000   clock reconvergence pessimism
                                 -2.000000   -1.750000   output external delay
                                             -1.750000   data required time
---------------------------------------------------------------------------------------------
                                             -1.750000   data required time
                                             -2.650964   data arrival time
---------------------------------------------------------------------------------------------
                                              4.400963   slack (MET)



%OL_END_REPORT
%OL_CREATE_REPORT max.rpt

===========================================================================
report_checks -path_delay max (Setup)
============================================================================
======================= nom_ss_100C_1v60 Corner ===================================

Startpoint: h0[1] (input port clocked by clk)
Endpoint: y[8] (output port clocked by clk)
Path Group: clk
Path Type: max

Fanout         Cap        Slew       Delay        Time   Description
---------------------------------------------------------------------------------------------
                      0.150000    0.000000    0.000000   clock clk (rise edge)
                                  0.000000    0.000000   clock network delay (ideal)
                                  2.000000    2.000000 v input external delay
     8    0.024172    0.107020    0.077980    2.077980 v h0[1] (in)
                                                         h0[1] (net)
                      0.107020    0.000000    2.077980 v _453_/A2 (sky130_fd_sc_hd__a22o_2)
     2    0.006468    0.087413    0.528285    2.606265 v _453_/X (sky130_fd_sc_hd__a22o_2)
                                                         _114_ (net)
                      0.087413    0.000000    2.606265 v _454_/B2 (sky130_fd_sc_hd__a22o_2)
     2    0.006691    0.088417    0.462977    3.069242 v _454_/X (sky130_fd_sc_hd__a22o_2)
                                                         _115_ (net)
                      0.088417    0.000000    3.069242 v _457_/A1 (sky130_fd_sc_hd__a21o_2)
     2    0.006468    0.077850    0.393261    3.462503 v _457_/X (sky130_fd_sc_hd__a21o_2)
                                                         _118_ (net)
                      0.077850    0.000000    3.462503 v _459_/B2 (sky130_fd_sc_hd__a22o_2)
     2    0.006568    0.087881    0.458407    3.920910 v _459_/X (sky130_fd_sc_hd__a22o_2)
                                                         _120_ (net)
                      0.087881    0.000000    3.920910 v _461_/A2 (sky130_fd_sc_hd__a21o_2)
     3    0.008864    0.087435    0.439116    4.360026 v _461_/X (sky130_fd_sc_hd__a21o_2)
                                                         _122_ (net)
                      0.087435    0.000000    4.360026 v _534_/A2 (sky130_fd_sc_hd__a21bo_2)
     3    0.013039    0.108190    0.467083    4.827109 v _534_/X (sky130_fd_sc_hd__a21bo_2)
                                                         _194_ (net)
                      0.108190    0.000000    4.827109 v _656_/A1 (sky130_fd_sc_hd__a211o_2)
     1    0.002359    0.079409    0.590955    5.418065 v _656_/X (sky130_fd_sc_hd__a211o_2)
                                                         _314_ (net)
                      0.079409    0.000000    5.418065 v _657_/B1 (sky130_fd_sc_hd__o21a_2)
     2    0.009375    0.091793    0.258552    5.676616 v _657_/X (sky130_fd_sc_hd__o21a_2)
                                                         _315_ (net)
                      0.091793    0.000000    5.676616 v _658_/B (sky130_fd_sc_hd__and2_2)
     1    0.001248    0.062596    0.406021    6.082638 v _658_/X (sky130_fd_sc_hd__and2_2)
                                                         _316_ (net)
                      0.062596    0.000000    6.082638 v _681_/C (sky130_fd_sc_hd__or3_2)
     2    0.009375    0.210739    1.093491    7.176128 v _681_/X (sky130_fd_sc_hd__or3_2)
                                                         _338_ (net)
                      0.210739    0.000000    7.176128 v _683_/B (sky130_fd_sc_hd__xor2_2)
     2    0.009709    0.131574    0.361967    7.538095 v _683_/X (sky130_fd_sc_hd__xor2_2)
                                                         _340_ (net)
                      0.131574    0.000000    7.538095 v _685_/B (sky130_fd_sc_hd__xnor2_2)
     2    0.010091    0.144615    0.312054    7.850149 v _685_/Y (sky130_fd_sc_hd__xnor2_2)
                                                         _342_ (net)
                      0.144615    0.000000    7.850149 v _689_/A (sky130_fd_sc_hd__xor2_2)
     2    0.009375    0.138121    0.381227    8.231377 v _689_/X (sky130_fd_sc_hd__xor2_2)
                                                         _346_ (net)
                      0.138121    0.000000    8.231377 v _690_/B (sky130_fd_sc_hd__and2_2)
     2    0.003485    0.074805    0.450117    8.681494 v _690_/X (sky130_fd_sc_hd__and2_2)
                                                         _347_ (net)
                      0.074805    0.000000    8.681494 v _699_/D (sky130_fd_sc_hd__or4_2)
     2    0.003731    0.225900    1.376501   10.057995 v _699_/X (sky130_fd_sc_hd__or4_2)
                                                         _355_ (net)
                      0.225900    0.000000   10.057995 v _700_/B (sky130_fd_sc_hd__and2b_2)
     1    0.008022    0.096449    0.535958   10.593953 v _700_/X (sky130_fd_sc_hd__and2b_2)
                                                         _356_ (net)
                      0.096449    0.000000   10.593953 v _701_/B (sky130_fd_sc_hd__xor2_2)
     1    0.033442    0.668328    0.612095   11.206048 ^ _701_/X (sky130_fd_sc_hd__xor2_2)
                                                         y[8] (net)
                      0.668328    0.000000   11.206048 ^ y[8] (out)
                                             11.206048   data arrival time

                      0.150000   10.000000   10.000000   clock clk (rise edge)
                                  0.000000   10.000000   clock network delay (ideal)
                                 -0.250000    9.750000   clock uncertainty
                                  0.000000    9.750000   clock reconvergence pessimism
                                 -2.000000    7.750000   output external delay
                                              7.750000   data required time
---------------------------------------------------------------------------------------------
                                              7.750000   data required time
                                            -11.206048   data arrival time
---------------------------------------------------------------------------------------------
                                             -3.456048   slack (VIOLATED)


Startpoint: h0[1] (input port clocked by clk)
Endpoint: y[9] (output port clocked by clk)
Path Group: clk
Path Type: max

Fanout         Cap        Slew       Delay        Time   Description
---------------------------------------------------------------------------------------------
                      0.150000    0.000000    0.000000   clock clk (rise edge)
                                  0.000000    0.000000   clock network delay (ideal)
                                  2.000000    2.000000 v input external delay
     8    0.024172    0.107020    0.077980    2.077980 v h0[1] (in)
                                                         h0[1] (net)
                      0.107020    0.000000    2.077980 v _453_/A2 (sky130_fd_sc_hd__a22o_2)
     2    0.006468    0.087413    0.528285    2.606265 v _453_/X (sky130_fd_sc_hd__a22o_2)
                                                         _114_ (net)
                      0.087413    0.000000    2.606265 v _454_/B2 (sky130_fd_sc_hd__a22o_2)
     2    0.006691    0.088417    0.462977    3.069242 v _454_/X (sky130_fd_sc_hd__a22o_2)
                                                         _115_ (net)
                      0.088417    0.000000    3.069242 v _457_/A1 (sky130_fd_sc_hd__a21o_2)
     2    0.006468    0.077850    0.393261    3.462503 v _457_/X (sky130_fd_sc_hd__a21o_2)
                                                         _118_ (net)
                      0.077850    0.000000    3.462503 v _459_/B2 (sky130_fd_sc_hd__a22o_2)
     2    0.006568    0.087881    0.458407    3.920910 v _459_/X (sky130_fd_sc_hd__a22o_2)
                                                         _120_ (net)
                      0.087881    0.000000    3.920910 v _461_/A2 (sky130_fd_sc_hd__a21o_2)
     3    0.008864    0.087435    0.439116    4.360026 v _461_/X (sky130_fd_sc_hd__a21o_2)
                                                         _122_ (net)
                      0.087435    0.000000    4.360026 v _463_/A2 (sky130_fd_sc_hd__a21o_2)
     2    0.006617    0.077957    0.426683    4.786709 v _463_/X (sky130_fd_sc_hd__a21o_2)
                                                         _124_ (net)
                      0.077957    0.000000    4.786709 v _477_/A2 (sky130_fd_sc_hd__a21o_2)
     3    0.008370    0.085299    0.432013    5.218722 v _477_/X (sky130_fd_sc_hd__a21o_2)
                                                         _138_ (net)
                      0.085299    0.000000    5.218722 v _478_/C (sky130_fd_sc_hd__and3_2)
     2    0.006487    0.093094    0.487816    5.706539 v _478_/X (sky130_fd_sc_hd__and3_2)
                                                         _139_ (net)
                      0.093094    0.000000    5.706539 v _496_/A1 (sky130_fd_sc_hd__o21a_2)
     2    0.005663    0.075497    0.431860    6.138398 v _496_/X (sky130_fd_sc_hd__o21a_2)
                                                         _157_ (net)
                      0.075497    0.000000    6.138398 v _512_/B (sky130_fd_sc_hd__or3_2)
     3    0.006071    0.191162    1.143420    7.281818 v _512_/X (sky130_fd_sc_hd__or3_2)
                                                         _173_ (net)
                      0.191162    0.000000    7.281818 v _515_/A1 (sky130_fd_sc_hd__a211o_2)
     2    0.006562    0.105208    0.669132    7.950950 v _515_/X (sky130_fd_sc_hd__a211o_2)
                                                         _176_ (net)
                      0.105208    0.000000    7.950950 v _585_/A1 (sky130_fd_sc_hd__a21o_2)
     2    0.010263    0.093447    0.421180    8.372130 v _585_/X (sky130_fd_sc_hd__a21o_2)
                                                         _245_ (net)
                      0.093447    0.000000    8.372130 v _637_/A2 (sky130_fd_sc_hd__a21o_2)
     2    0.010263    0.093445    0.449178    8.821309 v _637_/X (sky130_fd_sc_hd__a21o_2)
                                                         _296_ (net)
                      0.093445    0.000000    8.821309 v _674_/A2 (sky130_fd_sc_hd__a21o_2)
     2    0.010460    0.094290    0.450251    9.271560 v _674_/X (sky130_fd_sc_hd__a21o_2)
                                                         _332_ (net)
                      0.094290    0.000000    9.271560 v _695_/A2 (sky130_fd_sc_hd__a21o_2)
     2    0.010263    0.093447    0.449548    9.721107 v _695_/X (sky130_fd_sc_hd__a21o_2)
                                                         _352_ (net)
                      0.093447    0.000000    9.721107 v _697_/A2 (sky130_fd_sc_hd__a21o_2)
     2    0.011034    0.096749    0.453377   10.174484 v _697_/X (sky130_fd_sc_hd__a21o_2)
                                                         _353_ (net)
                      0.096749    0.000000   10.174484 v _705_/A1 (sky130_fd_sc_hd__a21o_2)
     1    0.033442    0.183873    0.515936   10.690420 v _705_/X (sky130_fd_sc_hd__a21o_2)
                                                         y[9] (net)
                      0.183873    0.000000   10.690420 v y[9] (out)
                                             10.690420   data arrival time

                      0.150000   10.000000   10.000000   clock clk (rise edge)
                                  0.000000   10.000000   clock network delay (ideal)
                                 -0.250000    9.750000   clock uncertainty
                                  0.000000    9.750000   clock reconvergence pessimism
                                 -2.000000    7.750000   output external delay
                                              7.750000   data required time
---------------------------------------------------------------------------------------------
                                              7.750000   data required time
                                            -10.690420   data arrival time
---------------------------------------------------------------------------------------------
                                             -2.940420   slack (VIOLATED)


Startpoint: h0[1] (input port clocked by clk)
Endpoint: y[7] (output port clocked by clk)
Path Group: clk
Path Type: max

Fanout         Cap        Slew       Delay        Time   Description
---------------------------------------------------------------------------------------------
                      0.150000    0.000000    0.000000   clock clk (rise edge)
                                  0.000000    0.000000   clock network delay (ideal)
                                  2.000000    2.000000 v input external delay
     8    0.024172    0.107020    0.077980    2.077980 v h0[1] (in)
                                                         h0[1] (net)
                      0.107020    0.000000    2.077980 v _453_/A2 (sky130_fd_sc_hd__a22o_2)
     2    0.006468    0.087413    0.528285    2.606265 v _453_/X (sky130_fd_sc_hd__a22o_2)
                                                         _114_ (net)
                      0.087413    0.000000    2.606265 v _454_/B2 (sky130_fd_sc_hd__a22o_2)
     2    0.006691    0.088417    0.462977    3.069242 v _454_/X (sky130_fd_sc_hd__a22o_2)
                                                         _115_ (net)
                      0.088417    0.000000    3.069242 v _457_/A1 (sky130_fd_sc_hd__a21o_2)
     2    0.006468    0.077850    0.393261    3.462503 v _457_/X (sky130_fd_sc_hd__a21o_2)
                                                         _118_ (net)
                      0.077850    0.000000    3.462503 v _459_/B2 (sky130_fd_sc_hd__a22o_2)
     2    0.006568    0.087881    0.458407    3.920910 v _459_/X (sky130_fd_sc_hd__a22o_2)
                                                         _120_ (net)
                      0.087881    0.000000    3.920910 v _461_/A2 (sky130_fd_sc_hd__a21o_2)
     3    0.008864    0.087435    0.439116    4.360026 v _461_/X (sky130_fd_sc_hd__a21o_2)
                                                         _122_ (net)
                      0.087435    0.000000    4.360026 v _463_/A2 (sky130_fd_sc_hd__a21o_2)
     2    0.006617    0.077957    0.426683    4.786709 v _463_/X (sky130_fd_sc_hd__a21o_2)
                                                         _124_ (net)
                      0.077957    0.000000    4.786709 v _477_/A2 (sky130_fd_sc_hd__a21o_2)
     3    0.008370    0.085299    0.432013    5.218722 v _477_/X (sky130_fd_sc_hd__a21o_2)
                                                         _138_ (net)
                      0.085299    0.000000    5.218722 v _478_/C (sky130_fd_sc_hd__and3_2)
     2    0.006487    0.093094    0.487816    5.706539 v _478_/X (sky130_fd_sc_hd__and3_2)
                                                         _139_ (net)
                      0.093094    0.000000    5.706539 v _496_/A1 (sky130_fd_sc_hd__o21a_2)
     2    0.005663    0.075497    0.431860    6.138398 v _496_/X (sky130_fd_sc_hd__o21a_2)
                                                         _157_ (net)
                      0.075497    0.000000    6.138398 v _512_/B (sky130_fd_sc_hd__or3_2)
     3    0.006071    0.191162    1.143420    7.281818 v _512_/X (sky130_fd_sc_hd__or3_2)
                                                         _173_ (net)
                      0.191162    0.000000    7.281818 v _515_/A1 (sky130_fd_sc_hd__a211o_2)
     2    0.006562    0.105208    0.669132    7.950950 v _515_/X (sky130_fd_sc_hd__a211o_2)
                                                         _176_ (net)
                      0.105208    0.000000    7.950950 v _585_/A1 (sky130_fd_sc_hd__a21o_2)
     2    0.010263    0.093447    0.421180    8.372130 v _585_/X (sky130_fd_sc_hd__a21o_2)
                                                         _245_ (net)
                      0.093447    0.000000    8.372130 v _637_/A2 (sky130_fd_sc_hd__a21o_2)
     2    0.010263    0.093445    0.449178    8.821309 v _637_/X (sky130_fd_sc_hd__a21o_2)
                                                         _296_ (net)
                      0.093445    0.000000    8.821309 v _674_/A2 (sky130_fd_sc_hd__a21o_2)
     2    0.010460    0.094290    0.450251    9.271560 v _674_/X (sky130_fd_sc_hd__a21o_2)
                                                         _332_ (net)
                      0.094290    0.000000    9.271560 v _695_/A2 (sky130_fd_sc_hd__a21o_2)
     2    0.010263    0.093447    0.449548    9.721107 v _695_/X (sky130_fd_sc_hd__a21o_2)
                                                         _352_ (net)
                      0.093447    0.000000    9.721107 v _696_/B (sky130_fd_sc_hd__xor2_2)
     1    0.033442    0.668261    0.610751   10.331859 ^ _696_/X (sky130_fd_sc_hd__xor2_2)
                                                         y[7] (net)
                      0.668261    0.000000   10.331859 ^ y[7] (out)
                                             10.331859   data arrival time

                      0.150000   10.000000   10.000000   clock clk (rise edge)
                                  0.000000   10.000000   clock network delay (ideal)
                                 -0.250000    9.750000   clock uncertainty
                                  0.000000    9.750000   clock reconvergence pessimism
                                 -2.000000    7.750000   output external delay
                                              7.750000   data required time
---------------------------------------------------------------------------------------------
                                              7.750000   data required time
                                            -10.331859   data arrival time
---------------------------------------------------------------------------------------------
                                             -2.581858   slack (VIOLATED)


Startpoint: h0[1] (input port clocked by clk)
Endpoint: y[6] (output port clocked by clk)
Path Group: clk
Path Type: max

Fanout         Cap        Slew       Delay        Time   Description
---------------------------------------------------------------------------------------------
                      0.150000    0.000000    0.000000   clock clk (rise edge)
                                  0.000000    0.000000   clock network delay (ideal)
                                  2.000000    2.000000 v input external delay
     8    0.024172    0.107020    0.077980    2.077980 v h0[1] (in)
                                                         h0[1] (net)
                      0.107020    0.000000    2.077980 v _453_/A2 (sky130_fd_sc_hd__a22o_2)
     2    0.006468    0.087413    0.528285    2.606265 v _453_/X (sky130_fd_sc_hd__a22o_2)
                                                         _114_ (net)
                      0.087413    0.000000    2.606265 v _454_/B2 (sky130_fd_sc_hd__a22o_2)
     2    0.006691    0.088417    0.462977    3.069242 v _454_/X (sky130_fd_sc_hd__a22o_2)
                                                         _115_ (net)
                      0.088417    0.000000    3.069242 v _457_/A1 (sky130_fd_sc_hd__a21o_2)
     2    0.006468    0.077850    0.393261    3.462503 v _457_/X (sky130_fd_sc_hd__a21o_2)
                                                         _118_ (net)
                      0.077850    0.000000    3.462503 v _459_/B2 (sky130_fd_sc_hd__a22o_2)
     2    0.006568    0.087881    0.458407    3.920910 v _459_/X (sky130_fd_sc_hd__a22o_2)
                                                         _120_ (net)
                      0.087881    0.000000    3.920910 v _461_/A2 (sky130_fd_sc_hd__a21o_2)
     3    0.008864    0.087435    0.439116    4.360026 v _461_/X (sky130_fd_sc_hd__a21o_2)
                                                         _122_ (net)
                      0.087435    0.000000    4.360026 v _463_/A2 (sky130_fd_sc_hd__a21o_2)
     2    0.006617    0.077957    0.426683    4.786709 v _463_/X (sky130_fd_sc_hd__a21o_2)
                                                         _124_ (net)
                      0.077957    0.000000    4.786709 v _477_/A2 (sky130_fd_sc_hd__a21o_2)
     3    0.008370    0.085299    0.432013    5.218722 v _477_/X (sky130_fd_sc_hd__a21o_2)
                                                         _138_ (net)
                      0.085299    0.000000    5.218722 v _478_/C (sky130_fd_sc_hd__and3_2)
     2    0.006487    0.093094    0.487816    5.706539 v _478_/X (sky130_fd_sc_hd__and3_2)
                                                         _139_ (net)
                      0.093094    0.000000    5.706539 v _496_/A1 (sky130_fd_sc_hd__o21a_2)
     2    0.005663    0.075497    0.431860    6.138398 v _496_/X (sky130_fd_sc_hd__o21a_2)
                                                         _157_ (net)
                      0.075497    0.000000    6.138398 v _512_/B (sky130_fd_sc_hd__or3_2)
     3    0.006071    0.191162    1.143420    7.281818 v _512_/X (sky130_fd_sc_hd__or3_2)
                                                         _173_ (net)
                      0.191162    0.000000    7.281818 v _515_/A1 (sky130_fd_sc_hd__a211o_2)
     2    0.006562    0.105208    0.669132    7.950950 v _515_/X (sky130_fd_sc_hd__a211o_2)
                                                         _176_ (net)
                      0.105208    0.000000    7.950950 v _585_/A1 (sky130_fd_sc_hd__a21o_2)
     2    0.010263    0.093447    0.421180    8.372130 v _585_/X (sky130_fd_sc_hd__a21o_2)
                                                         _245_ (net)
                      0.093447    0.000000    8.372130 v _637_/A2 (sky130_fd_sc_hd__a21o_2)
     2    0.010263    0.093445    0.449178    8.821309 v _637_/X (sky130_fd_sc_hd__a21o_2)
                                                         _296_ (net)
                      0.093445    0.000000    8.821309 v _674_/A2 (sky130_fd_sc_hd__a21o_2)
     2    0.010460    0.094290    0.450251    9.271560 v _674_/X (sky130_fd_sc_hd__a21o_2)
                                                         _332_ (net)
                      0.094290    0.000000    9.271560 v _675_/B (sky130_fd_sc_hd__xnor2_2)
     1    0.033442    0.709789    0.629979    9.901539 ^ _675_/Y (sky130_fd_sc_hd__xnor2_2)
                                                         y[6] (net)
                      0.709789    0.000000    9.901539 ^ y[6] (out)
                                              9.901539   data arrival time

                      0.150000   10.000000   10.000000   clock clk (rise edge)
                                  0.000000   10.000000   clock network delay (ideal)
                                 -0.250000    9.750000   clock uncertainty
                                  0.000000    9.750000   clock reconvergence pessimism
                                 -2.000000    7.750000   output external delay
                                              7.750000   data required time
---------------------------------------------------------------------------------------------
                                              7.750000   data required time
                                             -9.901539   data arrival time
---------------------------------------------------------------------------------------------
                                             -2.151539   slack (VIOLATED)


Startpoint: h0[1] (input port clocked by clk)
Endpoint: y[5] (output port clocked by clk)
Path Group: clk
Path Type: max

Fanout         Cap        Slew       Delay        Time   Description
---------------------------------------------------------------------------------------------
                      0.150000    0.000000    0.000000   clock clk (rise edge)
                                  0.000000    0.000000   clock network delay (ideal)
                                  2.000000    2.000000 v input external delay
     8    0.024172    0.107020    0.077980    2.077980 v h0[1] (in)
                                                         h0[1] (net)
                      0.107020    0.000000    2.077980 v _453_/A2 (sky130_fd_sc_hd__a22o_2)
     2    0.006468    0.087413    0.528285    2.606265 v _453_/X (sky130_fd_sc_hd__a22o_2)
                                                         _114_ (net)
                      0.087413    0.000000    2.606265 v _454_/B2 (sky130_fd_sc_hd__a22o_2)
     2    0.006691    0.088417    0.462977    3.069242 v _454_/X (sky130_fd_sc_hd__a22o_2)
                                                         _115_ (net)
                      0.088417    0.000000    3.069242 v _457_/A1 (sky130_fd_sc_hd__a21o_2)
     2    0.006468    0.077850    0.393261    3.462503 v _457_/X (sky130_fd_sc_hd__a21o_2)
                                                         _118_ (net)
                      0.077850    0.000000    3.462503 v _459_/B2 (sky130_fd_sc_hd__a22o_2)
     2    0.006568    0.087881    0.458407    3.920910 v _459_/X (sky130_fd_sc_hd__a22o_2)
                                                         _120_ (net)
                      0.087881    0.000000    3.920910 v _461_/A2 (sky130_fd_sc_hd__a21o_2)
     3    0.008864    0.087435    0.439116    4.360026 v _461_/X (sky130_fd_sc_hd__a21o_2)
                                                         _122_ (net)
                      0.087435    0.000000    4.360026 v _463_/A2 (sky130_fd_sc_hd__a21o_2)
     2    0.006617    0.077957    0.426683    4.786709 v _463_/X (sky130_fd_sc_hd__a21o_2)
                                                         _124_ (net)
                      0.077957    0.000000    4.786709 v _477_/A2 (sky130_fd_sc_hd__a21o_2)
     3    0.008370    0.085299    0.432013    5.218722 v _477_/X (sky130_fd_sc_hd__a21o_2)
                                                         _138_ (net)
                      0.085299    0.000000    5.218722 v _478_/C (sky130_fd_sc_hd__and3_2)
     2    0.006487    0.093094    0.487816    5.706539 v _478_/X (sky130_fd_sc_hd__and3_2)
                                                         _139_ (net)
                      0.093094    0.000000    5.706539 v _496_/A1 (sky130_fd_sc_hd__o21a_2)
     2    0.005663    0.075497    0.431860    6.138398 v _496_/X (sky130_fd_sc_hd__o21a_2)
                                                         _157_ (net)
                      0.075497    0.000000    6.138398 v _512_/B (sky130_fd_sc_hd__or3_2)
     3    0.006071    0.191162    1.143420    7.281818 v _512_/X (sky130_fd_sc_hd__or3_2)
                                                         _173_ (net)
                      0.191162    0.000000    7.281818 v _515_/A1 (sky130_fd_sc_hd__a211o_2)
     2    0.006562    0.105208    0.669132    7.950950 v _515_/X (sky130_fd_sc_hd__a211o_2)
                                                         _176_ (net)
                      0.105208    0.000000    7.950950 v _585_/A1 (sky130_fd_sc_hd__a21o_2)
     2    0.010263    0.093447    0.421180    8.372130 v _585_/X (sky130_fd_sc_hd__a21o_2)
                                                         _245_ (net)
                      0.093447    0.000000    8.372130 v _637_/A2 (sky130_fd_sc_hd__a21o_2)
     2    0.010263    0.093445    0.449178    8.821309 v _637_/X (sky130_fd_sc_hd__a21o_2)
                                                         _296_ (net)
                      0.093445    0.000000    8.821309 v _638_/B (sky130_fd_sc_hd__xor2_2)
     1    0.033442    0.668264    0.610751    9.432060 ^ _638_/X (sky130_fd_sc_hd__xor2_2)
                                                         y[5] (net)
                      0.668264    0.000000    9.432060 ^ y[5] (out)
                                              9.432060   data arrival time

                      0.150000   10.000000   10.000000   clock clk (rise edge)
                                  0.000000   10.000000   clock network delay (ideal)
                                 -0.250000    9.750000   clock uncertainty
                                  0.000000    9.750000   clock reconvergence pessimism
                                 -2.000000    7.750000   output external delay
                                              7.750000   data required time
---------------------------------------------------------------------------------------------
                                              7.750000   data required time
                                             -9.432060   data arrival time
---------------------------------------------------------------------------------------------
                                             -1.682060   slack (VIOLATED)


Startpoint: h0[1] (input port clocked by clk)
Endpoint: y[4] (output port clocked by clk)
Path Group: clk
Path Type: max

Fanout         Cap        Slew       Delay        Time   Description
---------------------------------------------------------------------------------------------
                      0.150000    0.000000    0.000000   clock clk (rise edge)
                                  0.000000    0.000000   clock network delay (ideal)
                                  2.000000    2.000000 v input external delay
     8    0.024172    0.107020    0.077980    2.077980 v h0[1] (in)
                                                         h0[1] (net)
                      0.107020    0.000000    2.077980 v _453_/A2 (sky130_fd_sc_hd__a22o_2)
     2    0.006468    0.087413    0.528285    2.606265 v _453_/X (sky130_fd_sc_hd__a22o_2)
                                                         _114_ (net)
                      0.087413    0.000000    2.606265 v _454_/B2 (sky130_fd_sc_hd__a22o_2)
     2    0.006691    0.088417    0.462977    3.069242 v _454_/X (sky130_fd_sc_hd__a22o_2)
                                                         _115_ (net)
                      0.088417    0.000000    3.069242 v _457_/A1 (sky130_fd_sc_hd__a21o_2)
     2    0.006468    0.077850    0.393261    3.462503 v _457_/X (sky130_fd_sc_hd__a21o_2)
                                                         _118_ (net)
                      0.077850    0.000000    3.462503 v _459_/B2 (sky130_fd_sc_hd__a22o_2)
     2    0.006568    0.087881    0.458407    3.920910 v _459_/X (sky130_fd_sc_hd__a22o_2)
                                                         _120_ (net)
                      0.087881    0.000000    3.920910 v _461_/A2 (sky130_fd_sc_hd__a21o_2)
     3    0.008864    0.087435    0.439116    4.360026 v _461_/X (sky130_fd_sc_hd__a21o_2)
                                                         _122_ (net)
                      0.087435    0.000000    4.360026 v _463_/A2 (sky130_fd_sc_hd__a21o_2)
     2    0.006617    0.077957    0.426683    4.786709 v _463_/X (sky130_fd_sc_hd__a21o_2)
                                                         _124_ (net)
                      0.077957    0.000000    4.786709 v _477_/A2 (sky130_fd_sc_hd__a21o_2)
     3    0.008370    0.085299    0.432013    5.218722 v _477_/X (sky130_fd_sc_hd__a21o_2)
                                                         _138_ (net)
                      0.085299    0.000000    5.218722 v _478_/C (sky130_fd_sc_hd__and3_2)
     2    0.006487    0.093094    0.487816    5.706539 v _478_/X (sky130_fd_sc_hd__and3_2)
                                                         _139_ (net)
                      0.093094    0.000000    5.706539 v _496_/A1 (sky130_fd_sc_hd__o21a_2)
     2    0.005663    0.075497    0.431860    6.138398 v _496_/X (sky130_fd_sc_hd__o21a_2)
                                                         _157_ (net)
                      0.075497    0.000000    6.138398 v _512_/B (sky130_fd_sc_hd__or3_2)
     3    0.006071    0.191162    1.143420    7.281818 v _512_/X (sky130_fd_sc_hd__or3_2)
                                                         _173_ (net)
                      0.191162    0.000000    7.281818 v _515_/A1 (sky130_fd_sc_hd__a211o_2)
     2    0.006562    0.105208    0.669132    7.950950 v _515_/X (sky130_fd_sc_hd__a211o_2)
                                                         _176_ (net)
                      0.105208    0.000000    7.950950 v _585_/A1 (sky130_fd_sc_hd__a21o_2)
     2    0.010263    0.093447    0.421180    8.372130 v _585_/X (sky130_fd_sc_hd__a21o_2)
                                                         _245_ (net)
                      0.093447    0.000000    8.372130 v _586_/B (sky130_fd_sc_hd__xor2_2)
     1    0.033442    0.668260    0.610751    8.982882 ^ _586_/X (sky130_fd_sc_hd__xor2_2)
                                                         y[4] (net)
                      0.668260    0.000000    8.982882 ^ y[4] (out)
                                              8.982882   data arrival time

                      0.150000   10.000000   10.000000   clock clk (rise edge)
                                  0.000000   10.000000   clock network delay (ideal)
                                 -0.250000    9.750000   clock uncertainty
                                  0.000000    9.750000   clock reconvergence pessimism
                                 -2.000000    7.750000   output external delay
                                              7.750000   data required time
---------------------------------------------------------------------------------------------
                                              7.750000   data required time
                                             -8.982882   data arrival time
---------------------------------------------------------------------------------------------
                                             -1.232881   slack (VIOLATED)


Startpoint: h0[1] (input port clocked by clk)
Endpoint: y[3] (output port clocked by clk)
Path Group: clk
Path Type: max

Fanout         Cap        Slew       Delay        Time   Description
---------------------------------------------------------------------------------------------
                      0.150000    0.000000    0.000000   clock clk (rise edge)
                                  0.000000    0.000000   clock network delay (ideal)
                                  2.000000    2.000000 v input external delay
     8    0.024172    0.107020    0.077980    2.077980 v h0[1] (in)
                                                         h0[1] (net)
                      0.107020    0.000000    2.077980 v _453_/A2 (sky130_fd_sc_hd__a22o_2)
     2    0.006468    0.087413    0.528285    2.606265 v _453_/X (sky130_fd_sc_hd__a22o_2)
                                                         _114_ (net)
                      0.087413    0.000000    2.606265 v _454_/B2 (sky130_fd_sc_hd__a22o_2)
     2    0.006691    0.088417    0.462977    3.069242 v _454_/X (sky130_fd_sc_hd__a22o_2)
                                                         _115_ (net)
                      0.088417    0.000000    3.069242 v _457_/A1 (sky130_fd_sc_hd__a21o_2)
     2    0.006468    0.077850    0.393261    3.462503 v _457_/X (sky130_fd_sc_hd__a21o_2)
                                                         _118_ (net)
                      0.077850    0.000000    3.462503 v _459_/B2 (sky130_fd_sc_hd__a22o_2)
     2    0.006568    0.087881    0.458407    3.920910 v _459_/X (sky130_fd_sc_hd__a22o_2)
                                                         _120_ (net)
                      0.087881    0.000000    3.920910 v _461_/A2 (sky130_fd_sc_hd__a21o_2)
     3    0.008864    0.087435    0.439116    4.360026 v _461_/X (sky130_fd_sc_hd__a21o_2)
                                                         _122_ (net)
                      0.087435    0.000000    4.360026 v _463_/A2 (sky130_fd_sc_hd__a21o_2)
     2    0.006617    0.077957    0.426683    4.786709 v _463_/X (sky130_fd_sc_hd__a21o_2)
                                                         _124_ (net)
                      0.077957    0.000000    4.786709 v _477_/A2 (sky130_fd_sc_hd__a21o_2)
     3    0.008370    0.085299    0.432013    5.218722 v _477_/X (sky130_fd_sc_hd__a21o_2)
                                                         _138_ (net)
                      0.085299    0.000000    5.218722 v _478_/C (sky130_fd_sc_hd__and3_2)
     2    0.006487    0.093094    0.487816    5.706539 v _478_/X (sky130_fd_sc_hd__and3_2)
                                                         _139_ (net)
                      0.093094    0.000000    5.706539 v _496_/A1 (sky130_fd_sc_hd__o21a_2)
     2    0.005663    0.075497    0.431860    6.138398 v _496_/X (sky130_fd_sc_hd__o21a_2)
                                                         _157_ (net)
                      0.075497    0.000000    6.138398 v _512_/B (sky130_fd_sc_hd__or3_2)
     3    0.006071    0.191162    1.143420    7.281818 v _512_/X (sky130_fd_sc_hd__or3_2)
                                                         _173_ (net)
                      0.191162    0.000000    7.281818 v _514_/B1 (sky130_fd_sc_hd__o211a_2)
     2    0.003462    0.074534    0.313916    7.595734 v _514_/X (sky130_fd_sc_hd__o211a_2)
                                                         _175_ (net)
                      0.074534    0.000000    7.595734 v _516_/A_N (sky130_fd_sc_hd__nand2b_2)
     1    0.008431    0.119825    0.404633    8.000367 v _516_/Y (sky130_fd_sc_hd__nand2b_2)
                                                         _177_ (net)
                      0.119825    0.000000    8.000367 v _518_/A (sky130_fd_sc_hd__xnor2_2)
     1    0.033442    0.709789    0.684836    8.685203 ^ _518_/Y (sky130_fd_sc_hd__xnor2_2)
                                                         y[3] (net)
                      0.709789    0.000000    8.685203 ^ y[3] (out)
                                              8.685203   data arrival time

                      0.150000   10.000000   10.000000   clock clk (rise edge)
                                  0.000000   10.000000   clock network delay (ideal)
                                 -0.250000    9.750000   clock uncertainty
                                  0.000000    9.750000   clock reconvergence pessimism
                                 -2.000000    7.750000   output external delay
                                              7.750000   data required time
---------------------------------------------------------------------------------------------
                                              7.750000   data required time
                                             -8.685203   data arrival time
---------------------------------------------------------------------------------------------
                                             -0.935203   slack (VIOLATED)


Startpoint: h3[1] (input port clocked by clk)
Endpoint: y[2] (output port clocked by clk)
Path Group: clk
Path Type: max

Fanout         Cap        Slew       Delay        Time   Description
---------------------------------------------------------------------------------------------
                      0.150000    0.000000    0.000000   clock clk (rise edge)
                                  0.000000    0.000000   clock network delay (ideal)
                                  2.000000    2.000000 v input external delay
     8    0.020561    0.091720    0.066395    2.066395 v h3[1] (in)
                                                         h3[1] (net)
                      0.091720    0.000000    2.066395 v _399_/D (sky130_fd_sc_hd__and4_2)
     3    0.009980    0.110255    0.563140    2.629534 v _399_/X (sky130_fd_sc_hd__and4_2)
                                                         _061_ (net)
                      0.110255    0.000000    2.629534 v _403_/A (sky130_fd_sc_hd__or3b_2)
     3    0.011504    0.221404    1.242146    3.871680 v _403_/X (sky130_fd_sc_hd__or3b_2)
                                                         _065_ (net)
                      0.221404    0.000000    3.871680 v _405_/A (sky130_fd_sc_hd__and2_2)
     2    0.005699    0.085896    0.462099    4.333780 v _405_/X (sky130_fd_sc_hd__and2_2)
                                                         _067_ (net)
                      0.085896    0.000000    4.333780 v _409_/A (sky130_fd_sc_hd__or2_2)
     1    0.004241    0.121574    0.711736    5.045516 v _409_/X (sky130_fd_sc_hd__or2_2)
                                                         _071_ (net)
                      0.121574    0.000000    5.045516 v _410_/B (sky130_fd_sc_hd__nand2_2)
     2    0.007132    0.094026    0.148479    5.193995 ^ _410_/Y (sky130_fd_sc_hd__nand2_2)
                                                         _072_ (net)
                      0.094026    0.000000    5.193995 ^ _411_/C (sky130_fd_sc_hd__nor3_2)
     4    0.010646    0.100392    0.104893    5.298887 v _411_/Y (sky130_fd_sc_hd__nor3_2)
                                                         _073_ (net)
                      0.100392    0.000000    5.298887 v _426_/A (sky130_fd_sc_hd__or3_2)
     3    0.008881    0.207640    1.237545    6.536432 v _426_/X (sky130_fd_sc_hd__or3_2)
                                                         _088_ (net)
                      0.207640    0.000000    6.536432 v _438_/B1 (sky130_fd_sc_hd__o211a_2)
     2    0.003462    0.074402    0.322326    6.858758 v _438_/X (sky130_fd_sc_hd__o211a_2)
                                                         _100_ (net)
                      0.074402    0.000000    6.858758 v _440_/A_N (sky130_fd_sc_hd__nand2b_2)
     1    0.008431    0.119824    0.404566    7.263324 v _440_/Y (sky130_fd_sc_hd__nand2b_2)
                                                         _102_ (net)
                      0.119824    0.000000    7.263324 v _449_/A (sky130_fd_sc_hd__xnor2_2)
     1    0.033442    0.709789    0.684836    7.948160 ^ _449_/Y (sky130_fd_sc_hd__xnor2_2)
                                                         y[2] (net)
                      0.709789    0.000000    7.948160 ^ y[2] (out)
                                              7.948160   data arrival time

                      0.150000   10.000000   10.000000   clock clk (rise edge)
                                  0.000000   10.000000   clock network delay (ideal)
                                 -0.250000    9.750000   clock uncertainty
                                  0.000000    9.750000   clock reconvergence pessimism
                                 -2.000000    7.750000   output external delay
                                              7.750000   data required time
---------------------------------------------------------------------------------------------
                                              7.750000   data required time
                                             -7.948160   data arrival time
---------------------------------------------------------------------------------------------
                                             -0.198160   slack (VIOLATED)


Startpoint: h1[0] (input port clocked by clk)
Endpoint: y[1] (output port clocked by clk)
Path Group: clk
Path Type: max

Fanout         Cap        Slew       Delay        Time   Description
---------------------------------------------------------------------------------------------
                      0.150000    0.000000    0.000000   clock clk (rise edge)
                                  0.000000    0.000000   clock network delay (ideal)
                                  2.000000    2.000000 ^ input external delay
    10    0.029716    0.220476    0.157399    2.157399 ^ h1[0] (in)
                                                         h1[0] (net)
                      0.220476    0.000000    2.157399 ^ _390_/A1 (sky130_fd_sc_hd__a22o_2)
     2    0.006080    0.093329    0.381731    2.539130 ^ _390_/X (sky130_fd_sc_hd__a22o_2)
                                                         _052_ (net)
                      0.093329    0.000000    2.539130 ^ _392_/C (sky130_fd_sc_hd__and4_2)
     3    0.011667    0.171863    0.571006    3.110136 ^ _392_/X (sky130_fd_sc_hd__and4_2)
                                                         _054_ (net)
                      0.171863    0.000000    3.110136 ^ _394_/A (sky130_fd_sc_hd__nor2_2)
     2    0.005618    0.064634    0.123707    3.233842 v _394_/Y (sky130_fd_sc_hd__nor2_2)
                                                         _056_ (net)
                      0.064634    0.000000    3.233842 v _396_/A (sky130_fd_sc_hd__and2_2)
     3    0.007725    0.094359    0.393983    3.627825 v _396_/X (sky130_fd_sc_hd__and2_2)
                                                         _058_ (net)
                      0.094359    0.000000    3.627825 v _430_/A (sky130_fd_sc_hd__or2_2)
     2    0.005618    0.130841    0.732135    4.359961 v _430_/X (sky130_fd_sc_hd__or2_2)
                                                         _092_ (net)
                      0.130841    0.000000    4.359961 v _435_/A (sky130_fd_sc_hd__and2_2)
     1    0.004181    0.078387    0.404412    4.764372 v _435_/X (sky130_fd_sc_hd__and2_2)
                                                         _097_ (net)
                      0.078387    0.000000    4.764372 v _436_/B (sky130_fd_sc_hd__nor2_2)
     2    0.006200    0.159090    0.172745    4.937118 ^ _436_/Y (sky130_fd_sc_hd__nor2_2)
                                                         _098_ (net)
                      0.159090    0.000000    4.937118 ^ _437_/C (sky130_fd_sc_hd__and3_2)
     3    0.009575    0.133160    0.465986    5.403104 ^ _437_/X (sky130_fd_sc_hd__and3_2)
                                                         _099_ (net)
                      0.133160    0.000000    5.403104 ^ _442_/A (sky130_fd_sc_hd__nor2_2)
     2    0.009921    0.067914    0.122704    5.525808 v _442_/Y (sky130_fd_sc_hd__nor2_2)
                                                         _104_ (net)
                      0.067914    0.000000    5.525808 v _704_/A (sky130_fd_sc_hd__xnor2_2)
     1    0.033442    0.709777    0.661204    6.187012 ^ _704_/Y (sky130_fd_sc_hd__xnor2_2)
                                                         y[1] (net)
                      0.709777    0.000000    6.187012 ^ y[1] (out)
                                              6.187012   data arrival time

                      0.150000   10.000000   10.000000   clock clk (rise edge)
                                  0.000000   10.000000   clock network delay (ideal)
                                 -0.250000    9.750000   clock uncertainty
                                  0.000000    9.750000   clock reconvergence pessimism
                                 -2.000000    7.750000   output external delay
                                              7.750000   data required time
---------------------------------------------------------------------------------------------
                                              7.750000   data required time
                                             -6.187012   data arrival time
---------------------------------------------------------------------------------------------
                                              1.562988   slack (MET)


Startpoint: h0[0] (input port clocked by clk)
Endpoint: y[0] (output port clocked by clk)
Path Group: clk
Path Type: max

Fanout         Cap        Slew       Delay        Time   Description
---------------------------------------------------------------------------------------------
                      0.150000    0.000000    0.000000   clock clk (rise edge)
                                  0.000000    0.000000   clock network delay (ideal)
                                  2.000000    2.000000 v input external delay
     8    0.024244    0.107325    0.078211    2.078211 v h0[0] (in)
                                                         h0[0] (net)
                      0.107325    0.000000    2.078211 v _395_/C (sky130_fd_sc_hd__and4_2)
     3    0.009780    0.109617    0.546622    2.624833 v _395_/X (sky130_fd_sc_hd__and4_2)
                                                         _057_ (net)
                      0.109617    0.000000    2.624833 v _444_/A (sky130_fd_sc_hd__nor2_2)
     2    0.013141    0.273650    0.317657    2.942490 ^ _444_/Y (sky130_fd_sc_hd__nor2_2)
                                                         _106_ (net)
                      0.273650    0.000000    2.942490 ^ _445_/B (sky130_fd_sc_hd__xnor2_2)
     2    0.005589    0.106909    0.200471    3.142962 v _445_/Y (sky130_fd_sc_hd__xnor2_2)
                                                         _107_ (net)
                      0.106909    0.000000    3.142962 v _446_/C (sky130_fd_sc_hd__and3_2)
     2    0.008404    0.101053    0.510378    3.653340 v _446_/X (sky130_fd_sc_hd__and3_2)
                                                         _108_ (net)
                      0.101053    0.000000    3.653340 v _703_/A (sky130_fd_sc_hd__nor2_2)
     1    0.033442    0.607804    0.574994    4.228334 ^ _703_/Y (sky130_fd_sc_hd__nor2_2)
                                                         y[0] (net)
                      0.607804    0.000000    4.228334 ^ y[0] (out)
                                              4.228334   data arrival time

                      0.150000   10.000000   10.000000   clock clk (rise edge)
                                  0.000000   10.000000   clock network delay (ideal)
                                 -0.250000    9.750000   clock uncertainty
                                  0.000000    9.750000   clock reconvergence pessimism
                                 -2.000000    7.750000   output external delay
                                              7.750000   data required time
---------------------------------------------------------------------------------------------
                                              7.750000   data required time
                                             -4.228334   data arrival time
---------------------------------------------------------------------------------------------
                                              3.521666   slack (MET)


Startpoint: _774_ (rising edge-triggered flip-flop clocked by clk)
Endpoint: _755_ (rising edge-triggered flip-flop clocked by clk)
Path Group: clk
Path Type: max

Fanout         Cap        Slew       Delay        Time   Description
---------------------------------------------------------------------------------------------
                      0.150000    0.000000    0.000000   clock clk (rise edge)
                                  0.000000    0.000000   clock network delay (ideal)
                      0.150000    0.000000    0.000000 ^ _774_/CLK (sky130_fd_sc_hd__dfxtp_2)
     2    0.002668    0.040229    0.661566    0.661566 v _774_/Q (sky130_fd_sc_hd__dfxtp_2)
                                                         controller.state[5] (net)
                      0.040229    0.000000    0.661566 v _720_/A (sky130_fd_sc_hd__or4_2)
     2    0.006325    0.252068    1.680566    2.342132 v _720_/X (sky130_fd_sc_hd__or4_2)
                                                         _359_ (net)
                      0.252068    0.000000    2.342132 v _721_/C (sky130_fd_sc_hd__nor3_2)
     2    0.006096    0.272598    0.302104    2.644236 ^ _721_/Y (sky130_fd_sc_hd__nor3_2)
                                                         _360_ (net)
                      0.272598    0.000000    2.644236 ^ _732_/D_N (sky130_fd_sc_hd__or4b_2)
     1    0.003175    0.219313    1.522169    4.166405 v _732_/X (sky130_fd_sc_hd__or4b_2)
                                                         _365_ (net)
                      0.219313    0.000000    4.166405 v _733_/S (sky130_fd_sc_hd__mux2_1)
     1    0.001353    0.097368    0.757533    4.923938 v _733_/X (sky130_fd_sc_hd__mux2_1)
                                                         _366_ (net)
                      0.097368    0.000000    4.923938 v _734_/B (sky130_fd_sc_hd__and2_2)
     1    0.001577    0.064722    0.412715    5.336654 v _734_/X (sky130_fd_sc_hd__and2_2)
                                                         _019_ (net)
                      0.064722    0.000000    5.336654 v _755_/D (sky130_fd_sc_hd__dfxtp_2)
                                              5.336654   data arrival time

                      0.150000   10.000000   10.000000   clock clk (rise edge)
                                  0.000000   10.000000   clock network delay (ideal)
                                 -0.250000    9.750000   clock uncertainty
                                  0.000000    9.750000   clock reconvergence pessimism
                                              9.750000 ^ _755_/CLK (sky130_fd_sc_hd__dfxtp_2)
                                 -0.250529    9.499472   library setup time
                                              9.499472   data required time
---------------------------------------------------------------------------------------------
                                              9.499472   data required time
                                             -5.336654   data arrival time
---------------------------------------------------------------------------------------------
                                              4.162818   slack (MET)


Startpoint: x[0] (input port clocked by clk)
Endpoint: _751_ (rising edge-triggered flip-flop clocked by clk)
Path Group: clk
Path Type: max

Fanout         Cap        Slew       Delay        Time   Description
---------------------------------------------------------------------------------------------
                      0.150000    0.000000    0.000000   clock clk (rise edge)
                                  0.000000    0.000000   clock network delay (ideal)
                                  2.000000    2.000000 v input external delay
     1    0.001460    0.013625    0.005189    2.005189 v x[0] (in)
                                                         x[0] (net)
                      0.013625    0.000000    2.005189 v _725_/A0 (sky130_fd_sc_hd__mux2_1)
     1    0.001353    0.096941    0.613667    2.618856 v _725_/X (sky130_fd_sc_hd__mux2_1)
                                                         _362_ (net)
                      0.096941    0.000000    2.618856 v _726_/B (sky130_fd_sc_hd__and2_2)
     1    0.001577    0.064720    0.412494    3.031351 v _726_/X (sky130_fd_sc_hd__and2_2)
                                                         _015_ (net)
                      0.064720    0.000000    3.031351 v _751_/D (sky130_fd_sc_hd__dfxtp_2)
                                              3.031351   data arrival time

                      0.150000   10.000000   10.000000   clock clk (rise edge)
                                  0.000000   10.000000   clock network delay (ideal)
                                 -0.250000    9.750000   clock uncertainty
                                  0.000000    9.750000   clock reconvergence pessimism
                                              9.750000 ^ _751_/CLK (sky130_fd_sc_hd__dfxtp_2)
                                 -0.250528    9.499472   library setup time
                                              9.499472   data required time
---------------------------------------------------------------------------------------------
                                              9.499472   data required time
                                             -3.031351   data arrival time
---------------------------------------------------------------------------------------------
                                              6.468122   slack (MET)


Startpoint: x[1] (input port clocked by clk)
Endpoint: _752_ (rising edge-triggered flip-flop clocked by clk)
Path Group: clk
Path Type: max

Fanout         Cap        Slew       Delay        Time   Description
---------------------------------------------------------------------------------------------
                      0.150000    0.000000    0.000000   clock clk (rise edge)
                                  0.000000    0.000000   clock network delay (ideal)
                                  2.000000    2.000000 v input external delay
     1    0.001460    0.013625    0.005189    2.005189 v x[1] (in)
                                                         x[1] (net)
                      0.013625    0.000000    2.005189 v _727_/A0 (sky130_fd_sc_hd__mux2_1)
     1    0.001353    0.096941    0.613667    2.618856 v _727_/X (sky130_fd_sc_hd__mux2_1)
                                                         _363_ (net)
                      0.096941    0.000000    2.618856 v _728_/B (sky130_fd_sc_hd__and2_2)
     1    0.001577    0.064720    0.412494    3.031351 v _728_/X (sky130_fd_sc_hd__and2_2)
                                                         _016_ (net)
                      0.064720    0.000000    3.031351 v _752_/D (sky130_fd_sc_hd__dfxtp_2)
                                              3.031351   data arrival time

                      0.150000   10.000000   10.000000   clock clk (rise edge)
                                  0.000000   10.000000   clock network delay (ideal)
                                 -0.250000    9.750000   clock uncertainty
                                  0.000000    9.750000   clock reconvergence pessimism
                                              9.750000 ^ _752_/CLK (sky130_fd_sc_hd__dfxtp_2)
                                 -0.250528    9.499472   library setup time
                                              9.499472   data required time
---------------------------------------------------------------------------------------------
                                              9.499472   data required time
                                             -3.031351   data arrival time
---------------------------------------------------------------------------------------------
                                              6.468122   slack (MET)


Startpoint: x[2] (input port clocked by clk)
Endpoint: _753_ (rising edge-triggered flip-flop clocked by clk)
Path Group: clk
Path Type: max

Fanout         Cap        Slew       Delay        Time   Description
---------------------------------------------------------------------------------------------
                      0.150000    0.000000    0.000000   clock clk (rise edge)
                                  0.000000    0.000000   clock network delay (ideal)
                                  2.000000    2.000000 v input external delay
     1    0.001460    0.013625    0.005189    2.005189 v x[2] (in)
                                                         x[2] (net)
                      0.013625    0.000000    2.005189 v _729_/A0 (sky130_fd_sc_hd__mux2_1)
     1    0.001353    0.096941    0.613667    2.618856 v _729_/X (sky130_fd_sc_hd__mux2_1)
                                                         _364_ (net)
                      0.096941    0.000000    2.618856 v _730_/B (sky130_fd_sc_hd__and2_2)
     1    0.001577    0.064720    0.412494    3.031351 v _730_/X (sky130_fd_sc_hd__and2_2)
                                                         _017_ (net)
                      0.064720    0.000000    3.031351 v _753_/D (sky130_fd_sc_hd__dfxtp_2)
                                              3.031351   data arrival time

                      0.150000   10.000000   10.000000   clock clk (rise edge)
                                  0.000000   10.000000   clock network delay (ideal)
                                 -0.250000    9.750000   clock uncertainty
                                  0.000000    9.750000   clock reconvergence pessimism
                                              9.750000 ^ _753_/CLK (sky130_fd_sc_hd__dfxtp_2)
                                 -0.250528    9.499472   library setup time
                                              9.499472   data required time
---------------------------------------------------------------------------------------------
                                              9.499472   data required time
                                             -3.031351   data arrival time
---------------------------------------------------------------------------------------------
                                              6.468122   slack (MET)


Startpoint: _774_ (rising edge-triggered flip-flop clocked by clk)
Endpoint: _750_ (rising edge-triggered flip-flop clocked by clk)
Path Group: clk
Path Type: max

Fanout         Cap        Slew       Delay        Time   Description
---------------------------------------------------------------------------------------------
                      0.150000    0.000000    0.000000   clock clk (rise edge)
                                  0.000000    0.000000   clock network delay (ideal)
                      0.150000    0.000000    0.000000 ^ _774_/CLK (sky130_fd_sc_hd__dfxtp_2)
     2    0.002668    0.040229    0.661566    0.661566 v _774_/Q (sky130_fd_sc_hd__dfxtp_2)
                                                         controller.state[5] (net)
                      0.040229    0.000000    0.661566 v _720_/A (sky130_fd_sc_hd__or4_2)
     2    0.006325    0.252068    1.680566    2.342132 v _720_/X (sky130_fd_sc_hd__or4_2)
                                                         _359_ (net)
                      0.252068    0.000000    2.342132 v _724_/A1 (sky130_fd_sc_hd__o21a_2)
     1    0.001577    0.053227    0.464300    2.806432 v _724_/X (sky130_fd_sc_hd__o21a_2)
                                                         _014_ (net)
                      0.053227    0.000000    2.806432 v _750_/D (sky130_fd_sc_hd__dfxtp_2)
                                              2.806432   data arrival time

                      0.150000   10.000000   10.000000   clock clk (rise edge)
                                  0.000000   10.000000   clock network delay (ideal)
                                 -0.250000    9.750000   clock uncertainty
                                  0.000000    9.750000   clock reconvergence pessimism
                                              9.750000 ^ _750_/CLK (sky130_fd_sc_hd__dfxtp_2)
                                 -0.245756    9.504244   library setup time
                                              9.504244   data required time
---------------------------------------------------------------------------------------------
                                              9.504244   data required time
                                             -2.806432   data arrival time
---------------------------------------------------------------------------------------------
                                              6.697812   slack (MET)


Startpoint: start_diag (input port clocked by clk)
Endpoint: _775_ (rising edge-triggered flip-flop clocked by clk)
Path Group: clk
Path Type: max

Fanout         Cap        Slew       Delay        Time   Description
---------------------------------------------------------------------------------------------
                      0.150000    0.000000    0.000000   clock clk (rise edge)
                                  0.000000    0.000000   clock network delay (ideal)
                                  2.000000    2.000000 v input external delay
     2    0.005672    0.030767    0.019128    2.019128 v start_diag (in)
                                                         start_diag (net)
                      0.030767    0.000000    2.019128 v _711_/A (sky130_fd_sc_hd__and2_2)
     2    0.002813    0.071370    0.343115    2.362243 v _711_/X (sky130_fd_sc_hd__and2_2)
                                                         _358_ (net)
                      0.071370    0.000000    2.362243 v _712_/B (sky130_fd_sc_hd__and2_2)
     1    0.001577    0.064730    0.399416    2.761659 v _712_/X (sky130_fd_sc_hd__and2_2)
                                                         _005_ (net)
                      0.064730    0.000000    2.761659 v _775_/D (sky130_fd_sc_hd__dfxtp_2)
                                              2.761659   data arrival time

                      0.150000   10.000000   10.000000   clock clk (rise edge)
                                  0.000000   10.000000   clock network delay (ideal)
                                 -0.250000    9.750000   clock uncertainty
                                  0.000000    9.750000   clock reconvergence pessimism
                                              9.750000 ^ _775_/CLK (sky130_fd_sc_hd__dfxtp_2)
                                 -0.250532    9.499468   library setup time
                                              9.499468   data required time
---------------------------------------------------------------------------------------------
                                              9.499468   data required time
                                             -2.761659   data arrival time
---------------------------------------------------------------------------------------------
                                              6.737809   slack (MET)


Startpoint: _774_ (rising edge-triggered flip-flop clocked by clk)
Endpoint: _749_ (rising edge-triggered flip-flop clocked by clk)
Path Group: clk
Path Type: max

Fanout         Cap        Slew       Delay        Time   Description
---------------------------------------------------------------------------------------------
                      0.150000    0.000000    0.000000   clock clk (rise edge)
                                  0.000000    0.000000   clock network delay (ideal)
                      0.150000    0.000000    0.000000 ^ _774_/CLK (sky130_fd_sc_hd__dfxtp_2)
     2    0.002668    0.040229    0.661566    0.661566 v _774_/Q (sky130_fd_sc_hd__dfxtp_2)
                                                         controller.state[5] (net)
                      0.040229    0.000000    0.661566 v _720_/A (sky130_fd_sc_hd__or4_2)
     2    0.006325    0.252068    1.680566    2.342132 v _720_/X (sky130_fd_sc_hd__or4_2)
                                                         _359_ (net)
                      0.252068    0.000000    2.342132 v _721_/C (sky130_fd_sc_hd__nor3_2)
     2    0.006096    0.272598    0.302104    2.644236 ^ _721_/Y (sky130_fd_sc_hd__nor3_2)
                                                         _360_ (net)
                      0.272598    0.000000    2.644236 ^ _722_/B (sky130_fd_sc_hd__nor2_2)
     1    0.001577    0.054377    0.109681    2.753917 v _722_/Y (sky130_fd_sc_hd__nor2_2)
                                                         _013_ (net)
                      0.054377    0.000000    2.753917 v _749_/D (sky130_fd_sc_hd__dfxtp_2)
                                              2.753917   data arrival time

                      0.150000   10.000000   10.000000   clock clk (rise edge)
                                  0.000000   10.000000   clock network delay (ideal)
                                 -0.250000    9.750000   clock uncertainty
                                  0.000000    9.750000   clock reconvergence pessimism
                                              9.750000 ^ _749_/CLK (sky130_fd_sc_hd__dfxtp_2)
                                 -0.246234    9.503766   library setup time
                                              9.503766   data required time
---------------------------------------------------------------------------------------------
                                              9.503766   data required time
                                             -2.753917   data arrival time
---------------------------------------------------------------------------------------------
                                              6.749849   slack (MET)


Startpoint: rst (input port clocked by clk)
Endpoint: _754_ (rising edge-triggered flip-flop clocked by clk)
Path Group: clk
Path Type: max

Fanout         Cap        Slew       Delay        Time   Description
---------------------------------------------------------------------------------------------
                      0.150000    0.000000    0.000000   clock clk (rise edge)
                                  0.000000    0.000000   clock network delay (ideal)
                                  2.000000    2.000000 ^ input external delay
     3    0.011708    0.095180    0.063846    2.063846 ^ rst (in)
                                                         rst (net)
                      0.095180    0.000000    2.063846 ^ _369_/A (sky130_fd_sc_hd__inv_2)
    31    0.044220    0.189282    0.202346    2.266192 v _369_/Y (sky130_fd_sc_hd__inv_2)
                                                         _367_ (net)
                      0.189282    0.000000    2.266192 v _731_/B (sky130_fd_sc_hd__and3b_2)
     1    0.001577    0.065454    0.468201    2.734392 v _731_/X (sky130_fd_sc_hd__and3b_2)
                                                         _018_ (net)
                      0.065454    0.000000    2.734392 v _754_/D (sky130_fd_sc_hd__dfxtp_2)
                                              2.734392   data arrival time

                      0.150000   10.000000   10.000000   clock clk (rise edge)
                                  0.000000   10.000000   clock network delay (ideal)
                                 -0.250000    9.750000   clock uncertainty
                                  0.000000    9.750000   clock reconvergence pessimism
                                              9.750000 ^ _754_/CLK (sky130_fd_sc_hd__dfxtp_2)
                                 -0.250833    9.499167   library setup time
                                              9.499167   data required time
---------------------------------------------------------------------------------------------
                                              9.499167   data required time
                                             -2.734392   data arrival time
---------------------------------------------------------------------------------------------
                                              6.764775   slack (MET)


Startpoint: rst (input port clocked by clk)
Endpoint: _757_ (rising edge-triggered flip-flop clocked by clk)
Path Group: clk
Path Type: max

Fanout         Cap        Slew       Delay        Time   Description
---------------------------------------------------------------------------------------------
                      0.150000    0.000000    0.000000   clock clk (rise edge)
                                  0.000000    0.000000   clock network delay (ideal)
                                  2.000000    2.000000 ^ input external delay
     3    0.011708    0.095180    0.063846    2.063846 ^ rst (in)
                                                         rst (net)
                      0.095180    0.000000    2.063846 ^ _369_/A (sky130_fd_sc_hd__inv_2)
    31    0.044220    0.189282    0.202346    2.266192 v _369_/Y (sky130_fd_sc_hd__inv_2)
                                                         _367_ (net)
                      0.189282    0.000000    2.266192 v _736_/B (sky130_fd_sc_hd__and2_2)
     1    0.001577    0.065044    0.460244    2.726435 v _736_/X (sky130_fd_sc_hd__and2_2)
                                                         _021_ (net)
                      0.065044    0.000000    2.726435 v _757_/D (sky130_fd_sc_hd__dfxtp_2)
                                              2.726435   data arrival time

                      0.150000   10.000000   10.000000   clock clk (rise edge)
                                  0.000000   10.000000   clock network delay (ideal)
                                 -0.250000    9.750000   clock uncertainty
                                  0.000000    9.750000   clock reconvergence pessimism
                                              9.750000 ^ _757_/CLK (sky130_fd_sc_hd__dfxtp_2)
                                 -0.250663    9.499337   library setup time
                                              9.499337   data required time
---------------------------------------------------------------------------------------------
                                              9.499337   data required time
                                             -2.726435   data arrival time
---------------------------------------------------------------------------------------------
                                              6.772902   slack (MET)


Startpoint: rst (input port clocked by clk)
Endpoint: _758_ (rising edge-triggered flip-flop clocked by clk)
Path Group: clk
Path Type: max

Fanout         Cap        Slew       Delay        Time   Description
---------------------------------------------------------------------------------------------
                      0.150000    0.000000    0.000000   clock clk (rise edge)
                                  0.000000    0.000000   clock network delay (ideal)
                                  2.000000    2.000000 ^ input external delay
     3    0.011708    0.095180    0.063846    2.063846 ^ rst (in)
                                                         rst (net)
                      0.095180    0.000000    2.063846 ^ _369_/A (sky130_fd_sc_hd__inv_2)
    31    0.044220    0.189282    0.202346    2.266192 v _369_/Y (sky130_fd_sc_hd__inv_2)
                                                         _367_ (net)
                      0.189282    0.000000    2.266192 v _737_/B (sky130_fd_sc_hd__and2_2)
     1    0.001577    0.065044    0.460244    2.726435 v _737_/X (sky130_fd_sc_hd__and2_2)
                                                         _022_ (net)
                      0.065044    0.000000    2.726435 v _758_/D (sky130_fd_sc_hd__dfxtp_2)
                                              2.726435   data arrival time

                      0.150000   10.000000   10.000000   clock clk (rise edge)
                                  0.000000   10.000000   clock network delay (ideal)
                                 -0.250000    9.750000   clock uncertainty
                                  0.000000    9.750000   clock reconvergence pessimism
                                              9.750000 ^ _758_/CLK (sky130_fd_sc_hd__dfxtp_2)
                                 -0.250663    9.499337   library setup time
                                              9.499337   data required time
---------------------------------------------------------------------------------------------
                                              9.499337   data required time
                                             -2.726435   data arrival time
---------------------------------------------------------------------------------------------
                                              6.772902   slack (MET)


Startpoint: rst (input port clocked by clk)
Endpoint: _759_ (rising edge-triggered flip-flop clocked by clk)
Path Group: clk
Path Type: max

Fanout         Cap        Slew       Delay        Time   Description
---------------------------------------------------------------------------------------------
                      0.150000    0.000000    0.000000   clock clk (rise edge)
                                  0.000000    0.000000   clock network delay (ideal)
                                  2.000000    2.000000 ^ input external delay
     3    0.011708    0.095180    0.063846    2.063846 ^ rst (in)
                                                         rst (net)
                      0.095180    0.000000    2.063846 ^ _369_/A (sky130_fd_sc_hd__inv_2)
    31    0.044220    0.189282    0.202346    2.266192 v _369_/Y (sky130_fd_sc_hd__inv_2)
                                                         _367_ (net)
                      0.189282    0.000000    2.266192 v _738_/B (sky130_fd_sc_hd__and2_2)
     1    0.001577    0.065044    0.460244    2.726435 v _738_/X (sky130_fd_sc_hd__and2_2)
                                                         _023_ (net)
                      0.065044    0.000000    2.726435 v _759_/D (sky130_fd_sc_hd__dfxtp_2)
                                              2.726435   data arrival time

                      0.150000   10.000000   10.000000   clock clk (rise edge)
                                  0.000000   10.000000   clock network delay (ideal)
                                 -0.250000    9.750000   clock uncertainty
                                  0.000000    9.750000   clock reconvergence pessimism
                                              9.750000 ^ _759_/CLK (sky130_fd_sc_hd__dfxtp_2)
                                 -0.250663    9.499337   library setup time
                                              9.499337   data required time
---------------------------------------------------------------------------------------------
                                              9.499337   data required time
                                             -2.726435   data arrival time
---------------------------------------------------------------------------------------------
                                              6.772902   slack (MET)


Startpoint: rst (input port clocked by clk)
Endpoint: _760_ (rising edge-triggered flip-flop clocked by clk)
Path Group: clk
Path Type: max

Fanout         Cap        Slew       Delay        Time   Description
---------------------------------------------------------------------------------------------
                      0.150000    0.000000    0.000000   clock clk (rise edge)
                                  0.000000    0.000000   clock network delay (ideal)
                                  2.000000    2.000000 ^ input external delay
     3    0.011708    0.095180    0.063846    2.063846 ^ rst (in)
                                                         rst (net)
                      0.095180    0.000000    2.063846 ^ _369_/A (sky130_fd_sc_hd__inv_2)
    31    0.044220    0.189282    0.202346    2.266192 v _369_/Y (sky130_fd_sc_hd__inv_2)
                                                         _367_ (net)
                      0.189282    0.000000    2.266192 v _739_/B (sky130_fd_sc_hd__and2_2)
     1    0.001577    0.065044    0.460244    2.726435 v _739_/X (sky130_fd_sc_hd__and2_2)
                                                         _024_ (net)
                      0.065044    0.000000    2.726435 v _760_/D (sky130_fd_sc_hd__dfxtp_2)
                                              2.726435   data arrival time

                      0.150000   10.000000   10.000000   clock clk (rise edge)
                                  0.000000   10.000000   clock network delay (ideal)
                                 -0.250000    9.750000   clock uncertainty
                                  0.000000    9.750000   clock reconvergence pessimism
                                              9.750000 ^ _760_/CLK (sky130_fd_sc_hd__dfxtp_2)
                                 -0.250663    9.499337   library setup time
                                              9.499337   data required time
---------------------------------------------------------------------------------------------
                                              9.499337   data required time
                                             -2.726435   data arrival time
---------------------------------------------------------------------------------------------
                                              6.772902   slack (MET)


Startpoint: rst (input port clocked by clk)
Endpoint: _761_ (rising edge-triggered flip-flop clocked by clk)
Path Group: clk
Path Type: max

Fanout         Cap        Slew       Delay        Time   Description
---------------------------------------------------------------------------------------------
                      0.150000    0.000000    0.000000   clock clk (rise edge)
                                  0.000000    0.000000   clock network delay (ideal)
                                  2.000000    2.000000 ^ input external delay
     3    0.011708    0.095180    0.063846    2.063846 ^ rst (in)
                                                         rst (net)
                      0.095180    0.000000    2.063846 ^ _369_/A (sky130_fd_sc_hd__inv_2)
    31    0.044220    0.189282    0.202346    2.266192 v _369_/Y (sky130_fd_sc_hd__inv_2)
                                                         _367_ (net)
                      0.189282    0.000000    2.266192 v _740_/B (sky130_fd_sc_hd__and2_2)
     1    0.001577    0.065044    0.460244    2.726435 v _740_/X (sky130_fd_sc_hd__and2_2)
                                                         _025_ (net)
                      0.065044    0.000000    2.726435 v _761_/D (sky130_fd_sc_hd__dfxtp_2)
                                              2.726435   data arrival time

                      0.150000   10.000000   10.000000   clock clk (rise edge)
                                  0.000000   10.000000   clock network delay (ideal)
                                 -0.250000    9.750000   clock uncertainty
                                  0.000000    9.750000   clock reconvergence pessimism
                                              9.750000 ^ _761_/CLK (sky130_fd_sc_hd__dfxtp_2)
                                 -0.250663    9.499337   library setup time
                                              9.499337   data required time
---------------------------------------------------------------------------------------------
                                              9.499337   data required time
                                             -2.726435   data arrival time
---------------------------------------------------------------------------------------------
                                              6.772902   slack (MET)


Startpoint: rst (input port clocked by clk)
Endpoint: _762_ (rising edge-triggered flip-flop clocked by clk)
Path Group: clk
Path Type: max

Fanout         Cap        Slew       Delay        Time   Description
---------------------------------------------------------------------------------------------
                      0.150000    0.000000    0.000000   clock clk (rise edge)
                                  0.000000    0.000000   clock network delay (ideal)
                                  2.000000    2.000000 ^ input external delay
     3    0.011708    0.095180    0.063846    2.063846 ^ rst (in)
                                                         rst (net)
                      0.095180    0.000000    2.063846 ^ _369_/A (sky130_fd_sc_hd__inv_2)
    31    0.044220    0.189282    0.202346    2.266192 v _369_/Y (sky130_fd_sc_hd__inv_2)
                                                         _367_ (net)
                      0.189282    0.000000    2.266192 v _741_/B (sky130_fd_sc_hd__and2_2)
     1    0.001577    0.065044    0.460244    2.726435 v _741_/X (sky130_fd_sc_hd__and2_2)
                                                         _026_ (net)
                      0.065044    0.000000    2.726435 v _762_/D (sky130_fd_sc_hd__dfxtp_2)
                                              2.726435   data arrival time

                      0.150000   10.000000   10.000000   clock clk (rise edge)
                                  0.000000   10.000000   clock network delay (ideal)
                                 -0.250000    9.750000   clock uncertainty
                                  0.000000    9.750000   clock reconvergence pessimism
                                              9.750000 ^ _762_/CLK (sky130_fd_sc_hd__dfxtp_2)
                                 -0.250663    9.499337   library setup time
                                              9.499337   data required time
---------------------------------------------------------------------------------------------
                                              9.499337   data required time
                                             -2.726435   data arrival time
---------------------------------------------------------------------------------------------
                                              6.772902   slack (MET)


Startpoint: rst (input port clocked by clk)
Endpoint: _763_ (rising edge-triggered flip-flop clocked by clk)
Path Group: clk
Path Type: max

Fanout         Cap        Slew       Delay        Time   Description
---------------------------------------------------------------------------------------------
                      0.150000    0.000000    0.000000   clock clk (rise edge)
                                  0.000000    0.000000   clock network delay (ideal)
                                  2.000000    2.000000 ^ input external delay
     3    0.011708    0.095180    0.063846    2.063846 ^ rst (in)
                                                         rst (net)
                      0.095180    0.000000    2.063846 ^ _369_/A (sky130_fd_sc_hd__inv_2)
    31    0.044220    0.189282    0.202346    2.266192 v _369_/Y (sky130_fd_sc_hd__inv_2)
                                                         _367_ (net)
                      0.189282    0.000000    2.266192 v _742_/B (sky130_fd_sc_hd__and2_2)
     1    0.001577    0.065044    0.460244    2.726435 v _742_/X (sky130_fd_sc_hd__and2_2)
                                                         _027_ (net)
                      0.065044    0.000000    2.726435 v _763_/D (sky130_fd_sc_hd__dfxtp_2)
                                              2.726435   data arrival time

                      0.150000   10.000000   10.000000   clock clk (rise edge)
                                  0.000000   10.000000   clock network delay (ideal)
                                 -0.250000    9.750000   clock uncertainty
                                  0.000000    9.750000   clock reconvergence pessimism
                                              9.750000 ^ _763_/CLK (sky130_fd_sc_hd__dfxtp_2)
                                 -0.250663    9.499337   library setup time
                                              9.499337   data required time
---------------------------------------------------------------------------------------------
                                              9.499337   data required time
                                             -2.726435   data arrival time
---------------------------------------------------------------------------------------------
                                              6.772902   slack (MET)


Startpoint: rst (input port clocked by clk)
Endpoint: _764_ (rising edge-triggered flip-flop clocked by clk)
Path Group: clk
Path Type: max

Fanout         Cap        Slew       Delay        Time   Description
---------------------------------------------------------------------------------------------
                      0.150000    0.000000    0.000000   clock clk (rise edge)
                                  0.000000    0.000000   clock network delay (ideal)
                                  2.000000    2.000000 ^ input external delay
     3    0.011708    0.095180    0.063846    2.063846 ^ rst (in)
                                                         rst (net)
                      0.095180    0.000000    2.063846 ^ _369_/A (sky130_fd_sc_hd__inv_2)
    31    0.044220    0.189282    0.202346    2.266192 v _369_/Y (sky130_fd_sc_hd__inv_2)
                                                         _367_ (net)
                      0.189282    0.000000    2.266192 v _743_/B (sky130_fd_sc_hd__and2_2)
     1    0.001577    0.065044    0.460244    2.726435 v _743_/X (sky130_fd_sc_hd__and2_2)
                                                         _028_ (net)
                      0.065044    0.000000    2.726435 v _764_/D (sky130_fd_sc_hd__dfxtp_2)
                                              2.726435   data arrival time

                      0.150000   10.000000   10.000000   clock clk (rise edge)
                                  0.000000   10.000000   clock network delay (ideal)
                                 -0.250000    9.750000   clock uncertainty
                                  0.000000    9.750000   clock reconvergence pessimism
                                              9.750000 ^ _764_/CLK (sky130_fd_sc_hd__dfxtp_2)
                                 -0.250663    9.499337   library setup time
                                              9.499337   data required time
---------------------------------------------------------------------------------------------
                                              9.499337   data required time
                                             -2.726435   data arrival time
---------------------------------------------------------------------------------------------
                                              6.772902   slack (MET)


Startpoint: rst (input port clocked by clk)
Endpoint: _765_ (rising edge-triggered flip-flop clocked by clk)
Path Group: clk
Path Type: max

Fanout         Cap        Slew       Delay        Time   Description
---------------------------------------------------------------------------------------------
                      0.150000    0.000000    0.000000   clock clk (rise edge)
                                  0.000000    0.000000   clock network delay (ideal)
                                  2.000000    2.000000 ^ input external delay
     3    0.011708    0.095180    0.063846    2.063846 ^ rst (in)
                                                         rst (net)
                      0.095180    0.000000    2.063846 ^ _369_/A (sky130_fd_sc_hd__inv_2)
    31    0.044220    0.189282    0.202346    2.266192 v _369_/Y (sky130_fd_sc_hd__inv_2)
                                                         _367_ (net)
                      0.189282    0.000000    2.266192 v _744_/B (sky130_fd_sc_hd__and2_2)
     1    0.001577    0.065044    0.460244    2.726435 v _744_/X (sky130_fd_sc_hd__and2_2)
                                                         _029_ (net)
                      0.065044    0.000000    2.726435 v _765_/D (sky130_fd_sc_hd__dfxtp_2)
                                              2.726435   data arrival time

                      0.150000   10.000000   10.000000   clock clk (rise edge)
                                  0.000000   10.000000   clock network delay (ideal)
                                 -0.250000    9.750000   clock uncertainty
                                  0.000000    9.750000   clock reconvergence pessimism
                                              9.750000 ^ _765_/CLK (sky130_fd_sc_hd__dfxtp_2)
                                 -0.250663    9.499337   library setup time
                                              9.499337   data required time
---------------------------------------------------------------------------------------------
                                              9.499337   data required time
                                             -2.726435   data arrival time
---------------------------------------------------------------------------------------------
                                              6.772902   slack (MET)


Startpoint: rst (input port clocked by clk)
Endpoint: _766_ (rising edge-triggered flip-flop clocked by clk)
Path Group: clk
Path Type: max

Fanout         Cap        Slew       Delay        Time   Description
---------------------------------------------------------------------------------------------
                      0.150000    0.000000    0.000000   clock clk (rise edge)
                                  0.000000    0.000000   clock network delay (ideal)
                                  2.000000    2.000000 ^ input external delay
     3    0.011708    0.095180    0.063846    2.063846 ^ rst (in)
                                                         rst (net)
                      0.095180    0.000000    2.063846 ^ _369_/A (sky130_fd_sc_hd__inv_2)
    31    0.044220    0.189282    0.202346    2.266192 v _369_/Y (sky130_fd_sc_hd__inv_2)
                                                         _367_ (net)
                      0.189282    0.000000    2.266192 v _745_/B (sky130_fd_sc_hd__and2_2)
     1    0.001577    0.065044    0.460244    2.726435 v _745_/X (sky130_fd_sc_hd__and2_2)
                                                         _030_ (net)
                      0.065044    0.000000    2.726435 v _766_/D (sky130_fd_sc_hd__dfxtp_2)
                                              2.726435   data arrival time

                      0.150000   10.000000   10.000000   clock clk (rise edge)
                                  0.000000   10.000000   clock network delay (ideal)
                                 -0.250000    9.750000   clock uncertainty
                                  0.000000    9.750000   clock reconvergence pessimism
                                              9.750000 ^ _766_/CLK (sky130_fd_sc_hd__dfxtp_2)
                                 -0.250663    9.499337   library setup time
                                              9.499337   data required time
---------------------------------------------------------------------------------------------
                                              9.499337   data required time
                                             -2.726435   data arrival time
---------------------------------------------------------------------------------------------
                                              6.772902   slack (MET)


Startpoint: rst (input port clocked by clk)
Endpoint: _767_ (rising edge-triggered flip-flop clocked by clk)
Path Group: clk
Path Type: max

Fanout         Cap        Slew       Delay        Time   Description
---------------------------------------------------------------------------------------------
                      0.150000    0.000000    0.000000   clock clk (rise edge)
                                  0.000000    0.000000   clock network delay (ideal)
                                  2.000000    2.000000 ^ input external delay
     3    0.011708    0.095180    0.063846    2.063846 ^ rst (in)
                                                         rst (net)
                      0.095180    0.000000    2.063846 ^ _369_/A (sky130_fd_sc_hd__inv_2)
    31    0.044220    0.189282    0.202346    2.266192 v _369_/Y (sky130_fd_sc_hd__inv_2)
                                                         _367_ (net)
                      0.189282    0.000000    2.266192 v _746_/B (sky130_fd_sc_hd__and2_2)
     1    0.001577    0.065044    0.460244    2.726435 v _746_/X (sky130_fd_sc_hd__and2_2)
                                                         _031_ (net)
                      0.065044    0.000000    2.726435 v _767_/D (sky130_fd_sc_hd__dfxtp_2)
                                              2.726435   data arrival time

                      0.150000   10.000000   10.000000   clock clk (rise edge)
                                  0.000000   10.000000   clock network delay (ideal)
                                 -0.250000    9.750000   clock uncertainty
                                  0.000000    9.750000   clock reconvergence pessimism
                                              9.750000 ^ _767_/CLK (sky130_fd_sc_hd__dfxtp_2)
                                 -0.250663    9.499337   library setup time
                                              9.499337   data required time
---------------------------------------------------------------------------------------------
                                              9.499337   data required time
                                             -2.726435   data arrival time
---------------------------------------------------------------------------------------------
                                              6.772902   slack (MET)


Startpoint: rst (input port clocked by clk)
Endpoint: _768_ (rising edge-triggered flip-flop clocked by clk)
Path Group: clk
Path Type: max

Fanout         Cap        Slew       Delay        Time   Description
---------------------------------------------------------------------------------------------
                      0.150000    0.000000    0.000000   clock clk (rise edge)
                                  0.000000    0.000000   clock network delay (ideal)
                                  2.000000    2.000000 ^ input external delay
     3    0.011708    0.095180    0.063846    2.063846 ^ rst (in)
                                                         rst (net)
                      0.095180    0.000000    2.063846 ^ _369_/A (sky130_fd_sc_hd__inv_2)
    31    0.044220    0.189282    0.202346    2.266192 v _369_/Y (sky130_fd_sc_hd__inv_2)
                                                         _367_ (net)
                      0.189282    0.000000    2.266192 v _747_/B (sky130_fd_sc_hd__and2_2)
     1    0.001577    0.065044    0.460244    2.726435 v _747_/X (sky130_fd_sc_hd__and2_2)
                                                         _032_ (net)
                      0.065044    0.000000    2.726435 v _768_/D (sky130_fd_sc_hd__dfxtp_2)
                                              2.726435   data arrival time

                      0.150000   10.000000   10.000000   clock clk (rise edge)
                                  0.000000   10.000000   clock network delay (ideal)
                                 -0.250000    9.750000   clock uncertainty
                                  0.000000    9.750000   clock reconvergence pessimism
                                              9.750000 ^ _768_/CLK (sky130_fd_sc_hd__dfxtp_2)
                                 -0.250663    9.499337   library setup time
                                              9.499337   data required time
---------------------------------------------------------------------------------------------
                                              9.499337   data required time
                                             -2.726435   data arrival time
---------------------------------------------------------------------------------------------
                                              6.772902   slack (MET)


Startpoint: rst (input port clocked by clk)
Endpoint: _780_ (rising edge-triggered flip-flop clocked by clk)
Path Group: clk
Path Type: max

Fanout         Cap        Slew       Delay        Time   Description
---------------------------------------------------------------------------------------------
                      0.150000    0.000000    0.000000   clock clk (rise edge)
                                  0.000000    0.000000   clock network delay (ideal)
                                  2.000000    2.000000 ^ input external delay
     3    0.011708    0.095180    0.063846    2.063846 ^ rst (in)
                                                         rst (net)
                      0.095180    0.000000    2.063846 ^ _369_/A (sky130_fd_sc_hd__inv_2)
    31    0.044220    0.189282    0.202346    2.266192 v _369_/Y (sky130_fd_sc_hd__inv_2)
                                                         _367_ (net)
                      0.189282    0.000000    2.266192 v _706_/B (sky130_fd_sc_hd__and2_2)
     1    0.001577    0.065044    0.460244    2.726435 v _706_/X (sky130_fd_sc_hd__and2_2)
                                                         _010_ (net)
                      0.065044    0.000000    2.726435 v _780_/D (sky130_fd_sc_hd__dfxtp_2)
                                              2.726435   data arrival time

                      0.150000   10.000000   10.000000   clock clk (rise edge)
                                  0.000000   10.000000   clock network delay (ideal)
                                 -0.250000    9.750000   clock uncertainty
                                  0.000000    9.750000   clock reconvergence pessimism
                                              9.750000 ^ _780_/CLK (sky130_fd_sc_hd__dfxtp_2)
                                 -0.250663    9.499337   library setup time
                                              9.499337   data required time
---------------------------------------------------------------------------------------------
                                              9.499337   data required time
                                             -2.726435   data arrival time
---------------------------------------------------------------------------------------------
                                              6.772902   slack (MET)


Startpoint: _755_ (rising edge-triggered flip-flop clocked by clk)
Endpoint: diag_busy (output port clocked by clk)
Path Group: clk
Path Type: max

Fanout         Cap        Slew       Delay        Time   Description
---------------------------------------------------------------------------------------------
                      0.150000    0.000000    0.000000   clock clk (rise edge)
                                  0.000000    0.000000   clock network delay (ideal)
                      0.150000    0.000000    0.000000 ^ _755_/CLK (sky130_fd_sc_hd__dfxtp_2)
     6    0.046772    0.381707    0.972045    0.972045 ^ _755_/Q (sky130_fd_sc_hd__dfxtp_2)
                                                         diag_busy (net)
                      0.381707    0.000000    0.972045 ^ diag_busy (out)
                                              0.972045   data arrival time

                      0.150000   10.000000   10.000000   clock clk (rise edge)
                                  0.000000   10.000000   clock network delay (ideal)
                                 -0.250000    9.750000   clock uncertainty
                                  0.000000    9.750000   clock reconvergence pessimism
                                 -2.000000    7.750000   output external delay
                                              7.750000   data required time
---------------------------------------------------------------------------------------------
                                              7.750000   data required time
                                             -0.972045   data arrival time
---------------------------------------------------------------------------------------------
                                              6.777955   slack (MET)


Startpoint: rst (input port clocked by clk)
Endpoint: _772_ (rising edge-triggered flip-flop clocked by clk)
Path Group: clk
Path Type: max

Fanout         Cap        Slew       Delay        Time   Description
---------------------------------------------------------------------------------------------
                      0.150000    0.000000    0.000000   clock clk (rise edge)
                                  0.000000    0.000000   clock network delay (ideal)
                                  2.000000    2.000000 ^ input external delay
     3    0.011708    0.095180    0.063846    2.063846 ^ rst (in)
                                                         rst (net)
                      0.095180    0.000000    2.063846 ^ _369_/A (sky130_fd_sc_hd__inv_2)
    31    0.044220    0.189282    0.202346    2.266192 v _369_/Y (sky130_fd_sc_hd__inv_2)
                                                         _367_ (net)
                      0.189282    0.000000    2.266192 v _715_/A (sky130_fd_sc_hd__and2_2)
     1    0.001577    0.065007    0.412236    2.678427 v _715_/X (sky130_fd_sc_hd__and2_2)
                                                         _002_ (net)
                      0.065007    0.000000    2.678427 v _772_/D (sky130_fd_sc_hd__dfxtp_2)
                                              2.678427   data arrival time

                      0.150000   10.000000   10.000000   clock clk (rise edge)
                                  0.000000   10.000000   clock network delay (ideal)
                                 -0.250000    9.750000   clock uncertainty
                                  0.000000    9.750000   clock reconvergence pessimism
                                              9.750000 ^ _772_/CLK (sky130_fd_sc_hd__dfxtp_2)
                                 -0.250647    9.499352   library setup time
                                              9.499352   data required time
---------------------------------------------------------------------------------------------
                                              9.499352   data required time
                                             -2.678427   data arrival time
---------------------------------------------------------------------------------------------
                                              6.820925   slack (MET)


Startpoint: rst (input port clocked by clk)
Endpoint: _774_ (rising edge-triggered flip-flop clocked by clk)
Path Group: clk
Path Type: max

Fanout         Cap        Slew       Delay        Time   Description
---------------------------------------------------------------------------------------------
                      0.150000    0.000000    0.000000   clock clk (rise edge)
                                  0.000000    0.000000   clock network delay (ideal)
                                  2.000000    2.000000 ^ input external delay
     3    0.011708    0.095180    0.063846    2.063846 ^ rst (in)
                                                         rst (net)
                      0.095180    0.000000    2.063846 ^ _369_/A (sky130_fd_sc_hd__inv_2)
    31    0.044220    0.189282    0.202346    2.266192 v _369_/Y (sky130_fd_sc_hd__inv_2)
                                                         _367_ (net)
                      0.189282    0.000000    2.266192 v _713_/A (sky130_fd_sc_hd__and2_2)
     1    0.001577    0.065004    0.412236    2.678427 v _713_/X (sky130_fd_sc_hd__and2_2)
                                                         _004_ (net)
                      0.065004    0.000000    2.678427 v _774_/D (sky130_fd_sc_hd__dfxtp_2)
                                              2.678427   data arrival time

                      0.150000   10.000000   10.000000   clock clk (rise edge)
                                  0.000000   10.000000   clock network delay (ideal)
                                 -0.250000    9.750000   clock uncertainty
                                  0.000000    9.750000   clock reconvergence pessimism
                                              9.750000 ^ _774_/CLK (sky130_fd_sc_hd__dfxtp_2)
                                 -0.250646    9.499354   library setup time
                                              9.499354   data required time
---------------------------------------------------------------------------------------------
                                              9.499354   data required time
                                             -2.678427   data arrival time
---------------------------------------------------------------------------------------------
                                              6.820927   slack (MET)


Startpoint: rst (input port clocked by clk)
Endpoint: _778_ (rising edge-triggered flip-flop clocked by clk)
Path Group: clk
Path Type: max

Fanout         Cap        Slew       Delay        Time   Description
---------------------------------------------------------------------------------------------
                      0.150000    0.000000    0.000000   clock clk (rise edge)
                                  0.000000    0.000000   clock network delay (ideal)
                                  2.000000    2.000000 ^ input external delay
     3    0.011708    0.095180    0.063846    2.063846 ^ rst (in)
                                                         rst (net)
                      0.095180    0.000000    2.063846 ^ _369_/A (sky130_fd_sc_hd__inv_2)
    31    0.044220    0.189282    0.202346    2.266192 v _369_/Y (sky130_fd_sc_hd__inv_2)
                                                         _367_ (net)
                      0.189282    0.000000    2.266192 v _708_/A (sky130_fd_sc_hd__and2_2)
     1    0.001577    0.065004    0.412236    2.678427 v _708_/X (sky130_fd_sc_hd__and2_2)
                                                         _008_ (net)
                      0.065004    0.000000    2.678427 v _778_/D (sky130_fd_sc_hd__dfxtp_2)
                                              2.678427   data arrival time

                      0.150000   10.000000   10.000000   clock clk (rise edge)
                                  0.000000   10.000000   clock network delay (ideal)
                                 -0.250000    9.750000   clock uncertainty
                                  0.000000    9.750000   clock reconvergence pessimism
                                              9.750000 ^ _778_/CLK (sky130_fd_sc_hd__dfxtp_2)
                                 -0.250646    9.499354   library setup time
                                              9.499354   data required time
---------------------------------------------------------------------------------------------
                                              9.499354   data required time
                                             -2.678427   data arrival time
---------------------------------------------------------------------------------------------
                                              6.820927   slack (MET)


Startpoint: rst (input port clocked by clk)
Endpoint: _756_ (rising edge-triggered flip-flop clocked by clk)
Path Group: clk
Path Type: max

Fanout         Cap        Slew       Delay        Time   Description
---------------------------------------------------------------------------------------------
                      0.150000    0.000000    0.000000   clock clk (rise edge)
                                  0.000000    0.000000   clock network delay (ideal)
                                  2.000000    2.000000 ^ input external delay
     3    0.011708    0.095180    0.063846    2.063846 ^ rst (in)
                                                         rst (net)
                      0.095180    0.000000    2.063846 ^ _369_/A (sky130_fd_sc_hd__inv_2)
    31    0.044220    0.189282    0.202346    2.266192 v _369_/Y (sky130_fd_sc_hd__inv_2)
                                                         _367_ (net)
                      0.189282    0.000000    2.266192 v _735_/A (sky130_fd_sc_hd__and2_2)
     1    0.001577    0.064968    0.412236    2.678427 v _735_/X (sky130_fd_sc_hd__and2_2)
                                                         _020_ (net)
                      0.064968    0.000000    2.678427 v _756_/D (sky130_fd_sc_hd__dfxtp_2)
                                              2.678427   data arrival time

                      0.150000   10.000000   10.000000   clock clk (rise edge)
                                  0.000000   10.000000   clock network delay (ideal)
                                 -0.250000    9.750000   clock uncertainty
                                  0.000000    9.750000   clock reconvergence pessimism
                                              9.750000 ^ _756_/CLK (sky130_fd_sc_hd__dfxtp_2)
                                 -0.250631    9.499369   library setup time
                                              9.499369   data required time
---------------------------------------------------------------------------------------------
                                              9.499369   data required time
                                             -2.678427   data arrival time
---------------------------------------------------------------------------------------------
                                              6.820941   slack (MET)


Startpoint: rst (input port clocked by clk)
Endpoint: _770_ (rising edge-triggered flip-flop clocked by clk)
Path Group: clk
Path Type: max

Fanout         Cap        Slew       Delay        Time   Description
---------------------------------------------------------------------------------------------
                      0.150000    0.000000    0.000000   clock clk (rise edge)
                                  0.000000    0.000000   clock network delay (ideal)
                                  2.000000    2.000000 ^ input external delay
     3    0.011708    0.095180    0.063846    2.063846 ^ rst (in)
                                                         rst (net)
                      0.095180    0.000000    2.063846 ^ _369_/A (sky130_fd_sc_hd__inv_2)
    31    0.044220    0.189282    0.202346    2.266192 v _369_/Y (sky130_fd_sc_hd__inv_2)
                                                         _367_ (net)
                      0.189282    0.000000    2.266192 v _717_/A (sky130_fd_sc_hd__and2_2)
     1    0.001577    0.064919    0.412236    2.678427 v _717_/X (sky130_fd_sc_hd__and2_2)
                                                         _000_ (net)
                      0.064919    0.000000    2.678427 v _770_/D (sky130_fd_sc_hd__dfxtp_2)
                                              2.678427   data arrival time

                      0.150000   10.000000   10.000000   clock clk (rise edge)
                                  0.000000   10.000000   clock network delay (ideal)
                                 -0.250000    9.750000   clock uncertainty
                                  0.000000    9.750000   clock reconvergence pessimism
                                              9.750000 ^ _770_/CLK (sky130_fd_sc_hd__dfxtp_2)
                                 -0.250610    9.499390   library setup time
                                              9.499390   data required time
---------------------------------------------------------------------------------------------
                                              9.499390   data required time
                                             -2.678427   data arrival time
---------------------------------------------------------------------------------------------
                                              6.820962   slack (MET)


Startpoint: rst (input port clocked by clk)
Endpoint: _773_ (rising edge-triggered flip-flop clocked by clk)
Path Group: clk
Path Type: max

Fanout         Cap        Slew       Delay        Time   Description
---------------------------------------------------------------------------------------------
                      0.150000    0.000000    0.000000   clock clk (rise edge)
                                  0.000000    0.000000   clock network delay (ideal)
                                  2.000000    2.000000 ^ input external delay
     3    0.011708    0.095180    0.063846    2.063846 ^ rst (in)
                                                         rst (net)
                      0.095180    0.000000    2.063846 ^ _369_/A (sky130_fd_sc_hd__inv_2)
    31    0.044220    0.189282    0.202346    2.266192 v _369_/Y (sky130_fd_sc_hd__inv_2)
                                                         _367_ (net)
                      0.189282    0.000000    2.266192 v _714_/A (sky130_fd_sc_hd__and2_2)
     1    0.001577    0.064920    0.412236    2.678427 v _714_/X (sky130_fd_sc_hd__and2_2)
                                                         _003_ (net)
                      0.064920    0.000000    2.678427 v _773_/D (sky130_fd_sc_hd__dfxtp_2)
                                              2.678427   data arrival time

                      0.150000   10.000000   10.000000   clock clk (rise edge)
                                  0.000000   10.000000   clock network delay (ideal)
                                 -0.250000    9.750000   clock uncertainty
                                  0.000000    9.750000   clock reconvergence pessimism
                                              9.750000 ^ _773_/CLK (sky130_fd_sc_hd__dfxtp_2)
                                 -0.250611    9.499389   library setup time
                                              9.499389   data required time
---------------------------------------------------------------------------------------------
                                              9.499389   data required time
                                             -2.678427   data arrival time
---------------------------------------------------------------------------------------------
                                              6.820962   slack (MET)


Startpoint: rst (input port clocked by clk)
Endpoint: _776_ (rising edge-triggered flip-flop clocked by clk)
Path Group: clk
Path Type: max

Fanout         Cap        Slew       Delay        Time   Description
---------------------------------------------------------------------------------------------
                      0.150000    0.000000    0.000000   clock clk (rise edge)
                                  0.000000    0.000000   clock network delay (ideal)
                                  2.000000    2.000000 ^ input external delay
     3    0.011708    0.095180    0.063846    2.063846 ^ rst (in)
                                                         rst (net)
                      0.095180    0.000000    2.063846 ^ _369_/A (sky130_fd_sc_hd__inv_2)
    31    0.044220    0.189282    0.202346    2.266192 v _369_/Y (sky130_fd_sc_hd__inv_2)
                                                         _367_ (net)
                      0.189282    0.000000    2.266192 v _710_/A (sky130_fd_sc_hd__and2_2)
     1    0.001577    0.064915    0.412236    2.678427 v _710_/X (sky130_fd_sc_hd__and2_2)
                                                         _006_ (net)
                      0.064915    0.000000    2.678427 v _776_/D (sky130_fd_sc_hd__dfxtp_2)
                                              2.678427   data arrival time

                      0.150000   10.000000   10.000000   clock clk (rise edge)
                                  0.000000   10.000000   clock network delay (ideal)
                                 -0.250000    9.750000   clock uncertainty
                                  0.000000    9.750000   clock reconvergence pessimism
                                              9.750000 ^ _776_/CLK (sky130_fd_sc_hd__dfxtp_2)
                                 -0.250609    9.499391   library setup time
                                              9.499391   data required time
---------------------------------------------------------------------------------------------
                                              9.499391   data required time
                                             -2.678427   data arrival time
---------------------------------------------------------------------------------------------
                                              6.820963   slack (MET)


Startpoint: rst (input port clocked by clk)
Endpoint: _771_ (rising edge-triggered flip-flop clocked by clk)
Path Group: clk
Path Type: max

Fanout         Cap        Slew       Delay        Time   Description
---------------------------------------------------------------------------------------------
                      0.150000    0.000000    0.000000   clock clk (rise edge)
                                  0.000000    0.000000   clock network delay (ideal)
                                  2.000000    2.000000 ^ input external delay
     3    0.011708    0.095180    0.063846    2.063846 ^ rst (in)
                                                         rst (net)
                      0.095180    0.000000    2.063846 ^ _369_/A (sky130_fd_sc_hd__inv_2)
    31    0.044220    0.189282    0.202346    2.266192 v _369_/Y (sky130_fd_sc_hd__inv_2)
                                                         _367_ (net)
                      0.189282    0.000000    2.266192 v _716_/A (sky130_fd_sc_hd__and2_2)
     1    0.001577    0.064893    0.412236    2.678427 v _716_/X (sky130_fd_sc_hd__and2_2)
                                                         _001_ (net)
                      0.064893    0.000000    2.678427 v _771_/D (sky130_fd_sc_hd__dfxtp_2)
                                              2.678427   data arrival time

                      0.150000   10.000000   10.000000   clock clk (rise edge)
                                  0.000000   10.000000   clock network delay (ideal)
                                 -0.250000    9.750000   clock uncertainty
                                  0.000000    9.750000   clock reconvergence pessimism
                                              9.750000 ^ _771_/CLK (sky130_fd_sc_hd__dfxtp_2)
                                 -0.250600    9.499401   library setup time
                                              9.499401   data required time
---------------------------------------------------------------------------------------------
                                              9.499401   data required time
                                             -2.678427   data arrival time
---------------------------------------------------------------------------------------------
                                              6.820973   slack (MET)


Startpoint: rst (input port clocked by clk)
Endpoint: _777_ (rising edge-triggered flip-flop clocked by clk)
Path Group: clk
Path Type: max

Fanout         Cap        Slew       Delay        Time   Description
---------------------------------------------------------------------------------------------
                      0.150000    0.000000    0.000000   clock clk (rise edge)
                                  0.000000    0.000000   clock network delay (ideal)
                                  2.000000    2.000000 ^ input external delay
     3    0.011708    0.095180    0.063846    2.063846 ^ rst (in)
                                                         rst (net)
                      0.095180    0.000000    2.063846 ^ _369_/A (sky130_fd_sc_hd__inv_2)
    31    0.044220    0.189282    0.202346    2.266192 v _369_/Y (sky130_fd_sc_hd__inv_2)
                                                         _367_ (net)
                      0.189282    0.000000    2.266192 v _709_/A (sky130_fd_sc_hd__and2_2)
     1    0.001577    0.064890    0.412236    2.678427 v _709_/X (sky130_fd_sc_hd__and2_2)
                                                         _007_ (net)
                      0.064890    0.000000    2.678427 v _777_/D (sky130_fd_sc_hd__dfxtp_2)
                                              2.678427   data arrival time

                      0.150000   10.000000   10.000000   clock clk (rise edge)
                                  0.000000   10.000000   clock network delay (ideal)
                                 -0.250000    9.750000   clock uncertainty
                                  0.000000    9.750000   clock reconvergence pessimism
                                              9.750000 ^ _777_/CLK (sky130_fd_sc_hd__dfxtp_2)
                                 -0.250599    9.499401   library setup time
                                              9.499401   data required time
---------------------------------------------------------------------------------------------
                                              9.499401   data required time
                                             -2.678427   data arrival time
---------------------------------------------------------------------------------------------
                                              6.820974   slack (MET)


Startpoint: rst (input port clocked by clk)
Endpoint: _779_ (rising edge-triggered flip-flop clocked by clk)
Path Group: clk
Path Type: max

Fanout         Cap        Slew       Delay        Time   Description
---------------------------------------------------------------------------------------------
                      0.150000    0.000000    0.000000   clock clk (rise edge)
                                  0.000000    0.000000   clock network delay (ideal)
                                  2.000000    2.000000 ^ input external delay
     3    0.011708    0.095180    0.063846    2.063846 ^ rst (in)
                                                         rst (net)
                      0.095180    0.000000    2.063846 ^ _369_/A (sky130_fd_sc_hd__inv_2)
    31    0.044220    0.189282    0.202346    2.266192 v _369_/Y (sky130_fd_sc_hd__inv_2)
                                                         _367_ (net)
                      0.189282    0.000000    2.266192 v _707_/A (sky130_fd_sc_hd__and2_2)
     1    0.001577    0.064904    0.412236    2.678427 v _707_/X (sky130_fd_sc_hd__and2_2)
                                                         _009_ (net)
                      0.064904    0.000000    2.678427 v _779_/D (sky130_fd_sc_hd__dfxtp_2)
                                              2.678427   data arrival time

                      0.150000   10.000000   10.000000   clock clk (rise edge)
                                  0.000000   10.000000   clock network delay (ideal)
                                 -0.250000    9.750000   clock uncertainty
                                  0.000000    9.750000   clock reconvergence pessimism
                                              9.750000 ^ _779_/CLK (sky130_fd_sc_hd__dfxtp_2)
                                 -0.250604    9.499395   library setup time
                                              9.499395   data required time
---------------------------------------------------------------------------------------------
                                              9.499395   data required time
                                             -2.678427   data arrival time
---------------------------------------------------------------------------------------------
                                              6.820968   slack (MET)


Startpoint: _756_ (rising edge-triggered flip-flop clocked by clk)
Endpoint: diag_done (output port clocked by clk)
Path Group: clk
Path Type: max

Fanout         Cap        Slew       Delay        Time   Description
---------------------------------------------------------------------------------------------
                      0.150000    0.000000    0.000000   clock clk (rise edge)
                                  0.000000    0.000000   clock network delay (ideal)
                      0.150000    0.000000    0.000000 ^ _756_/CLK (sky130_fd_sc_hd__dfxtp_2)
     1    0.033442    0.280322    0.894701    0.894701 ^ _756_/Q (sky130_fd_sc_hd__dfxtp_2)
                                                         diag_done (net)
                      0.280322    0.000000    0.894701 ^ diag_done (out)
                                              0.894701   data arrival time

                      0.150000   10.000000   10.000000   clock clk (rise edge)
                                  0.000000   10.000000   clock network delay (ideal)
                                 -0.250000    9.750000   clock uncertainty
                                  0.000000    9.750000   clock reconvergence pessimism
                                 -2.000000    7.750000   output external delay
                                              7.750000   data required time
---------------------------------------------------------------------------------------------
                                              7.750000   data required time
                                             -0.894701   data arrival time
---------------------------------------------------------------------------------------------
                                              6.855299   slack (MET)


Startpoint: start_diag (input port clocked by clk)
Endpoint: _769_ (rising edge-triggered flip-flop clocked by clk)
Path Group: clk
Path Type: max

Fanout         Cap        Slew       Delay        Time   Description
---------------------------------------------------------------------------------------------
                      0.150000    0.000000    0.000000   clock clk (rise edge)
                                  0.000000    0.000000   clock network delay (ideal)
                                  2.000000    2.000000 ^ input external delay
     2    0.006025    0.056058    0.034253    2.034254 ^ start_diag (in)
                                                         start_diag (net)
                      0.056058    0.000000    2.034254 ^ _370_/A (sky130_fd_sc_hd__inv_2)
     1    0.002293    0.020754    0.047784    2.082037 v _370_/Y (sky130_fd_sc_hd__inv_2)
                                                         _368_ (net)
                      0.020754    0.000000    2.082037 v _718_/A1 (sky130_fd_sc_hd__a211o_2)
     1    0.001577    0.073982    0.543997    2.626034 v _718_/X (sky130_fd_sc_hd__a211o_2)
                                                         _011_ (net)
                      0.073982    0.000000    2.626034 v _769_/D (sky130_fd_sc_hd__dfxtp_2)
                                              2.626034   data arrival time

                      0.150000   10.000000   10.000000   clock clk (rise edge)
                                  0.000000   10.000000   clock network delay (ideal)
                                 -0.250000    9.750000   clock uncertainty
                                  0.000000    9.750000   clock reconvergence pessimism
                                              9.750000 ^ _769_/CLK (sky130_fd_sc_hd__dfxtp_2)
                                 -0.254373    9.495626   library setup time
                                              9.495626   data required time
---------------------------------------------------------------------------------------------
                                              9.495626   data required time
                                             -2.626034   data arrival time
---------------------------------------------------------------------------------------------
                                              6.869593   slack (MET)


Startpoint: rst (input port clocked by clk)
Endpoint: _748_ (rising edge-triggered flip-flop clocked by clk)
Path Group: clk
Path Type: max

Fanout         Cap        Slew       Delay        Time   Description
---------------------------------------------------------------------------------------------
                      0.150000    0.000000    0.000000   clock clk (rise edge)
                                  0.000000    0.000000   clock network delay (ideal)
                                  2.000000    2.000000 v input external delay
     3    0.010754    0.051473    0.035238    2.035238 v rst (in)
                                                         rst (net)
                      0.051473    0.000000    2.035238 v _369_/A (sky130_fd_sc_hd__inv_2)
    31    0.046580    0.341974    0.292611    2.327849 ^ _369_/Y (sky130_fd_sc_hd__inv_2)
                                                         _367_ (net)
                      0.341974    0.000000    2.327849 ^ _719_/B1 (sky130_fd_sc_hd__o41a_2)
     1    0.001537    0.053717    0.374380    2.702229 ^ _719_/X (sky130_fd_sc_hd__o41a_2)
                                                         _012_ (net)
                      0.053717    0.000000    2.702229 ^ _748_/D (sky130_fd_sc_hd__dfxtp_2)
                                              2.702229   data arrival time

                      0.150000   10.000000   10.000000   clock clk (rise edge)
                                  0.000000   10.000000   clock network delay (ideal)
                                 -0.250000    9.750000   clock uncertainty
                                  0.000000    9.750000   clock reconvergence pessimism
                                              9.750000 ^ _748_/CLK (sky130_fd_sc_hd__dfxtp_2)
                                 -0.122921    9.627079   library setup time
                                              9.627079   data required time
---------------------------------------------------------------------------------------------
                                              9.627079   data required time
                                             -2.702229   data arrival time
---------------------------------------------------------------------------------------------
                                              6.924850   slack (MET)



%OL_END_REPORT
%OL_CREATE_REPORT checks.rpt

===========================================================================
report_checks -unconstrained
===========================================================================
======================= nom_ss_100C_1v60 Corner ===================================

Startpoint: h0[1] (input port clocked by clk)
Endpoint: y[8] (output port clocked by clk)
Path Group: clk
Path Type: max

Fanout         Cap        Slew       Delay        Time   Description
---------------------------------------------------------------------------------------------
                      0.150000    0.000000    0.000000   clock clk (rise edge)
                                  0.000000    0.000000   clock network delay (ideal)
                                  2.000000    2.000000 v input external delay
     8    0.024172    0.107020    0.077980    2.077980 v h0[1] (in)
                                                         h0[1] (net)
                      0.107020    0.000000    2.077980 v _453_/A2 (sky130_fd_sc_hd__a22o_2)
     2    0.006468    0.087413    0.528285    2.606265 v _453_/X (sky130_fd_sc_hd__a22o_2)
                                                         _114_ (net)
                      0.087413    0.000000    2.606265 v _454_/B2 (sky130_fd_sc_hd__a22o_2)
     2    0.006691    0.088417    0.462977    3.069242 v _454_/X (sky130_fd_sc_hd__a22o_2)
                                                         _115_ (net)
                      0.088417    0.000000    3.069242 v _457_/A1 (sky130_fd_sc_hd__a21o_2)
     2    0.006468    0.077850    0.393261    3.462503 v _457_/X (sky130_fd_sc_hd__a21o_2)
                                                         _118_ (net)
                      0.077850    0.000000    3.462503 v _459_/B2 (sky130_fd_sc_hd__a22o_2)
     2    0.006568    0.087881    0.458407    3.920910 v _459_/X (sky130_fd_sc_hd__a22o_2)
                                                         _120_ (net)
                      0.087881    0.000000    3.920910 v _461_/A2 (sky130_fd_sc_hd__a21o_2)
     3    0.008864    0.087435    0.439116    4.360026 v _461_/X (sky130_fd_sc_hd__a21o_2)
                                                         _122_ (net)
                      0.087435    0.000000    4.360026 v _534_/A2 (sky130_fd_sc_hd__a21bo_2)
     3    0.013039    0.108190    0.467083    4.827109 v _534_/X (sky130_fd_sc_hd__a21bo_2)
                                                         _194_ (net)
                      0.108190    0.000000    4.827109 v _656_/A1 (sky130_fd_sc_hd__a211o_2)
     1    0.002359    0.079409    0.590955    5.418065 v _656_/X (sky130_fd_sc_hd__a211o_2)
                                                         _314_ (net)
                      0.079409    0.000000    5.418065 v _657_/B1 (sky130_fd_sc_hd__o21a_2)
     2    0.009375    0.091793    0.258552    5.676616 v _657_/X (sky130_fd_sc_hd__o21a_2)
                                                         _315_ (net)
                      0.091793    0.000000    5.676616 v _658_/B (sky130_fd_sc_hd__and2_2)
     1    0.001248    0.062596    0.406021    6.082638 v _658_/X (sky130_fd_sc_hd__and2_2)
                                                         _316_ (net)
                      0.062596    0.000000    6.082638 v _681_/C (sky130_fd_sc_hd__or3_2)
     2    0.009375    0.210739    1.093491    7.176128 v _681_/X (sky130_fd_sc_hd__or3_2)
                                                         _338_ (net)
                      0.210739    0.000000    7.176128 v _683_/B (sky130_fd_sc_hd__xor2_2)
     2    0.009709    0.131574    0.361967    7.538095 v _683_/X (sky130_fd_sc_hd__xor2_2)
                                                         _340_ (net)
                      0.131574    0.000000    7.538095 v _685_/B (sky130_fd_sc_hd__xnor2_2)
     2    0.010091    0.144615    0.312054    7.850149 v _685_/Y (sky130_fd_sc_hd__xnor2_2)
                                                         _342_ (net)
                      0.144615    0.000000    7.850149 v _689_/A (sky130_fd_sc_hd__xor2_2)
     2    0.009375    0.138121    0.381227    8.231377 v _689_/X (sky130_fd_sc_hd__xor2_2)
                                                         _346_ (net)
                      0.138121    0.000000    8.231377 v _690_/B (sky130_fd_sc_hd__and2_2)
     2    0.003485    0.074805    0.450117    8.681494 v _690_/X (sky130_fd_sc_hd__and2_2)
                                                         _347_ (net)
                      0.074805    0.000000    8.681494 v _699_/D (sky130_fd_sc_hd__or4_2)
     2    0.003731    0.225900    1.376501   10.057995 v _699_/X (sky130_fd_sc_hd__or4_2)
                                                         _355_ (net)
                      0.225900    0.000000   10.057995 v _700_/B (sky130_fd_sc_hd__and2b_2)
     1    0.008022    0.096449    0.535958   10.593953 v _700_/X (sky130_fd_sc_hd__and2b_2)
                                                         _356_ (net)
                      0.096449    0.000000   10.593953 v _701_/B (sky130_fd_sc_hd__xor2_2)
     1    0.033442    0.668328    0.612095   11.206048 ^ _701_/X (sky130_fd_sc_hd__xor2_2)
                                                         y[8] (net)
                      0.668328    0.000000   11.206048 ^ y[8] (out)
                                             11.206048   data arrival time

                      0.150000   10.000000   10.000000   clock clk (rise edge)
                                  0.000000   10.000000   clock network delay (ideal)
                                 -0.250000    9.750000   clock uncertainty
                                  0.000000    9.750000   clock reconvergence pessimism
                                 -2.000000    7.750000   output external delay
                                              7.750000   data required time
---------------------------------------------------------------------------------------------
                                              7.750000   data required time
                                            -11.206048   data arrival time
---------------------------------------------------------------------------------------------
                                             -3.456048   slack (VIOLATED)




===========================================================================
report_checks --slack_max -0.01
============================================================================
======================= nom_ss_100C_1v60 Corner ===================================

Startpoint: h0[1] (input port clocked by clk)
Endpoint: y[8] (output port clocked by clk)
Path Group: clk
Path Type: max

Fanout         Cap        Slew       Delay        Time   Description
---------------------------------------------------------------------------------------------
                      0.150000    0.000000    0.000000   clock clk (rise edge)
                                  0.000000    0.000000   clock network delay (ideal)
                                  2.000000    2.000000 v input external delay
     8    0.024172    0.107020    0.077980    2.077980 v h0[1] (in)
                                                         h0[1] (net)
                      0.107020    0.000000    2.077980 v _453_/A2 (sky130_fd_sc_hd__a22o_2)
     2    0.006468    0.087413    0.528285    2.606265 v _453_/X (sky130_fd_sc_hd__a22o_2)
                                                         _114_ (net)
                      0.087413    0.000000    2.606265 v _454_/B2 (sky130_fd_sc_hd__a22o_2)
     2    0.006691    0.088417    0.462977    3.069242 v _454_/X (sky130_fd_sc_hd__a22o_2)
                                                         _115_ (net)
                      0.088417    0.000000    3.069242 v _457_/A1 (sky130_fd_sc_hd__a21o_2)
     2    0.006468    0.077850    0.393261    3.462503 v _457_/X (sky130_fd_sc_hd__a21o_2)
                                                         _118_ (net)
                      0.077850    0.000000    3.462503 v _459_/B2 (sky130_fd_sc_hd__a22o_2)
     2    0.006568    0.087881    0.458407    3.920910 v _459_/X (sky130_fd_sc_hd__a22o_2)
                                                         _120_ (net)
                      0.087881    0.000000    3.920910 v _461_/A2 (sky130_fd_sc_hd__a21o_2)
     3    0.008864    0.087435    0.439116    4.360026 v _461_/X (sky130_fd_sc_hd__a21o_2)
                                                         _122_ (net)
                      0.087435    0.000000    4.360026 v _534_/A2 (sky130_fd_sc_hd__a21bo_2)
     3    0.013039    0.108190    0.467083    4.827109 v _534_/X (sky130_fd_sc_hd__a21bo_2)
                                                         _194_ (net)
                      0.108190    0.000000    4.827109 v _656_/A1 (sky130_fd_sc_hd__a211o_2)
     1    0.002359    0.079409    0.590955    5.418065 v _656_/X (sky130_fd_sc_hd__a211o_2)
                                                         _314_ (net)
                      0.079409    0.000000    5.418065 v _657_/B1 (sky130_fd_sc_hd__o21a_2)
     2    0.009375    0.091793    0.258552    5.676616 v _657_/X (sky130_fd_sc_hd__o21a_2)
                                                         _315_ (net)
                      0.091793    0.000000    5.676616 v _658_/B (sky130_fd_sc_hd__and2_2)
     1    0.001248    0.062596    0.406021    6.082638 v _658_/X (sky130_fd_sc_hd__and2_2)
                                                         _316_ (net)
                      0.062596    0.000000    6.082638 v _681_/C (sky130_fd_sc_hd__or3_2)
     2    0.009375    0.210739    1.093491    7.176128 v _681_/X (sky130_fd_sc_hd__or3_2)
                                                         _338_ (net)
                      0.210739    0.000000    7.176128 v _683_/B (sky130_fd_sc_hd__xor2_2)
     2    0.009709    0.131574    0.361967    7.538095 v _683_/X (sky130_fd_sc_hd__xor2_2)
                                                         _340_ (net)
                      0.131574    0.000000    7.538095 v _685_/B (sky130_fd_sc_hd__xnor2_2)
     2    0.010091    0.144615    0.312054    7.850149 v _685_/Y (sky130_fd_sc_hd__xnor2_2)
                                                         _342_ (net)
                      0.144615    0.000000    7.850149 v _689_/A (sky130_fd_sc_hd__xor2_2)
     2    0.009375    0.138121    0.381227    8.231377 v _689_/X (sky130_fd_sc_hd__xor2_2)
                                                         _346_ (net)
                      0.138121    0.000000    8.231377 v _690_/B (sky130_fd_sc_hd__and2_2)
     2    0.003485    0.074805    0.450117    8.681494 v _690_/X (sky130_fd_sc_hd__and2_2)
                                                         _347_ (net)
                      0.074805    0.000000    8.681494 v _699_/D (sky130_fd_sc_hd__or4_2)
     2    0.003731    0.225900    1.376501   10.057995 v _699_/X (sky130_fd_sc_hd__or4_2)
                                                         _355_ (net)
                      0.225900    0.000000   10.057995 v _700_/B (sky130_fd_sc_hd__and2b_2)
     1    0.008022    0.096449    0.535958   10.593953 v _700_/X (sky130_fd_sc_hd__and2b_2)
                                                         _356_ (net)
                      0.096449    0.000000   10.593953 v _701_/B (sky130_fd_sc_hd__xor2_2)
     1    0.033442    0.668328    0.612095   11.206048 ^ _701_/X (sky130_fd_sc_hd__xor2_2)
                                                         y[8] (net)
                      0.668328    0.000000   11.206048 ^ y[8] (out)
                                             11.206048   data arrival time

                      0.150000   10.000000   10.000000   clock clk (rise edge)
                                  0.000000   10.000000   clock network delay (ideal)
                                 -0.250000    9.750000   clock uncertainty
                                  0.000000    9.750000   clock reconvergence pessimism
                                 -2.000000    7.750000   output external delay
                                              7.750000   data required time
---------------------------------------------------------------------------------------------
                                              7.750000   data required time
                                            -11.206048   data arrival time
---------------------------------------------------------------------------------------------
                                             -3.456048   slack (VIOLATED)




===========================================================================
 report_check_types -max_slew -max_cap -max_fanout -violators
============================================================================
======================= nom_ss_100C_1v60 Corner ===================================

max fanout

Pin                                   Limit Fanout  Slack
---------------------------------------------------------
_369_/Y                                  10     31    -21 (VIOLATED)



===========================================================================
report_parasitic_annotation -report_unannotated
============================================================================
Found 457 unannotated drivers.
 clk
 h0[0]
 h0[1]
 h0[2]
 h0[3]
 h1[0]
 h1[1]
 h1[2]
 h1[3]
 h2[0]
 h2[1]
 h2[2]
 h2[3]
 h3[0]
 h3[1]
 h3[2]
 h3[3]
 rst
 start_diag
 x[0]
 x[1]
 x[2]
 x[3]
 _369_/Y
 _370_/Y
 _371_/X
 _372_/X
 _373_/Y
 _374_/Y
 _375_/X
 _376_/Y
 _377_/X
 _378_/Y
 _379_/Y
 _380_/Y
 _381_/Y
 _382_/X
 _383_/Y
 _384_/Y
 _385_/X
 _386_/Y
 _387_/X
 _388_/X
 _389_/X
 _390_/X
 _391_/X
 _392_/X
 _393_/Y
 _394_/Y
 _395_/X
 _396_/X
 _397_/X
 _398_/Y
 _399_/X
 _400_/Y
 _401_/X
 _402_/Y
 _403_/X
 _404_/X
 _405_/X
 _406_/Y
 _407_/X
 _408_/Y
 _409_/X
 _410_/Y
 _411_/Y
 _412_/X
 _413_/X
 _414_/X
 _415_/Y
 _416_/X
 _417_/Y
 _418_/X
 _419_/X
 _420_/X
 _421_/X
 _422_/Y
 _423_/Y
 _424_/X
 _425_/Y
 _426_/X
 _427_/Y
 _428_/Y
 _429_/Y
 _430_/X
 _431_/Y
 _432_/X
 _433_/Y
 _434_/X
 _435_/X
 _436_/Y
 _437_/X
 _438_/X
 _439_/X
 _440_/Y
 _441_/Y
 _442_/Y
 _443_/Y
 _444_/Y
 _445_/Y
 _446_/X
 _447_/Y
 _448_/X
 _449_/Y
 _450_/Y
 _451_/Y
 _452_/Y
 _453_/X
 _454_/X
 _455_/Y
 _456_/Y
 _457_/X
 _458_/Y
 _459_/X
 _460_/Y
 _461_/X
 _462_/Y
 _463_/X
 _464_/Y
 _465_/Y
 _466_/Y
 _467_/X
 _468_/X
 _469_/Y
 _470_/X
 _471_/Y
 _472_/Y
 _473_/Y
 _474_/X
 _475_/X
 _476_/Y
 _477_/X
 _478_/X
 _479_/Y
 _480_/Y
 _481_/X
 _482_/Y
 _483_/Y
 _484_/Y
 _485_/X
 _486_/Y
 _487_/Y
 _488_/X
 _489_/Y
 _490_/X
 _491_/Y
 _492_/X
 _493_/X
 _494_/Y
 _495_/Y
 _496_/X
 _497_/Y
 _498_/X
 _499_/Y
 _500_/X
 _501_/X
 _502_/Y
 _503_/X
 _504_/Y
 _505_/X
 _506_/Y
 _507_/X
 _508_/Y
 _509_/X
 _510_/X
 _511_/Y
 _512_/X
 _513_/Y
 _514_/X
 _515_/X
 _516_/Y
 _517_/X
 _518_/Y
 _519_/Y
 _520_/X
 _521_/Y
 _522_/Y
 _523_/Y
 _524_/X
 _525_/Y
 _526_/X
 _527_/Y
 _528_/Y
 _529_/X
 _530_/Y
 _531_/Y
 _532_/X
 _533_/X
 _534_/X
 _535_/Y
 _536_/X
 _537_/Y
 _538_/Y
 _539_/Y
 _540_/X
 _541_/Y
 _542_/X
 _543_/Y
 _544_/X
 _545_/Y
 _546_/X
 _547_/Y
 _548_/Y
 _549_/X
 _550_/Y
 _551_/X
 _552_/Y
 _553_/X
 _554_/Y
 _555_/Y
 _556_/X
 _557_/Y
 _558_/X
 _559_/Y
 _560_/Y
 _561_/X
 _562_/Y
 _563_/X
 _564_/Y
 _565_/Y
 _566_/X
 _567_/Y
 _568_/Y
 _569_/Y
 _570_/X
 _571_/Y
 _572_/X
 _573_/Y
 _574_/X
 _575_/Y
 _576_/Y
 _577_/X
 _578_/Y
 _579_/Y
 _580_/X
 _581_/Y
 _582_/X
 _583_/Y
 _584_/X
 _585_/X
 _586_/X
 _587_/X
 _588_/X
 _589_/Y
 _590_/X
 _591_/X
 _592_/Y
 _593_/X
 _594_/Y
 _595_/Y
 _596_/Y
 _597_/Y
 _598_/Y
 _599_/X
 _600_/Y
 _601_/X
 _602_/Y
 _603_/Y
 _604_/X
 _605_/Y
 _606_/X
 _607_/X
 _608_/Y
 _609_/Y
 _610_/X
 _611_/Y
 _612_/X
 _613_/X
 _614_/X
 _615_/Y
 _616_/X
 _617_/Y
 _618_/X
 _619_/X
 _620_/X
 _621_/Y
 _622_/Y
 _623_/Y
 _624_/X
 _625_/Y
 _626_/X
 _627_/Y
 _628_/X
 _629_/X
 _630_/Y
 _631_/Y
 _632_/Y
 _633_/Y
 _634_/Y
 _635_/X
 _636_/Y
 _637_/X
 _638_/X
 _639_/X
 _640_/Y
 _641_/X
 _642_/X
 _643_/X
 _644_/Y
 _645_/X
 _646_/Y
 _647_/X
 _648_/Y
 _649_/Y
 _650_/Y
 _651_/Y
 _652_/Y
 _653_/X
 _654_/X
 _655_/Y
 _656_/X
 _657_/X
 _658_/X
 _659_/X
 _660_/Y
 _661_/Y
 _662_/X
 _663_/X
 _664_/Y
 _665_/Y
 _666_/Y
 _667_/Y
 _668_/X
 _669_/X
 _670_/Y
 _671_/X
 _672_/X
 _673_/Y
 _674_/X
 _675_/Y
 _676_/X
 _677_/Y
 _678_/X
 _679_/X
 _680_/Y
 _681_/X
 _682_/X
 _683_/X
 _684_/X
 _685_/Y
 _686_/X
 _687_/Y
 _688_/X
 _689_/X
 _690_/X
 _691_/X
 _692_/Y
 _693_/X
 _694_/Y
 _695_/X
 _696_/X
 _697_/X
 _698_/X
 _699_/X
 _700_/X
 _701_/X
 _702_/Y
 _703_/Y
 _704_/Y
 _705_/X
 _706_/X
 _707_/X
 _708_/X
 _709_/X
 _710_/X
 _711_/X
 _712_/X
 _713_/X
 _714_/X
 _715_/X
 _716_/X
 _717_/X
 _718_/X
 _719_/X
 _720_/X
 _721_/Y
 _722_/Y
 _723_/X
 _724_/X
 _725_/X
 _726_/X
 _727_/X
 _728_/X
 _729_/X
 _730_/X
 _731_/X
 _732_/X
 _733_/X
 _734_/X
 _735_/X
 _736_/X
 _737_/X
 _738_/X
 _739_/X
 _740_/X
 _741_/X
 _742_/X
 _743_/X
 _744_/X
 _745_/X
 _746_/X
 _747_/X
 _748_/Q
 _749_/Q
 _750_/Q
 _751_/Q
 _752_/Q
 _753_/Q
 _754_/Q
 _755_/Q
 _756_/Q
 _757_/Q
 _758_/Q
 _759_/Q
 _760_/Q
 _761_/Q
 _762_/Q
 _763_/Q
 _764_/Q
 _765_/Q
 _766_/Q
 _767_/Q
 _768_/Q
 _769_/Q
 _770_/Q
 _771_/Q
 _772_/Q
 _773_/Q
 _774_/Q
 _775_/Q
 _776_/Q
 _777_/Q
 _778_/Q
 _779_/Q
 _780_/Q
 _781_/HI
 _781_/LO
 _782_/HI
 _782_/LO
 _783_/HI
 _783_/LO
 _784_/HI
 _784_/LO
 _785_/HI
 _785_/LO
 _786_/HI
 _786_/LO
 _787_/HI
 _787_/LO
 _788_/HI
 _788_/LO
 _789_/HI
 _789_/LO
 _790_/HI
 _790_/LO
 _791_/HI
 _791_/LO
Found 0 partially unannotated drivers.

===========================================================================
max slew violation count 0
%OL_METRIC_I design__max_slew_violation__count__corner:nom_ss_100C_1v60 0
max fanout violation count 1
%OL_METRIC_I design__max_fanout_violation__count__corner:nom_ss_100C_1v60 1
max cap violation count 0
%OL_METRIC_I design__max_cap_violation__count__corner:nom_ss_100C_1v60 0
============================================================================

===========================================================================
check_setup -verbose -unconstrained_endpoints -multiple_clock -no_clock -no_input_delay -loops -generated_clocks
===========================================================================
%OL_END_REPORT
%OL_CREATE_REPORT power.rpt

===========================================================================
 report_power
============================================================================
======================= nom_ss_100C_1v60 Corner ===================================

Group                    Internal    Switching      Leakage        Total
                            Power        Power        Power        Power (Watts)
------------------------------------------------------------------------
Sequential           1.052361e-04 4.604244e-06 4.979208e-07 1.103382e-04  47.2%
Combinational        5.930793e-05 6.211412e-05 1.976774e-06 1.233988e-04  52.8%
Clock                0.000000e+00 0.000000e+00 0.000000e+00 0.000000e+00   0.0%
Macro                0.000000e+00 0.000000e+00 0.000000e+00 0.000000e+00   0.0%
Pad                  0.000000e+00 0.000000e+00 0.000000e+00 0.000000e+00   0.0%
------------------------------------------------------------------------
Total                1.645440e-04 6.671836e-05 2.474695e-06 2.337371e-04 100.0%
                            70.4%        28.5%         1.1%
%OL_METRIC_F power__internal__total 0.00016454402066301554
%OL_METRIC_F power__switching__total 6.671835581073537e-5
%OL_METRIC_F power__leakage__total 2.474695293130935e-6
%OL_METRIC_F power__total 0.0002337370824534446

%OL_END_REPORT
%OL_CREATE_REPORT skew.min.rpt

===========================================================================
Clock Skew (Hold)
============================================================================
%OL_METRIC_F clock__skew__worst_hold__corner:nom_ss_100C_1v60 -0.27831815417867417
======================= nom_ss_100C_1v60 Corner ===================================

Clock clk
0.269022 source latency _748_/CLK ^
-0.297341 target latency _753_/CLK ^
-0.250000 clock uncertainty
0.000000 CRPR
--------------
-0.278318 hold skew

%OL_END_REPORT
%OL_CREATE_REPORT skew.max.rpt

===========================================================================
Clock Skew (Setup)
============================================================================
%OL_METRIC_F clock__skew__worst_setup__corner:nom_ss_100C_1v60 0.27831815417867417
======================= nom_ss_100C_1v60 Corner ===================================

Clock clk
0.297341 source latency _748_/CLK ^
-0.269022 target latency _753_/CLK ^
0.250000 clock uncertainty
0.000000 CRPR
--------------
0.278318 setup skew

%OL_END_REPORT
%OL_CREATE_REPORT ws.min.rpt

===========================================================================
Worst Slack (Hold)
============================================================================
%OL_METRIC_F timing__hold__ws__corner:nom_ss_100C_1v60 0.5900267108565049
nom_ss_100C_1v60: 0.5900267108565049
%OL_END_REPORT
%OL_CREATE_REPORT ws.max.rpt

===========================================================================
Worst Slack (Setup)
============================================================================
%OL_METRIC_F timing__setup__ws__corner:nom_ss_100C_1v60 -3.4560479900577303
nom_ss_100C_1v60: -3.4560479900577303
%OL_END_REPORT
%OL_CREATE_REPORT tns.min.rpt

===========================================================================
Total Negative Slack (Hold)
============================================================================
%OL_METRIC_F timing__hold__tns__corner:nom_ss_100C_1v60 0.0
nom_ss_100C_1v60: 0.0
%OL_END_REPORT
%OL_CREATE_REPORT tns.max.rpt

===========================================================================
Total Negative Slack (Setup)
============================================================================
%OL_METRIC_F timing__setup__tns__corner:nom_ss_100C_1v60 -15.17817026136538
nom_ss_100C_1v60: -15.17817026136538
%OL_END_REPORT
%OL_CREATE_REPORT wns.min.rpt

===========================================================================
Worst Negative Slack (Hold)
============================================================================
%OL_METRIC_F timing__hold__wns__corner:nom_ss_100C_1v60 0
nom_ss_100C_1v60: 0
%OL_END_REPORT
%OL_CREATE_REPORT wns.max.rpt

===========================================================================
Worst Negative Slack (Setup)
============================================================================
%OL_METRIC_F timing__setup__wns__corner:nom_ss_100C_1v60 -3.4560479900577303
nom_ss_100C_1v60: -3.4560479900577303
%OL_END_REPORT
%OL_CREATE_REPORT violator_list.rpt

===========================================================================
Violator List
============================================================================
[setup in-out] h0[1] -> y[8] : -3.456048
[setup in-out] h0[1] -> y[9] : -2.940420
[setup in-out] h0[1] -> y[7] : -2.581858
[setup in-out] h0[1] -> y[6] : -2.151539
[setup in-out] h0[1] -> y[5] : -1.682060
[setup in-out] h0[1] -> y[4] : -1.232881
[setup in-out] h0[1] -> y[3] : -0.935203
[setup in-out] h3[1] -> y[2] : -0.198160
%OL_METRIC_I timing__hold_vio__count__corner:nom_ss_100C_1v60 0
%OL_METRIC_F timing__hold_r2r__ws__corner:nom_ss_100C_1v60 0.590027
%OL_METRIC_I timing__hold_r2r_vio__count__corner:nom_ss_100C_1v60 0
%OL_METRIC_I timing__setup_vio__count__corner:nom_ss_100C_1v60 8
%OL_METRIC_F timing__setup_r2r__ws__corner:nom_ss_100C_1v60 4.162818
%OL_METRIC_I timing__setup_r2r_vio__count__corner:nom_ss_100C_1v60 0
%OL_END_REPORT
%OL_CREATE_REPORT unpropagated.rpt
clk
%OL_END_REPORT
%OL_CREATE_REPORT clock.rpt
Clock: clk
Sources: clk 
Generated: no
Virtual: no
Propagated: no
Period: 10.000000

===========================================================================
report_clock_properties
============================================================================
Clock                   Period          Waveform
----------------------------------------------------
clk                  10.000000    0.000000  5.000000

===========================================================================
report_clock_latency
============================================================================
Clock clk
rise -> rise
    min     max
0.000000 0.000000 source latency
0.269022         network latency _748_/CLK
        0.297341 network latency _748_/CLK
---------------
0.269022 0.297341 latency
        0.028318 skew

fall -> fall
    min     max
0.000000 0.000000 source latency
0.153366         network latency _748_/CLK
        0.169509 network latency _748_/CLK
---------------
0.153366 0.169509 latency
        0.016144 skew



===========================================================================
report_clock_min_period
============================================================================
clk period_min = 5.84 fmax = 171.32
%OL_END_REPORT
Writing SDF files for all corners…
