
===========================================================================
report_checks -path_delay max (Setup)
============================================================================
======================= nom_tt_025C_1v80 Corner ===================================

Startpoint: h0[1] (input port clocked by clk)
Endpoint: y[9] (output port clocked by clk)
Path Group: clk
Path Type: max

Fanout         Cap        Slew       Delay        Time   Description
---------------------------------------------------------------------------------------------
                                  0.000000    0.000000   clock clk (rise edge)
                                  0.000000    0.000000   clock network delay (propagated)
                                  2.000000    2.000000 v input external delay
     1    0.009594    0.023599    0.016292    2.016292 v h0[1] (in)
                                                         h0[1] (net)
                      0.023599    0.000000    2.016292 v input2/A (sky130_fd_sc_hd__buf_12)
     6    0.023927    0.030146    0.123935    2.140227 v input2/X (sky130_fd_sc_hd__buf_12)
                                                         net2 (net)
                      0.030147    0.000215    2.140442 v _453_/A2 (sky130_fd_sc_hd__a22o_4)
     2    0.009816    0.046101    0.265451    2.405893 v _453_/X (sky130_fd_sc_hd__a22o_4)
                                                         _114_ (net)
                      0.046101    0.000037    2.405930 v _454_/B2 (sky130_fd_sc_hd__a22o_4)
     2    0.008997    0.046424    0.236905    2.642834 v _454_/X (sky130_fd_sc_hd__a22o_4)
                                                         _115_ (net)
                      0.046424    0.000006    2.642841 v _457_/A1 (sky130_fd_sc_hd__a21o_4)
     2    0.006873    0.036270    0.208283    2.851124 v _457_/X (sky130_fd_sc_hd__a21o_4)
                                                         _118_ (net)
                      0.036270    0.000010    2.851134 v _459_/B2 (sky130_fd_sc_hd__a22o_4)
     2    0.009448    0.045649    0.234492    3.085626 v _459_/X (sky130_fd_sc_hd__a22o_4)
                                                         _120_ (net)
                      0.045649    0.000026    3.085652 v _461_/A1 (sky130_fd_sc_hd__a21o_4)
     3    0.014199    0.045882    0.223093    3.308745 v _461_/X (sky130_fd_sc_hd__a21o_4)
                                                         _122_ (net)
                      0.045882    0.000023    3.308768 v _463_/A1 (sky130_fd_sc_hd__a21o_4)
     2    0.008003    0.037624    0.210375    3.519143 v _463_/X (sky130_fd_sc_hd__a21o_4)
                                                         _124_ (net)
                      0.037624    0.000049    3.519191 v _477_/A2 (sky130_fd_sc_hd__a21o_4)
     3    0.009931    0.039789    0.224587    3.743778 v _477_/X (sky130_fd_sc_hd__a21o_4)
                                                         _138_ (net)
                      0.039789    0.000015    3.743793 v _478_/C (sky130_fd_sc_hd__and3_4)
     2    0.011532    0.041597    0.194269    3.938062 v _478_/X (sky130_fd_sc_hd__and3_4)
                                                         _139_ (net)
                      0.041597    0.000108    3.938170 v _496_/A1 (sky130_fd_sc_hd__o21a_4)
     2    0.004447    0.033897    0.214712    4.152882 v _496_/X (sky130_fd_sc_hd__o21a_4)
                                                         _157_ (net)
                      0.033897    0.000014    4.152896 v _512_/C (sky130_fd_sc_hd__or3_4)
     3    0.009550    0.073968    0.351995    4.504891 v _512_/X (sky130_fd_sc_hd__or3_4)
                                                         _173_ (net)
                      0.073968    0.000037    4.504928 v _515_/A2 (sky130_fd_sc_hd__a211o_4)
     2    0.009292    0.058268    0.366698    4.871626 v _515_/X (sky130_fd_sc_hd__a211o_4)
                                                         _176_ (net)
                      0.058268    0.000010    4.871636 v _585_/A2 (sky130_fd_sc_hd__a21o_4)
     2    0.010189    0.040228    0.234437    5.106073 v _585_/X (sky130_fd_sc_hd__a21o_4)
                                                         _245_ (net)
                      0.040228    0.000078    5.106151 v _637_/A1 (sky130_fd_sc_hd__a21o_4)
     2    0.009875    0.039827    0.211787    5.317938 v _637_/X (sky130_fd_sc_hd__a21o_4)
                                                         _296_ (net)
                      0.039827    0.000054    5.317992 v _674_/A1 (sky130_fd_sc_hd__a21o_4)
     2    0.010322    0.040325    0.212521    5.530514 v _674_/X (sky130_fd_sc_hd__a21o_4)
                                                         _332_ (net)
                      0.040346    0.000095    5.530608 v _695_/A1 (sky130_fd_sc_hd__a21o_4)
     2    0.013231    0.044395    0.218763    5.749371 v _695_/X (sky130_fd_sc_hd__a21o_4)
                                                         _352_ (net)
                      0.044395    0.000063    5.749434 v _697_/A1 (sky130_fd_sc_hd__a21o_4)
     2    0.012287    0.042995    0.218593    5.968027 v _697_/X (sky130_fd_sc_hd__a21o_4)
                                                         _353_ (net)
                      0.042995    0.000025    5.968052 v _705_/A1 (sky130_fd_sc_hd__a21o_2)
     1    0.004674    0.039903    0.196933    6.164985 v _705_/X (sky130_fd_sc_hd__a21o_2)
                                                         net34 (net)
                      0.039903    0.000006    6.164991 v output34/A (sky130_fd_sc_hd__buf_6)
     1    0.034734    0.043981    0.141649    6.306641 v output34/X (sky130_fd_sc_hd__buf_6)
                                                         y[9] (net)
                      0.043982    0.000292    6.306932 v y[9] (out)
                                              6.306932   data arrival time

                                 10.000000   10.000000   clock clk (rise edge)
                                  0.000000   10.000000   clock network delay (propagated)
                                 -0.250000    9.750000   clock uncertainty
                                  0.000000    9.750000   clock reconvergence pessimism
                                 -2.000000    7.750000   output external delay
                                              7.750000   data required time
---------------------------------------------------------------------------------------------
                                              7.750000   data required time
                                             -6.306932   data arrival time
---------------------------------------------------------------------------------------------
                                              1.443067   slack (MET)


Startpoint: h0[1] (input port clocked by clk)
Endpoint: y[8] (output port clocked by clk)
Path Group: clk
Path Type: max

Fanout         Cap        Slew       Delay        Time   Description
---------------------------------------------------------------------------------------------
                                  0.000000    0.000000   clock clk (rise edge)
                                  0.000000    0.000000   clock network delay (propagated)
                                  2.000000    2.000000 v input external delay
     1    0.009594    0.023599    0.016292    2.016292 v h0[1] (in)
                                                         h0[1] (net)
                      0.023599    0.000000    2.016292 v input2/A (sky130_fd_sc_hd__buf_12)
     6    0.023927    0.030146    0.123935    2.140227 v input2/X (sky130_fd_sc_hd__buf_12)
                                                         net2 (net)
                      0.030147    0.000215    2.140442 v _453_/A2 (sky130_fd_sc_hd__a22o_4)
     2    0.009816    0.046101    0.265451    2.405893 v _453_/X (sky130_fd_sc_hd__a22o_4)
                                                         _114_ (net)
                      0.046101    0.000037    2.405930 v _454_/B2 (sky130_fd_sc_hd__a22o_4)
     2    0.008997    0.046424    0.236905    2.642834 v _454_/X (sky130_fd_sc_hd__a22o_4)
                                                         _115_ (net)
                      0.046424    0.000006    2.642841 v _457_/A1 (sky130_fd_sc_hd__a21o_4)
     2    0.006873    0.036270    0.208283    2.851124 v _457_/X (sky130_fd_sc_hd__a21o_4)
                                                         _118_ (net)
                      0.036270    0.000010    2.851134 v _459_/B2 (sky130_fd_sc_hd__a22o_4)
     2    0.009448    0.045649    0.234492    3.085626 v _459_/X (sky130_fd_sc_hd__a22o_4)
                                                         _120_ (net)
                      0.045649    0.000026    3.085652 v _461_/A1 (sky130_fd_sc_hd__a21o_4)
     3    0.014199    0.045882    0.223093    3.308745 v _461_/X (sky130_fd_sc_hd__a21o_4)
                                                         _122_ (net)
                      0.045882    0.000023    3.308768 v _463_/A1 (sky130_fd_sc_hd__a21o_4)
     2    0.008003    0.037624    0.210375    3.519143 v _463_/X (sky130_fd_sc_hd__a21o_4)
                                                         _124_ (net)
                      0.037624    0.000049    3.519191 v _477_/A2 (sky130_fd_sc_hd__a21o_4)
     3    0.009931    0.039789    0.224587    3.743778 v _477_/X (sky130_fd_sc_hd__a21o_4)
                                                         _138_ (net)
                      0.039789    0.000015    3.743793 v _478_/C (sky130_fd_sc_hd__and3_4)
     2    0.011532    0.041597    0.194269    3.938062 v _478_/X (sky130_fd_sc_hd__and3_4)
                                                         _139_ (net)
                      0.041597    0.000108    3.938170 v _496_/A1 (sky130_fd_sc_hd__o21a_4)
     2    0.004447    0.033897    0.214712    4.152882 v _496_/X (sky130_fd_sc_hd__o21a_4)
                                                         _157_ (net)
                      0.033897    0.000014    4.152896 v _512_/C (sky130_fd_sc_hd__or3_4)
     3    0.009550    0.073968    0.351995    4.504891 v _512_/X (sky130_fd_sc_hd__or3_4)
                                                         _173_ (net)
                      0.073968    0.000037    4.504928 v _515_/A2 (sky130_fd_sc_hd__a211o_4)
     2    0.009292    0.058268    0.366698    4.871626 v _515_/X (sky130_fd_sc_hd__a211o_4)
                                                         _176_ (net)
                      0.058268    0.000010    4.871636 v _585_/A2 (sky130_fd_sc_hd__a21o_4)
     2    0.010189    0.040228    0.234437    5.106073 v _585_/X (sky130_fd_sc_hd__a21o_4)
                                                         _245_ (net)
                      0.040228    0.000078    5.106151 v _637_/A1 (sky130_fd_sc_hd__a21o_4)
     2    0.009875    0.039827    0.211787    5.317938 v _637_/X (sky130_fd_sc_hd__a21o_4)
                                                         _296_ (net)
                      0.039827    0.000054    5.317992 v _674_/A1 (sky130_fd_sc_hd__a21o_4)
     2    0.010322    0.040325    0.212521    5.530514 v _674_/X (sky130_fd_sc_hd__a21o_4)
                                                         _332_ (net)
                      0.040346    0.000095    5.530608 v _695_/A1 (sky130_fd_sc_hd__a21o_4)
     2    0.013231    0.044395    0.218763    5.749371 v _695_/X (sky130_fd_sc_hd__a21o_4)
                                                         _352_ (net)
                      0.044395    0.000063    5.749434 v _697_/A1 (sky130_fd_sc_hd__a21o_4)
     2    0.012287    0.042995    0.218593    5.968027 v _697_/X (sky130_fd_sc_hd__a21o_4)
                                                         _353_ (net)
                      0.042995    0.000025    5.968052 v _701_/A (sky130_fd_sc_hd__xor2_2)
     1    0.004717    0.045393    0.175312    6.143364 v _701_/X (sky130_fd_sc_hd__xor2_2)
                                                         net33 (net)
                      0.045393    0.000010    6.143374 v output33/A (sky130_fd_sc_hd__buf_6)
     1    0.034695    0.043936    0.144125    6.287499 v output33/X (sky130_fd_sc_hd__buf_6)
                                                         y[8] (net)
                      0.043937    0.000286    6.287785 v y[8] (out)
                                              6.287785   data arrival time

                                 10.000000   10.000000   clock clk (rise edge)
                                  0.000000   10.000000   clock network delay (propagated)
                                 -0.250000    9.750000   clock uncertainty
                                  0.000000    9.750000   clock reconvergence pessimism
                                 -2.000000    7.750000   output external delay
                                              7.750000   data required time
---------------------------------------------------------------------------------------------
                                              7.750000   data required time
                                             -6.287785   data arrival time
---------------------------------------------------------------------------------------------
                                              1.462215   slack (MET)


Startpoint: h0[1] (input port clocked by clk)
Endpoint: y[7] (output port clocked by clk)
Path Group: clk
Path Type: max

Fanout         Cap        Slew       Delay        Time   Description
---------------------------------------------------------------------------------------------
                                  0.000000    0.000000   clock clk (rise edge)
                                  0.000000    0.000000   clock network delay (propagated)
                                  2.000000    2.000000 v input external delay
     1    0.009594    0.023599    0.016292    2.016292 v h0[1] (in)
                                                         h0[1] (net)
                      0.023599    0.000000    2.016292 v input2/A (sky130_fd_sc_hd__buf_12)
     6    0.023927    0.030146    0.123935    2.140227 v input2/X (sky130_fd_sc_hd__buf_12)
                                                         net2 (net)
                      0.030147    0.000215    2.140442 v _453_/A2 (sky130_fd_sc_hd__a22o_4)
     2    0.009816    0.046101    0.265451    2.405893 v _453_/X (sky130_fd_sc_hd__a22o_4)
                                                         _114_ (net)
                      0.046101    0.000037    2.405930 v _454_/B2 (sky130_fd_sc_hd__a22o_4)
     2    0.008997    0.046424    0.236905    2.642834 v _454_/X (sky130_fd_sc_hd__a22o_4)
                                                         _115_ (net)
                      0.046424    0.000006    2.642841 v _457_/A1 (sky130_fd_sc_hd__a21o_4)
     2    0.006873    0.036270    0.208283    2.851124 v _457_/X (sky130_fd_sc_hd__a21o_4)
                                                         _118_ (net)
                      0.036270    0.000010    2.851134 v _459_/B2 (sky130_fd_sc_hd__a22o_4)
     2    0.009448    0.045649    0.234492    3.085626 v _459_/X (sky130_fd_sc_hd__a22o_4)
                                                         _120_ (net)
                      0.045649    0.000026    3.085652 v _461_/A1 (sky130_fd_sc_hd__a21o_4)
     3    0.014199    0.045882    0.223093    3.308745 v _461_/X (sky130_fd_sc_hd__a21o_4)
                                                         _122_ (net)
                      0.045882    0.000023    3.308768 v _463_/A1 (sky130_fd_sc_hd__a21o_4)
     2    0.008003    0.037624    0.210375    3.519143 v _463_/X (sky130_fd_sc_hd__a21o_4)
                                                         _124_ (net)
                      0.037624    0.000049    3.519191 v _477_/A2 (sky130_fd_sc_hd__a21o_4)
     3    0.009931    0.039789    0.224587    3.743778 v _477_/X (sky130_fd_sc_hd__a21o_4)
                                                         _138_ (net)
                      0.039789    0.000015    3.743793 v _478_/C (sky130_fd_sc_hd__and3_4)
     2    0.011532    0.041597    0.194269    3.938062 v _478_/X (sky130_fd_sc_hd__and3_4)
                                                         _139_ (net)
                      0.041597    0.000108    3.938170 v _496_/A1 (sky130_fd_sc_hd__o21a_4)
     2    0.004447    0.033897    0.214712    4.152882 v _496_/X (sky130_fd_sc_hd__o21a_4)
                                                         _157_ (net)
                      0.033897    0.000014    4.152896 v _512_/C (sky130_fd_sc_hd__or3_4)
     3    0.009550    0.073968    0.351995    4.504891 v _512_/X (sky130_fd_sc_hd__or3_4)
                                                         _173_ (net)
                      0.073968    0.000037    4.504928 v _515_/A2 (sky130_fd_sc_hd__a211o_4)
     2    0.009292    0.058268    0.366698    4.871626 v _515_/X (sky130_fd_sc_hd__a211o_4)
                                                         _176_ (net)
                      0.058268    0.000010    4.871636 v _585_/A2 (sky130_fd_sc_hd__a21o_4)
     2    0.010189    0.040228    0.234437    5.106073 v _585_/X (sky130_fd_sc_hd__a21o_4)
                                                         _245_ (net)
                      0.040228    0.000078    5.106151 v _637_/A1 (sky130_fd_sc_hd__a21o_4)
     2    0.009875    0.039827    0.211787    5.317938 v _637_/X (sky130_fd_sc_hd__a21o_4)
                                                         _296_ (net)
                      0.039827    0.000054    5.317992 v _674_/A1 (sky130_fd_sc_hd__a21o_4)
     2    0.010322    0.040325    0.212521    5.530514 v _674_/X (sky130_fd_sc_hd__a21o_4)
                                                         _332_ (net)
                      0.040346    0.000095    5.530608 v _695_/A1 (sky130_fd_sc_hd__a21o_4)
     2    0.013231    0.044395    0.218763    5.749371 v _695_/X (sky130_fd_sc_hd__a21o_4)
                                                         _352_ (net)
                      0.044395    0.000049    5.749420 v _696_/B (sky130_fd_sc_hd__xor2_2)
     1    0.004638    0.064469    0.146572    5.895992 v _696_/X (sky130_fd_sc_hd__xor2_2)
                                                         net32 (net)
                      0.064469    0.000008    5.896000 v output32/A (sky130_fd_sc_hd__buf_6)
     1    0.034595    0.043850    0.153076    6.049076 v output32/X (sky130_fd_sc_hd__buf_6)
                                                         y[7] (net)
                      0.043850    0.000270    6.049346 v y[7] (out)
                                              6.049346   data arrival time

                                 10.000000   10.000000   clock clk (rise edge)
                                  0.000000   10.000000   clock network delay (propagated)
                                 -0.250000    9.750000   clock uncertainty
                                  0.000000    9.750000   clock reconvergence pessimism
                                 -2.000000    7.750000   output external delay
                                              7.750000   data required time
---------------------------------------------------------------------------------------------
                                              7.750000   data required time
                                             -6.049346   data arrival time
---------------------------------------------------------------------------------------------
                                              1.700654   slack (MET)


Startpoint: h0[1] (input port clocked by clk)
Endpoint: y[6] (output port clocked by clk)
Path Group: clk
Path Type: max

Fanout         Cap        Slew       Delay        Time   Description
---------------------------------------------------------------------------------------------
                                  0.000000    0.000000   clock clk (rise edge)
                                  0.000000    0.000000   clock network delay (propagated)
                                  2.000000    2.000000 v input external delay
     1    0.009594    0.023599    0.016292    2.016292 v h0[1] (in)
                                                         h0[1] (net)
                      0.023599    0.000000    2.016292 v input2/A (sky130_fd_sc_hd__buf_12)
     6    0.023927    0.030146    0.123935    2.140227 v input2/X (sky130_fd_sc_hd__buf_12)
                                                         net2 (net)
                      0.030147    0.000215    2.140442 v _453_/A2 (sky130_fd_sc_hd__a22o_4)
     2    0.009816    0.046101    0.265451    2.405893 v _453_/X (sky130_fd_sc_hd__a22o_4)
                                                         _114_ (net)
                      0.046101    0.000037    2.405930 v _454_/B2 (sky130_fd_sc_hd__a22o_4)
     2    0.008997    0.046424    0.236905    2.642834 v _454_/X (sky130_fd_sc_hd__a22o_4)
                                                         _115_ (net)
                      0.046424    0.000006    2.642841 v _457_/A1 (sky130_fd_sc_hd__a21o_4)
     2    0.006873    0.036270    0.208283    2.851124 v _457_/X (sky130_fd_sc_hd__a21o_4)
                                                         _118_ (net)
                      0.036270    0.000010    2.851134 v _459_/B2 (sky130_fd_sc_hd__a22o_4)
     2    0.009448    0.045649    0.234492    3.085626 v _459_/X (sky130_fd_sc_hd__a22o_4)
                                                         _120_ (net)
                      0.045649    0.000026    3.085652 v _461_/A1 (sky130_fd_sc_hd__a21o_4)
     3    0.014199    0.045882    0.223093    3.308745 v _461_/X (sky130_fd_sc_hd__a21o_4)
                                                         _122_ (net)
                      0.045882    0.000023    3.308768 v _463_/A1 (sky130_fd_sc_hd__a21o_4)
     2    0.008003    0.037624    0.210375    3.519143 v _463_/X (sky130_fd_sc_hd__a21o_4)
                                                         _124_ (net)
                      0.037624    0.000049    3.519191 v _477_/A2 (sky130_fd_sc_hd__a21o_4)
     3    0.009931    0.039789    0.224587    3.743778 v _477_/X (sky130_fd_sc_hd__a21o_4)
                                                         _138_ (net)
                      0.039789    0.000015    3.743793 v _478_/C (sky130_fd_sc_hd__and3_4)
     2    0.011532    0.041597    0.194269    3.938062 v _478_/X (sky130_fd_sc_hd__and3_4)
                                                         _139_ (net)
                      0.041597    0.000108    3.938170 v _496_/A1 (sky130_fd_sc_hd__o21a_4)
     2    0.004447    0.033897    0.214712    4.152882 v _496_/X (sky130_fd_sc_hd__o21a_4)
                                                         _157_ (net)
                      0.033897    0.000014    4.152896 v _512_/C (sky130_fd_sc_hd__or3_4)
     3    0.009550    0.073968    0.351995    4.504891 v _512_/X (sky130_fd_sc_hd__or3_4)
                                                         _173_ (net)
                      0.073968    0.000037    4.504928 v _515_/A2 (sky130_fd_sc_hd__a211o_4)
     2    0.009292    0.058268    0.366698    4.871626 v _515_/X (sky130_fd_sc_hd__a211o_4)
                                                         _176_ (net)
                      0.058268    0.000010    4.871636 v _585_/A2 (sky130_fd_sc_hd__a21o_4)
     2    0.010189    0.040228    0.234437    5.106073 v _585_/X (sky130_fd_sc_hd__a21o_4)
                                                         _245_ (net)
                      0.040228    0.000078    5.106151 v _637_/A1 (sky130_fd_sc_hd__a21o_4)
     2    0.009875    0.039827    0.211787    5.317938 v _637_/X (sky130_fd_sc_hd__a21o_4)
                                                         _296_ (net)
                      0.039827    0.000054    5.317992 v _674_/A1 (sky130_fd_sc_hd__a21o_4)
     2    0.010322    0.040325    0.212521    5.530514 v _674_/X (sky130_fd_sc_hd__a21o_4)
                                                         _332_ (net)
                      0.040346    0.000079    5.530592 v rebuffer55/A (sky130_fd_sc_hd__buf_6)
     1    0.008354    0.024184    0.116775    5.647367 v rebuffer55/X (sky130_fd_sc_hd__buf_6)
                                                         net55 (net)
                      0.024184    0.000015    5.647383 v _675_/B (sky130_fd_sc_hd__xnor2_2)
     1    0.005400    0.130395    0.129268    5.776650 ^ _675_/Y (sky130_fd_sc_hd__xnor2_2)
                                                         net31 (net)
                      0.130395    0.000019    5.776669 ^ output31/A (sky130_fd_sc_hd__buf_6)
     1    0.034820    0.078170    0.161568    5.938237 ^ output31/X (sky130_fd_sc_hd__buf_6)
                                                         y[6] (net)
                      0.078170    0.000243    5.938479 ^ y[6] (out)
                                              5.938479   data arrival time

                                 10.000000   10.000000   clock clk (rise edge)
                                  0.000000   10.000000   clock network delay (propagated)
                                 -0.250000    9.750000   clock uncertainty
                                  0.000000    9.750000   clock reconvergence pessimism
                                 -2.000000    7.750000   output external delay
                                              7.750000   data required time
---------------------------------------------------------------------------------------------
                                              7.750000   data required time
                                             -5.938479   data arrival time
---------------------------------------------------------------------------------------------
                                              1.811520   slack (MET)


Startpoint: h0[1] (input port clocked by clk)
Endpoint: y[5] (output port clocked by clk)
Path Group: clk
Path Type: max

Fanout         Cap        Slew       Delay        Time   Description
---------------------------------------------------------------------------------------------
                                  0.000000    0.000000   clock clk (rise edge)
                                  0.000000    0.000000   clock network delay (propagated)
                                  2.000000    2.000000 v input external delay
     1    0.009594    0.023599    0.016292    2.016292 v h0[1] (in)
                                                         h0[1] (net)
                      0.023599    0.000000    2.016292 v input2/A (sky130_fd_sc_hd__buf_12)
     6    0.023927    0.030146    0.123935    2.140227 v input2/X (sky130_fd_sc_hd__buf_12)
                                                         net2 (net)
                      0.030147    0.000215    2.140442 v _453_/A2 (sky130_fd_sc_hd__a22o_4)
     2    0.009816    0.046101    0.265451    2.405893 v _453_/X (sky130_fd_sc_hd__a22o_4)
                                                         _114_ (net)
                      0.046101    0.000037    2.405930 v _454_/B2 (sky130_fd_sc_hd__a22o_4)
     2    0.008997    0.046424    0.236905    2.642834 v _454_/X (sky130_fd_sc_hd__a22o_4)
                                                         _115_ (net)
                      0.046424    0.000006    2.642841 v _457_/A1 (sky130_fd_sc_hd__a21o_4)
     2    0.006873    0.036270    0.208283    2.851124 v _457_/X (sky130_fd_sc_hd__a21o_4)
                                                         _118_ (net)
                      0.036270    0.000010    2.851134 v _459_/B2 (sky130_fd_sc_hd__a22o_4)
     2    0.009448    0.045649    0.234492    3.085626 v _459_/X (sky130_fd_sc_hd__a22o_4)
                                                         _120_ (net)
                      0.045649    0.000026    3.085652 v _461_/A1 (sky130_fd_sc_hd__a21o_4)
     3    0.014199    0.045882    0.223093    3.308745 v _461_/X (sky130_fd_sc_hd__a21o_4)
                                                         _122_ (net)
                      0.045882    0.000023    3.308768 v _463_/A1 (sky130_fd_sc_hd__a21o_4)
     2    0.008003    0.037624    0.210375    3.519143 v _463_/X (sky130_fd_sc_hd__a21o_4)
                                                         _124_ (net)
                      0.037624    0.000049    3.519191 v _477_/A2 (sky130_fd_sc_hd__a21o_4)
     3    0.009931    0.039789    0.224587    3.743778 v _477_/X (sky130_fd_sc_hd__a21o_4)
                                                         _138_ (net)
                      0.039789    0.000015    3.743793 v _478_/C (sky130_fd_sc_hd__and3_4)
     2    0.011532    0.041597    0.194269    3.938062 v _478_/X (sky130_fd_sc_hd__and3_4)
                                                         _139_ (net)
                      0.041597    0.000108    3.938170 v _496_/A1 (sky130_fd_sc_hd__o21a_4)
     2    0.004447    0.033897    0.214712    4.152882 v _496_/X (sky130_fd_sc_hd__o21a_4)
                                                         _157_ (net)
                      0.033897    0.000014    4.152896 v _512_/C (sky130_fd_sc_hd__or3_4)
     3    0.009550    0.073968    0.351995    4.504891 v _512_/X (sky130_fd_sc_hd__or3_4)
                                                         _173_ (net)
                      0.073968    0.000037    4.504928 v _515_/A2 (sky130_fd_sc_hd__a211o_4)
     2    0.009292    0.058268    0.366698    4.871626 v _515_/X (sky130_fd_sc_hd__a211o_4)
                                                         _176_ (net)
                      0.058268    0.000010    4.871636 v _585_/A2 (sky130_fd_sc_hd__a21o_4)
     2    0.010189    0.040228    0.234437    5.106073 v _585_/X (sky130_fd_sc_hd__a21o_4)
                                                         _245_ (net)
                      0.040228    0.000078    5.106151 v _637_/A1 (sky130_fd_sc_hd__a21o_4)
     2    0.009875    0.039827    0.211787    5.317938 v _637_/X (sky130_fd_sc_hd__a21o_4)
                                                         _296_ (net)
                      0.039827    0.000053    5.317992 v rebuffer62/A (sky130_fd_sc_hd__buf_6)
     1    0.008187    0.024064    0.116340    5.434332 v rebuffer62/X (sky130_fd_sc_hd__buf_6)
                                                         net62 (net)
                      0.024064    0.000012    5.434344 v _638_/B (sky130_fd_sc_hd__xor2_2)
     1    0.005049    0.065144    0.140832    5.575177 v _638_/X (sky130_fd_sc_hd__xor2_2)
                                                         net30 (net)
                      0.065144    0.000023    5.575199 v output30/A (sky130_fd_sc_hd__buf_6)
     1    0.034562    0.043806    0.153415    5.728614 v output30/X (sky130_fd_sc_hd__buf_6)
                                                         y[5] (net)
                      0.043806    0.000204    5.728818 v y[5] (out)
                                              5.728818   data arrival time

                                 10.000000   10.000000   clock clk (rise edge)
                                  0.000000   10.000000   clock network delay (propagated)
                                 -0.250000    9.750000   clock uncertainty
                                  0.000000    9.750000   clock reconvergence pessimism
                                 -2.000000    7.750000   output external delay
                                              7.750000   data required time
---------------------------------------------------------------------------------------------
                                              7.750000   data required time
                                             -5.728818   data arrival time
---------------------------------------------------------------------------------------------
                                              2.021182   slack (MET)


Startpoint: h0[1] (input port clocked by clk)
Endpoint: y[4] (output port clocked by clk)
Path Group: clk
Path Type: max

Fanout         Cap        Slew       Delay        Time   Description
---------------------------------------------------------------------------------------------
                                  0.000000    0.000000   clock clk (rise edge)
                                  0.000000    0.000000   clock network delay (propagated)
                                  2.000000    2.000000 v input external delay
     1    0.009594    0.023599    0.016292    2.016292 v h0[1] (in)
                                                         h0[1] (net)
                      0.023599    0.000000    2.016292 v input2/A (sky130_fd_sc_hd__buf_12)
     6    0.023927    0.030146    0.123935    2.140227 v input2/X (sky130_fd_sc_hd__buf_12)
                                                         net2 (net)
                      0.030147    0.000215    2.140442 v _453_/A2 (sky130_fd_sc_hd__a22o_4)
     2    0.009816    0.046101    0.265451    2.405893 v _453_/X (sky130_fd_sc_hd__a22o_4)
                                                         _114_ (net)
                      0.046101    0.000037    2.405930 v _454_/B2 (sky130_fd_sc_hd__a22o_4)
     2    0.008997    0.046424    0.236905    2.642834 v _454_/X (sky130_fd_sc_hd__a22o_4)
                                                         _115_ (net)
                      0.046424    0.000006    2.642841 v _457_/A1 (sky130_fd_sc_hd__a21o_4)
     2    0.006873    0.036270    0.208283    2.851124 v _457_/X (sky130_fd_sc_hd__a21o_4)
                                                         _118_ (net)
                      0.036270    0.000010    2.851134 v _459_/B2 (sky130_fd_sc_hd__a22o_4)
     2    0.009448    0.045649    0.234492    3.085626 v _459_/X (sky130_fd_sc_hd__a22o_4)
                                                         _120_ (net)
                      0.045649    0.000026    3.085652 v _461_/A1 (sky130_fd_sc_hd__a21o_4)
     3    0.014199    0.045882    0.223093    3.308745 v _461_/X (sky130_fd_sc_hd__a21o_4)
                                                         _122_ (net)
                      0.045882    0.000023    3.308768 v _463_/A1 (sky130_fd_sc_hd__a21o_4)
     2    0.008003    0.037624    0.210375    3.519143 v _463_/X (sky130_fd_sc_hd__a21o_4)
                                                         _124_ (net)
                      0.037624    0.000049    3.519191 v _477_/A2 (sky130_fd_sc_hd__a21o_4)
     3    0.009931    0.039789    0.224587    3.743778 v _477_/X (sky130_fd_sc_hd__a21o_4)
                                                         _138_ (net)
                      0.039789    0.000015    3.743793 v _478_/C (sky130_fd_sc_hd__and3_4)
     2    0.011532    0.041597    0.194269    3.938062 v _478_/X (sky130_fd_sc_hd__and3_4)
                                                         _139_ (net)
                      0.041597    0.000108    3.938170 v _496_/A1 (sky130_fd_sc_hd__o21a_4)
     2    0.004447    0.033897    0.214712    4.152882 v _496_/X (sky130_fd_sc_hd__o21a_4)
                                                         _157_ (net)
                      0.033897    0.000014    4.152896 v _512_/C (sky130_fd_sc_hd__or3_4)
     3    0.009550    0.073968    0.351995    4.504891 v _512_/X (sky130_fd_sc_hd__or3_4)
                                                         _173_ (net)
                      0.073968    0.000037    4.504928 v _515_/A2 (sky130_fd_sc_hd__a211o_4)
     2    0.009292    0.058268    0.366698    4.871626 v _515_/X (sky130_fd_sc_hd__a211o_4)
                                                         _176_ (net)
                      0.058268    0.000010    4.871636 v _585_/A2 (sky130_fd_sc_hd__a21o_4)
     2    0.010189    0.040228    0.234437    5.106073 v _585_/X (sky130_fd_sc_hd__a21o_4)
                                                         _245_ (net)
                      0.040228    0.000085    5.106159 v rebuffer54/A (sky130_fd_sc_hd__buf_6)
     1    0.009014    0.024659    0.117483    5.223642 v rebuffer54/X (sky130_fd_sc_hd__buf_6)
                                                         net54 (net)
                      0.024659    0.000053    5.223695 v _586_/B (sky130_fd_sc_hd__xor2_2)
     1    0.004832    0.063918    0.140306    5.364001 v _586_/X (sky130_fd_sc_hd__xor2_2)
                                                         net29 (net)
                      0.063918    0.000015    5.364016 v output29/A (sky130_fd_sc_hd__buf_6)
     1    0.035195    0.044316    0.153258    5.517274 v output29/X (sky130_fd_sc_hd__buf_6)
                                                         y[4] (net)
                      0.044317    0.000314    5.517588 v y[4] (out)
                                              5.517588   data arrival time

                                 10.000000   10.000000   clock clk (rise edge)
                                  0.000000   10.000000   clock network delay (propagated)
                                 -0.250000    9.750000   clock uncertainty
                                  0.000000    9.750000   clock reconvergence pessimism
                                 -2.000000    7.750000   output external delay
                                              7.750000   data required time
---------------------------------------------------------------------------------------------
                                              7.750000   data required time
                                             -5.517588   data arrival time
---------------------------------------------------------------------------------------------
                                              2.232413   slack (MET)


Startpoint: h0[1] (input port clocked by clk)
Endpoint: y[3] (output port clocked by clk)
Path Group: clk
Path Type: max

Fanout         Cap        Slew       Delay        Time   Description
---------------------------------------------------------------------------------------------
                                  0.000000    0.000000   clock clk (rise edge)
                                  0.000000    0.000000   clock network delay (propagated)
                                  2.000000    2.000000 v input external delay
     1    0.009594    0.023599    0.016292    2.016292 v h0[1] (in)
                                                         h0[1] (net)
                      0.023599    0.000000    2.016292 v input2/A (sky130_fd_sc_hd__buf_12)
     6    0.023927    0.030146    0.123935    2.140227 v input2/X (sky130_fd_sc_hd__buf_12)
                                                         net2 (net)
                      0.030147    0.000215    2.140442 v _453_/A2 (sky130_fd_sc_hd__a22o_4)
     2    0.009816    0.046101    0.265451    2.405893 v _453_/X (sky130_fd_sc_hd__a22o_4)
                                                         _114_ (net)
                      0.046101    0.000037    2.405930 v _454_/B2 (sky130_fd_sc_hd__a22o_4)
     2    0.008997    0.046424    0.236905    2.642834 v _454_/X (sky130_fd_sc_hd__a22o_4)
                                                         _115_ (net)
                      0.046424    0.000006    2.642841 v _457_/A1 (sky130_fd_sc_hd__a21o_4)
     2    0.006873    0.036270    0.208283    2.851124 v _457_/X (sky130_fd_sc_hd__a21o_4)
                                                         _118_ (net)
                      0.036270    0.000010    2.851134 v _459_/B2 (sky130_fd_sc_hd__a22o_4)
     2    0.009448    0.045649    0.234492    3.085626 v _459_/X (sky130_fd_sc_hd__a22o_4)
                                                         _120_ (net)
                      0.045649    0.000026    3.085652 v _461_/A1 (sky130_fd_sc_hd__a21o_4)
     3    0.014199    0.045882    0.223093    3.308745 v _461_/X (sky130_fd_sc_hd__a21o_4)
                                                         _122_ (net)
                      0.045882    0.000023    3.308768 v _463_/A1 (sky130_fd_sc_hd__a21o_4)
     2    0.008003    0.037624    0.210375    3.519143 v _463_/X (sky130_fd_sc_hd__a21o_4)
                                                         _124_ (net)
                      0.037624    0.000049    3.519191 v _477_/A2 (sky130_fd_sc_hd__a21o_4)
     3    0.009931    0.039789    0.224587    3.743778 v _477_/X (sky130_fd_sc_hd__a21o_4)
                                                         _138_ (net)
                      0.039789    0.000015    3.743793 v _478_/C (sky130_fd_sc_hd__and3_4)
     2    0.011532    0.041597    0.194269    3.938062 v _478_/X (sky130_fd_sc_hd__and3_4)
                                                         _139_ (net)
                      0.041597    0.000108    3.938170 v _496_/A1 (sky130_fd_sc_hd__o21a_4)
     2    0.004447    0.033897    0.214712    4.152882 v _496_/X (sky130_fd_sc_hd__o21a_4)
                                                         _157_ (net)
                      0.033897    0.000014    4.152896 v _512_/C (sky130_fd_sc_hd__or3_4)
     3    0.009550    0.073968    0.351995    4.504891 v _512_/X (sky130_fd_sc_hd__or3_4)
                                                         _173_ (net)
                      0.073968    0.000037    4.504928 v _515_/A2 (sky130_fd_sc_hd__a211o_4)
     2    0.009292    0.058268    0.366698    4.871626 v _515_/X (sky130_fd_sc_hd__a211o_4)
                                                         _176_ (net)
                      0.058268    0.000005    4.871631 v rebuffer52/A (sky130_fd_sc_hd__buf_6)
     1    0.009543    0.025039    0.126525    4.998156 v rebuffer52/X (sky130_fd_sc_hd__buf_6)
                                                         net52 (net)
                      0.025039    0.000050    4.998206 v _516_/B (sky130_fd_sc_hd__nand2b_4)
     1    0.009034    0.051809    0.062300    5.060506 ^ _516_/Y (sky130_fd_sc_hd__nand2b_4)
                                                         _177_ (net)
                      0.051809    0.000023    5.060529 ^ _518_/B (sky130_fd_sc_hd__xnor2_2)
     1    0.005079    0.126703    0.108883    5.169412 ^ _518_/Y (sky130_fd_sc_hd__xnor2_2)
                                                         net28 (net)
                      0.126703    0.000008    5.169419 ^ output28/A (sky130_fd_sc_hd__buf_6)
     1    0.034281    0.077120    0.160034    5.329453 ^ output28/X (sky130_fd_sc_hd__buf_6)
                                                         y[3] (net)
                      0.077120    0.000135    5.329588 ^ y[3] (out)
                                              5.329588   data arrival time

                                 10.000000   10.000000   clock clk (rise edge)
                                  0.000000   10.000000   clock network delay (propagated)
                                 -0.250000    9.750000   clock uncertainty
                                  0.000000    9.750000   clock reconvergence pessimism
                                 -2.000000    7.750000   output external delay
                                              7.750000   data required time
---------------------------------------------------------------------------------------------
                                              7.750000   data required time
                                             -5.329588   data arrival time
---------------------------------------------------------------------------------------------
                                              2.420412   slack (MET)


Startpoint: h2[1] (input port clocked by clk)
Endpoint: y[2] (output port clocked by clk)
Path Group: clk
Path Type: max

Fanout         Cap        Slew       Delay        Time   Description
---------------------------------------------------------------------------------------------
                                  0.000000    0.000000   clock clk (rise edge)
                                  0.000000    0.000000   clock network delay (propagated)
                                  2.000000    2.000000 v input external delay
     1    0.002941    0.008958    0.004890    2.004890 v h2[1] (in)
                                                         h2[1] (net)
                      0.008958    0.000000    2.004890 v input10/A (sky130_fd_sc_hd__dlymetal6s4s_1)
     6    0.019160    0.107115    0.311805    2.316694 v input10/X (sky130_fd_sc_hd__dlymetal6s4s_1)
                                                         net10 (net)
                      0.107115    0.000047    2.316741 v _413_/B (sky130_fd_sc_hd__and2_4)
     4    0.010065    0.036404    0.200103    2.516845 v _413_/X (sky130_fd_sc_hd__and2_4)
                                                         _075_ (net)
                      0.036404    0.000011    2.516855 v _414_/C (sky130_fd_sc_hd__and3_2)
     3    0.008733    0.053310    0.230829    2.747684 v _414_/X (sky130_fd_sc_hd__and3_2)
                                                         _076_ (net)
                      0.053310    0.000008    2.747692 v _418_/A (sky130_fd_sc_hd__or3b_4)
     3    0.020189    0.093458    0.456138    3.203829 v _418_/X (sky130_fd_sc_hd__or3b_4)
                                                         _080_ (net)
                      0.093458    0.000029    3.203858 v _420_/A (sky130_fd_sc_hd__and2_2)
     2    0.006500    0.046726    0.206801    3.410659 v _420_/X (sky130_fd_sc_hd__and2_2)
                                                         _082_ (net)
                      0.046726    0.000005    3.410664 v _423_/A (sky130_fd_sc_hd__nand2_2)
     3    0.024889    0.140027    0.132264    3.542928 ^ _423_/Y (sky130_fd_sc_hd__nand2_2)
                                                         _085_ (net)
                      0.140027    0.000082    3.543010 ^ _425_/A (sky130_fd_sc_hd__nand2_2)
     2    0.007566    0.055414    0.078254    3.621264 v _425_/Y (sky130_fd_sc_hd__nand2_2)
                                                         _087_ (net)
                      0.055414    0.000050    3.621313 v _426_/C (sky130_fd_sc_hd__or3_4)
     3    0.010209    0.074883    0.360248    3.981561 v _426_/X (sky130_fd_sc_hd__or3_4)
                                                         _088_ (net)
                      0.074883    0.000029    3.981590 v _439_/A1 (sky130_fd_sc_hd__a211o_2)
     2    0.007199    0.061258    0.332007    4.313597 v _439_/X (sky130_fd_sc_hd__a211o_2)
                                                         _101_ (net)
                      0.061258    0.000012    4.313610 v _440_/B (sky130_fd_sc_hd__nand2b_2)
     1    0.009679    0.070580    0.093428    4.407038 ^ _440_/Y (sky130_fd_sc_hd__nand2b_2)
                                                         _102_ (net)
                      0.070580    0.000027    4.407064 ^ _449_/A (sky130_fd_sc_hd__xnor2_2)
     1    0.002107    0.092500    0.107228    4.514292 ^ _449_/Y (sky130_fd_sc_hd__xnor2_2)
                                                         net27 (net)
                      0.092500    0.000004    4.514297 ^ output27/A (sky130_fd_sc_hd__dlymetal6s2s_1)
     1    0.034436    0.355131    0.335821    4.850118 ^ output27/X (sky130_fd_sc_hd__dlymetal6s2s_1)
                                                         y[2] (net)
                      0.355131    0.000153    4.850271 ^ y[2] (out)
                                              4.850271   data arrival time

                                 10.000000   10.000000   clock clk (rise edge)
                                  0.000000   10.000000   clock network delay (propagated)
                                 -0.250000    9.750000   clock uncertainty
                                  0.000000    9.750000   clock reconvergence pessimism
                                 -2.000000    7.750000   output external delay
                                              7.750000   data required time
---------------------------------------------------------------------------------------------
                                              7.750000   data required time
                                             -4.850271   data arrival time
---------------------------------------------------------------------------------------------
                                              2.899729   slack (MET)


Startpoint: h0[1] (input port clocked by clk)
Endpoint: y[1] (output port clocked by clk)
Path Group: clk
Path Type: max

Fanout         Cap        Slew       Delay        Time   Description
---------------------------------------------------------------------------------------------
                                  0.000000    0.000000   clock clk (rise edge)
                                  0.000000    0.000000   clock network delay (propagated)
                                  2.000000    2.000000 v input external delay
     1    0.009594    0.023599    0.016292    2.016292 v h0[1] (in)
                                                         h0[1] (net)
                      0.023599    0.000000    2.016292 v input2/A (sky130_fd_sc_hd__buf_12)
     6    0.023927    0.030146    0.123935    2.140227 v input2/X (sky130_fd_sc_hd__buf_12)
                                                         net2 (net)
                      0.030147    0.000215    2.140442 v rebuffer70/A (sky130_fd_sc_hd__buf_2)
     3    0.011523    0.043066    0.137457    2.277899 v rebuffer70/X (sky130_fd_sc_hd__buf_2)
                                                         net70 (net)
                      0.043066    0.000050    2.277949 v _380_/C (sky130_fd_sc_hd__nand4_2)
     4    0.018937    0.144213    0.150737    2.428686 ^ _380_/Y (sky130_fd_sc_hd__nand4_2)
                                                         _042_ (net)
                      0.144213    0.000072    2.428758 ^ _392_/B (sky130_fd_sc_hd__and4_2)
     3    0.013009    0.097676    0.294771    2.723529 ^ _392_/X (sky130_fd_sc_hd__and4_2)
                                                         _054_ (net)
                      0.097676    0.000039    2.723568 ^ _394_/A (sky130_fd_sc_hd__nor2_2)
     2    0.005980    0.041812    0.057589    2.781157 v _394_/Y (sky130_fd_sc_hd__nor2_2)
                                                         _056_ (net)
                      0.041812    0.000008    2.781166 v _396_/A (sky130_fd_sc_hd__and2_2)
     3    0.008353    0.050715    0.189059    2.970225 v _396_/X (sky130_fd_sc_hd__and2_2)
                                                         _058_ (net)
                      0.050715    0.000005    2.970230 v _430_/A (sky130_fd_sc_hd__or2_2)
     2    0.007735    0.068231    0.328422    3.298652 v _430_/X (sky130_fd_sc_hd__or2_2)
                                                         _092_ (net)
                      0.068231    0.000056    3.298708 v _433_/A (sky130_fd_sc_hd__nor2_2)
     3    0.011295    0.148757    0.173566    3.472275 ^ _433_/Y (sky130_fd_sc_hd__nor2_2)
                                                         _095_ (net)
                      0.148757    0.000029    3.472304 ^ _436_/A (sky130_fd_sc_hd__nor2_2)
     2    0.006351    0.044365    0.069350    3.541654 v _436_/Y (sky130_fd_sc_hd__nor2_2)
                                                         _098_ (net)
                      0.044365    0.000024    3.541677 v _437_/C (sky130_fd_sc_hd__and3_2)
     3    0.009526    0.053671    0.237206    3.778883 v _437_/X (sky130_fd_sc_hd__and3_2)
                                                         _099_ (net)
                      0.053671    0.000019    3.778903 v _442_/A (sky130_fd_sc_hd__nor2_2)
     2    0.011817    0.154051    0.171679    3.950581 ^ _442_/Y (sky130_fd_sc_hd__nor2_2)
                                                         _104_ (net)
                      0.154051    0.000059    3.950640 ^ _704_/A (sky130_fd_sc_hd__xnor2_2)
     1    0.002540    0.097456    0.129338    4.079978 ^ _704_/Y (sky130_fd_sc_hd__xnor2_2)
                                                         net26 (net)
                      0.097456    0.000004    4.079981 ^ output26/A (sky130_fd_sc_hd__clkdlybuf4s25_1)
     1    0.034492    0.348434    0.503304    4.583285 ^ output26/X (sky130_fd_sc_hd__clkdlybuf4s25_1)
                                                         y[1] (net)
                      0.348434    0.000196    4.583482 ^ y[1] (out)
                                              4.583482   data arrival time

                                 10.000000   10.000000   clock clk (rise edge)
                                  0.000000   10.000000   clock network delay (propagated)
                                 -0.250000    9.750000   clock uncertainty
                                  0.000000    9.750000   clock reconvergence pessimism
                                 -2.000000    7.750000   output external delay
                                              7.750000   data required time
---------------------------------------------------------------------------------------------
                                              7.750000   data required time
                                             -4.583482   data arrival time
---------------------------------------------------------------------------------------------
                                              3.166518   slack (MET)


Startpoint: h1[0] (input port clocked by clk)
Endpoint: y[0] (output port clocked by clk)
Path Group: clk
Path Type: max

Fanout         Cap        Slew       Delay        Time   Description
---------------------------------------------------------------------------------------------
                                  0.000000    0.000000   clock clk (rise edge)
                                  0.000000    0.000000   clock network delay (propagated)
                                  2.000000    2.000000 ^ input external delay
     1    0.003021    0.020683    0.011619    2.011619 ^ h1[0] (in)
                                                         h1[0] (net)
                      0.020683    0.000000    2.011619 ^ input5/A (sky130_fd_sc_hd__clkbuf_2)
    10    0.035621    0.195768    0.213102    2.224722 ^ input5/X (sky130_fd_sc_hd__clkbuf_2)
                                                         net5 (net)
                      0.195771    0.000661    2.225383 ^ _395_/A (sky130_fd_sc_hd__and4_2)
     3    0.012182    0.094299    0.300080    2.525463 ^ _395_/X (sky130_fd_sc_hd__and4_2)
                                                         _057_ (net)
                      0.094299    0.000037    2.525500 ^ _444_/A (sky130_fd_sc_hd__nor2_2)
     2    0.014792    0.057584    0.075447    2.600946 v _444_/Y (sky130_fd_sc_hd__nor2_2)
                                                         _106_ (net)
                      0.057584    0.000154    2.601100 v _445_/B (sky130_fd_sc_hd__xnor2_2)
     2    0.006232    0.055511    0.143831    2.744931 v _445_/Y (sky130_fd_sc_hd__xnor2_2)
                                                         _107_ (net)
                      0.055511    0.000014    2.744945 v _446_/C (sky130_fd_sc_hd__and3_2)
     2    0.008536    0.053063    0.238753    2.983697 v _446_/X (sky130_fd_sc_hd__and3_2)
                                                         _108_ (net)
                      0.053063    0.000008    2.983705 v _703_/A (sky130_fd_sc_hd__nor2_2)
     1    0.004137    0.074770    0.110566    3.094271 ^ _703_/Y (sky130_fd_sc_hd__nor2_2)
                                                         net25 (net)
                      0.074770    0.000041    3.094312 ^ output25/A (sky130_fd_sc_hd__clkdlybuf4s25_1)
     1    0.034643    0.349632    0.496098    3.590410 ^ output25/X (sky130_fd_sc_hd__clkdlybuf4s25_1)
                                                         y[0] (net)
                      0.349632    0.000288    3.590698 ^ y[0] (out)
                                              3.590698   data arrival time

                                 10.000000   10.000000   clock clk (rise edge)
                                  0.000000   10.000000   clock network delay (propagated)
                                 -0.250000    9.750000   clock uncertainty
                                  0.000000    9.750000   clock reconvergence pessimism
                                 -2.000000    7.750000   output external delay
                                              7.750000   data required time
---------------------------------------------------------------------------------------------
                                              7.750000   data required time
                                             -3.590698   data arrival time
---------------------------------------------------------------------------------------------
                                              4.159301   slack (MET)


Startpoint: rst (input port clocked by clk)
Endpoint: _748_ (rising edge-triggered flip-flop clocked by clk)
Path Group: clk
Path Type: max

Fanout         Cap        Slew       Delay        Time   Description
---------------------------------------------------------------------------------------------
                                  0.000000    0.000000   clock clk (rise edge)
                                  0.000000    0.000000   clock network delay (propagated)
                                  2.000000    2.000000 ^ input external delay
     1    0.003450    0.022548    0.013200    2.013200 ^ rst (in)
                                                         rst (net)
                      0.022548    0.000000    2.013200 ^ input17/A (sky130_fd_sc_hd__clkdlybuf4s25_1)
     3    0.014526    0.158139    0.332524    2.345724 ^ input17/X (sky130_fd_sc_hd__clkdlybuf4s25_1)
                                                         net17 (net)
                      0.158139    0.000028    2.345752 ^ _369_/A (sky130_fd_sc_hd__inv_2)
     4    0.013871    0.055807    0.080911    2.426662 v _369_/Y (sky130_fd_sc_hd__inv_2)
                                                         _367_ (net)
                      0.055807    0.000045    2.426707 v fanout37/A (sky130_fd_sc_hd__clkdlybuf4s25_1)
    10    0.021203    0.163966    0.367941    2.794649 v fanout37/X (sky130_fd_sc_hd__clkdlybuf4s25_1)
                                                         net37 (net)
                      0.163966    0.000019    2.794668 v _719_/B1 (sky130_fd_sc_hd__o41a_2)
     1    0.003195    0.062841    0.173547    2.968215 v _719_/X (sky130_fd_sc_hd__o41a_2)
                                                         _012_ (net)
                      0.062841    0.000020    2.968234 v hold94/A (sky130_fd_sc_hd__dlygate4sd3_1)
     1    0.002501    0.053048    0.580716    3.548950 v hold94/X (sky130_fd_sc_hd__dlygate4sd3_1)
                                                         net94 (net)
                      0.053048    0.000009    3.548959 v _748_/D (sky130_fd_sc_hd__dfxtp_2)
                                              3.548959   data arrival time

                                 10.000000   10.000000   clock clk (rise edge)
                                  0.000000   10.000000   clock source latency
     1    0.012454    0.062209    0.039909   10.039908 ^ clk (in)
                                                         clk (net)
                      0.062211    0.000000   10.039908 ^ clkbuf_0_clk/A (sky130_fd_sc_hd__clkbuf_16)
     4    0.036344    0.056588    0.138317   10.178226 ^ clkbuf_0_clk/X (sky130_fd_sc_hd__clkbuf_16)
                                                         clknet_0_clk (net)
                      0.056588    0.000129   10.178354 ^ clkbuf_2_2__f_clk/A (sky130_fd_sc_hd__clkbuf_16)
     9    0.022501    0.044016    0.125509   10.303864 ^ clkbuf_2_2__f_clk/X (sky130_fd_sc_hd__clkbuf_16)
                                                         clknet_2_2__leaf_clk (net)
                      0.044016    0.000029   10.303893 ^ _748_/CLK (sky130_fd_sc_hd__dfxtp_2)
                                 -0.250000   10.053893   clock uncertainty
                                  0.000000   10.053893   clock reconvergence pessimism
                                 -0.116627    9.937265   library setup time
                                              9.937265   data required time
---------------------------------------------------------------------------------------------
                                              9.937265   data required time
                                             -3.548959   data arrival time
---------------------------------------------------------------------------------------------
                                              6.388306   slack (MET)


Startpoint: _755_ (rising edge-triggered flip-flop clocked by clk)
Endpoint: diag_busy (output port clocked by clk)
Path Group: clk
Path Type: max

Fanout         Cap        Slew       Delay        Time   Description
---------------------------------------------------------------------------------------------
                                  0.000000    0.000000   clock clk (rise edge)
                                  0.000000    0.000000   clock source latency
     1    0.012454    0.062209    0.044110    0.044110 ^ clk (in)
                                                         clk (net)
                      0.062211    0.000000    0.044110 ^ clkbuf_0_clk/A (sky130_fd_sc_hd__clkbuf_16)
     4    0.036344    0.056588    0.152876    0.196986 ^ clkbuf_0_clk/X (sky130_fd_sc_hd__clkbuf_16)
                                                         clknet_0_clk (net)
                      0.056588    0.000157    0.197143 ^ clkbuf_2_0__f_clk/A (sky130_fd_sc_hd__clkbuf_16)
     9    0.021283    0.042947    0.137485    0.334628 ^ clkbuf_2_0__f_clk/X (sky130_fd_sc_hd__clkbuf_16)
                                                         clknet_2_0__leaf_clk (net)
                      0.042949    0.000085    0.334713 ^ _755_/CLK (sky130_fd_sc_hd__dfxtp_2)
     6    0.019604    0.106381    0.383290    0.718003 ^ _755_/Q (sky130_fd_sc_hd__dfxtp_2)
                                                         net23 (net)
                      0.106381    0.000110    0.718113 ^ output23/A (sky130_fd_sc_hd__clkdlybuf4s25_1)
     1    0.034862    0.352186    0.509138    1.227251 ^ output23/X (sky130_fd_sc_hd__clkdlybuf4s25_1)
                                                         diag_busy (net)
                      0.352186    0.000290    1.227541 ^ diag_busy (out)
                                              1.227541   data arrival time

                                 10.000000   10.000000   clock clk (rise edge)
                                  0.000000   10.000000   clock network delay (propagated)
                                 -0.250000    9.750000   clock uncertainty
                                  0.000000    9.750000   clock reconvergence pessimism
                                 -2.000000    7.750000   output external delay
                                              7.750000   data required time
---------------------------------------------------------------------------------------------
                                              7.750000   data required time
                                             -1.227541   data arrival time
---------------------------------------------------------------------------------------------
                                              6.522459   slack (MET)


Startpoint: _756_ (rising edge-triggered flip-flop clocked by clk)
Endpoint: diag_done (output port clocked by clk)
Path Group: clk
Path Type: max

Fanout         Cap        Slew       Delay        Time   Description
---------------------------------------------------------------------------------------------
                                  0.000000    0.000000   clock clk (rise edge)
                                  0.000000    0.000000   clock source latency
     1    0.012454    0.062209    0.044110    0.044110 ^ clk (in)
                                                         clk (net)
                      0.062211    0.000000    0.044110 ^ clkbuf_0_clk/A (sky130_fd_sc_hd__clkbuf_16)
     4    0.036344    0.056588    0.152876    0.196986 ^ clkbuf_0_clk/X (sky130_fd_sc_hd__clkbuf_16)
                                                         clknet_0_clk (net)
                      0.056588    0.000142    0.197128 ^ clkbuf_2_2__f_clk/A (sky130_fd_sc_hd__clkbuf_16)
     9    0.022501    0.044016    0.138721    0.335849 ^ clkbuf_2_2__f_clk/X (sky130_fd_sc_hd__clkbuf_16)
                                                         clknet_2_2__leaf_clk (net)
                      0.044016    0.000020    0.335869 ^ _756_/CLK (sky130_fd_sc_hd__dfxtp_2)
     1    0.002629    0.030181    0.317671    0.653540 ^ _756_/Q (sky130_fd_sc_hd__dfxtp_2)
                                                         net24 (net)
                      0.030181    0.000005    0.653545 ^ output24/A (sky130_fd_sc_hd__clkdlybuf4s25_1)
     1    0.034469    0.348246    0.478543    1.132088 ^ output24/X (sky130_fd_sc_hd__clkdlybuf4s25_1)
                                                         diag_done (net)
                      0.348246    0.000239    1.132328 ^ diag_done (out)
                                              1.132328   data arrival time

                                 10.000000   10.000000   clock clk (rise edge)
                                  0.000000   10.000000   clock network delay (propagated)
                                 -0.250000    9.750000   clock uncertainty
                                  0.000000    9.750000   clock reconvergence pessimism
                                 -2.000000    7.750000   output external delay
                                              7.750000   data required time
---------------------------------------------------------------------------------------------
                                              7.750000   data required time
                                             -1.132328   data arrival time
---------------------------------------------------------------------------------------------
                                              6.617672   slack (MET)


Startpoint: _774_ (rising edge-triggered flip-flop clocked by clk)
Endpoint: _755_ (rising edge-triggered flip-flop clocked by clk)
Path Group: clk
Path Type: max

Fanout         Cap        Slew       Delay        Time   Description
---------------------------------------------------------------------------------------------
                                  0.000000    0.000000   clock clk (rise edge)
                                  0.000000    0.000000   clock source latency
     1    0.012454    0.062209    0.044110    0.044110 ^ clk (in)
                                                         clk (net)
                      0.062211    0.000000    0.044110 ^ clkbuf_0_clk/A (sky130_fd_sc_hd__clkbuf_16)
     4    0.036344    0.056588    0.152876    0.196986 ^ clkbuf_0_clk/X (sky130_fd_sc_hd__clkbuf_16)
                                                         clknet_0_clk (net)
                      0.056588    0.000142    0.197128 ^ clkbuf_2_2__f_clk/A (sky130_fd_sc_hd__clkbuf_16)
     9    0.022501    0.044016    0.138721    0.335849 ^ clkbuf_2_2__f_clk/X (sky130_fd_sc_hd__clkbuf_16)
                                                         clknet_2_2__leaf_clk (net)
                      0.044016    0.000041    0.335890 ^ _774_/CLK (sky130_fd_sc_hd__dfxtp_2)
     1    0.002125    0.021275    0.313914    0.649804 v _774_/Q (sky130_fd_sc_hd__dfxtp_2)
                                                         controller.state[5] (net)
                      0.021275    0.000007    0.649811 v hold88/A (sky130_fd_sc_hd__dlygate4sd3_1)
     2    0.004383    0.060559    0.578415    1.228226 v hold88/X (sky130_fd_sc_hd__dlygate4sd3_1)
                                                         net88 (net)
                      0.060559    0.000019    1.228245 v _720_/A (sky130_fd_sc_hd__or4_2)
     2    0.008168    0.120316    0.730079    1.958325 v _720_/X (sky130_fd_sc_hd__or4_2)
                                                         _359_ (net)
                      0.120316    0.000071    1.958396 v _721_/C (sky130_fd_sc_hd__nor3_2)
     2    0.008906    0.200234    0.196794    2.155190 ^ _721_/Y (sky130_fd_sc_hd__nor3_2)
                                                         _360_ (net)
                      0.200234    0.000018    2.155208 ^ _732_/D_N (sky130_fd_sc_hd__or4b_2)
     1    0.004141    0.107063    0.642564    2.797772 v _732_/X (sky130_fd_sc_hd__or4b_2)
                                                         _365_ (net)
                      0.107063    0.000014    2.797787 v _733_/S (sky130_fd_sc_hd__mux2_1)
     1    0.002062    0.052125    0.335035    3.132822 v _733_/X (sky130_fd_sc_hd__mux2_1)
                                                         _366_ (net)
                      0.052125    0.000006    3.132828 v _734_/B (sky130_fd_sc_hd__and2_2)
     1    0.002419    0.035414    0.192749    3.325576 v _734_/X (sky130_fd_sc_hd__and2_2)
                                                         _019_ (net)
                      0.035414    0.000009    3.325585 v _755_/D (sky130_fd_sc_hd__dfxtp_2)
                                              3.325585   data arrival time

                                 10.000000   10.000000   clock clk (rise edge)
                                  0.000000   10.000000   clock source latency
     1    0.012454    0.062209    0.039909   10.039908 ^ clk (in)
                                                         clk (net)
                      0.062211    0.000000   10.039908 ^ clkbuf_0_clk/A (sky130_fd_sc_hd__clkbuf_16)
     4    0.036344    0.056588    0.138317   10.178226 ^ clkbuf_0_clk/X (sky130_fd_sc_hd__clkbuf_16)
                                                         clknet_0_clk (net)
                      0.056588    0.000142   10.178368 ^ clkbuf_2_0__f_clk/A (sky130_fd_sc_hd__clkbuf_16)
     9    0.021283    0.042947    0.124391   10.302759 ^ clkbuf_2_0__f_clk/X (sky130_fd_sc_hd__clkbuf_16)
                                                         clknet_2_0__leaf_clk (net)
                      0.042949    0.000077   10.302836 ^ _755_/CLK (sky130_fd_sc_hd__dfxtp_2)
                                 -0.250000   10.052836   clock uncertainty
                                  0.018761   10.071596   clock reconvergence pessimism
                                 -0.109180    9.962417   library setup time
                                              9.962417   data required time
---------------------------------------------------------------------------------------------
                                              9.962417   data required time
                                             -3.325585   data arrival time
---------------------------------------------------------------------------------------------
                                              6.636832   slack (MET)


Startpoint: start_diag (input port clocked by clk)
Endpoint: _769_ (rising edge-triggered flip-flop clocked by clk)
Path Group: clk
Path Type: max

Fanout         Cap        Slew       Delay        Time   Description
---------------------------------------------------------------------------------------------
                                  0.000000    0.000000   clock clk (rise edge)
                                  0.000000    0.000000   clock network delay (propagated)
                                  2.000000    2.000000 ^ input external delay
     1    0.003371    0.022202    0.012907    2.012907 ^ start_diag (in)
                                                         start_diag (net)
                      0.022202    0.000000    2.012907 ^ input18/A (sky130_fd_sc_hd__clkdlybuf4s25_1)
     2    0.006746    0.083044    0.276025    2.288932 ^ input18/X (sky130_fd_sc_hd__clkdlybuf4s25_1)
                                                         net18 (net)
                      0.083044    0.000016    2.288948 ^ _370_/A (sky130_fd_sc_hd__inv_2)
     1    0.002671    0.021232    0.032848    2.321795 v _370_/Y (sky130_fd_sc_hd__inv_2)
                                                         _368_ (net)
                      0.021232    0.000005    2.321800 v _718_/A1 (sky130_fd_sc_hd__a211o_2)
     1    0.001858    0.043625    0.283961    2.605761 v _718_/X (sky130_fd_sc_hd__a211o_2)
                                                         _011_ (net)
                      0.043625    0.000003    2.605764 v hold87/A (sky130_fd_sc_hd__dlygate4sd3_1)
     1    0.002014    0.050217    0.567540    3.173305 v hold87/X (sky130_fd_sc_hd__dlygate4sd3_1)
                                                         net87 (net)
                      0.050217    0.000004    3.173308 v _769_/D (sky130_fd_sc_hd__dfxtp_2)
                                              3.173308   data arrival time

                                 10.000000   10.000000   clock clk (rise edge)
                                  0.000000   10.000000   clock source latency
     1    0.012454    0.062209    0.039909   10.039908 ^ clk (in)
                                                         clk (net)
                      0.062211    0.000000   10.039908 ^ clkbuf_0_clk/A (sky130_fd_sc_hd__clkbuf_16)
     4    0.036344    0.056588    0.138317   10.178226 ^ clkbuf_0_clk/X (sky130_fd_sc_hd__clkbuf_16)
                                                         clknet_0_clk (net)
                      0.056588    0.000142   10.178368 ^ clkbuf_2_0__f_clk/A (sky130_fd_sc_hd__clkbuf_16)
     9    0.021283    0.042947    0.124391   10.302759 ^ clkbuf_2_0__f_clk/X (sky130_fd_sc_hd__clkbuf_16)
                                                         clknet_2_0__leaf_clk (net)
                      0.042948    0.000048   10.302807 ^ _769_/CLK (sky130_fd_sc_hd__dfxtp_2)
                                 -0.250000   10.052807   clock uncertainty
                                  0.000000   10.052807   clock reconvergence pessimism
                                 -0.115641    9.937165   library setup time
                                              9.937165   data required time
---------------------------------------------------------------------------------------------
                                              9.937165   data required time
                                             -3.173308   data arrival time
---------------------------------------------------------------------------------------------
                                              6.763857   slack (MET)


Startpoint: rst (input port clocked by clk)
Endpoint: _775_ (rising edge-triggered flip-flop clocked by clk)
Path Group: clk
Path Type: max

Fanout         Cap        Slew       Delay        Time   Description
---------------------------------------------------------------------------------------------
                                  0.000000    0.000000   clock clk (rise edge)
                                  0.000000    0.000000   clock network delay (propagated)
                                  2.000000    2.000000 ^ input external delay
     1    0.003450    0.022548    0.013200    2.013200 ^ rst (in)
                                                         rst (net)
                      0.022548    0.000000    2.013200 ^ input17/A (sky130_fd_sc_hd__clkdlybuf4s25_1)
     3    0.014526    0.158139    0.332524    2.345724 ^ input17/X (sky130_fd_sc_hd__clkdlybuf4s25_1)
                                                         net17 (net)
                      0.158139    0.000028    2.345752 ^ _369_/A (sky130_fd_sc_hd__inv_2)
     4    0.013871    0.055807    0.080911    2.426662 v _369_/Y (sky130_fd_sc_hd__inv_2)
                                                         _367_ (net)
                      0.055807    0.000004    2.426666 v fanout35/A (sky130_fd_sc_hd__clkdlybuf4s25_1)
    10    0.022169    0.169653    0.373362    2.800028 v fanout35/X (sky130_fd_sc_hd__clkdlybuf4s25_1)
                                                         net35 (net)
                      0.169653    0.000109    2.800137 v _712_/A (sky130_fd_sc_hd__and2_2)
     1    0.005380    0.043003    0.239675    3.039812 v _712_/X (sky130_fd_sc_hd__and2_2)
                                                         _005_ (net)
                      0.043003    0.000063    3.039875 v _775_/D (sky130_fd_sc_hd__dfxtp_2)
                                              3.039875   data arrival time

                                 10.000000   10.000000   clock clk (rise edge)
                                  0.000000   10.000000   clock source latency
     1    0.012454    0.062209    0.039909   10.039908 ^ clk (in)
                                                         clk (net)
                      0.062211    0.000000   10.039908 ^ clkbuf_0_clk/A (sky130_fd_sc_hd__clkbuf_16)
     4    0.036344    0.056588    0.138317   10.178226 ^ clkbuf_0_clk/X (sky130_fd_sc_hd__clkbuf_16)
                                                         clknet_0_clk (net)
                      0.056588    0.000142   10.178368 ^ clkbuf_2_0__f_clk/A (sky130_fd_sc_hd__clkbuf_16)
     9    0.021283    0.042947    0.124391   10.302759 ^ clkbuf_2_0__f_clk/X (sky130_fd_sc_hd__clkbuf_16)
                                                         clknet_2_0__leaf_clk (net)
                      0.042948    0.000066   10.302825 ^ _775_/CLK (sky130_fd_sc_hd__dfxtp_2)
                                 -0.250000   10.052825   clock uncertainty
                                  0.000000   10.052825   clock reconvergence pessimism
                                 -0.112492    9.940332   library setup time
                                              9.940332   data required time
---------------------------------------------------------------------------------------------
                                              9.940332   data required time
                                             -3.039875   data arrival time
---------------------------------------------------------------------------------------------
                                              6.900457   slack (MET)


Startpoint: rst (input port clocked by clk)
Endpoint: _761_ (rising edge-triggered flip-flop clocked by clk)
Path Group: clk
Path Type: max

Fanout         Cap        Slew       Delay        Time   Description
---------------------------------------------------------------------------------------------
                                  0.000000    0.000000   clock clk (rise edge)
                                  0.000000    0.000000   clock network delay (propagated)
                                  2.000000    2.000000 ^ input external delay
     1    0.003450    0.022548    0.013200    2.013200 ^ rst (in)
                                                         rst (net)
                      0.022548    0.000000    2.013200 ^ input17/A (sky130_fd_sc_hd__clkdlybuf4s25_1)
     3    0.014526    0.158139    0.332524    2.345724 ^ input17/X (sky130_fd_sc_hd__clkdlybuf4s25_1)
                                                         net17 (net)
                      0.158139    0.000028    2.345752 ^ _369_/A (sky130_fd_sc_hd__inv_2)
     4    0.013871    0.055807    0.080911    2.426662 v _369_/Y (sky130_fd_sc_hd__inv_2)
                                                         _367_ (net)
                      0.055807    0.000045    2.426707 v fanout37/A (sky130_fd_sc_hd__clkdlybuf4s25_1)
    10    0.021203    0.163966    0.367941    2.794649 v fanout37/X (sky130_fd_sc_hd__clkdlybuf4s25_1)
                                                         net37 (net)
                      0.163966    0.000057    2.794705 v _740_/B (sky130_fd_sc_hd__and2_2)
     1    0.002144    0.035090    0.246164    3.040869 v _740_/X (sky130_fd_sc_hd__and2_2)
                                                         _025_ (net)
                      0.035090    0.000005    3.040874 v _761_/D (sky130_fd_sc_hd__dfxtp_2)
                                              3.040874   data arrival time

                                 10.000000   10.000000   clock clk (rise edge)
                                  0.000000   10.000000   clock source latency
     1    0.012454    0.062209    0.039909   10.039908 ^ clk (in)
                                                         clk (net)
                      0.062211    0.000000   10.039908 ^ clkbuf_0_clk/A (sky130_fd_sc_hd__clkbuf_16)
     4    0.036344    0.056588    0.138317   10.178226 ^ clkbuf_0_clk/X (sky130_fd_sc_hd__clkbuf_16)
                                                         clknet_0_clk (net)
                      0.056588    0.000109   10.178335 ^ clkbuf_2_3__f_clk/A (sky130_fd_sc_hd__clkbuf_16)
     9    0.021098    0.042789    0.124224   10.302559 ^ clkbuf_2_3__f_clk/X (sky130_fd_sc_hd__clkbuf_16)
                                                         clknet_2_3__leaf_clk (net)
                      0.042789    0.000060   10.302619 ^ _761_/CLK (sky130_fd_sc_hd__dfxtp_2)
                                 -0.250000   10.052619   clock uncertainty
                                  0.000000   10.052619   clock reconvergence pessimism
                                 -0.109075    9.943543   library setup time
                                              9.943543   data required time
---------------------------------------------------------------------------------------------
                                              9.943543   data required time
                                             -3.040874   data arrival time
---------------------------------------------------------------------------------------------
                                              6.902669   slack (MET)


Startpoint: rst (input port clocked by clk)
Endpoint: _762_ (rising edge-triggered flip-flop clocked by clk)
Path Group: clk
Path Type: max

Fanout         Cap        Slew       Delay        Time   Description
---------------------------------------------------------------------------------------------
                                  0.000000    0.000000   clock clk (rise edge)
                                  0.000000    0.000000   clock network delay (propagated)
                                  2.000000    2.000000 ^ input external delay
     1    0.003450    0.022548    0.013200    2.013200 ^ rst (in)
                                                         rst (net)
                      0.022548    0.000000    2.013200 ^ input17/A (sky130_fd_sc_hd__clkdlybuf4s25_1)
     3    0.014526    0.158139    0.332524    2.345724 ^ input17/X (sky130_fd_sc_hd__clkdlybuf4s25_1)
                                                         net17 (net)
                      0.158139    0.000028    2.345752 ^ _369_/A (sky130_fd_sc_hd__inv_2)
     4    0.013871    0.055807    0.080911    2.426662 v _369_/Y (sky130_fd_sc_hd__inv_2)
                                                         _367_ (net)
                      0.055807    0.000045    2.426707 v fanout37/A (sky130_fd_sc_hd__clkdlybuf4s25_1)
    10    0.021203    0.163966    0.367941    2.794649 v fanout37/X (sky130_fd_sc_hd__clkdlybuf4s25_1)
                                                         net37 (net)
                      0.163966    0.000059    2.794708 v _741_/B (sky130_fd_sc_hd__and2_2)
     1    0.001953    0.034537    0.245241    3.039949 v _741_/X (sky130_fd_sc_hd__and2_2)
                                                         _026_ (net)
                      0.034537    0.000003    3.039952 v _762_/D (sky130_fd_sc_hd__dfxtp_2)
                                              3.039952   data arrival time

                                 10.000000   10.000000   clock clk (rise edge)
                                  0.000000   10.000000   clock source latency
     1    0.012454    0.062209    0.039909   10.039908 ^ clk (in)
                                                         clk (net)
                      0.062211    0.000000   10.039908 ^ clkbuf_0_clk/A (sky130_fd_sc_hd__clkbuf_16)
     4    0.036344    0.056588    0.138317   10.178226 ^ clkbuf_0_clk/X (sky130_fd_sc_hd__clkbuf_16)
                                                         clknet_0_clk (net)
                      0.056588    0.000109   10.178335 ^ clkbuf_2_3__f_clk/A (sky130_fd_sc_hd__clkbuf_16)
     9    0.021098    0.042789    0.124224   10.302559 ^ clkbuf_2_3__f_clk/X (sky130_fd_sc_hd__clkbuf_16)
                                                         clknet_2_3__leaf_clk (net)
                      0.042789    0.000066   10.302625 ^ _762_/CLK (sky130_fd_sc_hd__dfxtp_2)
                                 -0.250000   10.052625   clock uncertainty
                                  0.000000   10.052625   clock reconvergence pessimism
                                 -0.108834    9.943791   library setup time
                                              9.943791   data required time
---------------------------------------------------------------------------------------------
                                              9.943791   data required time
                                             -3.039952   data arrival time
---------------------------------------------------------------------------------------------
                                              6.903839   slack (MET)


Startpoint: rst (input port clocked by clk)
Endpoint: _780_ (rising edge-triggered flip-flop clocked by clk)
Path Group: clk
Path Type: max

Fanout         Cap        Slew       Delay        Time   Description
---------------------------------------------------------------------------------------------
                                  0.000000    0.000000   clock clk (rise edge)
                                  0.000000    0.000000   clock network delay (propagated)
                                  2.000000    2.000000 ^ input external delay
     1    0.003450    0.022548    0.013200    2.013200 ^ rst (in)
                                                         rst (net)
                      0.022548    0.000000    2.013200 ^ input17/A (sky130_fd_sc_hd__clkdlybuf4s25_1)
     3    0.014526    0.158139    0.332524    2.345724 ^ input17/X (sky130_fd_sc_hd__clkdlybuf4s25_1)
                                                         net17 (net)
                      0.158139    0.000028    2.345752 ^ _369_/A (sky130_fd_sc_hd__inv_2)
     4    0.013871    0.055807    0.080911    2.426662 v _369_/Y (sky130_fd_sc_hd__inv_2)
                                                         _367_ (net)
                      0.055807    0.000045    2.426707 v fanout37/A (sky130_fd_sc_hd__clkdlybuf4s25_1)
    10    0.021203    0.163966    0.367941    2.794649 v fanout37/X (sky130_fd_sc_hd__clkdlybuf4s25_1)
                                                         net37 (net)
                      0.163966    0.000036    2.794685 v _706_/B (sky130_fd_sc_hd__and2_2)
     1    0.002015    0.034715    0.245539    3.040225 v _706_/X (sky130_fd_sc_hd__and2_2)
                                                         _010_ (net)
                      0.034715    0.000004    3.040228 v _780_/D (sky130_fd_sc_hd__dfxtp_2)
                                              3.040228   data arrival time

                                 10.000000   10.000000   clock clk (rise edge)
                                  0.000000   10.000000   clock source latency
     1    0.012454    0.062209    0.039909   10.039908 ^ clk (in)
                                                         clk (net)
                      0.062211    0.000000   10.039908 ^ clkbuf_0_clk/A (sky130_fd_sc_hd__clkbuf_16)
     4    0.036344    0.056588    0.138317   10.178226 ^ clkbuf_0_clk/X (sky130_fd_sc_hd__clkbuf_16)
                                                         clknet_0_clk (net)
                      0.056588    0.000129   10.178354 ^ clkbuf_2_2__f_clk/A (sky130_fd_sc_hd__clkbuf_16)
     9    0.022501    0.044016    0.125509   10.303864 ^ clkbuf_2_2__f_clk/X (sky130_fd_sc_hd__clkbuf_16)
                                                         clknet_2_2__leaf_clk (net)
                      0.044016    0.000023   10.303887 ^ _780_/CLK (sky130_fd_sc_hd__dfxtp_2)
                                 -0.250000   10.053887   clock uncertainty
                                  0.000000   10.053887   clock reconvergence pessimism
                                 -0.108625    9.945262   library setup time
                                              9.945262   data required time
---------------------------------------------------------------------------------------------
                                              9.945262   data required time
                                             -3.040228   data arrival time
---------------------------------------------------------------------------------------------
                                              6.905033   slack (MET)


Startpoint: rst (input port clocked by clk)
Endpoint: _751_ (rising edge-triggered flip-flop clocked by clk)
Path Group: clk
Path Type: max

Fanout         Cap        Slew       Delay        Time   Description
---------------------------------------------------------------------------------------------
                                  0.000000    0.000000   clock clk (rise edge)
                                  0.000000    0.000000   clock network delay (propagated)
                                  2.000000    2.000000 ^ input external delay
     1    0.003450    0.022548    0.013200    2.013200 ^ rst (in)
                                                         rst (net)
                      0.022548    0.000000    2.013200 ^ input17/A (sky130_fd_sc_hd__clkdlybuf4s25_1)
     3    0.014526    0.158139    0.332524    2.345724 ^ input17/X (sky130_fd_sc_hd__clkdlybuf4s25_1)
                                                         net17 (net)
                      0.158139    0.000028    2.345752 ^ _369_/A (sky130_fd_sc_hd__inv_2)
     4    0.013871    0.055807    0.080911    2.426662 v _369_/Y (sky130_fd_sc_hd__inv_2)
                                                         _367_ (net)
                      0.055807    0.000004    2.426666 v fanout35/A (sky130_fd_sc_hd__clkdlybuf4s25_1)
    10    0.022169    0.169653    0.373362    2.800028 v fanout35/X (sky130_fd_sc_hd__clkdlybuf4s25_1)
                                                         net35 (net)
                      0.169653    0.000036    2.800065 v _726_/A (sky130_fd_sc_hd__and2_2)
     1    0.003221    0.037479    0.231270    3.031335 v _726_/X (sky130_fd_sc_hd__and2_2)
                                                         _015_ (net)
                      0.037479    0.000022    3.031357 v _751_/D (sky130_fd_sc_hd__dfxtp_2)
                                              3.031357   data arrival time

                                 10.000000   10.000000   clock clk (rise edge)
                                  0.000000   10.000000   clock source latency
     1    0.012454    0.062209    0.039909   10.039908 ^ clk (in)
                                                         clk (net)
                      0.062211    0.000000   10.039908 ^ clkbuf_0_clk/A (sky130_fd_sc_hd__clkbuf_16)
     4    0.036344    0.056588    0.138317   10.178226 ^ clkbuf_0_clk/X (sky130_fd_sc_hd__clkbuf_16)
                                                         clknet_0_clk (net)
                      0.056588    0.000107   10.178333 ^ clkbuf_2_1__f_clk/A (sky130_fd_sc_hd__clkbuf_16)
     9    0.020919    0.042636    0.124056   10.302389 ^ clkbuf_2_1__f_clk/X (sky130_fd_sc_hd__clkbuf_16)
                                                         clknet_2_1__leaf_clk (net)
                      0.042636    0.000055   10.302444 ^ _751_/CLK (sky130_fd_sc_hd__dfxtp_2)
                                 -0.250000   10.052444   clock uncertainty
                                  0.000000   10.052444   clock reconvergence pessimism
                                 -0.110154    9.942291   library setup time
                                              9.942291   data required time
---------------------------------------------------------------------------------------------
                                              9.942291   data required time
                                             -3.031357   data arrival time
---------------------------------------------------------------------------------------------
                                              6.910934   slack (MET)


Startpoint: rst (input port clocked by clk)
Endpoint: _752_ (rising edge-triggered flip-flop clocked by clk)
Path Group: clk
Path Type: max

Fanout         Cap        Slew       Delay        Time   Description
---------------------------------------------------------------------------------------------
                                  0.000000    0.000000   clock clk (rise edge)
                                  0.000000    0.000000   clock network delay (propagated)
                                  2.000000    2.000000 ^ input external delay
     1    0.003450    0.022548    0.013200    2.013200 ^ rst (in)
                                                         rst (net)
                      0.022548    0.000000    2.013200 ^ input17/A (sky130_fd_sc_hd__clkdlybuf4s25_1)
     3    0.014526    0.158139    0.332524    2.345724 ^ input17/X (sky130_fd_sc_hd__clkdlybuf4s25_1)
                                                         net17 (net)
                      0.158139    0.000028    2.345752 ^ _369_/A (sky130_fd_sc_hd__inv_2)
     4    0.013871    0.055807    0.080911    2.426662 v _369_/Y (sky130_fd_sc_hd__inv_2)
                                                         _367_ (net)
                      0.055807    0.000004    2.426666 v fanout35/A (sky130_fd_sc_hd__clkdlybuf4s25_1)
    10    0.022169    0.169653    0.373362    2.800028 v fanout35/X (sky130_fd_sc_hd__clkdlybuf4s25_1)
                                                         net35 (net)
                      0.169653    0.000062    2.800090 v _728_/A (sky130_fd_sc_hd__and2_2)
     1    0.002419    0.035415    0.227563    3.027653 v _728_/X (sky130_fd_sc_hd__and2_2)
                                                         _016_ (net)
                      0.035415    0.000009    3.027662 v _752_/D (sky130_fd_sc_hd__dfxtp_2)
                                              3.027662   data arrival time

                                 10.000000   10.000000   clock clk (rise edge)
                                  0.000000   10.000000   clock source latency
     1    0.012454    0.062209    0.039909   10.039908 ^ clk (in)
                                                         clk (net)
                      0.062211    0.000000   10.039908 ^ clkbuf_0_clk/A (sky130_fd_sc_hd__clkbuf_16)
     4    0.036344    0.056588    0.138317   10.178226 ^ clkbuf_0_clk/X (sky130_fd_sc_hd__clkbuf_16)
                                                         clknet_0_clk (net)
                      0.056588    0.000107   10.178333 ^ clkbuf_2_1__f_clk/A (sky130_fd_sc_hd__clkbuf_16)
     9    0.020919    0.042636    0.124056   10.302389 ^ clkbuf_2_1__f_clk/X (sky130_fd_sc_hd__clkbuf_16)
                                                         clknet_2_1__leaf_clk (net)
                      0.042636    0.000069   10.302459 ^ _752_/CLK (sky130_fd_sc_hd__dfxtp_2)
                                 -0.250000   10.052459   clock uncertainty
                                  0.000000   10.052459   clock reconvergence pessimism
                                 -0.109253    9.943206   library setup time
                                              9.943206   data required time
---------------------------------------------------------------------------------------------
                                              9.943206   data required time
                                             -3.027662   data arrival time
---------------------------------------------------------------------------------------------
                                              6.915544   slack (MET)


Startpoint: rst (input port clocked by clk)
Endpoint: _771_ (rising edge-triggered flip-flop clocked by clk)
Path Group: clk
Path Type: max

Fanout         Cap        Slew       Delay        Time   Description
---------------------------------------------------------------------------------------------
                                  0.000000    0.000000   clock clk (rise edge)
                                  0.000000    0.000000   clock network delay (propagated)
                                  2.000000    2.000000 ^ input external delay
     1    0.003450    0.022548    0.013200    2.013200 ^ rst (in)
                                                         rst (net)
                      0.022548    0.000000    2.013200 ^ input17/A (sky130_fd_sc_hd__clkdlybuf4s25_1)
     3    0.014526    0.158139    0.332524    2.345724 ^ input17/X (sky130_fd_sc_hd__clkdlybuf4s25_1)
                                                         net17 (net)
                      0.158139    0.000028    2.345752 ^ _369_/A (sky130_fd_sc_hd__inv_2)
     4    0.013871    0.055807    0.080911    2.426662 v _369_/Y (sky130_fd_sc_hd__inv_2)
                                                         _367_ (net)
                      0.055807    0.000004    2.426666 v fanout35/A (sky130_fd_sc_hd__clkdlybuf4s25_1)
    10    0.022169    0.169653    0.373362    2.800028 v fanout35/X (sky130_fd_sc_hd__clkdlybuf4s25_1)
                                                         net35 (net)
                      0.169653    0.000087    2.800115 v _716_/A (sky130_fd_sc_hd__and2_2)
     1    0.002288    0.035032    0.226954    3.027070 v _716_/X (sky130_fd_sc_hd__and2_2)
                                                         _001_ (net)
                      0.035032    0.000008    3.027077 v _771_/D (sky130_fd_sc_hd__dfxtp_2)
                                              3.027077   data arrival time

                                 10.000000   10.000000   clock clk (rise edge)
                                  0.000000   10.000000   clock source latency
     1    0.012454    0.062209    0.039909   10.039908 ^ clk (in)
                                                         clk (net)
                      0.062211    0.000000   10.039908 ^ clkbuf_0_clk/A (sky130_fd_sc_hd__clkbuf_16)
     4    0.036344    0.056588    0.138317   10.178226 ^ clkbuf_0_clk/X (sky130_fd_sc_hd__clkbuf_16)
                                                         clknet_0_clk (net)
                      0.056588    0.000142   10.178368 ^ clkbuf_2_0__f_clk/A (sky130_fd_sc_hd__clkbuf_16)
     9    0.021283    0.042947    0.124391   10.302759 ^ clkbuf_2_0__f_clk/X (sky130_fd_sc_hd__clkbuf_16)
                                                         clknet_2_0__leaf_clk (net)
                      0.042947    0.000030   10.302789 ^ _771_/CLK (sky130_fd_sc_hd__dfxtp_2)
                                 -0.250000   10.052789   clock uncertainty
                                  0.000000   10.052789   clock reconvergence pessimism
                                 -0.109013    9.943776   library setup time
                                              9.943776   data required time
---------------------------------------------------------------------------------------------
                                              9.943776   data required time
                                             -3.027077   data arrival time
---------------------------------------------------------------------------------------------
                                              6.916698   slack (MET)


Startpoint: rst (input port clocked by clk)
Endpoint: _753_ (rising edge-triggered flip-flop clocked by clk)
Path Group: clk
Path Type: max

Fanout         Cap        Slew       Delay        Time   Description
---------------------------------------------------------------------------------------------
                                  0.000000    0.000000   clock clk (rise edge)
                                  0.000000    0.000000   clock network delay (propagated)
                                  2.000000    2.000000 ^ input external delay
     1    0.003450    0.022548    0.013200    2.013200 ^ rst (in)
                                                         rst (net)
                      0.022548    0.000000    2.013200 ^ input17/A (sky130_fd_sc_hd__clkdlybuf4s25_1)
     3    0.014526    0.158139    0.332524    2.345724 ^ input17/X (sky130_fd_sc_hd__clkdlybuf4s25_1)
                                                         net17 (net)
                      0.158139    0.000028    2.345752 ^ _369_/A (sky130_fd_sc_hd__inv_2)
     4    0.013871    0.055807    0.080911    2.426662 v _369_/Y (sky130_fd_sc_hd__inv_2)
                                                         _367_ (net)
                      0.055807    0.000004    2.426666 v fanout35/A (sky130_fd_sc_hd__clkdlybuf4s25_1)
    10    0.022169    0.169653    0.373362    2.800028 v fanout35/X (sky130_fd_sc_hd__clkdlybuf4s25_1)
                                                         net35 (net)
                      0.169653    0.000069    2.800097 v _730_/A (sky130_fd_sc_hd__and2_2)
     1    0.002169    0.035206    0.226404    3.026502 v _730_/X (sky130_fd_sc_hd__and2_2)
                                                         _017_ (net)
                      0.035206    0.000006    3.026508 v _753_/D (sky130_fd_sc_hd__dfxtp_2)
                                              3.026508   data arrival time

                                 10.000000   10.000000   clock clk (rise edge)
                                  0.000000   10.000000   clock source latency
     1    0.012454    0.062209    0.039909   10.039908 ^ clk (in)
                                                         clk (net)
                      0.062211    0.000000   10.039908 ^ clkbuf_0_clk/A (sky130_fd_sc_hd__clkbuf_16)
     4    0.036344    0.056588    0.138317   10.178226 ^ clkbuf_0_clk/X (sky130_fd_sc_hd__clkbuf_16)
                                                         clknet_0_clk (net)
                      0.056588    0.000107   10.178333 ^ clkbuf_2_1__f_clk/A (sky130_fd_sc_hd__clkbuf_16)
     9    0.020919    0.042636    0.124056   10.302389 ^ clkbuf_2_1__f_clk/X (sky130_fd_sc_hd__clkbuf_16)
                                                         clknet_2_1__leaf_clk (net)
                      0.042636    0.000070   10.302460 ^ _753_/CLK (sky130_fd_sc_hd__dfxtp_2)
                                 -0.250000   10.052460   clock uncertainty
                                  0.000000   10.052460   clock reconvergence pessimism
                                 -0.109162    9.943298   library setup time
                                              9.943298   data required time
---------------------------------------------------------------------------------------------
                                              9.943298   data required time
                                             -3.026508   data arrival time
---------------------------------------------------------------------------------------------
                                              6.916790   slack (MET)


Startpoint: rst (input port clocked by clk)
Endpoint: _772_ (rising edge-triggered flip-flop clocked by clk)
Path Group: clk
Path Type: max

Fanout         Cap        Slew       Delay        Time   Description
---------------------------------------------------------------------------------------------
                                  0.000000    0.000000   clock clk (rise edge)
                                  0.000000    0.000000   clock network delay (propagated)
                                  2.000000    2.000000 ^ input external delay
     1    0.003450    0.022548    0.013200    2.013200 ^ rst (in)
                                                         rst (net)
                      0.022548    0.000000    2.013200 ^ input17/A (sky130_fd_sc_hd__clkdlybuf4s25_1)
     3    0.014526    0.158139    0.332524    2.345724 ^ input17/X (sky130_fd_sc_hd__clkdlybuf4s25_1)
                                                         net17 (net)
                      0.158139    0.000028    2.345752 ^ _369_/A (sky130_fd_sc_hd__inv_2)
     4    0.013871    0.055807    0.080911    2.426662 v _369_/Y (sky130_fd_sc_hd__inv_2)
                                                         _367_ (net)
                      0.055807    0.000004    2.426666 v fanout35/A (sky130_fd_sc_hd__clkdlybuf4s25_1)
    10    0.022169    0.169653    0.373362    2.800028 v fanout35/X (sky130_fd_sc_hd__clkdlybuf4s25_1)
                                                         net35 (net)
                      0.169653    0.000070    2.800098 v _715_/A (sky130_fd_sc_hd__and2_2)
     1    0.002162    0.035169    0.226371    3.026470 v _715_/X (sky130_fd_sc_hd__and2_2)
                                                         _002_ (net)
                      0.035169    0.000005    3.026475 v _772_/D (sky130_fd_sc_hd__dfxtp_2)
                                              3.026475   data arrival time

                                 10.000000   10.000000   clock clk (rise edge)
                                  0.000000   10.000000   clock source latency
     1    0.012454    0.062209    0.039909   10.039908 ^ clk (in)
                                                         clk (net)
                      0.062211    0.000000   10.039908 ^ clkbuf_0_clk/A (sky130_fd_sc_hd__clkbuf_16)
     4    0.036344    0.056588    0.138317   10.178226 ^ clkbuf_0_clk/X (sky130_fd_sc_hd__clkbuf_16)
                                                         clknet_0_clk (net)
                      0.056588    0.000142   10.178368 ^ clkbuf_2_0__f_clk/A (sky130_fd_sc_hd__clkbuf_16)
     9    0.021283    0.042947    0.124391   10.302759 ^ clkbuf_2_0__f_clk/X (sky130_fd_sc_hd__clkbuf_16)
                                                         clknet_2_0__leaf_clk (net)
                      0.042948    0.000047   10.302806 ^ _772_/CLK (sky130_fd_sc_hd__dfxtp_2)
                                 -0.250000   10.052806   clock uncertainty
                                  0.000000   10.052806   clock reconvergence pessimism
                                 -0.109072    9.943733   library setup time
                                              9.943733   data required time
---------------------------------------------------------------------------------------------
                                              9.943733   data required time
                                             -3.026475   data arrival time
---------------------------------------------------------------------------------------------
                                              6.917258   slack (MET)


Startpoint: rst (input port clocked by clk)
Endpoint: _770_ (rising edge-triggered flip-flop clocked by clk)
Path Group: clk
Path Type: max

Fanout         Cap        Slew       Delay        Time   Description
---------------------------------------------------------------------------------------------
                                  0.000000    0.000000   clock clk (rise edge)
                                  0.000000    0.000000   clock network delay (propagated)
                                  2.000000    2.000000 ^ input external delay
     1    0.003450    0.022548    0.013200    2.013200 ^ rst (in)
                                                         rst (net)
                      0.022548    0.000000    2.013200 ^ input17/A (sky130_fd_sc_hd__clkdlybuf4s25_1)
     3    0.014526    0.158139    0.332524    2.345724 ^ input17/X (sky130_fd_sc_hd__clkdlybuf4s25_1)
                                                         net17 (net)
                      0.158139    0.000028    2.345752 ^ _369_/A (sky130_fd_sc_hd__inv_2)
     4    0.013871    0.055807    0.080911    2.426662 v _369_/Y (sky130_fd_sc_hd__inv_2)
                                                         _367_ (net)
                      0.055807    0.000004    2.426666 v fanout35/A (sky130_fd_sc_hd__clkdlybuf4s25_1)
    10    0.022169    0.169653    0.373362    2.800028 v fanout35/X (sky130_fd_sc_hd__clkdlybuf4s25_1)
                                                         net35 (net)
                      0.169653    0.000137    2.800165 v _717_/A (sky130_fd_sc_hd__and2_2)
     1    0.001935    0.034487    0.225324    3.025489 v _717_/X (sky130_fd_sc_hd__and2_2)
                                                         _000_ (net)
                      0.034487    0.000003    3.025492 v _770_/D (sky130_fd_sc_hd__dfxtp_2)
                                              3.025492   data arrival time

                                 10.000000   10.000000   clock clk (rise edge)
                                  0.000000   10.000000   clock source latency
     1    0.012454    0.062209    0.039909   10.039908 ^ clk (in)
                                                         clk (net)
                      0.062211    0.000000   10.039908 ^ clkbuf_0_clk/A (sky130_fd_sc_hd__clkbuf_16)
     4    0.036344    0.056588    0.138317   10.178226 ^ clkbuf_0_clk/X (sky130_fd_sc_hd__clkbuf_16)
                                                         clknet_0_clk (net)
                      0.056588    0.000142   10.178368 ^ clkbuf_2_0__f_clk/A (sky130_fd_sc_hd__clkbuf_16)
     9    0.021283    0.042947    0.124391   10.302759 ^ clkbuf_2_0__f_clk/X (sky130_fd_sc_hd__clkbuf_16)
                                                         clknet_2_0__leaf_clk (net)
                      0.042947    0.000022   10.302781 ^ _770_/CLK (sky130_fd_sc_hd__dfxtp_2)
                                 -0.250000   10.052781   clock uncertainty
                                  0.000000   10.052781   clock reconvergence pessimism
                                 -0.108775    9.944006   library setup time
                                              9.944006   data required time
---------------------------------------------------------------------------------------------
                                              9.944006   data required time
                                             -3.025492   data arrival time
---------------------------------------------------------------------------------------------
                                              6.918514   slack (MET)


Startpoint: rst (input port clocked by clk)
Endpoint: _778_ (rising edge-triggered flip-flop clocked by clk)
Path Group: clk
Path Type: max

Fanout         Cap        Slew       Delay        Time   Description
---------------------------------------------------------------------------------------------
                                  0.000000    0.000000   clock clk (rise edge)
                                  0.000000    0.000000   clock network delay (propagated)
                                  2.000000    2.000000 ^ input external delay
     1    0.003450    0.022548    0.013200    2.013200 ^ rst (in)
                                                         rst (net)
                      0.022548    0.000000    2.013200 ^ input17/A (sky130_fd_sc_hd__clkdlybuf4s25_1)
     3    0.014526    0.158139    0.332524    2.345724 ^ input17/X (sky130_fd_sc_hd__clkdlybuf4s25_1)
                                                         net17 (net)
                      0.158139    0.000028    2.345752 ^ _369_/A (sky130_fd_sc_hd__inv_2)
     4    0.013871    0.055807    0.080911    2.426662 v _369_/Y (sky130_fd_sc_hd__inv_2)
                                                         _367_ (net)
                      0.055807    0.000004    2.426666 v fanout35/A (sky130_fd_sc_hd__clkdlybuf4s25_1)
    10    0.022169    0.169653    0.373362    2.800028 v fanout35/X (sky130_fd_sc_hd__clkdlybuf4s25_1)
                                                         net35 (net)
                      0.169653    0.000077    2.800105 v _708_/A (sky130_fd_sc_hd__and2_2)
     1    0.001913    0.034413    0.225221    3.025326 v _708_/X (sky130_fd_sc_hd__and2_2)
                                                         _008_ (net)
                      0.034413    0.000003    3.025329 v _778_/D (sky130_fd_sc_hd__dfxtp_2)
                                              3.025329   data arrival time

                                 10.000000   10.000000   clock clk (rise edge)
                                  0.000000   10.000000   clock source latency
     1    0.012454    0.062209    0.039909   10.039908 ^ clk (in)
                                                         clk (net)
                      0.062211    0.000000   10.039908 ^ clkbuf_0_clk/A (sky130_fd_sc_hd__clkbuf_16)
     4    0.036344    0.056588    0.138317   10.178226 ^ clkbuf_0_clk/X (sky130_fd_sc_hd__clkbuf_16)
                                                         clknet_0_clk (net)
                      0.056588    0.000142   10.178368 ^ clkbuf_2_0__f_clk/A (sky130_fd_sc_hd__clkbuf_16)
     9    0.021283    0.042947    0.124391   10.302759 ^ clkbuf_2_0__f_clk/X (sky130_fd_sc_hd__clkbuf_16)
                                                         clknet_2_0__leaf_clk (net)
                      0.042947    0.000028   10.302788 ^ _778_/CLK (sky130_fd_sc_hd__dfxtp_2)
                                 -0.250000   10.052788   clock uncertainty
                                  0.000000   10.052788   clock reconvergence pessimism
                                 -0.108743    9.944045   library setup time
                                              9.944045   data required time
---------------------------------------------------------------------------------------------
                                              9.944045   data required time
                                             -3.025329   data arrival time
---------------------------------------------------------------------------------------------
                                              6.918716   slack (MET)


Startpoint: rst (input port clocked by clk)
Endpoint: _779_ (rising edge-triggered flip-flop clocked by clk)
Path Group: clk
Path Type: max

Fanout         Cap        Slew       Delay        Time   Description
---------------------------------------------------------------------------------------------
                                  0.000000    0.000000   clock clk (rise edge)
                                  0.000000    0.000000   clock network delay (propagated)
                                  2.000000    2.000000 ^ input external delay
     1    0.003450    0.022548    0.013200    2.013200 ^ rst (in)
                                                         rst (net)
                      0.022548    0.000000    2.013200 ^ input17/A (sky130_fd_sc_hd__clkdlybuf4s25_1)
     3    0.014526    0.158139    0.332524    2.345724 ^ input17/X (sky130_fd_sc_hd__clkdlybuf4s25_1)
                                                         net17 (net)
                      0.158139    0.000028    2.345752 ^ _369_/A (sky130_fd_sc_hd__inv_2)
     4    0.013871    0.055807    0.080911    2.426662 v _369_/Y (sky130_fd_sc_hd__inv_2)
                                                         _367_ (net)
                      0.055807    0.000045    2.426707 v fanout37/A (sky130_fd_sc_hd__clkdlybuf4s25_1)
    10    0.021203    0.163966    0.367941    2.794649 v fanout37/X (sky130_fd_sc_hd__clkdlybuf4s25_1)
                                                         net37 (net)
                      0.163966    0.000042    2.794691 v _707_/A (sky130_fd_sc_hd__and2_2)
     1    0.002741    0.036245    0.226276    3.020967 v _707_/X (sky130_fd_sc_hd__and2_2)
                                                         _009_ (net)
                      0.036245    0.000013    3.020980 v _779_/D (sky130_fd_sc_hd__dfxtp_2)
                                              3.020980   data arrival time

                                 10.000000   10.000000   clock clk (rise edge)
                                  0.000000   10.000000   clock source latency
     1    0.012454    0.062209    0.039909   10.039908 ^ clk (in)
                                                         clk (net)
                      0.062211    0.000000   10.039908 ^ clkbuf_0_clk/A (sky130_fd_sc_hd__clkbuf_16)
     4    0.036344    0.056588    0.138317   10.178226 ^ clkbuf_0_clk/X (sky130_fd_sc_hd__clkbuf_16)
                                                         clknet_0_clk (net)
                      0.056588    0.000129   10.178354 ^ clkbuf_2_2__f_clk/A (sky130_fd_sc_hd__clkbuf_16)
     9    0.022501    0.044016    0.125509   10.303864 ^ clkbuf_2_2__f_clk/X (sky130_fd_sc_hd__clkbuf_16)
                                                         clknet_2_2__leaf_clk (net)
                      0.044016    0.000017   10.303881 ^ _779_/CLK (sky130_fd_sc_hd__dfxtp_2)
                                 -0.250000   10.053881   clock uncertainty
                                  0.000000   10.053881   clock reconvergence pessimism
                                 -0.109293    9.944588   library setup time
                                              9.944588   data required time
---------------------------------------------------------------------------------------------
                                              9.944588   data required time
                                             -3.020980   data arrival time
---------------------------------------------------------------------------------------------
                                              6.923608   slack (MET)


Startpoint: rst (input port clocked by clk)
Endpoint: _776_ (rising edge-triggered flip-flop clocked by clk)
Path Group: clk
Path Type: max

Fanout         Cap        Slew       Delay        Time   Description
---------------------------------------------------------------------------------------------
                                  0.000000    0.000000   clock clk (rise edge)
                                  0.000000    0.000000   clock network delay (propagated)
                                  2.000000    2.000000 ^ input external delay
     1    0.003450    0.022548    0.013200    2.013200 ^ rst (in)
                                                         rst (net)
                      0.022548    0.000000    2.013200 ^ input17/A (sky130_fd_sc_hd__clkdlybuf4s25_1)
     3    0.014526    0.158139    0.332524    2.345724 ^ input17/X (sky130_fd_sc_hd__clkdlybuf4s25_1)
                                                         net17 (net)
                      0.158139    0.000028    2.345752 ^ _369_/A (sky130_fd_sc_hd__inv_2)
     4    0.013871    0.055807    0.080911    2.426662 v _369_/Y (sky130_fd_sc_hd__inv_2)
                                                         _367_ (net)
                      0.055807    0.000045    2.426707 v fanout37/A (sky130_fd_sc_hd__clkdlybuf4s25_1)
    10    0.021203    0.163966    0.367941    2.794649 v fanout37/X (sky130_fd_sc_hd__clkdlybuf4s25_1)
                                                         net37 (net)
                      0.163966    0.000036    2.794684 v _710_/A (sky130_fd_sc_hd__and2_2)
     1    0.002750    0.036221    0.226319    3.021003 v _710_/X (sky130_fd_sc_hd__and2_2)
                                                         _006_ (net)
                      0.036221    0.000014    3.021017 v _776_/D (sky130_fd_sc_hd__dfxtp_2)
                                              3.021017   data arrival time

                                 10.000000   10.000000   clock clk (rise edge)
                                  0.000000   10.000000   clock source latency
     1    0.012454    0.062209    0.039909   10.039908 ^ clk (in)
                                                         clk (net)
                      0.062211    0.000000   10.039908 ^ clkbuf_0_clk/A (sky130_fd_sc_hd__clkbuf_16)
     4    0.036344    0.056588    0.138317   10.178226 ^ clkbuf_0_clk/X (sky130_fd_sc_hd__clkbuf_16)
                                                         clknet_0_clk (net)
                      0.056588    0.000129   10.178354 ^ clkbuf_2_2__f_clk/A (sky130_fd_sc_hd__clkbuf_16)
     9    0.022501    0.044016    0.125509   10.303864 ^ clkbuf_2_2__f_clk/X (sky130_fd_sc_hd__clkbuf_16)
                                                         clknet_2_2__leaf_clk (net)
                      0.044016    0.000052   10.303916 ^ _776_/CLK (sky130_fd_sc_hd__dfxtp_2)
                                 -0.250000   10.053916   clock uncertainty
                                  0.000000   10.053916   clock reconvergence pessimism
                                 -0.109283    9.944633   library setup time
                                              9.944633   data required time
---------------------------------------------------------------------------------------------
                                              9.944633   data required time
                                             -3.021017   data arrival time
---------------------------------------------------------------------------------------------
                                              6.923616   slack (MET)


Startpoint: rst (input port clocked by clk)
Endpoint: _774_ (rising edge-triggered flip-flop clocked by clk)
Path Group: clk
Path Type: max

Fanout         Cap        Slew       Delay        Time   Description
---------------------------------------------------------------------------------------------
                                  0.000000    0.000000   clock clk (rise edge)
                                  0.000000    0.000000   clock network delay (propagated)
                                  2.000000    2.000000 ^ input external delay
     1    0.003450    0.022548    0.013200    2.013200 ^ rst (in)
                                                         rst (net)
                      0.022548    0.000000    2.013200 ^ input17/A (sky130_fd_sc_hd__clkdlybuf4s25_1)
     3    0.014526    0.158139    0.332524    2.345724 ^ input17/X (sky130_fd_sc_hd__clkdlybuf4s25_1)
                                                         net17 (net)
                      0.158139    0.000028    2.345752 ^ _369_/A (sky130_fd_sc_hd__inv_2)
     4    0.013871    0.055807    0.080911    2.426662 v _369_/Y (sky130_fd_sc_hd__inv_2)
                                                         _367_ (net)
                      0.055807    0.000045    2.426707 v fanout37/A (sky130_fd_sc_hd__clkdlybuf4s25_1)
    10    0.021203    0.163966    0.367941    2.794649 v fanout37/X (sky130_fd_sc_hd__clkdlybuf4s25_1)
                                                         net37 (net)
                      0.163966    0.000040    2.794688 v _713_/A (sky130_fd_sc_hd__and2_2)
     1    0.002446    0.035467    0.224913    3.019602 v _713_/X (sky130_fd_sc_hd__and2_2)
                                                         _004_ (net)
                      0.035467    0.000009    3.019611 v _774_/D (sky130_fd_sc_hd__dfxtp_2)
                                              3.019611   data arrival time

                                 10.000000   10.000000   clock clk (rise edge)
                                  0.000000   10.000000   clock source latency
     1    0.012454    0.062209    0.039909   10.039908 ^ clk (in)
                                                         clk (net)
                      0.062211    0.000000   10.039908 ^ clkbuf_0_clk/A (sky130_fd_sc_hd__clkbuf_16)
     4    0.036344    0.056588    0.138317   10.178226 ^ clkbuf_0_clk/X (sky130_fd_sc_hd__clkbuf_16)
                                                         clknet_0_clk (net)
                      0.056588    0.000129   10.178354 ^ clkbuf_2_2__f_clk/A (sky130_fd_sc_hd__clkbuf_16)
     9    0.022501    0.044016    0.125509   10.303864 ^ clkbuf_2_2__f_clk/X (sky130_fd_sc_hd__clkbuf_16)
                                                         clknet_2_2__leaf_clk (net)
                      0.044016    0.000037   10.303901 ^ _774_/CLK (sky130_fd_sc_hd__dfxtp_2)
                                 -0.250000   10.053901   clock uncertainty
                                  0.000000   10.053901   clock reconvergence pessimism
                                 -0.108953    9.944947   library setup time
                                              9.944947   data required time
---------------------------------------------------------------------------------------------
                                              9.944947   data required time
                                             -3.019611   data arrival time
---------------------------------------------------------------------------------------------
                                              6.925336   slack (MET)


Startpoint: rst (input port clocked by clk)
Endpoint: _777_ (rising edge-triggered flip-flop clocked by clk)
Path Group: clk
Path Type: max

Fanout         Cap        Slew       Delay        Time   Description
---------------------------------------------------------------------------------------------
                                  0.000000    0.000000   clock clk (rise edge)
                                  0.000000    0.000000   clock network delay (propagated)
                                  2.000000    2.000000 ^ input external delay
     1    0.003450    0.022548    0.013200    2.013200 ^ rst (in)
                                                         rst (net)
                      0.022548    0.000000    2.013200 ^ input17/A (sky130_fd_sc_hd__clkdlybuf4s25_1)
     3    0.014526    0.158139    0.332524    2.345724 ^ input17/X (sky130_fd_sc_hd__clkdlybuf4s25_1)
                                                         net17 (net)
                      0.158139    0.000028    2.345752 ^ _369_/A (sky130_fd_sc_hd__inv_2)
     4    0.013871    0.055807    0.080911    2.426662 v _369_/Y (sky130_fd_sc_hd__inv_2)
                                                         _367_ (net)
                      0.055807    0.000045    2.426707 v fanout37/A (sky130_fd_sc_hd__clkdlybuf4s25_1)
    10    0.021203    0.163966    0.367941    2.794649 v fanout37/X (sky130_fd_sc_hd__clkdlybuf4s25_1)
                                                         net37 (net)
                      0.163966    0.000042    2.794690 v _709_/A (sky130_fd_sc_hd__and2_2)
     1    0.002263    0.035460    0.224068    3.018758 v _709_/X (sky130_fd_sc_hd__and2_2)
                                                         _007_ (net)
                      0.035460    0.000006    3.018764 v _777_/D (sky130_fd_sc_hd__dfxtp_2)
                                              3.018764   data arrival time

                                 10.000000   10.000000   clock clk (rise edge)
                                  0.000000   10.000000   clock source latency
     1    0.012454    0.062209    0.039909   10.039908 ^ clk (in)
                                                         clk (net)
                      0.062211    0.000000   10.039908 ^ clkbuf_0_clk/A (sky130_fd_sc_hd__clkbuf_16)
     4    0.036344    0.056588    0.138317   10.178226 ^ clkbuf_0_clk/X (sky130_fd_sc_hd__clkbuf_16)
                                                         clknet_0_clk (net)
                      0.056588    0.000129   10.178354 ^ clkbuf_2_2__f_clk/A (sky130_fd_sc_hd__clkbuf_16)
     9    0.022501    0.044016    0.125509   10.303864 ^ clkbuf_2_2__f_clk/X (sky130_fd_sc_hd__clkbuf_16)
                                                         clknet_2_2__leaf_clk (net)
                      0.044016    0.000045   10.303909 ^ _777_/CLK (sky130_fd_sc_hd__dfxtp_2)
                                 -0.250000   10.053909   clock uncertainty
                                  0.000000   10.053909   clock reconvergence pessimism
                                 -0.108951    9.944959   library setup time
                                              9.944959   data required time
---------------------------------------------------------------------------------------------
                                              9.944959   data required time
                                             -3.018764   data arrival time
---------------------------------------------------------------------------------------------
                                              6.926195   slack (MET)


Startpoint: rst (input port clocked by clk)
Endpoint: _773_ (rising edge-triggered flip-flop clocked by clk)
Path Group: clk
Path Type: max

Fanout         Cap        Slew       Delay        Time   Description
---------------------------------------------------------------------------------------------
                                  0.000000    0.000000   clock clk (rise edge)
                                  0.000000    0.000000   clock network delay (propagated)
                                  2.000000    2.000000 ^ input external delay
     1    0.003450    0.022548    0.013200    2.013200 ^ rst (in)
                                                         rst (net)
                      0.022548    0.000000    2.013200 ^ input17/A (sky130_fd_sc_hd__clkdlybuf4s25_1)
     3    0.014526    0.158139    0.332524    2.345724 ^ input17/X (sky130_fd_sc_hd__clkdlybuf4s25_1)
                                                         net17 (net)
                      0.158139    0.000028    2.345752 ^ _369_/A (sky130_fd_sc_hd__inv_2)
     4    0.013871    0.055807    0.080911    2.426662 v _369_/Y (sky130_fd_sc_hd__inv_2)
                                                         _367_ (net)
                      0.055807    0.000045    2.426707 v fanout37/A (sky130_fd_sc_hd__clkdlybuf4s25_1)
    10    0.021203    0.163966    0.367941    2.794649 v fanout37/X (sky130_fd_sc_hd__clkdlybuf4s25_1)
                                                         net37 (net)
                      0.163966    0.000039    2.794688 v _714_/A (sky130_fd_sc_hd__and2_2)
     1    0.001924    0.034448    0.222497    3.017185 v _714_/X (sky130_fd_sc_hd__and2_2)
                                                         _003_ (net)
                      0.034448    0.000003    3.017188 v _773_/D (sky130_fd_sc_hd__dfxtp_2)
                                              3.017188   data arrival time

                                 10.000000   10.000000   clock clk (rise edge)
                                  0.000000   10.000000   clock source latency
     1    0.012454    0.062209    0.039909   10.039908 ^ clk (in)
                                                         clk (net)
                      0.062211    0.000000   10.039908 ^ clkbuf_0_clk/A (sky130_fd_sc_hd__clkbuf_16)
     4    0.036344    0.056588    0.138317   10.178226 ^ clkbuf_0_clk/X (sky130_fd_sc_hd__clkbuf_16)
                                                         clknet_0_clk (net)
                      0.056588    0.000129   10.178354 ^ clkbuf_2_2__f_clk/A (sky130_fd_sc_hd__clkbuf_16)
     9    0.022501    0.044016    0.125509   10.303864 ^ clkbuf_2_2__f_clk/X (sky130_fd_sc_hd__clkbuf_16)
                                                         clknet_2_2__leaf_clk (net)
                      0.044016    0.000023   10.303887 ^ _773_/CLK (sky130_fd_sc_hd__dfxtp_2)
                                 -0.250000   10.053887   clock uncertainty
                                  0.000000   10.053887   clock reconvergence pessimism
                                 -0.108509    9.945378   library setup time
                                              9.945378   data required time
---------------------------------------------------------------------------------------------
                                              9.945378   data required time
                                             -3.017188   data arrival time
---------------------------------------------------------------------------------------------
                                              6.928190   slack (MET)


Startpoint: rst (input port clocked by clk)
Endpoint: _756_ (rising edge-triggered flip-flop clocked by clk)
Path Group: clk
Path Type: max

Fanout         Cap        Slew       Delay        Time   Description
---------------------------------------------------------------------------------------------
                                  0.000000    0.000000   clock clk (rise edge)
                                  0.000000    0.000000   clock network delay (propagated)
                                  2.000000    2.000000 ^ input external delay
     1    0.003450    0.022548    0.013200    2.013200 ^ rst (in)
                                                         rst (net)
                      0.022548    0.000000    2.013200 ^ input17/A (sky130_fd_sc_hd__clkdlybuf4s25_1)
     3    0.014526    0.158139    0.332524    2.345724 ^ input17/X (sky130_fd_sc_hd__clkdlybuf4s25_1)
                                                         net17 (net)
                      0.158139    0.000028    2.345752 ^ _369_/A (sky130_fd_sc_hd__inv_2)
     4    0.013871    0.055807    0.080911    2.426662 v _369_/Y (sky130_fd_sc_hd__inv_2)
                                                         _367_ (net)
                      0.055807    0.000045    2.426707 v fanout37/A (sky130_fd_sc_hd__clkdlybuf4s25_1)
    10    0.021203    0.163966    0.367941    2.794649 v fanout37/X (sky130_fd_sc_hd__clkdlybuf4s25_1)
                                                         net37 (net)
                      0.163966    0.000047    2.794696 v _735_/A (sky130_fd_sc_hd__and2_2)
     1    0.001882    0.034313    0.222304    3.016999 v _735_/X (sky130_fd_sc_hd__and2_2)
                                                         _020_ (net)
                      0.034313    0.000002    3.017001 v _756_/D (sky130_fd_sc_hd__dfxtp_2)
                                              3.017001   data arrival time

                                 10.000000   10.000000   clock clk (rise edge)
                                  0.000000   10.000000   clock source latency
     1    0.012454    0.062209    0.039909   10.039908 ^ clk (in)
                                                         clk (net)
                      0.062211    0.000000   10.039908 ^ clkbuf_0_clk/A (sky130_fd_sc_hd__clkbuf_16)
     4    0.036344    0.056588    0.138317   10.178226 ^ clkbuf_0_clk/X (sky130_fd_sc_hd__clkbuf_16)
                                                         clknet_0_clk (net)
                      0.056588    0.000129   10.178354 ^ clkbuf_2_2__f_clk/A (sky130_fd_sc_hd__clkbuf_16)
     9    0.022501    0.044016    0.125509   10.303864 ^ clkbuf_2_2__f_clk/X (sky130_fd_sc_hd__clkbuf_16)
                                                         clknet_2_2__leaf_clk (net)
                      0.044016    0.000018   10.303882 ^ _756_/CLK (sky130_fd_sc_hd__dfxtp_2)
                                 -0.250000   10.053882   clock uncertainty
                                  0.000000   10.053882   clock reconvergence pessimism
                                 -0.108450    9.945433   library setup time
                                              9.945433   data required time
---------------------------------------------------------------------------------------------
                                              9.945433   data required time
                                             -3.017001   data arrival time
---------------------------------------------------------------------------------------------
                                              6.928432   slack (MET)


Startpoint: rst (input port clocked by clk)
Endpoint: _750_ (rising edge-triggered flip-flop clocked by clk)
Path Group: clk
Path Type: max

Fanout         Cap        Slew       Delay        Time   Description
---------------------------------------------------------------------------------------------
                                  0.000000    0.000000   clock clk (rise edge)
                                  0.000000    0.000000   clock network delay (propagated)
                                  2.000000    2.000000 ^ input external delay
     1    0.003450    0.022548    0.013200    2.013200 ^ rst (in)
                                                         rst (net)
                      0.022548    0.000000    2.013200 ^ input17/A (sky130_fd_sc_hd__clkdlybuf4s25_1)
     3    0.014526    0.158139    0.332524    2.345724 ^ input17/X (sky130_fd_sc_hd__clkdlybuf4s25_1)
                                                         net17 (net)
                      0.158139    0.000028    2.345752 ^ _369_/A (sky130_fd_sc_hd__inv_2)
     4    0.013871    0.055807    0.080911    2.426662 v _369_/Y (sky130_fd_sc_hd__inv_2)
                                                         _367_ (net)
                      0.055807    0.000004    2.426666 v fanout35/A (sky130_fd_sc_hd__clkdlybuf4s25_1)
    10    0.022169    0.169653    0.373362    2.800028 v fanout35/X (sky130_fd_sc_hd__clkdlybuf4s25_1)
                                                         net35 (net)
                      0.169653    0.000131    2.800159 v _724_/B1 (sky130_fd_sc_hd__o21a_2)
     1    0.001880    0.031258    0.169517    2.969676 v _724_/X (sky130_fd_sc_hd__o21a_2)
                                                         _014_ (net)
                      0.031258    0.000002    2.969678 v _750_/D (sky130_fd_sc_hd__dfxtp_2)
                                              2.969678   data arrival time

                                 10.000000   10.000000   clock clk (rise edge)
                                  0.000000   10.000000   clock source latency
     1    0.012454    0.062209    0.039909   10.039908 ^ clk (in)
                                                         clk (net)
                      0.062211    0.000000   10.039908 ^ clkbuf_0_clk/A (sky130_fd_sc_hd__clkbuf_16)
     4    0.036344    0.056588    0.138317   10.178226 ^ clkbuf_0_clk/X (sky130_fd_sc_hd__clkbuf_16)
                                                         clknet_0_clk (net)
                      0.056588    0.000142   10.178368 ^ clkbuf_2_0__f_clk/A (sky130_fd_sc_hd__clkbuf_16)
     9    0.021283    0.042947    0.124391   10.302759 ^ clkbuf_2_0__f_clk/X (sky130_fd_sc_hd__clkbuf_16)
                                                         clknet_2_0__leaf_clk (net)
                      0.042947    0.000020   10.302778 ^ _750_/CLK (sky130_fd_sc_hd__dfxtp_2)
                                 -0.250000   10.052778   clock uncertainty
                                  0.000000   10.052778   clock reconvergence pessimism
                                 -0.107366    9.945413   library setup time
                                              9.945413   data required time
---------------------------------------------------------------------------------------------
                                              9.945413   data required time
                                             -2.969678   data arrival time
---------------------------------------------------------------------------------------------
                                              6.975735   slack (MET)


Startpoint: rst (input port clocked by clk)
Endpoint: _767_ (rising edge-triggered flip-flop clocked by clk)
Path Group: clk
Path Type: max

Fanout         Cap        Slew       Delay        Time   Description
---------------------------------------------------------------------------------------------
                                  0.000000    0.000000   clock clk (rise edge)
                                  0.000000    0.000000   clock network delay (propagated)
                                  2.000000    2.000000 ^ input external delay
     1    0.003450    0.022548    0.013200    2.013200 ^ rst (in)
                                                         rst (net)
                      0.022548    0.000000    2.013200 ^ input17/A (sky130_fd_sc_hd__clkdlybuf4s25_1)
     3    0.014526    0.158139    0.332524    2.345724 ^ input17/X (sky130_fd_sc_hd__clkdlybuf4s25_1)
                                                         net17 (net)
                      0.158139    0.000028    2.345752 ^ _369_/A (sky130_fd_sc_hd__inv_2)
     4    0.013871    0.055807    0.080911    2.426662 v _369_/Y (sky130_fd_sc_hd__inv_2)
                                                         _367_ (net)
                      0.055807    0.000084    2.426746 v fanout38/A (sky130_fd_sc_hd__clkdlybuf4s25_1)
     6    0.011715    0.098148    0.313999    2.740745 v fanout38/X (sky130_fd_sc_hd__clkdlybuf4s25_1)
                                                         net38 (net)
                      0.098148    0.000075    2.740820 v _746_/B (sky130_fd_sc_hd__and2_2)
     1    0.002710    0.036026    0.216347    2.957167 v _746_/X (sky130_fd_sc_hd__and2_2)
                                                         _031_ (net)
                      0.036026    0.000016    2.957183 v _767_/D (sky130_fd_sc_hd__dfxtp_2)
                                              2.957183   data arrival time

                                 10.000000   10.000000   clock clk (rise edge)
                                  0.000000   10.000000   clock source latency
     1    0.012454    0.062209    0.039909   10.039908 ^ clk (in)
                                                         clk (net)
                      0.062211    0.000000   10.039908 ^ clkbuf_0_clk/A (sky130_fd_sc_hd__clkbuf_16)
     4    0.036344    0.056588    0.138317   10.178226 ^ clkbuf_0_clk/X (sky130_fd_sc_hd__clkbuf_16)
                                                         clknet_0_clk (net)
                      0.056588    0.000109   10.178335 ^ clkbuf_2_3__f_clk/A (sky130_fd_sc_hd__clkbuf_16)
     9    0.021098    0.042789    0.124224   10.302559 ^ clkbuf_2_3__f_clk/X (sky130_fd_sc_hd__clkbuf_16)
                                                         clknet_2_3__leaf_clk (net)
                      0.042789    0.000018   10.302577 ^ _767_/CLK (sky130_fd_sc_hd__dfxtp_2)
                                 -0.250000   10.052577   clock uncertainty
                                  0.000000   10.052577   clock reconvergence pessimism
                                 -0.109484    9.943093   library setup time
                                              9.943093   data required time
---------------------------------------------------------------------------------------------
                                              9.943093   data required time
                                             -2.957183   data arrival time
---------------------------------------------------------------------------------------------
                                              6.985910   slack (MET)


Startpoint: rst (input port clocked by clk)
Endpoint: _764_ (rising edge-triggered flip-flop clocked by clk)
Path Group: clk
Path Type: max

Fanout         Cap        Slew       Delay        Time   Description
---------------------------------------------------------------------------------------------
                                  0.000000    0.000000   clock clk (rise edge)
                                  0.000000    0.000000   clock network delay (propagated)
                                  2.000000    2.000000 ^ input external delay
     1    0.003450    0.022548    0.013200    2.013200 ^ rst (in)
                                                         rst (net)
                      0.022548    0.000000    2.013200 ^ input17/A (sky130_fd_sc_hd__clkdlybuf4s25_1)
     3    0.014526    0.158139    0.332524    2.345724 ^ input17/X (sky130_fd_sc_hd__clkdlybuf4s25_1)
                                                         net17 (net)
                      0.158139    0.000028    2.345752 ^ _369_/A (sky130_fd_sc_hd__inv_2)
     4    0.013871    0.055807    0.080911    2.426662 v _369_/Y (sky130_fd_sc_hd__inv_2)
                                                         _367_ (net)
                      0.055807    0.000084    2.426746 v fanout38/A (sky130_fd_sc_hd__clkdlybuf4s25_1)
     6    0.011715    0.098148    0.313999    2.740745 v fanout38/X (sky130_fd_sc_hd__clkdlybuf4s25_1)
                                                         net38 (net)
                      0.098148    0.000003    2.740748 v _743_/B (sky130_fd_sc_hd__and2_2)
     1    0.002223    0.035301    0.214005    2.954754 v _743_/X (sky130_fd_sc_hd__and2_2)
                                                         _028_ (net)
                      0.035301    0.000006    2.954760 v _764_/D (sky130_fd_sc_hd__dfxtp_2)
                                              2.954760   data arrival time

                                 10.000000   10.000000   clock clk (rise edge)
                                  0.000000   10.000000   clock source latency
     1    0.012454    0.062209    0.039909   10.039908 ^ clk (in)
                                                         clk (net)
                      0.062211    0.000000   10.039908 ^ clkbuf_0_clk/A (sky130_fd_sc_hd__clkbuf_16)
     4    0.036344    0.056588    0.138317   10.178226 ^ clkbuf_0_clk/X (sky130_fd_sc_hd__clkbuf_16)
                                                         clknet_0_clk (net)
                      0.056588    0.000109   10.178335 ^ clkbuf_2_3__f_clk/A (sky130_fd_sc_hd__clkbuf_16)
     9    0.021098    0.042789    0.124224   10.302559 ^ clkbuf_2_3__f_clk/X (sky130_fd_sc_hd__clkbuf_16)
                                                         clknet_2_3__leaf_clk (net)
                      0.042789    0.000065   10.302624 ^ _764_/CLK (sky130_fd_sc_hd__dfxtp_2)
                                 -0.250000   10.052624   clock uncertainty
                                  0.000000   10.052624   clock reconvergence pessimism
                                 -0.109167    9.943457   library setup time
                                              9.943457   data required time
---------------------------------------------------------------------------------------------
                                              9.943457   data required time
                                             -2.954760   data arrival time
---------------------------------------------------------------------------------------------
                                              6.988698   slack (MET)


Startpoint: rst (input port clocked by clk)
Endpoint: _766_ (rising edge-triggered flip-flop clocked by clk)
Path Group: clk
Path Type: max

Fanout         Cap        Slew       Delay        Time   Description
---------------------------------------------------------------------------------------------
                                  0.000000    0.000000   clock clk (rise edge)
                                  0.000000    0.000000   clock network delay (propagated)
                                  2.000000    2.000000 ^ input external delay
     1    0.003450    0.022548    0.013200    2.013200 ^ rst (in)
                                                         rst (net)
                      0.022548    0.000000    2.013200 ^ input17/A (sky130_fd_sc_hd__clkdlybuf4s25_1)
     3    0.014526    0.158139    0.332524    2.345724 ^ input17/X (sky130_fd_sc_hd__clkdlybuf4s25_1)
                                                         net17 (net)
                      0.158139    0.000028    2.345752 ^ _369_/A (sky130_fd_sc_hd__inv_2)
     4    0.013871    0.055807    0.080911    2.426662 v _369_/Y (sky130_fd_sc_hd__inv_2)
                                                         _367_ (net)
                      0.055807    0.000084    2.426746 v fanout38/A (sky130_fd_sc_hd__clkdlybuf4s25_1)
     6    0.011715    0.098148    0.313999    2.740745 v fanout38/X (sky130_fd_sc_hd__clkdlybuf4s25_1)
                                                         net38 (net)
                      0.098148    0.000073    2.740818 v _745_/B (sky130_fd_sc_hd__and2_2)
     1    0.002226    0.034835    0.214015    2.954833 v _745_/X (sky130_fd_sc_hd__and2_2)
                                                         _030_ (net)
                      0.034835    0.000007    2.954840 v _766_/D (sky130_fd_sc_hd__dfxtp_2)
                                              2.954840   data arrival time

                                 10.000000   10.000000   clock clk (rise edge)
                                  0.000000   10.000000   clock source latency
     1    0.012454    0.062209    0.039909   10.039908 ^ clk (in)
                                                         clk (net)
                      0.062211    0.000000   10.039908 ^ clkbuf_0_clk/A (sky130_fd_sc_hd__clkbuf_16)
     4    0.036344    0.056588    0.138317   10.178226 ^ clkbuf_0_clk/X (sky130_fd_sc_hd__clkbuf_16)
                                                         clknet_0_clk (net)
                      0.056588    0.000109   10.178335 ^ clkbuf_2_3__f_clk/A (sky130_fd_sc_hd__clkbuf_16)
     9    0.021098    0.042789    0.124224   10.302559 ^ clkbuf_2_3__f_clk/X (sky130_fd_sc_hd__clkbuf_16)
                                                         clknet_2_3__leaf_clk (net)
                      0.042789    0.000009   10.302568 ^ _766_/CLK (sky130_fd_sc_hd__dfxtp_2)
                                 -0.250000   10.052567   clock uncertainty
                                  0.000000   10.052567   clock reconvergence pessimism
                                 -0.108964    9.943604   library setup time
                                              9.943604   data required time
---------------------------------------------------------------------------------------------
                                              9.943604   data required time
                                             -2.954840   data arrival time
---------------------------------------------------------------------------------------------
                                              6.988763   slack (MET)


Startpoint: rst (input port clocked by clk)
Endpoint: _768_ (rising edge-triggered flip-flop clocked by clk)
Path Group: clk
Path Type: max

Fanout         Cap        Slew       Delay        Time   Description
---------------------------------------------------------------------------------------------
                                  0.000000    0.000000   clock clk (rise edge)
                                  0.000000    0.000000   clock network delay (propagated)
                                  2.000000    2.000000 ^ input external delay
     1    0.003450    0.022548    0.013200    2.013200 ^ rst (in)
                                                         rst (net)
                      0.022548    0.000000    2.013200 ^ input17/A (sky130_fd_sc_hd__clkdlybuf4s25_1)
     3    0.014526    0.158139    0.332524    2.345724 ^ input17/X (sky130_fd_sc_hd__clkdlybuf4s25_1)
                                                         net17 (net)
                      0.158139    0.000028    2.345752 ^ _369_/A (sky130_fd_sc_hd__inv_2)
     4    0.013871    0.055807    0.080911    2.426662 v _369_/Y (sky130_fd_sc_hd__inv_2)
                                                         _367_ (net)
                      0.055807    0.000084    2.426746 v fanout38/A (sky130_fd_sc_hd__clkdlybuf4s25_1)
     6    0.011715    0.098148    0.313999    2.740745 v fanout38/X (sky130_fd_sc_hd__clkdlybuf4s25_1)
                                                         net38 (net)
                      0.098148    0.000042    2.740787 v _747_/B (sky130_fd_sc_hd__and2_2)
     1    0.002105    0.034952    0.213433    2.954221 v _747_/X (sky130_fd_sc_hd__and2_2)
                                                         _032_ (net)
                      0.034952    0.000005    2.954225 v _768_/D (sky130_fd_sc_hd__dfxtp_2)
                                              2.954225   data arrival time

                                 10.000000   10.000000   clock clk (rise edge)
                                  0.000000   10.000000   clock source latency
     1    0.012454    0.062209    0.039909   10.039908 ^ clk (in)
                                                         clk (net)
                      0.062211    0.000000   10.039908 ^ clkbuf_0_clk/A (sky130_fd_sc_hd__clkbuf_16)
     4    0.036344    0.056588    0.138317   10.178226 ^ clkbuf_0_clk/X (sky130_fd_sc_hd__clkbuf_16)
                                                         clknet_0_clk (net)
                      0.056588    0.000109   10.178335 ^ clkbuf_2_3__f_clk/A (sky130_fd_sc_hd__clkbuf_16)
     9    0.021098    0.042789    0.124224   10.302559 ^ clkbuf_2_3__f_clk/X (sky130_fd_sc_hd__clkbuf_16)
                                                         clknet_2_3__leaf_clk (net)
                      0.042789    0.000017   10.302576 ^ _768_/CLK (sky130_fd_sc_hd__dfxtp_2)
                                 -0.250000   10.052576   clock uncertainty
                                  0.000000   10.052576   clock reconvergence pessimism
                                 -0.109015    9.943561   library setup time
                                              9.943561   data required time
---------------------------------------------------------------------------------------------
                                              9.943561   data required time
                                             -2.954225   data arrival time
---------------------------------------------------------------------------------------------
                                              6.989336   slack (MET)


Startpoint: rst (input port clocked by clk)
Endpoint: _763_ (rising edge-triggered flip-flop clocked by clk)
Path Group: clk
Path Type: max

Fanout         Cap        Slew       Delay        Time   Description
---------------------------------------------------------------------------------------------
                                  0.000000    0.000000   clock clk (rise edge)
                                  0.000000    0.000000   clock network delay (propagated)
                                  2.000000    2.000000 ^ input external delay
     1    0.003450    0.022548    0.013200    2.013200 ^ rst (in)
                                                         rst (net)
                      0.022548    0.000000    2.013200 ^ input17/A (sky130_fd_sc_hd__clkdlybuf4s25_1)
     3    0.014526    0.158139    0.332524    2.345724 ^ input17/X (sky130_fd_sc_hd__clkdlybuf4s25_1)
                                                         net17 (net)
                      0.158139    0.000028    2.345752 ^ _369_/A (sky130_fd_sc_hd__inv_2)
     4    0.013871    0.055807    0.080911    2.426662 v _369_/Y (sky130_fd_sc_hd__inv_2)
                                                         _367_ (net)
                      0.055807    0.000084    2.426746 v fanout38/A (sky130_fd_sc_hd__clkdlybuf4s25_1)
     6    0.011715    0.098148    0.313999    2.740745 v fanout38/X (sky130_fd_sc_hd__clkdlybuf4s25_1)
                                                         net38 (net)
                      0.098148    0.000023    2.740768 v _742_/B (sky130_fd_sc_hd__and2_2)
     1    0.001953    0.034505    0.212700    2.953469 v _742_/X (sky130_fd_sc_hd__and2_2)
                                                         _027_ (net)
                      0.034505    0.000003    2.953472 v _763_/D (sky130_fd_sc_hd__dfxtp_2)
                                              2.953472   data arrival time

                                 10.000000   10.000000   clock clk (rise edge)
                                  0.000000   10.000000   clock source latency
     1    0.012454    0.062209    0.039909   10.039908 ^ clk (in)
                                                         clk (net)
                      0.062211    0.000000   10.039908 ^ clkbuf_0_clk/A (sky130_fd_sc_hd__clkbuf_16)
     4    0.036344    0.056588    0.138317   10.178226 ^ clkbuf_0_clk/X (sky130_fd_sc_hd__clkbuf_16)
                                                         clknet_0_clk (net)
                      0.056588    0.000109   10.178335 ^ clkbuf_2_3__f_clk/A (sky130_fd_sc_hd__clkbuf_16)
     9    0.021098    0.042789    0.124224   10.302559 ^ clkbuf_2_3__f_clk/X (sky130_fd_sc_hd__clkbuf_16)
                                                         clknet_2_3__leaf_clk (net)
                      0.042789    0.000066   10.302625 ^ _763_/CLK (sky130_fd_sc_hd__dfxtp_2)
                                 -0.250000   10.052625   clock uncertainty
                                  0.000000   10.052625   clock reconvergence pessimism
                                 -0.108820    9.943805   library setup time
                                              9.943805   data required time
---------------------------------------------------------------------------------------------
                                              9.943805   data required time
                                             -2.953472   data arrival time
---------------------------------------------------------------------------------------------
                                              6.990334   slack (MET)


Startpoint: rst (input port clocked by clk)
Endpoint: _765_ (rising edge-triggered flip-flop clocked by clk)
Path Group: clk
Path Type: max

Fanout         Cap        Slew       Delay        Time   Description
---------------------------------------------------------------------------------------------
                                  0.000000    0.000000   clock clk (rise edge)
                                  0.000000    0.000000   clock network delay (propagated)
                                  2.000000    2.000000 ^ input external delay
     1    0.003450    0.022548    0.013200    2.013200 ^ rst (in)
                                                         rst (net)
                      0.022548    0.000000    2.013200 ^ input17/A (sky130_fd_sc_hd__clkdlybuf4s25_1)
     3    0.014526    0.158139    0.332524    2.345724 ^ input17/X (sky130_fd_sc_hd__clkdlybuf4s25_1)
                                                         net17 (net)
                      0.158139    0.000028    2.345752 ^ _369_/A (sky130_fd_sc_hd__inv_2)
     4    0.013871    0.055807    0.080911    2.426662 v _369_/Y (sky130_fd_sc_hd__inv_2)
                                                         _367_ (net)
                      0.055807    0.000084    2.426746 v fanout38/A (sky130_fd_sc_hd__clkdlybuf4s25_1)
     6    0.011715    0.098148    0.313999    2.740745 v fanout38/X (sky130_fd_sc_hd__clkdlybuf4s25_1)
                                                         net38 (net)
                      0.098148    0.000080    2.740825 v _744_/B (sky130_fd_sc_hd__and2_2)
     1    0.001936    0.034455    0.212618    2.953443 v _744_/X (sky130_fd_sc_hd__and2_2)
                                                         _029_ (net)
                      0.034455    0.000003    2.953446 v _765_/D (sky130_fd_sc_hd__dfxtp_2)
                                              2.953446   data arrival time

                                 10.000000   10.000000   clock clk (rise edge)
                                  0.000000   10.000000   clock source latency
     1    0.012454    0.062209    0.039909   10.039908 ^ clk (in)
                                                         clk (net)
                      0.062211    0.000000   10.039908 ^ clkbuf_0_clk/A (sky130_fd_sc_hd__clkbuf_16)
     4    0.036344    0.056588    0.138317   10.178226 ^ clkbuf_0_clk/X (sky130_fd_sc_hd__clkbuf_16)
                                                         clknet_0_clk (net)
                      0.056588    0.000109   10.178335 ^ clkbuf_2_3__f_clk/A (sky130_fd_sc_hd__clkbuf_16)
     9    0.021098    0.042789    0.124224   10.302559 ^ clkbuf_2_3__f_clk/X (sky130_fd_sc_hd__clkbuf_16)
                                                         clknet_2_3__leaf_clk (net)
                      0.042789    0.000031   10.302590 ^ _765_/CLK (sky130_fd_sc_hd__dfxtp_2)
                                 -0.250000   10.052590   clock uncertainty
                                  0.000000   10.052590   clock reconvergence pessimism
                                 -0.108798    9.943791   library setup time
                                              9.943791   data required time
---------------------------------------------------------------------------------------------
                                              9.943791   data required time
                                             -2.953446   data arrival time
---------------------------------------------------------------------------------------------
                                              6.990345   slack (MET)


Startpoint: rst (input port clocked by clk)
Endpoint: _754_ (rising edge-triggered flip-flop clocked by clk)
Path Group: clk
Path Type: max

Fanout         Cap        Slew       Delay        Time   Description
---------------------------------------------------------------------------------------------
                                  0.000000    0.000000   clock clk (rise edge)
                                  0.000000    0.000000   clock network delay (propagated)
                                  2.000000    2.000000 ^ input external delay
     1    0.003450    0.022548    0.013200    2.013200 ^ rst (in)
                                                         rst (net)
                      0.022548    0.000000    2.013200 ^ input17/A (sky130_fd_sc_hd__clkdlybuf4s25_1)
     3    0.014526    0.158139    0.332524    2.345724 ^ input17/X (sky130_fd_sc_hd__clkdlybuf4s25_1)
                                                         net17 (net)
                      0.158139    0.000028    2.345752 ^ _369_/A (sky130_fd_sc_hd__inv_2)
     4    0.013871    0.055807    0.080911    2.426662 v _369_/Y (sky130_fd_sc_hd__inv_2)
                                                         _367_ (net)
                      0.055807    0.000047    2.426710 v fanout36/A (sky130_fd_sc_hd__clkdlybuf4s25_1)
     5    0.010760    0.091626    0.308578    2.735287 v fanout36/X (sky130_fd_sc_hd__clkdlybuf4s25_1)
                                                         net36 (net)
                      0.091626    0.000004    2.735291 v _731_/B (sky130_fd_sc_hd__and3b_2)
     1    0.002122    0.036298    0.214975    2.950266 v _731_/X (sky130_fd_sc_hd__and3b_2)
                                                         _018_ (net)
                      0.036298    0.000006    2.950272 v _754_/D (sky130_fd_sc_hd__dfxtp_2)
                                              2.950272   data arrival time

                                 10.000000   10.000000   clock clk (rise edge)
                                  0.000000   10.000000   clock source latency
     1    0.012454    0.062209    0.039909   10.039908 ^ clk (in)
                                                         clk (net)
                      0.062211    0.000000   10.039908 ^ clkbuf_0_clk/A (sky130_fd_sc_hd__clkbuf_16)
     4    0.036344    0.056588    0.138317   10.178226 ^ clkbuf_0_clk/X (sky130_fd_sc_hd__clkbuf_16)
                                                         clknet_0_clk (net)
                      0.056588    0.000107   10.178333 ^ clkbuf_2_1__f_clk/A (sky130_fd_sc_hd__clkbuf_16)
     9    0.020919    0.042636    0.124056   10.302389 ^ clkbuf_2_1__f_clk/X (sky130_fd_sc_hd__clkbuf_16)
                                                         clknet_2_1__leaf_clk (net)
                      0.042636    0.000068   10.302457 ^ _754_/CLK (sky130_fd_sc_hd__dfxtp_2)
                                 -0.250000   10.052457   clock uncertainty
                                  0.000000   10.052457   clock reconvergence pessimism
                                 -0.109639    9.942819   library setup time
                                              9.942819   data required time
---------------------------------------------------------------------------------------------
                                              9.942819   data required time
                                             -2.950272   data arrival time
---------------------------------------------------------------------------------------------
                                              6.992547   slack (MET)


Startpoint: rst (input port clocked by clk)
Endpoint: _760_ (rising edge-triggered flip-flop clocked by clk)
Path Group: clk
Path Type: max

Fanout         Cap        Slew       Delay        Time   Description
---------------------------------------------------------------------------------------------
                                  0.000000    0.000000   clock clk (rise edge)
                                  0.000000    0.000000   clock network delay (propagated)
                                  2.000000    2.000000 ^ input external delay
     1    0.003450    0.022548    0.013200    2.013200 ^ rst (in)
                                                         rst (net)
                      0.022548    0.000000    2.013200 ^ input17/A (sky130_fd_sc_hd__clkdlybuf4s25_1)
     3    0.014526    0.158139    0.332524    2.345724 ^ input17/X (sky130_fd_sc_hd__clkdlybuf4s25_1)
                                                         net17 (net)
                      0.158139    0.000028    2.345752 ^ _369_/A (sky130_fd_sc_hd__inv_2)
     4    0.013871    0.055807    0.080911    2.426662 v _369_/Y (sky130_fd_sc_hd__inv_2)
                                                         _367_ (net)
                      0.055807    0.000047    2.426710 v fanout36/A (sky130_fd_sc_hd__clkdlybuf4s25_1)
     5    0.010760    0.091626    0.308578    2.735287 v fanout36/X (sky130_fd_sc_hd__clkdlybuf4s25_1)
                                                         net36 (net)
                      0.091626    0.000045    2.735332 v _739_/B (sky130_fd_sc_hd__and2_2)
     1    0.002721    0.036073    0.213251    2.948583 v _739_/X (sky130_fd_sc_hd__and2_2)
                                                         _024_ (net)
                      0.036073    0.000014    2.948596 v _760_/D (sky130_fd_sc_hd__dfxtp_2)
                                              2.948596   data arrival time

                                 10.000000   10.000000   clock clk (rise edge)
                                  0.000000   10.000000   clock source latency
     1    0.012454    0.062209    0.039909   10.039908 ^ clk (in)
                                                         clk (net)
                      0.062211    0.000000   10.039908 ^ clkbuf_0_clk/A (sky130_fd_sc_hd__clkbuf_16)
     4    0.036344    0.056588    0.138317   10.178226 ^ clkbuf_0_clk/X (sky130_fd_sc_hd__clkbuf_16)
                                                         clknet_0_clk (net)
                      0.056588    0.000107   10.178333 ^ clkbuf_2_1__f_clk/A (sky130_fd_sc_hd__clkbuf_16)
     9    0.020919    0.042636    0.124056   10.302389 ^ clkbuf_2_1__f_clk/X (sky130_fd_sc_hd__clkbuf_16)
                                                         clknet_2_1__leaf_clk (net)
                      0.042636    0.000050   10.302439 ^ _760_/CLK (sky130_fd_sc_hd__dfxtp_2)
                                 -0.250000   10.052439   clock uncertainty
                                  0.000000   10.052439   clock reconvergence pessimism
                                 -0.109540    9.942900   library setup time
                                              9.942900   data required time
---------------------------------------------------------------------------------------------
                                              9.942900   data required time
                                             -2.948596   data arrival time
---------------------------------------------------------------------------------------------
                                              6.994303   slack (MET)


Startpoint: rst (input port clocked by clk)
Endpoint: _759_ (rising edge-triggered flip-flop clocked by clk)
Path Group: clk
Path Type: max

Fanout         Cap        Slew       Delay        Time   Description
---------------------------------------------------------------------------------------------
                                  0.000000    0.000000   clock clk (rise edge)
                                  0.000000    0.000000   clock network delay (propagated)
                                  2.000000    2.000000 ^ input external delay
     1    0.003450    0.022548    0.013200    2.013200 ^ rst (in)
                                                         rst (net)
                      0.022548    0.000000    2.013200 ^ input17/A (sky130_fd_sc_hd__clkdlybuf4s25_1)
     3    0.014526    0.158139    0.332524    2.345724 ^ input17/X (sky130_fd_sc_hd__clkdlybuf4s25_1)
                                                         net17 (net)
                      0.158139    0.000028    2.345752 ^ _369_/A (sky130_fd_sc_hd__inv_2)
     4    0.013871    0.055807    0.080911    2.426662 v _369_/Y (sky130_fd_sc_hd__inv_2)
                                                         _367_ (net)
                      0.055807    0.000047    2.426710 v fanout36/A (sky130_fd_sc_hd__clkdlybuf4s25_1)
     5    0.010760    0.091626    0.308578    2.735287 v fanout36/X (sky130_fd_sc_hd__clkdlybuf4s25_1)
                                                         net36 (net)
                      0.091626    0.000049    2.735336 v _738_/B (sky130_fd_sc_hd__and2_2)
     1    0.002288    0.035000    0.211164    2.946501 v _738_/X (sky130_fd_sc_hd__and2_2)
                                                         _023_ (net)
                      0.035000    0.000008    2.946508 v _759_/D (sky130_fd_sc_hd__dfxtp_2)
                                              2.946508   data arrival time

                                 10.000000   10.000000   clock clk (rise edge)
                                  0.000000   10.000000   clock source latency
     1    0.012454    0.062209    0.039909   10.039908 ^ clk (in)
                                                         clk (net)
                      0.062211    0.000000   10.039908 ^ clkbuf_0_clk/A (sky130_fd_sc_hd__clkbuf_16)
     4    0.036344    0.056588    0.138317   10.178226 ^ clkbuf_0_clk/X (sky130_fd_sc_hd__clkbuf_16)
                                                         clknet_0_clk (net)
                      0.056588    0.000107   10.178333 ^ clkbuf_2_1__f_clk/A (sky130_fd_sc_hd__clkbuf_16)
     9    0.020919    0.042636    0.124056   10.302389 ^ clkbuf_2_1__f_clk/X (sky130_fd_sc_hd__clkbuf_16)
                                                         clknet_2_1__leaf_clk (net)
                      0.042636    0.000043   10.302432 ^ _759_/CLK (sky130_fd_sc_hd__dfxtp_2)
                                 -0.250000   10.052432   clock uncertainty
                                  0.000000   10.052432   clock reconvergence pessimism
                                 -0.109072    9.943360   library setup time
                                              9.943360   data required time
---------------------------------------------------------------------------------------------
                                              9.943360   data required time
                                             -2.946508   data arrival time
---------------------------------------------------------------------------------------------
                                              6.996852   slack (MET)


Startpoint: rst (input port clocked by clk)
Endpoint: _757_ (rising edge-triggered flip-flop clocked by clk)
Path Group: clk
Path Type: max

Fanout         Cap        Slew       Delay        Time   Description
---------------------------------------------------------------------------------------------
                                  0.000000    0.000000   clock clk (rise edge)
                                  0.000000    0.000000   clock network delay (propagated)
                                  2.000000    2.000000 ^ input external delay
     1    0.003450    0.022548    0.013200    2.013200 ^ rst (in)
                                                         rst (net)
                      0.022548    0.000000    2.013200 ^ input17/A (sky130_fd_sc_hd__clkdlybuf4s25_1)
     3    0.014526    0.158139    0.332524    2.345724 ^ input17/X (sky130_fd_sc_hd__clkdlybuf4s25_1)
                                                         net17 (net)
                      0.158139    0.000028    2.345752 ^ _369_/A (sky130_fd_sc_hd__inv_2)
     4    0.013871    0.055807    0.080911    2.426662 v _369_/Y (sky130_fd_sc_hd__inv_2)
                                                         _367_ (net)
                      0.055807    0.000047    2.426710 v fanout36/A (sky130_fd_sc_hd__clkdlybuf4s25_1)
     5    0.010760    0.091626    0.308578    2.735287 v fanout36/X (sky130_fd_sc_hd__clkdlybuf4s25_1)
                                                         net36 (net)
                      0.091626    0.000061    2.735349 v _736_/B (sky130_fd_sc_hd__and2_2)
     1    0.002148    0.035089    0.210494    2.945843 v _736_/X (sky130_fd_sc_hd__and2_2)
                                                         _021_ (net)
                      0.035089    0.000006    2.945849 v _757_/D (sky130_fd_sc_hd__dfxtp_2)
                                              2.945849   data arrival time

                                 10.000000   10.000000   clock clk (rise edge)
                                  0.000000   10.000000   clock source latency
     1    0.012454    0.062209    0.039909   10.039908 ^ clk (in)
                                                         clk (net)
                      0.062211    0.000000   10.039908 ^ clkbuf_0_clk/A (sky130_fd_sc_hd__clkbuf_16)
     4    0.036344    0.056588    0.138317   10.178226 ^ clkbuf_0_clk/X (sky130_fd_sc_hd__clkbuf_16)
                                                         clknet_0_clk (net)
                      0.056588    0.000107   10.178333 ^ clkbuf_2_1__f_clk/A (sky130_fd_sc_hd__clkbuf_16)
     9    0.020919    0.042636    0.124056   10.302389 ^ clkbuf_2_1__f_clk/X (sky130_fd_sc_hd__clkbuf_16)
                                                         clknet_2_1__leaf_clk (net)
                      0.042636    0.000039   10.302428 ^ _757_/CLK (sky130_fd_sc_hd__dfxtp_2)
                                 -0.250000   10.052428   clock uncertainty
                                  0.000000   10.052428   clock reconvergence pessimism
                                 -0.109111    9.943317   library setup time
                                              9.943317   data required time
---------------------------------------------------------------------------------------------
                                              9.943317   data required time
                                             -2.945849   data arrival time
---------------------------------------------------------------------------------------------
                                              6.997468   slack (MET)


Startpoint: rst (input port clocked by clk)
Endpoint: _758_ (rising edge-triggered flip-flop clocked by clk)
Path Group: clk
Path Type: max

Fanout         Cap        Slew       Delay        Time   Description
---------------------------------------------------------------------------------------------
                                  0.000000    0.000000   clock clk (rise edge)
                                  0.000000    0.000000   clock network delay (propagated)
                                  2.000000    2.000000 ^ input external delay
     1    0.003450    0.022548    0.013200    2.013200 ^ rst (in)
                                                         rst (net)
                      0.022548    0.000000    2.013200 ^ input17/A (sky130_fd_sc_hd__clkdlybuf4s25_1)
     3    0.014526    0.158139    0.332524    2.345724 ^ input17/X (sky130_fd_sc_hd__clkdlybuf4s25_1)
                                                         net17 (net)
                      0.158139    0.000028    2.345752 ^ _369_/A (sky130_fd_sc_hd__inv_2)
     4    0.013871    0.055807    0.080911    2.426662 v _369_/Y (sky130_fd_sc_hd__inv_2)
                                                         _367_ (net)
                      0.055807    0.000047    2.426710 v fanout36/A (sky130_fd_sc_hd__clkdlybuf4s25_1)
     5    0.010760    0.091626    0.308578    2.735287 v fanout36/X (sky130_fd_sc_hd__clkdlybuf4s25_1)
                                                         net36 (net)
                      0.091626    0.000023    2.735311 v _737_/B (sky130_fd_sc_hd__and2_2)
     1    0.001882    0.034302    0.209213    2.944523 v _737_/X (sky130_fd_sc_hd__and2_2)
                                                         _022_ (net)
                      0.034302    0.000002    2.944525 v _758_/D (sky130_fd_sc_hd__dfxtp_2)
                                              2.944525   data arrival time

                                 10.000000   10.000000   clock clk (rise edge)
                                  0.000000   10.000000   clock source latency
     1    0.012454    0.062209    0.039909   10.039908 ^ clk (in)
                                                         clk (net)
                      0.062211    0.000000   10.039908 ^ clkbuf_0_clk/A (sky130_fd_sc_hd__clkbuf_16)
     4    0.036344    0.056588    0.138317   10.178226 ^ clkbuf_0_clk/X (sky130_fd_sc_hd__clkbuf_16)
                                                         clknet_0_clk (net)
                      0.056588    0.000107   10.178333 ^ clkbuf_2_1__f_clk/A (sky130_fd_sc_hd__clkbuf_16)
     9    0.020919    0.042636    0.124056   10.302389 ^ clkbuf_2_1__f_clk/X (sky130_fd_sc_hd__clkbuf_16)
                                                         clknet_2_1__leaf_clk (net)
                      0.042636    0.000038   10.302427 ^ _758_/CLK (sky130_fd_sc_hd__dfxtp_2)
                                 -0.250000   10.052427   clock uncertainty
                                  0.000000   10.052427   clock reconvergence pessimism
                                 -0.108767    9.943661   library setup time
                                              9.943661   data required time
---------------------------------------------------------------------------------------------
                                              9.943661   data required time
                                             -2.944525   data arrival time
---------------------------------------------------------------------------------------------
                                              6.999135   slack (MET)


Startpoint: rst (input port clocked by clk)
Endpoint: _749_ (rising edge-triggered flip-flop clocked by clk)
Path Group: clk
Path Type: max

Fanout         Cap        Slew       Delay        Time   Description
---------------------------------------------------------------------------------------------
                                  0.000000    0.000000   clock clk (rise edge)
                                  0.000000    0.000000   clock network delay (propagated)
                                  2.000000    2.000000 ^ input external delay
     1    0.003450    0.022548    0.013200    2.013200 ^ rst (in)
                                                         rst (net)
                      0.022548    0.000000    2.013200 ^ input17/A (sky130_fd_sc_hd__clkdlybuf4s25_1)
     3    0.014526    0.158139    0.332524    2.345724 ^ input17/X (sky130_fd_sc_hd__clkdlybuf4s25_1)
                                                         net17 (net)
                      0.158139    0.000059    2.345783 ^ _722_/A (sky130_fd_sc_hd__nor2_2)
     1    0.002555    0.039272    0.057478    2.403260 v _722_/Y (sky130_fd_sc_hd__nor2_2)
                                                         _013_ (net)
                      0.039272    0.000010    2.403271 v _749_/D (sky130_fd_sc_hd__dfxtp_2)
                                              2.403271   data arrival time

                                 10.000000   10.000000   clock clk (rise edge)
                                  0.000000   10.000000   clock source latency
     1    0.012454    0.062209    0.039909   10.039908 ^ clk (in)
                                                         clk (net)
                      0.062211    0.000000   10.039908 ^ clkbuf_0_clk/A (sky130_fd_sc_hd__clkbuf_16)
     4    0.036344    0.056588    0.138317   10.178226 ^ clkbuf_0_clk/X (sky130_fd_sc_hd__clkbuf_16)
                                                         clknet_0_clk (net)
                      0.056588    0.000142   10.178368 ^ clkbuf_2_0__f_clk/A (sky130_fd_sc_hd__clkbuf_16)
     9    0.021283    0.042947    0.124391   10.302759 ^ clkbuf_2_0__f_clk/X (sky130_fd_sc_hd__clkbuf_16)
                                                         clknet_2_0__leaf_clk (net)
                      0.042949    0.000082   10.302840 ^ _749_/CLK (sky130_fd_sc_hd__dfxtp_2)
                                 -0.250000   10.052840   clock uncertainty
                                  0.000000   10.052840   clock reconvergence pessimism
                                 -0.110864    9.941978   library setup time
                                              9.941978   data required time
---------------------------------------------------------------------------------------------
                                              9.941978   data required time
                                             -2.403271   data arrival time
---------------------------------------------------------------------------------------------
                                              7.538706   slack (MET)



