
===========================================================================
report_checks -path_delay max (Setup)
============================================================================
======================= min_tt_025C_1v80 Corner ===================================

Startpoint: h0[1] (input port clocked by clk)
Endpoint: y[9] (output port clocked by clk)
Path Group: clk
Path Type: max

Fanout         Cap        Slew       Delay        Time   Description
---------------------------------------------------------------------------------------------
                                  0.000000    0.000000   clock clk (rise edge)
                                  0.000000    0.000000   clock network delay (propagated)
                                  2.000000    2.000000 v input external delay
     1    0.009700    0.023846    0.016495    2.016495 v h0[1] (in)
                                                         h0[1] (net)
                      0.023846    0.000000    2.016495 v input2/A (sky130_fd_sc_hd__buf_12)
     6    0.025399    0.030790    0.124862    2.141357 v input2/X (sky130_fd_sc_hd__buf_12)
                                                         net2 (net)
                      0.030797    0.000459    2.141816 v _453_/A2 (sky130_fd_sc_hd__a22o_4)
     2    0.010089    0.046439    0.266327    2.408142 v _453_/X (sky130_fd_sc_hd__a22o_4)
                                                         _114_ (net)
                      0.046439    0.000115    2.408257 v _454_/B2 (sky130_fd_sc_hd__a22o_4)
     2    0.009188    0.045311    0.237433    2.645690 v _454_/X (sky130_fd_sc_hd__a22o_4)
                                                         _115_ (net)
                      0.045311    0.000052    2.645742 v _457_/A1 (sky130_fd_sc_hd__a21o_4)
     2    0.007454    0.036932    0.208987    2.854729 v _457_/X (sky130_fd_sc_hd__a21o_4)
                                                         _118_ (net)
                      0.036932    0.000063    2.854792 v _459_/B2 (sky130_fd_sc_hd__a22o_4)
     2    0.010729    0.047264    0.237540    3.092332 v _459_/X (sky130_fd_sc_hd__a22o_4)
                                                         _120_ (net)
                      0.047264    0.000139    3.092470 v _461_/A1 (sky130_fd_sc_hd__a21o_4)
     3    0.014759    0.046772    0.224905    3.317375 v _461_/X (sky130_fd_sc_hd__a21o_4)
                                                         _122_ (net)
                      0.046772    0.000125    3.317501 v _463_/A1 (sky130_fd_sc_hd__a21o_4)
     2    0.009383    0.039212    0.213582    3.531082 v _463_/X (sky130_fd_sc_hd__a21o_4)
                                                         _124_ (net)
                      0.039212    0.000138    3.531220 v _477_/A2 (sky130_fd_sc_hd__a21o_4)
     3    0.010193    0.040129    0.225838    3.757058 v _477_/X (sky130_fd_sc_hd__a21o_4)
                                                         _138_ (net)
                      0.040129    0.000046    3.757104 v _478_/C (sky130_fd_sc_hd__and3_4)
     2    0.013317    0.044143    0.197969    3.955073 v _478_/X (sky130_fd_sc_hd__and3_4)
                                                         _139_ (net)
                      0.044145    0.000335    3.955409 v _496_/A1 (sky130_fd_sc_hd__o21a_4)
     2    0.004712    0.034412    0.216622    4.172031 v _496_/X (sky130_fd_sc_hd__o21a_4)
                                                         _157_ (net)
                      0.034412    0.000056    4.172087 v _512_/C (sky130_fd_sc_hd__or3_4)
     3    0.010413    0.075347    0.354869    4.526956 v _512_/X (sky130_fd_sc_hd__or3_4)
                                                         _173_ (net)
                      0.075347    0.000114    4.527070 v _515_/A2 (sky130_fd_sc_hd__a211o_4)
     2    0.009488    0.056909    0.367801    4.894871 v _515_/X (sky130_fd_sc_hd__a211o_4)
                                                         _176_ (net)
                      0.056909    0.000055    4.894926 v _585_/A2 (sky130_fd_sc_hd__a21o_4)
     2    0.011734    0.042362    0.236935    5.131861 v _585_/X (sky130_fd_sc_hd__a21o_4)
                                                         _245_ (net)
                      0.042362    0.000215    5.132076 v _637_/A1 (sky130_fd_sc_hd__a21o_4)
     2    0.010368    0.040460    0.213698    5.345774 v _637_/X (sky130_fd_sc_hd__a21o_4)
                                                         _296_ (net)
                      0.040460    0.000135    5.345909 v _674_/A1 (sky130_fd_sc_hd__a21o_4)
     2    0.011204    0.041554    0.214564    5.560473 v _674_/X (sky130_fd_sc_hd__a21o_4)
                                                         _332_ (net)
                      0.041554    0.000209    5.560682 v _695_/A1 (sky130_fd_sc_hd__a21o_4)
     2    0.013131    0.044287    0.219028    5.779710 v _695_/X (sky130_fd_sc_hd__a21o_4)
                                                         _352_ (net)
                      0.044287    0.000180    5.779891 v _697_/A1 (sky130_fd_sc_hd__a21o_4)
     2    0.012611    0.043486    0.219174    5.999064 v _697_/X (sky130_fd_sc_hd__a21o_4)
                                                         _353_ (net)
                      0.043486    0.000077    5.999142 v _705_/A1 (sky130_fd_sc_hd__a21o_2)
     1    0.004890    0.039319    0.197859    6.197001 v _705_/X (sky130_fd_sc_hd__a21o_2)
                                                         net34 (net)
                      0.039319    0.000030    6.197031 v output34/A (sky130_fd_sc_hd__buf_6)
     1    0.035197    0.044330    0.141595    6.338626 v output34/X (sky130_fd_sc_hd__buf_6)
                                                         y[9] (net)
                      0.044337    0.000576    6.339201 v y[9] (out)
                                              6.339201   data arrival time

                                 10.000000   10.000000   clock clk (rise edge)
                                  0.000000   10.000000   clock network delay (propagated)
                                 -0.250000    9.750000   clock uncertainty
                                  0.000000    9.750000   clock reconvergence pessimism
                                 -2.000000    7.750000   output external delay
                                              7.750000   data required time
---------------------------------------------------------------------------------------------
                                              7.750000   data required time
                                             -6.339201   data arrival time
---------------------------------------------------------------------------------------------
                                              1.410799   slack (MET)


Startpoint: h0[1] (input port clocked by clk)
Endpoint: y[8] (output port clocked by clk)
Path Group: clk
Path Type: max

Fanout         Cap        Slew       Delay        Time   Description
---------------------------------------------------------------------------------------------
                                  0.000000    0.000000   clock clk (rise edge)
                                  0.000000    0.000000   clock network delay (propagated)
                                  2.000000    2.000000 v input external delay
     1    0.009700    0.023846    0.016495    2.016495 v h0[1] (in)
                                                         h0[1] (net)
                      0.023846    0.000000    2.016495 v input2/A (sky130_fd_sc_hd__buf_12)
     6    0.025399    0.030790    0.124862    2.141357 v input2/X (sky130_fd_sc_hd__buf_12)
                                                         net2 (net)
                      0.030797    0.000459    2.141816 v _453_/A2 (sky130_fd_sc_hd__a22o_4)
     2    0.010089    0.046439    0.266327    2.408142 v _453_/X (sky130_fd_sc_hd__a22o_4)
                                                         _114_ (net)
                      0.046439    0.000115    2.408257 v _454_/B2 (sky130_fd_sc_hd__a22o_4)
     2    0.009188    0.045311    0.237433    2.645690 v _454_/X (sky130_fd_sc_hd__a22o_4)
                                                         _115_ (net)
                      0.045311    0.000052    2.645742 v _457_/A1 (sky130_fd_sc_hd__a21o_4)
     2    0.007454    0.036932    0.208987    2.854729 v _457_/X (sky130_fd_sc_hd__a21o_4)
                                                         _118_ (net)
                      0.036932    0.000063    2.854792 v _459_/B2 (sky130_fd_sc_hd__a22o_4)
     2    0.010729    0.047264    0.237540    3.092332 v _459_/X (sky130_fd_sc_hd__a22o_4)
                                                         _120_ (net)
                      0.047264    0.000139    3.092470 v _461_/A1 (sky130_fd_sc_hd__a21o_4)
     3    0.014759    0.046772    0.224905    3.317375 v _461_/X (sky130_fd_sc_hd__a21o_4)
                                                         _122_ (net)
                      0.046772    0.000125    3.317501 v _463_/A1 (sky130_fd_sc_hd__a21o_4)
     2    0.009383    0.039212    0.213582    3.531082 v _463_/X (sky130_fd_sc_hd__a21o_4)
                                                         _124_ (net)
                      0.039212    0.000138    3.531220 v _477_/A2 (sky130_fd_sc_hd__a21o_4)
     3    0.010193    0.040129    0.225838    3.757058 v _477_/X (sky130_fd_sc_hd__a21o_4)
                                                         _138_ (net)
                      0.040129    0.000046    3.757104 v _478_/C (sky130_fd_sc_hd__and3_4)
     2    0.013317    0.044143    0.197969    3.955073 v _478_/X (sky130_fd_sc_hd__and3_4)
                                                         _139_ (net)
                      0.044145    0.000335    3.955409 v _496_/A1 (sky130_fd_sc_hd__o21a_4)
     2    0.004712    0.034412    0.216622    4.172031 v _496_/X (sky130_fd_sc_hd__o21a_4)
                                                         _157_ (net)
                      0.034412    0.000056    4.172087 v _512_/C (sky130_fd_sc_hd__or3_4)
     3    0.010413    0.075347    0.354869    4.526956 v _512_/X (sky130_fd_sc_hd__or3_4)
                                                         _173_ (net)
                      0.075347    0.000114    4.527070 v _515_/A2 (sky130_fd_sc_hd__a211o_4)
     2    0.009488    0.056909    0.367801    4.894871 v _515_/X (sky130_fd_sc_hd__a211o_4)
                                                         _176_ (net)
                      0.056909    0.000055    4.894926 v _585_/A2 (sky130_fd_sc_hd__a21o_4)
     2    0.011734    0.042362    0.236935    5.131861 v _585_/X (sky130_fd_sc_hd__a21o_4)
                                                         _245_ (net)
                      0.042362    0.000215    5.132076 v _637_/A1 (sky130_fd_sc_hd__a21o_4)
     2    0.010368    0.040460    0.213698    5.345774 v _637_/X (sky130_fd_sc_hd__a21o_4)
                                                         _296_ (net)
                      0.040460    0.000135    5.345909 v _674_/A1 (sky130_fd_sc_hd__a21o_4)
     2    0.011204    0.041554    0.214564    5.560473 v _674_/X (sky130_fd_sc_hd__a21o_4)
                                                         _332_ (net)
                      0.041554    0.000209    5.560682 v _695_/A1 (sky130_fd_sc_hd__a21o_4)
     2    0.013131    0.044287    0.219028    5.779710 v _695_/X (sky130_fd_sc_hd__a21o_4)
                                                         _352_ (net)
                      0.044287    0.000180    5.779891 v _697_/A1 (sky130_fd_sc_hd__a21o_4)
     2    0.012611    0.043486    0.219174    5.999064 v _697_/X (sky130_fd_sc_hd__a21o_4)
                                                         _353_ (net)
                      0.043486    0.000113    5.999178 v _701_/A (sky130_fd_sc_hd__xor2_2)
     1    0.004901    0.045254    0.176125    6.175303 v _701_/X (sky130_fd_sc_hd__xor2_2)
                                                         net33 (net)
                      0.045254    0.000052    6.175355 v output33/A (sky130_fd_sc_hd__buf_6)
     1    0.034895    0.044082    0.144077    6.319432 v output33/X (sky130_fd_sc_hd__buf_6)
                                                         y[8] (net)
                      0.044088    0.000552    6.319985 v y[8] (out)
                                              6.319985   data arrival time

                                 10.000000   10.000000   clock clk (rise edge)
                                  0.000000   10.000000   clock network delay (propagated)
                                 -0.250000    9.750000   clock uncertainty
                                  0.000000    9.750000   clock reconvergence pessimism
                                 -2.000000    7.750000   output external delay
                                              7.750000   data required time
---------------------------------------------------------------------------------------------
                                              7.750000   data required time
                                             -6.319985   data arrival time
---------------------------------------------------------------------------------------------
                                              1.430015   slack (MET)


Startpoint: h0[1] (input port clocked by clk)
Endpoint: y[7] (output port clocked by clk)
Path Group: clk
Path Type: max

Fanout         Cap        Slew       Delay        Time   Description
---------------------------------------------------------------------------------------------
                                  0.000000    0.000000   clock clk (rise edge)
                                  0.000000    0.000000   clock network delay (propagated)
                                  2.000000    2.000000 v input external delay
     1    0.009700    0.023846    0.016495    2.016495 v h0[1] (in)
                                                         h0[1] (net)
                      0.023846    0.000000    2.016495 v input2/A (sky130_fd_sc_hd__buf_12)
     6    0.025399    0.030790    0.124862    2.141357 v input2/X (sky130_fd_sc_hd__buf_12)
                                                         net2 (net)
                      0.030797    0.000459    2.141816 v _453_/A2 (sky130_fd_sc_hd__a22o_4)
     2    0.010089    0.046439    0.266327    2.408142 v _453_/X (sky130_fd_sc_hd__a22o_4)
                                                         _114_ (net)
                      0.046439    0.000115    2.408257 v _454_/B2 (sky130_fd_sc_hd__a22o_4)
     2    0.009188    0.045311    0.237433    2.645690 v _454_/X (sky130_fd_sc_hd__a22o_4)
                                                         _115_ (net)
                      0.045311    0.000052    2.645742 v _457_/A1 (sky130_fd_sc_hd__a21o_4)
     2    0.007454    0.036932    0.208987    2.854729 v _457_/X (sky130_fd_sc_hd__a21o_4)
                                                         _118_ (net)
                      0.036932    0.000063    2.854792 v _459_/B2 (sky130_fd_sc_hd__a22o_4)
     2    0.010729    0.047264    0.237540    3.092332 v _459_/X (sky130_fd_sc_hd__a22o_4)
                                                         _120_ (net)
                      0.047264    0.000139    3.092470 v _461_/A1 (sky130_fd_sc_hd__a21o_4)
     3    0.014759    0.046772    0.224905    3.317375 v _461_/X (sky130_fd_sc_hd__a21o_4)
                                                         _122_ (net)
                      0.046772    0.000125    3.317501 v _463_/A1 (sky130_fd_sc_hd__a21o_4)
     2    0.009383    0.039212    0.213582    3.531082 v _463_/X (sky130_fd_sc_hd__a21o_4)
                                                         _124_ (net)
                      0.039212    0.000138    3.531220 v _477_/A2 (sky130_fd_sc_hd__a21o_4)
     3    0.010193    0.040129    0.225838    3.757058 v _477_/X (sky130_fd_sc_hd__a21o_4)
                                                         _138_ (net)
                      0.040129    0.000046    3.757104 v _478_/C (sky130_fd_sc_hd__and3_4)
     2    0.013317    0.044143    0.197969    3.955073 v _478_/X (sky130_fd_sc_hd__and3_4)
                                                         _139_ (net)
                      0.044145    0.000335    3.955409 v _496_/A1 (sky130_fd_sc_hd__o21a_4)
     2    0.004712    0.034412    0.216622    4.172031 v _496_/X (sky130_fd_sc_hd__o21a_4)
                                                         _157_ (net)
                      0.034412    0.000056    4.172087 v _512_/C (sky130_fd_sc_hd__or3_4)
     3    0.010413    0.075347    0.354869    4.526956 v _512_/X (sky130_fd_sc_hd__or3_4)
                                                         _173_ (net)
                      0.075347    0.000114    4.527070 v _515_/A2 (sky130_fd_sc_hd__a211o_4)
     2    0.009488    0.056909    0.367801    4.894871 v _515_/X (sky130_fd_sc_hd__a211o_4)
                                                         _176_ (net)
                      0.056909    0.000055    4.894926 v _585_/A2 (sky130_fd_sc_hd__a21o_4)
     2    0.011734    0.042362    0.236935    5.131861 v _585_/X (sky130_fd_sc_hd__a21o_4)
                                                         _245_ (net)
                      0.042362    0.000215    5.132076 v _637_/A1 (sky130_fd_sc_hd__a21o_4)
     2    0.010368    0.040460    0.213698    5.345774 v _637_/X (sky130_fd_sc_hd__a21o_4)
                                                         _296_ (net)
                      0.040460    0.000135    5.345909 v _674_/A1 (sky130_fd_sc_hd__a21o_4)
     2    0.011204    0.041554    0.214564    5.560473 v _674_/X (sky130_fd_sc_hd__a21o_4)
                                                         _332_ (net)
                      0.041554    0.000209    5.560682 v _695_/A1 (sky130_fd_sc_hd__a21o_4)
     2    0.013131    0.044287    0.219028    5.779710 v _695_/X (sky130_fd_sc_hd__a21o_4)
                                                         _352_ (net)
                      0.044287    0.000134    5.779844 v _696_/B (sky130_fd_sc_hd__xor2_2)
     1    0.004704    0.063471    0.146743    5.926587 v _696_/X (sky130_fd_sc_hd__xor2_2)
                                                         net32 (net)
                      0.063471    0.000047    5.926633 v output32/A (sky130_fd_sc_hd__buf_6)
     1    0.034631    0.043938    0.152489    6.079122 v output32/X (sky130_fd_sc_hd__buf_6)
                                                         y[7] (net)
                      0.043943    0.000500    6.079622 v y[7] (out)
                                              6.079622   data arrival time

                                 10.000000   10.000000   clock clk (rise edge)
                                  0.000000   10.000000   clock network delay (propagated)
                                 -0.250000    9.750000   clock uncertainty
                                  0.000000    9.750000   clock reconvergence pessimism
                                 -2.000000    7.750000   output external delay
                                              7.750000   data required time
---------------------------------------------------------------------------------------------
                                              7.750000   data required time
                                             -6.079622   data arrival time
---------------------------------------------------------------------------------------------
                                              1.670378   slack (MET)


Startpoint: h0[1] (input port clocked by clk)
Endpoint: y[6] (output port clocked by clk)
Path Group: clk
Path Type: max

Fanout         Cap        Slew       Delay        Time   Description
---------------------------------------------------------------------------------------------
                                  0.000000    0.000000   clock clk (rise edge)
                                  0.000000    0.000000   clock network delay (propagated)
                                  2.000000    2.000000 v input external delay
     1    0.009700    0.023846    0.016495    2.016495 v h0[1] (in)
                                                         h0[1] (net)
                      0.023846    0.000000    2.016495 v input2/A (sky130_fd_sc_hd__buf_12)
     6    0.025399    0.030790    0.124862    2.141357 v input2/X (sky130_fd_sc_hd__buf_12)
                                                         net2 (net)
                      0.030797    0.000459    2.141816 v _453_/A2 (sky130_fd_sc_hd__a22o_4)
     2    0.010089    0.046439    0.266327    2.408142 v _453_/X (sky130_fd_sc_hd__a22o_4)
                                                         _114_ (net)
                      0.046439    0.000115    2.408257 v _454_/B2 (sky130_fd_sc_hd__a22o_4)
     2    0.009188    0.045311    0.237433    2.645690 v _454_/X (sky130_fd_sc_hd__a22o_4)
                                                         _115_ (net)
                      0.045311    0.000052    2.645742 v _457_/A1 (sky130_fd_sc_hd__a21o_4)
     2    0.007454    0.036932    0.208987    2.854729 v _457_/X (sky130_fd_sc_hd__a21o_4)
                                                         _118_ (net)
                      0.036932    0.000063    2.854792 v _459_/B2 (sky130_fd_sc_hd__a22o_4)
     2    0.010729    0.047264    0.237540    3.092332 v _459_/X (sky130_fd_sc_hd__a22o_4)
                                                         _120_ (net)
                      0.047264    0.000139    3.092470 v _461_/A1 (sky130_fd_sc_hd__a21o_4)
     3    0.014759    0.046772    0.224905    3.317375 v _461_/X (sky130_fd_sc_hd__a21o_4)
                                                         _122_ (net)
                      0.046772    0.000125    3.317501 v _463_/A1 (sky130_fd_sc_hd__a21o_4)
     2    0.009383    0.039212    0.213582    3.531082 v _463_/X (sky130_fd_sc_hd__a21o_4)
                                                         _124_ (net)
                      0.039212    0.000138    3.531220 v _477_/A2 (sky130_fd_sc_hd__a21o_4)
     3    0.010193    0.040129    0.225838    3.757058 v _477_/X (sky130_fd_sc_hd__a21o_4)
                                                         _138_ (net)
                      0.040129    0.000046    3.757104 v _478_/C (sky130_fd_sc_hd__and3_4)
     2    0.013317    0.044143    0.197969    3.955073 v _478_/X (sky130_fd_sc_hd__and3_4)
                                                         _139_ (net)
                      0.044145    0.000335    3.955409 v _496_/A1 (sky130_fd_sc_hd__o21a_4)
     2    0.004712    0.034412    0.216622    4.172031 v _496_/X (sky130_fd_sc_hd__o21a_4)
                                                         _157_ (net)
                      0.034412    0.000056    4.172087 v _512_/C (sky130_fd_sc_hd__or3_4)
     3    0.010413    0.075347    0.354869    4.526956 v _512_/X (sky130_fd_sc_hd__or3_4)
                                                         _173_ (net)
                      0.075347    0.000114    4.527070 v _515_/A2 (sky130_fd_sc_hd__a211o_4)
     2    0.009488    0.056909    0.367801    4.894871 v _515_/X (sky130_fd_sc_hd__a211o_4)
                                                         _176_ (net)
                      0.056909    0.000055    4.894926 v _585_/A2 (sky130_fd_sc_hd__a21o_4)
     2    0.011734    0.042362    0.236935    5.131861 v _585_/X (sky130_fd_sc_hd__a21o_4)
                                                         _245_ (net)
                      0.042362    0.000215    5.132076 v _637_/A1 (sky130_fd_sc_hd__a21o_4)
     2    0.010368    0.040460    0.213698    5.345774 v _637_/X (sky130_fd_sc_hd__a21o_4)
                                                         _296_ (net)
                      0.040460    0.000135    5.345909 v _674_/A1 (sky130_fd_sc_hd__a21o_4)
     2    0.011204    0.041554    0.214564    5.560473 v _674_/X (sky130_fd_sc_hd__a21o_4)
                                                         _332_ (net)
                      0.041554    0.000182    5.560655 v rebuffer55/A (sky130_fd_sc_hd__buf_6)
     1    0.008313    0.024162    0.117263    5.677918 v rebuffer55/X (sky130_fd_sc_hd__buf_6)
                                                         net55 (net)
                      0.024162    0.000079    5.677997 v _675_/B (sky130_fd_sc_hd__xnor2_2)
     1    0.005614    0.129948    0.131174    5.809170 ^ _675_/Y (sky130_fd_sc_hd__xnor2_2)
                                                         net31 (net)
                      0.129948    0.000070    5.809240 ^ output31/A (sky130_fd_sc_hd__buf_6)
     1    0.035246    0.078980    0.161940    5.971180 ^ output31/X (sky130_fd_sc_hd__buf_6)
                                                         y[6] (net)
                      0.078981    0.000475    5.971655 ^ y[6] (out)
                                              5.971655   data arrival time

                                 10.000000   10.000000   clock clk (rise edge)
                                  0.000000   10.000000   clock network delay (propagated)
                                 -0.250000    9.750000   clock uncertainty
                                  0.000000    9.750000   clock reconvergence pessimism
                                 -2.000000    7.750000   output external delay
                                              7.750000   data required time
---------------------------------------------------------------------------------------------
                                              7.750000   data required time
                                             -5.971655   data arrival time
---------------------------------------------------------------------------------------------
                                              1.778345   slack (MET)


Startpoint: h0[1] (input port clocked by clk)
Endpoint: y[5] (output port clocked by clk)
Path Group: clk
Path Type: max

Fanout         Cap        Slew       Delay        Time   Description
---------------------------------------------------------------------------------------------
                                  0.000000    0.000000   clock clk (rise edge)
                                  0.000000    0.000000   clock network delay (propagated)
                                  2.000000    2.000000 v input external delay
     1    0.009700    0.023846    0.016495    2.016495 v h0[1] (in)
                                                         h0[1] (net)
                      0.023846    0.000000    2.016495 v input2/A (sky130_fd_sc_hd__buf_12)
     6    0.025399    0.030790    0.124862    2.141357 v input2/X (sky130_fd_sc_hd__buf_12)
                                                         net2 (net)
                      0.030797    0.000459    2.141816 v _453_/A2 (sky130_fd_sc_hd__a22o_4)
     2    0.010089    0.046439    0.266327    2.408142 v _453_/X (sky130_fd_sc_hd__a22o_4)
                                                         _114_ (net)
                      0.046439    0.000115    2.408257 v _454_/B2 (sky130_fd_sc_hd__a22o_4)
     2    0.009188    0.045311    0.237433    2.645690 v _454_/X (sky130_fd_sc_hd__a22o_4)
                                                         _115_ (net)
                      0.045311    0.000052    2.645742 v _457_/A1 (sky130_fd_sc_hd__a21o_4)
     2    0.007454    0.036932    0.208987    2.854729 v _457_/X (sky130_fd_sc_hd__a21o_4)
                                                         _118_ (net)
                      0.036932    0.000063    2.854792 v _459_/B2 (sky130_fd_sc_hd__a22o_4)
     2    0.010729    0.047264    0.237540    3.092332 v _459_/X (sky130_fd_sc_hd__a22o_4)
                                                         _120_ (net)
                      0.047264    0.000139    3.092470 v _461_/A1 (sky130_fd_sc_hd__a21o_4)
     3    0.014759    0.046772    0.224905    3.317375 v _461_/X (sky130_fd_sc_hd__a21o_4)
                                                         _122_ (net)
                      0.046772    0.000125    3.317501 v _463_/A1 (sky130_fd_sc_hd__a21o_4)
     2    0.009383    0.039212    0.213582    3.531082 v _463_/X (sky130_fd_sc_hd__a21o_4)
                                                         _124_ (net)
                      0.039212    0.000138    3.531220 v _477_/A2 (sky130_fd_sc_hd__a21o_4)
     3    0.010193    0.040129    0.225838    3.757058 v _477_/X (sky130_fd_sc_hd__a21o_4)
                                                         _138_ (net)
                      0.040129    0.000046    3.757104 v _478_/C (sky130_fd_sc_hd__and3_4)
     2    0.013317    0.044143    0.197969    3.955073 v _478_/X (sky130_fd_sc_hd__and3_4)
                                                         _139_ (net)
                      0.044145    0.000335    3.955409 v _496_/A1 (sky130_fd_sc_hd__o21a_4)
     2    0.004712    0.034412    0.216622    4.172031 v _496_/X (sky130_fd_sc_hd__o21a_4)
                                                         _157_ (net)
                      0.034412    0.000056    4.172087 v _512_/C (sky130_fd_sc_hd__or3_4)
     3    0.010413    0.075347    0.354869    4.526956 v _512_/X (sky130_fd_sc_hd__or3_4)
                                                         _173_ (net)
                      0.075347    0.000114    4.527070 v _515_/A2 (sky130_fd_sc_hd__a211o_4)
     2    0.009488    0.056909    0.367801    4.894871 v _515_/X (sky130_fd_sc_hd__a211o_4)
                                                         _176_ (net)
                      0.056909    0.000055    4.894926 v _585_/A2 (sky130_fd_sc_hd__a21o_4)
     2    0.011734    0.042362    0.236935    5.131861 v _585_/X (sky130_fd_sc_hd__a21o_4)
                                                         _245_ (net)
                      0.042362    0.000215    5.132076 v _637_/A1 (sky130_fd_sc_hd__a21o_4)
     2    0.010368    0.040460    0.213698    5.345774 v _637_/X (sky130_fd_sc_hd__a21o_4)
                                                         _296_ (net)
                      0.040460    0.000128    5.345901 v rebuffer62/A (sky130_fd_sc_hd__buf_6)
     1    0.008086    0.023994    0.116509    5.462411 v rebuffer62/X (sky130_fd_sc_hd__buf_6)
                                                         net62 (net)
                      0.023994    0.000028    5.462440 v _638_/B (sky130_fd_sc_hd__xor2_2)
     1    0.005270    0.065334    0.141537    5.603977 v _638_/X (sky130_fd_sc_hd__xor2_2)
                                                         net30 (net)
                      0.065334    0.000072    5.604049 v output30/A (sky130_fd_sc_hd__buf_6)
     1    0.034593    0.043901    0.153381    5.757430 v output30/X (sky130_fd_sc_hd__buf_6)
                                                         y[5] (net)
                      0.043905    0.000464    5.757894 v y[5] (out)
                                              5.757894   data arrival time

                                 10.000000   10.000000   clock clk (rise edge)
                                  0.000000   10.000000   clock network delay (propagated)
                                 -0.250000    9.750000   clock uncertainty
                                  0.000000    9.750000   clock reconvergence pessimism
                                 -2.000000    7.750000   output external delay
                                              7.750000   data required time
---------------------------------------------------------------------------------------------
                                              7.750000   data required time
                                             -5.757894   data arrival time
---------------------------------------------------------------------------------------------
                                              1.992106   slack (MET)


Startpoint: h0[1] (input port clocked by clk)
Endpoint: y[4] (output port clocked by clk)
Path Group: clk
Path Type: max

Fanout         Cap        Slew       Delay        Time   Description
---------------------------------------------------------------------------------------------
                                  0.000000    0.000000   clock clk (rise edge)
                                  0.000000    0.000000   clock network delay (propagated)
                                  2.000000    2.000000 v input external delay
     1    0.009700    0.023846    0.016495    2.016495 v h0[1] (in)
                                                         h0[1] (net)
                      0.023846    0.000000    2.016495 v input2/A (sky130_fd_sc_hd__buf_12)
     6    0.025399    0.030790    0.124862    2.141357 v input2/X (sky130_fd_sc_hd__buf_12)
                                                         net2 (net)
                      0.030797    0.000459    2.141816 v _453_/A2 (sky130_fd_sc_hd__a22o_4)
     2    0.010089    0.046439    0.266327    2.408142 v _453_/X (sky130_fd_sc_hd__a22o_4)
                                                         _114_ (net)
                      0.046439    0.000115    2.408257 v _454_/B2 (sky130_fd_sc_hd__a22o_4)
     2    0.009188    0.045311    0.237433    2.645690 v _454_/X (sky130_fd_sc_hd__a22o_4)
                                                         _115_ (net)
                      0.045311    0.000052    2.645742 v _457_/A1 (sky130_fd_sc_hd__a21o_4)
     2    0.007454    0.036932    0.208987    2.854729 v _457_/X (sky130_fd_sc_hd__a21o_4)
                                                         _118_ (net)
                      0.036932    0.000063    2.854792 v _459_/B2 (sky130_fd_sc_hd__a22o_4)
     2    0.010729    0.047264    0.237540    3.092332 v _459_/X (sky130_fd_sc_hd__a22o_4)
                                                         _120_ (net)
                      0.047264    0.000139    3.092470 v _461_/A1 (sky130_fd_sc_hd__a21o_4)
     3    0.014759    0.046772    0.224905    3.317375 v _461_/X (sky130_fd_sc_hd__a21o_4)
                                                         _122_ (net)
                      0.046772    0.000125    3.317501 v _463_/A1 (sky130_fd_sc_hd__a21o_4)
     2    0.009383    0.039212    0.213582    3.531082 v _463_/X (sky130_fd_sc_hd__a21o_4)
                                                         _124_ (net)
                      0.039212    0.000138    3.531220 v _477_/A2 (sky130_fd_sc_hd__a21o_4)
     3    0.010193    0.040129    0.225838    3.757058 v _477_/X (sky130_fd_sc_hd__a21o_4)
                                                         _138_ (net)
                      0.040129    0.000046    3.757104 v _478_/C (sky130_fd_sc_hd__and3_4)
     2    0.013317    0.044143    0.197969    3.955073 v _478_/X (sky130_fd_sc_hd__and3_4)
                                                         _139_ (net)
                      0.044145    0.000335    3.955409 v _496_/A1 (sky130_fd_sc_hd__o21a_4)
     2    0.004712    0.034412    0.216622    4.172031 v _496_/X (sky130_fd_sc_hd__o21a_4)
                                                         _157_ (net)
                      0.034412    0.000056    4.172087 v _512_/C (sky130_fd_sc_hd__or3_4)
     3    0.010413    0.075347    0.354869    4.526956 v _512_/X (sky130_fd_sc_hd__or3_4)
                                                         _173_ (net)
                      0.075347    0.000114    4.527070 v _515_/A2 (sky130_fd_sc_hd__a211o_4)
     2    0.009488    0.056909    0.367801    4.894871 v _515_/X (sky130_fd_sc_hd__a211o_4)
                                                         _176_ (net)
                      0.056909    0.000055    4.894926 v _585_/A2 (sky130_fd_sc_hd__a21o_4)
     2    0.011734    0.042362    0.236935    5.131861 v _585_/X (sky130_fd_sc_hd__a21o_4)
                                                         _245_ (net)
                      0.042363    0.000253    5.132114 v rebuffer54/A (sky130_fd_sc_hd__buf_6)
     1    0.009380    0.024929    0.118864    5.250979 v rebuffer54/X (sky130_fd_sc_hd__buf_6)
                                                         net54 (net)
                      0.024929    0.000139    5.251117 v _586_/B (sky130_fd_sc_hd__xor2_2)
     1    0.004980    0.062629    0.140886    5.392004 v _586_/X (sky130_fd_sc_hd__xor2_2)
                                                         net29 (net)
                      0.062629    0.000056    5.392060 v output29/A (sky130_fd_sc_hd__buf_6)
     1    0.035933    0.044902    0.153163    5.545224 v output29/X (sky130_fd_sc_hd__buf_6)
                                                         y[4] (net)
                      0.044904    0.000401    5.545625 v y[4] (out)
                                              5.545625   data arrival time

                                 10.000000   10.000000   clock clk (rise edge)
                                  0.000000   10.000000   clock network delay (propagated)
                                 -0.250000    9.750000   clock uncertainty
                                  0.000000    9.750000   clock reconvergence pessimism
                                 -2.000000    7.750000   output external delay
                                              7.750000   data required time
---------------------------------------------------------------------------------------------
                                              7.750000   data required time
                                             -5.545625   data arrival time
---------------------------------------------------------------------------------------------
                                              2.204375   slack (MET)


Startpoint: h0[1] (input port clocked by clk)
Endpoint: y[3] (output port clocked by clk)
Path Group: clk
Path Type: max

Fanout         Cap        Slew       Delay        Time   Description
---------------------------------------------------------------------------------------------
                                  0.000000    0.000000   clock clk (rise edge)
                                  0.000000    0.000000   clock network delay (propagated)
                                  2.000000    2.000000 v input external delay
     1    0.009700    0.023846    0.016495    2.016495 v h0[1] (in)
                                                         h0[1] (net)
                      0.023846    0.000000    2.016495 v input2/A (sky130_fd_sc_hd__buf_12)
     6    0.025399    0.030790    0.124862    2.141357 v input2/X (sky130_fd_sc_hd__buf_12)
                                                         net2 (net)
                      0.030797    0.000459    2.141816 v _453_/A2 (sky130_fd_sc_hd__a22o_4)
     2    0.010089    0.046439    0.266327    2.408142 v _453_/X (sky130_fd_sc_hd__a22o_4)
                                                         _114_ (net)
                      0.046439    0.000115    2.408257 v _454_/B2 (sky130_fd_sc_hd__a22o_4)
     2    0.009188    0.045311    0.237433    2.645690 v _454_/X (sky130_fd_sc_hd__a22o_4)
                                                         _115_ (net)
                      0.045311    0.000052    2.645742 v _457_/A1 (sky130_fd_sc_hd__a21o_4)
     2    0.007454    0.036932    0.208987    2.854729 v _457_/X (sky130_fd_sc_hd__a21o_4)
                                                         _118_ (net)
                      0.036932    0.000063    2.854792 v _459_/B2 (sky130_fd_sc_hd__a22o_4)
     2    0.010729    0.047264    0.237540    3.092332 v _459_/X (sky130_fd_sc_hd__a22o_4)
                                                         _120_ (net)
                      0.047264    0.000139    3.092470 v _461_/A1 (sky130_fd_sc_hd__a21o_4)
     3    0.014759    0.046772    0.224905    3.317375 v _461_/X (sky130_fd_sc_hd__a21o_4)
                                                         _122_ (net)
                      0.046772    0.000125    3.317501 v _463_/A1 (sky130_fd_sc_hd__a21o_4)
     2    0.009383    0.039212    0.213582    3.531082 v _463_/X (sky130_fd_sc_hd__a21o_4)
                                                         _124_ (net)
                      0.039212    0.000138    3.531220 v _477_/A2 (sky130_fd_sc_hd__a21o_4)
     3    0.010193    0.040129    0.225838    3.757058 v _477_/X (sky130_fd_sc_hd__a21o_4)
                                                         _138_ (net)
                      0.040129    0.000046    3.757104 v _478_/C (sky130_fd_sc_hd__and3_4)
     2    0.013317    0.044143    0.197969    3.955073 v _478_/X (sky130_fd_sc_hd__and3_4)
                                                         _139_ (net)
                      0.044145    0.000335    3.955409 v _496_/A1 (sky130_fd_sc_hd__o21a_4)
     2    0.004712    0.034412    0.216622    4.172031 v _496_/X (sky130_fd_sc_hd__o21a_4)
                                                         _157_ (net)
                      0.034412    0.000056    4.172087 v _512_/C (sky130_fd_sc_hd__or3_4)
     3    0.010413    0.075347    0.354869    4.526956 v _512_/X (sky130_fd_sc_hd__or3_4)
                                                         _173_ (net)
                      0.075347    0.000114    4.527070 v _515_/A2 (sky130_fd_sc_hd__a211o_4)
     2    0.009488    0.056909    0.367801    4.894871 v _515_/X (sky130_fd_sc_hd__a211o_4)
                                                         _176_ (net)
                      0.056909    0.000029    4.894900 v rebuffer52/A (sky130_fd_sc_hd__buf_6)
     1    0.010230    0.025538    0.126624    5.021523 v rebuffer52/X (sky130_fd_sc_hd__buf_6)
                                                         net52 (net)
                      0.025538    0.000171    5.021694 v _516_/B (sky130_fd_sc_hd__nand2b_4)
     1    0.009004    0.051731    0.062455    5.084149 ^ _516_/Y (sky130_fd_sc_hd__nand2b_4)
                                                         _177_ (net)
                      0.051731    0.000062    5.084211 ^ _518_/B (sky130_fd_sc_hd__xnor2_2)
     1    0.005203    0.125544    0.109337    5.193548 ^ _518_/Y (sky130_fd_sc_hd__xnor2_2)
                                                         net28 (net)
                      0.125544    0.000050    5.193597 ^ output28/A (sky130_fd_sc_hd__buf_6)
     1    0.034392    0.077322    0.159881    5.353479 ^ output28/X (sky130_fd_sc_hd__buf_6)
                                                         y[3] (net)
                      0.077322    0.000221    5.353700 ^ y[3] (out)
                                              5.353700   data arrival time

                                 10.000000   10.000000   clock clk (rise edge)
                                  0.000000   10.000000   clock network delay (propagated)
                                 -0.250000    9.750000   clock uncertainty
                                  0.000000    9.750000   clock reconvergence pessimism
                                 -2.000000    7.750000   output external delay
                                              7.750000   data required time
---------------------------------------------------------------------------------------------
                                              7.750000   data required time
                                             -5.353700   data arrival time
---------------------------------------------------------------------------------------------
                                              2.396300   slack (MET)


Startpoint: h2[1] (input port clocked by clk)
Endpoint: y[2] (output port clocked by clk)
Path Group: clk
Path Type: max

Fanout         Cap        Slew       Delay        Time   Description
---------------------------------------------------------------------------------------------
                                  0.000000    0.000000   clock clk (rise edge)
                                  0.000000    0.000000   clock network delay (propagated)
                                  2.000000    2.000000 v input external delay
     1    0.003352    0.009915    0.005629    2.005629 v h2[1] (in)
                                                         h2[1] (net)
                      0.009915    0.000000    2.005629 v input10/A (sky130_fd_sc_hd__dlymetal6s4s_1)
     6    0.021922    0.119391    0.322568    2.328197 v input10/X (sky130_fd_sc_hd__dlymetal6s4s_1)
                                                         net10 (net)
                      0.119391    0.000188    2.328385 v _413_/B (sky130_fd_sc_hd__and2_4)
     4    0.012255    0.039141    0.210043    2.538428 v _413_/X (sky130_fd_sc_hd__and2_4)
                                                         _075_ (net)
                      0.039141    0.000079    2.538507 v _414_/C (sky130_fd_sc_hd__and3_2)
     3    0.009083    0.052483    0.233279    2.771786 v _414_/X (sky130_fd_sc_hd__and3_2)
                                                         _076_ (net)
                      0.052483    0.000044    2.771830 v _418_/A (sky130_fd_sc_hd__or3b_4)
     3    0.021335    0.094853    0.458103    3.229934 v _418_/X (sky130_fd_sc_hd__or3b_4)
                                                         _080_ (net)
                      0.094853    0.000208    3.230142 v _420_/A (sky130_fd_sc_hd__and2_2)
     2    0.007043    0.046368    0.209209    3.439350 v _420_/X (sky130_fd_sc_hd__and2_2)
                                                         _082_ (net)
                      0.046368    0.000032    3.439382 v _423_/A (sky130_fd_sc_hd__nand2_2)
     3    0.025666    0.143810    0.134820    3.574202 ^ _423_/Y (sky130_fd_sc_hd__nand2_2)
                                                         _085_ (net)
                      0.143810    0.000210    3.574412 ^ _425_/A (sky130_fd_sc_hd__nand2_2)
     2    0.008383    0.058742    0.082239    3.656651 v _425_/Y (sky130_fd_sc_hd__nand2_2)
                                                         _087_ (net)
                      0.058742    0.000113    3.656763 v _426_/C (sky130_fd_sc_hd__or3_4)
     3    0.011344    0.076585    0.365013    4.021776 v _426_/X (sky130_fd_sc_hd__or3_4)
                                                         _088_ (net)
                      0.076585    0.000089    4.021865 v _439_/A1 (sky130_fd_sc_hd__a211o_2)
     2    0.007615    0.060148    0.334401    4.356266 v _439_/X (sky130_fd_sc_hd__a211o_2)
                                                         _101_ (net)
                      0.060148    0.000068    4.356334 v _440_/B (sky130_fd_sc_hd__nand2b_2)
     1    0.010040    0.072157    0.094232    4.450565 ^ _440_/Y (sky130_fd_sc_hd__nand2b_2)
                                                         _102_ (net)
                      0.072157    0.000089    4.450655 ^ _449_/A (sky130_fd_sc_hd__xnor2_2)
     1    0.002574    0.097193    0.109821    4.560476 ^ _449_/Y (sky130_fd_sc_hd__xnor2_2)
                                                         net27 (net)
                      0.097193    0.000021    4.560497 ^ output27/A (sky130_fd_sc_hd__dlymetal6s2s_1)
     1    0.035039    0.353338    0.341431    4.901928 ^ output27/X (sky130_fd_sc_hd__dlymetal6s2s_1)
                                                         y[2] (net)
                      0.353338    0.000227    4.902155 ^ y[2] (out)
                                              4.902155   data arrival time

                                 10.000000   10.000000   clock clk (rise edge)
                                  0.000000   10.000000   clock network delay (propagated)
                                 -0.250000    9.750000   clock uncertainty
                                  0.000000    9.750000   clock reconvergence pessimism
                                 -2.000000    7.750000   output external delay
                                              7.750000   data required time
---------------------------------------------------------------------------------------------
                                              7.750000   data required time
                                             -4.902155   data arrival time
---------------------------------------------------------------------------------------------
                                              2.847845   slack (MET)


Startpoint: h1[1] (input port clocked by clk)
Endpoint: y[1] (output port clocked by clk)
Path Group: clk
Path Type: max

Fanout         Cap        Slew       Delay        Time   Description
---------------------------------------------------------------------------------------------
                                  0.000000    0.000000   clock clk (rise edge)
                                  0.000000    0.000000   clock network delay (propagated)
                                  2.000000    2.000000 ^ input external delay
     1    0.003826    0.024182    0.014589    2.014590 ^ h1[1] (in)
                                                         h1[1] (net)
                      0.024182    0.000000    2.014590 ^ input6/A (sky130_fd_sc_hd__clkbuf_2)
    10    0.044454    0.242369    0.247022    2.261611 ^ input6/X (sky130_fd_sc_hd__clkbuf_2)
                                                         net6 (net)
                      0.242391    0.002019    2.263630 ^ _390_/B1 (sky130_fd_sc_hd__a22o_2)
     2    0.007288    0.056572    0.205180    2.468810 ^ _390_/X (sky130_fd_sc_hd__a22o_2)
                                                         _052_ (net)
                      0.056572    0.000047    2.468857 ^ _392_/C (sky130_fd_sc_hd__and4_2)
     3    0.013697    0.100728    0.277726    2.746583 ^ _392_/X (sky130_fd_sc_hd__and4_2)
                                                         _054_ (net)
                      0.100728    0.000144    2.746727 ^ _394_/A (sky130_fd_sc_hd__nor2_2)
     2    0.006167    0.040580    0.058901    2.805629 v _394_/Y (sky130_fd_sc_hd__nor2_2)
                                                         _056_ (net)
                      0.040580    0.000051    2.805679 v _396_/A (sky130_fd_sc_hd__and2_2)
     3    0.009010    0.050453    0.190636    2.996315 v _396_/X (sky130_fd_sc_hd__and2_2)
                                                         _058_ (net)
                      0.050453    0.000021    2.996337 v _430_/A (sky130_fd_sc_hd__or2_2)
     2    0.008959    0.071687    0.333861    3.330198 v _430_/X (sky130_fd_sc_hd__or2_2)
                                                         _092_ (net)
                      0.071687    0.000171    3.330369 v _433_/A (sky130_fd_sc_hd__nor2_2)
     3    0.012483    0.156168    0.184309    3.514678 ^ _433_/Y (sky130_fd_sc_hd__nor2_2)
                                                         _095_ (net)
                      0.156168    0.000104    3.514782 ^ _436_/A (sky130_fd_sc_hd__nor2_2)
     2    0.006768    0.046343    0.071793    3.586575 v _436_/Y (sky130_fd_sc_hd__nor2_2)
                                                         _098_ (net)
                      0.046343    0.000081    3.586656 v _437_/C (sky130_fd_sc_hd__and3_2)
     3    0.010241    0.055601    0.240593    3.827249 v _437_/X (sky130_fd_sc_hd__and3_2)
                                                         _099_ (net)
                      0.055601    0.000083    3.827332 v _442_/A (sky130_fd_sc_hd__nor2_2)
     2    0.012077    0.152058    0.174423    4.001755 ^ _442_/Y (sky130_fd_sc_hd__nor2_2)
                                                         _104_ (net)
                      0.152058    0.000190    4.001945 ^ _704_/A (sky130_fd_sc_hd__xnor2_2)
     1    0.002665    0.098161    0.129554    4.131499 ^ _704_/Y (sky130_fd_sc_hd__xnor2_2)
                                                         net26 (net)
                      0.098161    0.000025    4.131524 ^ output26/A (sky130_fd_sc_hd__clkdlybuf4s25_1)
     1    0.034776    0.351242    0.505515    4.637039 ^ output26/X (sky130_fd_sc_hd__clkdlybuf4s25_1)
                                                         y[1] (net)
                      0.351242    0.000318    4.637357 ^ y[1] (out)
                                              4.637357   data arrival time

                                 10.000000   10.000000   clock clk (rise edge)
                                  0.000000   10.000000   clock network delay (propagated)
                                 -0.250000    9.750000   clock uncertainty
                                  0.000000    9.750000   clock reconvergence pessimism
                                 -2.000000    7.750000   output external delay
                                              7.750000   data required time
---------------------------------------------------------------------------------------------
                                              7.750000   data required time
                                             -4.637357   data arrival time
---------------------------------------------------------------------------------------------
                                              3.112643   slack (MET)


Startpoint: h1[0] (input port clocked by clk)
Endpoint: y[0] (output port clocked by clk)
Path Group: clk
Path Type: max

Fanout         Cap        Slew       Delay        Time   Description
---------------------------------------------------------------------------------------------
                                  0.000000    0.000000   clock clk (rise edge)
                                  0.000000    0.000000   clock network delay (propagated)
                                  2.000000    2.000000 ^ input external delay
     1    0.003173    0.021341    0.012187    2.012187 ^ h1[0] (in)
                                                         h1[0] (net)
                      0.021341    0.000000    2.012187 ^ input5/A (sky130_fd_sc_hd__clkbuf_2)
    10    0.041067    0.224563    0.233205    2.245392 ^ input5/X (sky130_fd_sc_hd__clkbuf_2)
                                                         net5 (net)
                      0.224586    0.002002    2.247394 ^ _395_/A (sky130_fd_sc_hd__and4_2)
     3    0.013427    0.099970    0.315020    2.562414 ^ _395_/X (sky130_fd_sc_hd__and4_2)
                                                         _057_ (net)
                      0.099970    0.000115    2.562530 ^ _444_/A (sky130_fd_sc_hd__nor2_2)
     2    0.016230    0.061458    0.080227    2.642757 v _444_/Y (sky130_fd_sc_hd__nor2_2)
                                                         _106_ (net)
                      0.061460    0.000384    2.643141 v _445_/B (sky130_fd_sc_hd__xnor2_2)
     2    0.006648    0.057055    0.147047    2.790189 v _445_/Y (sky130_fd_sc_hd__xnor2_2)
                                                         _107_ (net)
                      0.057055    0.000051    2.790240 v _446_/C (sky130_fd_sc_hd__and3_2)
     2    0.008665    0.051589    0.239926    3.030166 v _446_/X (sky130_fd_sc_hd__and3_2)
                                                         _108_ (net)
                      0.051589    0.000050    3.030215 v _703_/A (sky130_fd_sc_hd__nor2_2)
     1    0.005431    0.086984    0.120155    3.150370 ^ _703_/Y (sky130_fd_sc_hd__nor2_2)
                                                         net25 (net)
                      0.086984    0.000121    3.150491 ^ output25/A (sky130_fd_sc_hd__clkdlybuf4s25_1)
     1    0.035059    0.353891    0.503332    3.653823 ^ output25/X (sky130_fd_sc_hd__clkdlybuf4s25_1)
                                                         y[0] (net)
                      0.353891    0.000532    3.654356 ^ y[0] (out)
                                              3.654356   data arrival time

                                 10.000000   10.000000   clock clk (rise edge)
                                  0.000000   10.000000   clock network delay (propagated)
                                 -0.250000    9.750000   clock uncertainty
                                  0.000000    9.750000   clock reconvergence pessimism
                                 -2.000000    7.750000   output external delay
                                              7.750000   data required time
---------------------------------------------------------------------------------------------
                                              7.750000   data required time
                                             -3.654356   data arrival time
---------------------------------------------------------------------------------------------
                                              4.095644   slack (MET)


Startpoint: rst (input port clocked by clk)
Endpoint: _748_ (rising edge-triggered flip-flop clocked by clk)
Path Group: clk
Path Type: max

Fanout         Cap        Slew       Delay        Time   Description
---------------------------------------------------------------------------------------------
                                  0.000000    0.000000   clock clk (rise edge)
                                  0.000000    0.000000   clock network delay (propagated)
                                  2.000000    2.000000 ^ input external delay
     1    0.003748    0.023845    0.014308    2.014308 ^ rst (in)
                                                         rst (net)
                      0.023845    0.000000    2.014308 ^ input17/A (sky130_fd_sc_hd__clkdlybuf4s25_1)
     3    0.016511    0.173898    0.347183    2.361491 ^ input17/X (sky130_fd_sc_hd__clkdlybuf4s25_1)
                                                         net17 (net)
                      0.173898    0.000135    2.361626 ^ _369_/A (sky130_fd_sc_hd__inv_2)
     4    0.016845    0.063751    0.090476    2.452102 v _369_/Y (sky130_fd_sc_hd__inv_2)
                                                         _367_ (net)
                      0.063751    0.000215    2.452317 v fanout37/A (sky130_fd_sc_hd__clkdlybuf4s25_1)
    10    0.026088    0.197029    0.398666    2.850983 v fanout37/X (sky130_fd_sc_hd__clkdlybuf4s25_1)
                                                         net37 (net)
                      0.197029    0.000142    2.851125 v _719_/B1 (sky130_fd_sc_hd__o41a_2)
     1    0.004222    0.067634    0.193157    3.044282 v _719_/X (sky130_fd_sc_hd__o41a_2)
                                                         _012_ (net)
                      0.067634    0.000079    3.044361 v hold94/A (sky130_fd_sc_hd__dlygate4sd3_1)
     1    0.002830    0.053154    0.586124    3.630485 v hold94/X (sky130_fd_sc_hd__dlygate4sd3_1)
                                                         net94 (net)
                      0.053154    0.000036    3.630521 v _748_/D (sky130_fd_sc_hd__dfxtp_2)
                                              3.630521   data arrival time

                                 10.000000   10.000000   clock clk (rise edge)
                                  0.000000   10.000000   clock source latency
     1    0.014311    0.070389    0.045655   10.045655 ^ clk (in)
                                                         clk (net)
                      0.070399    0.000000   10.045655 ^ clkbuf_0_clk/A (sky130_fd_sc_hd__clkbuf_16)
     4    0.039974    0.059776    0.143641   10.189296 ^ clkbuf_0_clk/X (sky130_fd_sc_hd__clkbuf_16)
                                                         clknet_0_clk (net)
                      0.059778    0.000342   10.189638 ^ clkbuf_2_2__f_clk/A (sky130_fd_sc_hd__clkbuf_16)
     9    0.024933    0.046205    0.128759   10.318398 ^ clkbuf_2_2__f_clk/X (sky130_fd_sc_hd__clkbuf_16)
                                                         clknet_2_2__leaf_clk (net)
                      0.046208    0.000383   10.318780 ^ _748_/CLK (sky130_fd_sc_hd__dfxtp_2)
                                 -0.250000   10.068780   clock uncertainty
                                  0.000000   10.068780   clock reconvergence pessimism
                                 -0.116161    9.952619   library setup time
                                              9.952619   data required time
---------------------------------------------------------------------------------------------
                                              9.952619   data required time
                                             -3.630521   data arrival time
---------------------------------------------------------------------------------------------
                                              6.322097   slack (MET)


Startpoint: _755_ (rising edge-triggered flip-flop clocked by clk)
Endpoint: diag_busy (output port clocked by clk)
Path Group: clk
Path Type: max

Fanout         Cap        Slew       Delay        Time   Description
---------------------------------------------------------------------------------------------
                                  0.000000    0.000000   clock clk (rise edge)
                                  0.000000    0.000000   clock source latency
     1    0.014311    0.070389    0.050460    0.050460 ^ clk (in)
                                                         clk (net)
                      0.070399    0.000000    0.050460 ^ clkbuf_0_clk/A (sky130_fd_sc_hd__clkbuf_16)
     4    0.039974    0.059776    0.158761    0.209222 ^ clkbuf_0_clk/X (sky130_fd_sc_hd__clkbuf_16)
                                                         clknet_0_clk (net)
                      0.059779    0.000424    0.209645 ^ clkbuf_2_0__f_clk/A (sky130_fd_sc_hd__clkbuf_16)
     9    0.024274    0.045620    0.141570    0.351216 ^ clkbuf_2_0__f_clk/X (sky130_fd_sc_hd__clkbuf_16)
                                                         clknet_2_0__leaf_clk (net)
                      0.045626    0.000543    0.351759 ^ _755_/CLK (sky130_fd_sc_hd__dfxtp_2)
     6    0.023000    0.122678    0.396597    0.748356 ^ _755_/Q (sky130_fd_sc_hd__dfxtp_2)
                                                         net23 (net)
                      0.122678    0.000272    0.748628 ^ output23/A (sky130_fd_sc_hd__clkdlybuf4s25_1)
     1    0.035221    0.355935    0.517488    1.266116 ^ output23/X (sky130_fd_sc_hd__clkdlybuf4s25_1)
                                                         diag_busy (net)
                      0.355935    0.000450    1.266566 ^ diag_busy (out)
                                              1.266566   data arrival time

                                 10.000000   10.000000   clock clk (rise edge)
                                  0.000000   10.000000   clock network delay (propagated)
                                 -0.250000    9.750000   clock uncertainty
                                  0.000000    9.750000   clock reconvergence pessimism
                                 -2.000000    7.750000   output external delay
                                              7.750000   data required time
---------------------------------------------------------------------------------------------
                                              7.750000   data required time
                                             -1.266566   data arrival time
---------------------------------------------------------------------------------------------
                                              6.483434   slack (MET)


Startpoint: _774_ (rising edge-triggered flip-flop clocked by clk)
Endpoint: _755_ (rising edge-triggered flip-flop clocked by clk)
Path Group: clk
Path Type: max

Fanout         Cap        Slew       Delay        Time   Description
---------------------------------------------------------------------------------------------
                                  0.000000    0.000000   clock clk (rise edge)
                                  0.000000    0.000000   clock source latency
     1    0.014311    0.070389    0.050460    0.050460 ^ clk (in)
                                                         clk (net)
                      0.070399    0.000000    0.050460 ^ clkbuf_0_clk/A (sky130_fd_sc_hd__clkbuf_16)
     4    0.039974    0.059776    0.158761    0.209222 ^ clkbuf_0_clk/X (sky130_fd_sc_hd__clkbuf_16)
                                                         clknet_0_clk (net)
                      0.059778    0.000378    0.209599 ^ clkbuf_2_2__f_clk/A (sky130_fd_sc_hd__clkbuf_16)
     9    0.024933    0.046205    0.142313    0.351912 ^ clkbuf_2_2__f_clk/X (sky130_fd_sc_hd__clkbuf_16)
                                                         clknet_2_2__leaf_clk (net)
                      0.046205    0.000238    0.352150 ^ _774_/CLK (sky130_fd_sc_hd__dfxtp_2)
     1    0.002218    0.021478    0.315110    0.667261 v _774_/Q (sky130_fd_sc_hd__dfxtp_2)
                                                         controller.state[5] (net)
                      0.021478    0.000024    0.667284 v hold88/A (sky130_fd_sc_hd__dlygate4sd3_1)
     2    0.006121    0.069350    0.590406    1.257690 v hold88/X (sky130_fd_sc_hd__dlygate4sd3_1)
                                                         net88 (net)
                      0.069350    0.000086    1.257776 v _720_/A (sky130_fd_sc_hd__or4_2)
     2    0.009691    0.126073    0.743535    2.001311 v _720_/X (sky130_fd_sc_hd__or4_2)
                                                         _359_ (net)
                      0.126073    0.000227    2.001538 v _721_/C (sky130_fd_sc_hd__nor3_2)
     2    0.011024    0.230736    0.223587    2.225124 ^ _721_/Y (sky130_fd_sc_hd__nor3_2)
                                                         _360_ (net)
                      0.230736    0.000067    2.225192 ^ _732_/D_N (sky130_fd_sc_hd__or4b_2)
     1    0.004213    0.106122    0.647134    2.872326 v _732_/X (sky130_fd_sc_hd__or4b_2)
                                                         _365_ (net)
                      0.106122    0.000037    2.872363 v _733_/S (sky130_fd_sc_hd__mux2_1)
     1    0.002622    0.053953    0.340187    3.212550 v _733_/X (sky130_fd_sc_hd__mux2_1)
                                                         _366_ (net)
                      0.053953    0.000030    3.212580 v _734_/B (sky130_fd_sc_hd__and2_2)
     1    0.002890    0.036631    0.195868    3.408448 v _734_/X (sky130_fd_sc_hd__and2_2)
                                                         _019_ (net)
                      0.036631    0.000039    3.408487 v _755_/D (sky130_fd_sc_hd__dfxtp_2)
                                              3.408487   data arrival time

                                 10.000000   10.000000   clock clk (rise edge)
                                  0.000000   10.000000   clock source latency
     1    0.014311    0.070389    0.045655   10.045655 ^ clk (in)
                                                         clk (net)
                      0.070399    0.000000   10.045655 ^ clkbuf_0_clk/A (sky130_fd_sc_hd__clkbuf_16)
     4    0.039974    0.059776    0.143641   10.189296 ^ clkbuf_0_clk/X (sky130_fd_sc_hd__clkbuf_16)
                                                         clknet_0_clk (net)
                      0.059779    0.000384   10.189679 ^ clkbuf_2_0__f_clk/A (sky130_fd_sc_hd__clkbuf_16)
     9    0.024274    0.045620    0.128087   10.317766 ^ clkbuf_2_0__f_clk/X (sky130_fd_sc_hd__clkbuf_16)
                                                         clknet_2_0__leaf_clk (net)
                      0.045626    0.000491   10.318257 ^ _755_/CLK (sky130_fd_sc_hd__dfxtp_2)
                                 -0.250000   10.068257   clock uncertainty
                                  0.019926   10.088184   clock reconvergence pessimism
                                 -0.109086    9.979097   library setup time
                                              9.979097   data required time
---------------------------------------------------------------------------------------------
                                              9.979097   data required time
                                             -3.408487   data arrival time
---------------------------------------------------------------------------------------------
                                              6.570611   slack (MET)


Startpoint: _756_ (rising edge-triggered flip-flop clocked by clk)
Endpoint: diag_done (output port clocked by clk)
Path Group: clk
Path Type: max

Fanout         Cap        Slew       Delay        Time   Description
---------------------------------------------------------------------------------------------
                                  0.000000    0.000000   clock clk (rise edge)
                                  0.000000    0.000000   clock source latency
     1    0.014311    0.070389    0.050460    0.050460 ^ clk (in)
                                                         clk (net)
                      0.070399    0.000000    0.050460 ^ clkbuf_0_clk/A (sky130_fd_sc_hd__clkbuf_16)
     4    0.039974    0.059776    0.158761    0.209222 ^ clkbuf_0_clk/X (sky130_fd_sc_hd__clkbuf_16)
                                                         clknet_0_clk (net)
                      0.059778    0.000378    0.209599 ^ clkbuf_2_2__f_clk/A (sky130_fd_sc_hd__clkbuf_16)
     9    0.024933    0.046205    0.142313    0.351912 ^ clkbuf_2_2__f_clk/X (sky130_fd_sc_hd__clkbuf_16)
                                                         clknet_2_2__leaf_clk (net)
                      0.046205    0.000045    0.351957 ^ _756_/CLK (sky130_fd_sc_hd__dfxtp_2)
     1    0.002690    0.029419    0.318808    0.670765 ^ _756_/Q (sky130_fd_sc_hd__dfxtp_2)
                                                         net24 (net)
                      0.029419    0.000025    0.670791 ^ output24/A (sky130_fd_sc_hd__clkdlybuf4s25_1)
     1    0.034893    0.352450    0.481131    1.151922 ^ output24/X (sky130_fd_sc_hd__clkdlybuf4s25_1)
                                                         diag_done (net)
                      0.352450    0.000481    1.152402 ^ diag_done (out)
                                              1.152402   data arrival time

                                 10.000000   10.000000   clock clk (rise edge)
                                  0.000000   10.000000   clock network delay (propagated)
                                 -0.250000    9.750000   clock uncertainty
                                  0.000000    9.750000   clock reconvergence pessimism
                                 -2.000000    7.750000   output external delay
                                              7.750000   data required time
---------------------------------------------------------------------------------------------
                                              7.750000   data required time
                                             -1.152402   data arrival time
---------------------------------------------------------------------------------------------
                                              6.597597   slack (MET)


Startpoint: start_diag (input port clocked by clk)
Endpoint: _769_ (rising edge-triggered flip-flop clocked by clk)
Path Group: clk
Path Type: max

Fanout         Cap        Slew       Delay        Time   Description
---------------------------------------------------------------------------------------------
                                  0.000000    0.000000   clock clk (rise edge)
                                  0.000000    0.000000   clock network delay (propagated)
                                  2.000000    2.000000 ^ input external delay
     1    0.003641    0.023377    0.013910    2.013910 ^ start_diag (in)
                                                         start_diag (net)
                      0.023377    0.000000    2.013910 ^ input18/A (sky130_fd_sc_hd__clkdlybuf4s25_1)
     2    0.007344    0.086108    0.280814    2.294724 ^ input18/X (sky130_fd_sc_hd__clkdlybuf4s25_1)
                                                         net18 (net)
                      0.086108    0.000086    2.294810 ^ _370_/A (sky130_fd_sc_hd__inv_2)
     1    0.003118    0.021977    0.034974    2.329785 v _370_/Y (sky130_fd_sc_hd__inv_2)
                                                         _368_ (net)
                      0.021977    0.000027    2.329812 v _718_/A1 (sky130_fd_sc_hd__a211o_2)
     1    0.001858    0.043180    0.284197    2.614009 v _718_/X (sky130_fd_sc_hd__a211o_2)
                                                         _011_ (net)
                      0.043180    0.000017    2.614026 v hold87/A (sky130_fd_sc_hd__dlygate4sd3_1)
     1    0.002215    0.049963    0.569275    3.183300 v hold87/X (sky130_fd_sc_hd__dlygate4sd3_1)
                                                         net87 (net)
                      0.049963    0.000022    3.183322 v _769_/D (sky130_fd_sc_hd__dfxtp_2)
                                              3.183322   data arrival time

                                 10.000000   10.000000   clock clk (rise edge)
                                  0.000000   10.000000   clock source latency
     1    0.014311    0.070389    0.045655   10.045655 ^ clk (in)
                                                         clk (net)
                      0.070399    0.000000   10.045655 ^ clkbuf_0_clk/A (sky130_fd_sc_hd__clkbuf_16)
     4    0.039974    0.059776    0.143641   10.189296 ^ clkbuf_0_clk/X (sky130_fd_sc_hd__clkbuf_16)
                                                         clknet_0_clk (net)
                      0.059779    0.000384   10.189679 ^ clkbuf_2_0__f_clk/A (sky130_fd_sc_hd__clkbuf_16)
     9    0.024274    0.045620    0.128087   10.317766 ^ clkbuf_2_0__f_clk/X (sky130_fd_sc_hd__clkbuf_16)
                                                         clknet_2_0__leaf_clk (net)
                      0.045625    0.000444   10.318211 ^ _769_/CLK (sky130_fd_sc_hd__dfxtp_2)
                                 -0.250000   10.068211   clock uncertainty
                                  0.000000   10.068211   clock reconvergence pessimism
                                 -0.114905    9.953305   library setup time
                                              9.953305   data required time
---------------------------------------------------------------------------------------------
                                              9.953305   data required time
                                             -3.183322   data arrival time
---------------------------------------------------------------------------------------------
                                              6.769983   slack (MET)


Startpoint: rst (input port clocked by clk)
Endpoint: _775_ (rising edge-triggered flip-flop clocked by clk)
Path Group: clk
Path Type: max

Fanout         Cap        Slew       Delay        Time   Description
---------------------------------------------------------------------------------------------
                                  0.000000    0.000000   clock clk (rise edge)
                                  0.000000    0.000000   clock network delay (propagated)
                                  2.000000    2.000000 ^ input external delay
     1    0.003748    0.023845    0.014308    2.014308 ^ rst (in)
                                                         rst (net)
                      0.023845    0.000000    2.014308 ^ input17/A (sky130_fd_sc_hd__clkdlybuf4s25_1)
     3    0.016511    0.173898    0.347183    2.361491 ^ input17/X (sky130_fd_sc_hd__clkdlybuf4s25_1)
                                                         net17 (net)
                      0.173898    0.000135    2.361626 ^ _369_/A (sky130_fd_sc_hd__inv_2)
     4    0.016845    0.063751    0.090476    2.452102 v _369_/Y (sky130_fd_sc_hd__inv_2)
                                                         _367_ (net)
                      0.063751    0.000036    2.452138 v fanout35/A (sky130_fd_sc_hd__clkdlybuf4s25_1)
    10    0.027261    0.205370    0.405129    2.857268 v fanout35/X (sky130_fd_sc_hd__clkdlybuf4s25_1)
                                                         net35 (net)
                      0.205370    0.000396    2.857664 v _712_/A (sky130_fd_sc_hd__and2_2)
     1    0.007589    0.047341    0.264221    3.121885 v _712_/X (sky130_fd_sc_hd__and2_2)
                                                         _005_ (net)
                      0.047341    0.000102    3.121987 v _775_/D (sky130_fd_sc_hd__dfxtp_2)
                                              3.121987   data arrival time

                                 10.000000   10.000000   clock clk (rise edge)
                                  0.000000   10.000000   clock source latency
     1    0.014311    0.070389    0.045655   10.045655 ^ clk (in)
                                                         clk (net)
                      0.070399    0.000000   10.045655 ^ clkbuf_0_clk/A (sky130_fd_sc_hd__clkbuf_16)
     4    0.039974    0.059776    0.143641   10.189296 ^ clkbuf_0_clk/X (sky130_fd_sc_hd__clkbuf_16)
                                                         clknet_0_clk (net)
                      0.059779    0.000384   10.189679 ^ clkbuf_2_0__f_clk/A (sky130_fd_sc_hd__clkbuf_16)
     9    0.024274    0.045620    0.128087   10.317766 ^ clkbuf_2_0__f_clk/X (sky130_fd_sc_hd__clkbuf_16)
                                                         clknet_2_0__leaf_clk (net)
                      0.045626    0.000476   10.318243 ^ _775_/CLK (sky130_fd_sc_hd__dfxtp_2)
                                 -0.250000   10.068242   clock uncertainty
                                  0.000000   10.068242   clock reconvergence pessimism
                                 -0.113760    9.954482   library setup time
                                              9.954482   data required time
---------------------------------------------------------------------------------------------
                                              9.954482   data required time
                                             -3.121987   data arrival time
---------------------------------------------------------------------------------------------
                                              6.832495   slack (MET)


Startpoint: rst (input port clocked by clk)
Endpoint: _761_ (rising edge-triggered flip-flop clocked by clk)
Path Group: clk
Path Type: max

Fanout         Cap        Slew       Delay        Time   Description
---------------------------------------------------------------------------------------------
                                  0.000000    0.000000   clock clk (rise edge)
                                  0.000000    0.000000   clock network delay (propagated)
                                  2.000000    2.000000 ^ input external delay
     1    0.003748    0.023845    0.014308    2.014308 ^ rst (in)
                                                         rst (net)
                      0.023845    0.000000    2.014308 ^ input17/A (sky130_fd_sc_hd__clkdlybuf4s25_1)
     3    0.016511    0.173898    0.347183    2.361491 ^ input17/X (sky130_fd_sc_hd__clkdlybuf4s25_1)
                                                         net17 (net)
                      0.173898    0.000135    2.361626 ^ _369_/A (sky130_fd_sc_hd__inv_2)
     4    0.016845    0.063751    0.090476    2.452102 v _369_/Y (sky130_fd_sc_hd__inv_2)
                                                         _367_ (net)
                      0.063751    0.000215    2.452317 v fanout37/A (sky130_fd_sc_hd__clkdlybuf4s25_1)
    10    0.026088    0.197029    0.398666    2.850983 v fanout37/X (sky130_fd_sc_hd__clkdlybuf4s25_1)
                                                         net37 (net)
                      0.197029    0.000330    2.851313 v _740_/B (sky130_fd_sc_hd__and2_2)
     1    0.002353    0.035216    0.263735    3.115048 v _740_/X (sky130_fd_sc_hd__and2_2)
                                                         _025_ (net)
                      0.035216    0.000024    3.115072 v _761_/D (sky130_fd_sc_hd__dfxtp_2)
                                              3.115072   data arrival time

                                 10.000000   10.000000   clock clk (rise edge)
                                  0.000000   10.000000   clock source latency
     1    0.014311    0.070389    0.045655   10.045655 ^ clk (in)
                                                         clk (net)
                      0.070399    0.000000   10.045655 ^ clkbuf_0_clk/A (sky130_fd_sc_hd__clkbuf_16)
     4    0.039974    0.059776    0.143641   10.189296 ^ clkbuf_0_clk/X (sky130_fd_sc_hd__clkbuf_16)
                                                         clknet_0_clk (net)
                      0.059778    0.000363   10.189659 ^ clkbuf_2_3__f_clk/A (sky130_fd_sc_hd__clkbuf_16)
     9    0.023896    0.045277    0.127753   10.317412 ^ clkbuf_2_3__f_clk/X (sky130_fd_sc_hd__clkbuf_16)
                                                         clknet_2_3__leaf_clk (net)
                      0.045281    0.000381   10.317793 ^ _761_/CLK (sky130_fd_sc_hd__dfxtp_2)
                                 -0.250000   10.067793   clock uncertainty
                                  0.000000   10.067793   clock reconvergence pessimism
                                 -0.108549    9.959245   library setup time
                                              9.959245   data required time
---------------------------------------------------------------------------------------------
                                              9.959245   data required time
                                             -3.115072   data arrival time
---------------------------------------------------------------------------------------------
                                              6.844172   slack (MET)


Startpoint: rst (input port clocked by clk)
Endpoint: _762_ (rising edge-triggered flip-flop clocked by clk)
Path Group: clk
Path Type: max

Fanout         Cap        Slew       Delay        Time   Description
---------------------------------------------------------------------------------------------
                                  0.000000    0.000000   clock clk (rise edge)
                                  0.000000    0.000000   clock network delay (propagated)
                                  2.000000    2.000000 ^ input external delay
     1    0.003748    0.023845    0.014308    2.014308 ^ rst (in)
                                                         rst (net)
                      0.023845    0.000000    2.014308 ^ input17/A (sky130_fd_sc_hd__clkdlybuf4s25_1)
     3    0.016511    0.173898    0.347183    2.361491 ^ input17/X (sky130_fd_sc_hd__clkdlybuf4s25_1)
                                                         net17 (net)
                      0.173898    0.000135    2.361626 ^ _369_/A (sky130_fd_sc_hd__inv_2)
     4    0.016845    0.063751    0.090476    2.452102 v _369_/Y (sky130_fd_sc_hd__inv_2)
                                                         _367_ (net)
                      0.063751    0.000215    2.452317 v fanout37/A (sky130_fd_sc_hd__clkdlybuf4s25_1)
    10    0.026088    0.197029    0.398666    2.850983 v fanout37/X (sky130_fd_sc_hd__clkdlybuf4s25_1)
                                                         net37 (net)
                      0.197029    0.000336    2.851319 v _741_/B (sky130_fd_sc_hd__and2_2)
     1    0.002065    0.034509    0.262349    3.113668 v _741_/X (sky130_fd_sc_hd__and2_2)
                                                         _026_ (net)
                      0.034509    0.000019    3.113687 v _762_/D (sky130_fd_sc_hd__dfxtp_2)
                                              3.113687   data arrival time

                                 10.000000   10.000000   clock clk (rise edge)
                                  0.000000   10.000000   clock source latency
     1    0.014311    0.070389    0.045655   10.045655 ^ clk (in)
                                                         clk (net)
                      0.070399    0.000000   10.045655 ^ clkbuf_0_clk/A (sky130_fd_sc_hd__clkbuf_16)
     4    0.039974    0.059776    0.143641   10.189296 ^ clkbuf_0_clk/X (sky130_fd_sc_hd__clkbuf_16)
                                                         clknet_0_clk (net)
                      0.059778    0.000363   10.189659 ^ clkbuf_2_3__f_clk/A (sky130_fd_sc_hd__clkbuf_16)
     9    0.023896    0.045277    0.127753   10.317412 ^ clkbuf_2_3__f_clk/X (sky130_fd_sc_hd__clkbuf_16)
                                                         clknet_2_3__leaf_clk (net)
                      0.045281    0.000397   10.317809 ^ _762_/CLK (sky130_fd_sc_hd__dfxtp_2)
                                 -0.250000   10.067809   clock uncertainty
                                  0.000000   10.067809   clock reconvergence pessimism
                                 -0.108240    9.959569   library setup time
                                              9.959569   data required time
---------------------------------------------------------------------------------------------
                                              9.959569   data required time
                                             -3.113687   data arrival time
---------------------------------------------------------------------------------------------
                                              6.845882   slack (MET)


Startpoint: rst (input port clocked by clk)
Endpoint: _780_ (rising edge-triggered flip-flop clocked by clk)
Path Group: clk
Path Type: max

Fanout         Cap        Slew       Delay        Time   Description
---------------------------------------------------------------------------------------------
                                  0.000000    0.000000   clock clk (rise edge)
                                  0.000000    0.000000   clock network delay (propagated)
                                  2.000000    2.000000 ^ input external delay
     1    0.003748    0.023845    0.014308    2.014308 ^ rst (in)
                                                         rst (net)
                      0.023845    0.000000    2.014308 ^ input17/A (sky130_fd_sc_hd__clkdlybuf4s25_1)
     3    0.016511    0.173898    0.347183    2.361491 ^ input17/X (sky130_fd_sc_hd__clkdlybuf4s25_1)
                                                         net17 (net)
                      0.173898    0.000135    2.361626 ^ _369_/A (sky130_fd_sc_hd__inv_2)
     4    0.016845    0.063751    0.090476    2.452102 v _369_/Y (sky130_fd_sc_hd__inv_2)
                                                         _367_ (net)
                      0.063751    0.000215    2.452317 v fanout37/A (sky130_fd_sc_hd__clkdlybuf4s25_1)
    10    0.026088    0.197029    0.398666    2.850983 v fanout37/X (sky130_fd_sc_hd__clkdlybuf4s25_1)
                                                         net37 (net)
                      0.197029    0.000304    2.851287 v _706_/B (sky130_fd_sc_hd__and2_2)
     1    0.002138    0.034689    0.262699    3.113986 v _706_/X (sky130_fd_sc_hd__and2_2)
                                                         _010_ (net)
                      0.034689    0.000021    3.114007 v _780_/D (sky130_fd_sc_hd__dfxtp_2)
                                              3.114007   data arrival time

                                 10.000000   10.000000   clock clk (rise edge)
                                  0.000000   10.000000   clock source latency
     1    0.014311    0.070389    0.045655   10.045655 ^ clk (in)
                                                         clk (net)
                      0.070399    0.000000   10.045655 ^ clkbuf_0_clk/A (sky130_fd_sc_hd__clkbuf_16)
     4    0.039974    0.059776    0.143641   10.189296 ^ clkbuf_0_clk/X (sky130_fd_sc_hd__clkbuf_16)
                                                         clknet_0_clk (net)
                      0.059778    0.000342   10.189638 ^ clkbuf_2_2__f_clk/A (sky130_fd_sc_hd__clkbuf_16)
     9    0.024933    0.046205    0.128759   10.318398 ^ clkbuf_2_2__f_clk/X (sky130_fd_sc_hd__clkbuf_16)
                                                         clknet_2_2__leaf_clk (net)
                      0.046205    0.000038   10.318436 ^ _780_/CLK (sky130_fd_sc_hd__dfxtp_2)
                                 -0.250000   10.068436   clock uncertainty
                                  0.000000   10.068436   clock reconvergence pessimism
                                 -0.108103    9.960333   library setup time
                                              9.960333   data required time
---------------------------------------------------------------------------------------------
                                              9.960333   data required time
                                             -3.114007   data arrival time
---------------------------------------------------------------------------------------------
                                              6.846325   slack (MET)


Startpoint: rst (input port clocked by clk)
Endpoint: _751_ (rising edge-triggered flip-flop clocked by clk)
Path Group: clk
Path Type: max

Fanout         Cap        Slew       Delay        Time   Description
---------------------------------------------------------------------------------------------
                                  0.000000    0.000000   clock clk (rise edge)
                                  0.000000    0.000000   clock network delay (propagated)
                                  2.000000    2.000000 ^ input external delay
     1    0.003748    0.023845    0.014308    2.014308 ^ rst (in)
                                                         rst (net)
                      0.023845    0.000000    2.014308 ^ input17/A (sky130_fd_sc_hd__clkdlybuf4s25_1)
     3    0.016511    0.173898    0.347183    2.361491 ^ input17/X (sky130_fd_sc_hd__clkdlybuf4s25_1)
                                                         net17 (net)
                      0.173898    0.000135    2.361626 ^ _369_/A (sky130_fd_sc_hd__inv_2)
     4    0.016845    0.063751    0.090476    2.452102 v _369_/Y (sky130_fd_sc_hd__inv_2)
                                                         _367_ (net)
                      0.063751    0.000036    2.452138 v fanout35/A (sky130_fd_sc_hd__clkdlybuf4s25_1)
    10    0.027261    0.205370    0.405129    2.857268 v fanout35/X (sky130_fd_sc_hd__clkdlybuf4s25_1)
                                                         net35 (net)
                      0.205370    0.000132    2.857400 v _726_/A (sky130_fd_sc_hd__and2_2)
     1    0.003871    0.039565    0.251665    3.109066 v _726_/X (sky130_fd_sc_hd__and2_2)
                                                         _015_ (net)
                      0.039565    0.000078    3.109143 v _751_/D (sky130_fd_sc_hd__dfxtp_2)
                                              3.109143   data arrival time

                                 10.000000   10.000000   clock clk (rise edge)
                                  0.000000   10.000000   clock source latency
     1    0.014311    0.070389    0.045655   10.045655 ^ clk (in)
                                                         clk (net)
                      0.070399    0.000000   10.045655 ^ clkbuf_0_clk/A (sky130_fd_sc_hd__clkbuf_16)
     4    0.039974    0.059776    0.143641   10.189296 ^ clkbuf_0_clk/X (sky130_fd_sc_hd__clkbuf_16)
                                                         clknet_0_clk (net)
                      0.059778    0.000367   10.189663 ^ clkbuf_2_1__f_clk/A (sky130_fd_sc_hd__clkbuf_16)
     9    0.022930    0.044404    0.126946   10.316608 ^ clkbuf_2_1__f_clk/X (sky130_fd_sc_hd__clkbuf_16)
                                                         clknet_2_1__leaf_clk (net)
                      0.044404    0.000158   10.316767 ^ _751_/CLK (sky130_fd_sc_hd__dfxtp_2)
                                 -0.250000   10.066767   clock uncertainty
                                  0.000000   10.066767   clock reconvergence pessimism
                                 -0.110652    9.956115   library setup time
                                              9.956115   data required time
---------------------------------------------------------------------------------------------
                                              9.956115   data required time
                                             -3.109143   data arrival time
---------------------------------------------------------------------------------------------
                                              6.846971   slack (MET)


Startpoint: rst (input port clocked by clk)
Endpoint: _752_ (rising edge-triggered flip-flop clocked by clk)
Path Group: clk
Path Type: max

Fanout         Cap        Slew       Delay        Time   Description
---------------------------------------------------------------------------------------------
                                  0.000000    0.000000   clock clk (rise edge)
                                  0.000000    0.000000   clock network delay (propagated)
                                  2.000000    2.000000 ^ input external delay
     1    0.003748    0.023845    0.014308    2.014308 ^ rst (in)
                                                         rst (net)
                      0.023845    0.000000    2.014308 ^ input17/A (sky130_fd_sc_hd__clkdlybuf4s25_1)
     3    0.016511    0.173898    0.347183    2.361491 ^ input17/X (sky130_fd_sc_hd__clkdlybuf4s25_1)
                                                         net17 (net)
                      0.173898    0.000135    2.361626 ^ _369_/A (sky130_fd_sc_hd__inv_2)
     4    0.016845    0.063751    0.090476    2.452102 v _369_/Y (sky130_fd_sc_hd__inv_2)
                                                         _367_ (net)
                      0.063751    0.000036    2.452138 v fanout35/A (sky130_fd_sc_hd__clkdlybuf4s25_1)
    10    0.027261    0.205370    0.405129    2.857268 v fanout35/X (sky130_fd_sc_hd__clkdlybuf4s25_1)
                                                         net35 (net)
                      0.205370    0.000158    2.857426 v _728_/A (sky130_fd_sc_hd__and2_2)
     1    0.002830    0.036476    0.246871    3.104296 v _728_/X (sky130_fd_sc_hd__and2_2)
                                                         _016_ (net)
                      0.036476    0.000037    3.104334 v _752_/D (sky130_fd_sc_hd__dfxtp_2)
                                              3.104334   data arrival time

                                 10.000000   10.000000   clock clk (rise edge)
                                  0.000000   10.000000   clock source latency
     1    0.014311    0.070389    0.045655   10.045655 ^ clk (in)
                                                         clk (net)
                      0.070399    0.000000   10.045655 ^ clkbuf_0_clk/A (sky130_fd_sc_hd__clkbuf_16)
     4    0.039974    0.059776    0.143641   10.189296 ^ clkbuf_0_clk/X (sky130_fd_sc_hd__clkbuf_16)
                                                         clknet_0_clk (net)
                      0.059778    0.000367   10.189663 ^ clkbuf_2_1__f_clk/A (sky130_fd_sc_hd__clkbuf_16)
     9    0.022930    0.044404    0.126946   10.316608 ^ clkbuf_2_1__f_clk/X (sky130_fd_sc_hd__clkbuf_16)
                                                         clknet_2_1__leaf_clk (net)
                      0.044405    0.000250   10.316858 ^ _752_/CLK (sky130_fd_sc_hd__dfxtp_2)
                                 -0.250000   10.066858   clock uncertainty
                                  0.000000   10.066858   clock reconvergence pessimism
                                 -0.109303    9.957554   library setup time
                                              9.957554   data required time
---------------------------------------------------------------------------------------------
                                              9.957554   data required time
                                             -3.104334   data arrival time
---------------------------------------------------------------------------------------------
                                              6.853220   slack (MET)


Startpoint: rst (input port clocked by clk)
Endpoint: _753_ (rising edge-triggered flip-flop clocked by clk)
Path Group: clk
Path Type: max

Fanout         Cap        Slew       Delay        Time   Description
---------------------------------------------------------------------------------------------
                                  0.000000    0.000000   clock clk (rise edge)
                                  0.000000    0.000000   clock network delay (propagated)
                                  2.000000    2.000000 ^ input external delay
     1    0.003748    0.023845    0.014308    2.014308 ^ rst (in)
                                                         rst (net)
                      0.023845    0.000000    2.014308 ^ input17/A (sky130_fd_sc_hd__clkdlybuf4s25_1)
     3    0.016511    0.173898    0.347183    2.361491 ^ input17/X (sky130_fd_sc_hd__clkdlybuf4s25_1)
                                                         net17 (net)
                      0.173898    0.000135    2.361626 ^ _369_/A (sky130_fd_sc_hd__inv_2)
     4    0.016845    0.063751    0.090476    2.452102 v _369_/Y (sky130_fd_sc_hd__inv_2)
                                                         _367_ (net)
                      0.063751    0.000036    2.452138 v fanout35/A (sky130_fd_sc_hd__clkdlybuf4s25_1)
    10    0.027261    0.205370    0.405129    2.857268 v fanout35/X (sky130_fd_sc_hd__clkdlybuf4s25_1)
                                                         net35 (net)
                      0.205370    0.000175    2.857442 v _730_/A (sky130_fd_sc_hd__and2_2)
     1    0.002390    0.035340    0.244844    3.102287 v _730_/X (sky130_fd_sc_hd__and2_2)
                                                         _017_ (net)
                      0.035340    0.000026    3.102313 v _753_/D (sky130_fd_sc_hd__dfxtp_2)
                                              3.102313   data arrival time

                                 10.000000   10.000000   clock clk (rise edge)
                                  0.000000   10.000000   clock source latency
     1    0.014311    0.070389    0.045655   10.045655 ^ clk (in)
                                                         clk (net)
                      0.070399    0.000000   10.045655 ^ clkbuf_0_clk/A (sky130_fd_sc_hd__clkbuf_16)
     4    0.039974    0.059776    0.143641   10.189296 ^ clkbuf_0_clk/X (sky130_fd_sc_hd__clkbuf_16)
                                                         clknet_0_clk (net)
                      0.059778    0.000367   10.189663 ^ clkbuf_2_1__f_clk/A (sky130_fd_sc_hd__clkbuf_16)
     9    0.022930    0.044404    0.126946   10.316608 ^ clkbuf_2_1__f_clk/X (sky130_fd_sc_hd__clkbuf_16)
                                                         clknet_2_1__leaf_clk (net)
                      0.044405    0.000237   10.316846 ^ _753_/CLK (sky130_fd_sc_hd__dfxtp_2)
                                 -0.250000   10.066846   clock uncertainty
                                  0.000000   10.066846   clock reconvergence pessimism
                                 -0.108807    9.958038   library setup time
                                              9.958038   data required time
---------------------------------------------------------------------------------------------
                                              9.958038   data required time
                                             -3.102313   data arrival time
---------------------------------------------------------------------------------------------
                                              6.855726   slack (MET)


Startpoint: rst (input port clocked by clk)
Endpoint: _771_ (rising edge-triggered flip-flop clocked by clk)
Path Group: clk
Path Type: max

Fanout         Cap        Slew       Delay        Time   Description
---------------------------------------------------------------------------------------------
                                  0.000000    0.000000   clock clk (rise edge)
                                  0.000000    0.000000   clock network delay (propagated)
                                  2.000000    2.000000 ^ input external delay
     1    0.003748    0.023845    0.014308    2.014308 ^ rst (in)
                                                         rst (net)
                      0.023845    0.000000    2.014308 ^ input17/A (sky130_fd_sc_hd__clkdlybuf4s25_1)
     3    0.016511    0.173898    0.347183    2.361491 ^ input17/X (sky130_fd_sc_hd__clkdlybuf4s25_1)
                                                         net17 (net)
                      0.173898    0.000135    2.361626 ^ _369_/A (sky130_fd_sc_hd__inv_2)
     4    0.016845    0.063751    0.090476    2.452102 v _369_/Y (sky130_fd_sc_hd__inv_2)
                                                         _367_ (net)
                      0.063751    0.000036    2.452138 v fanout35/A (sky130_fd_sc_hd__clkdlybuf4s25_1)
    10    0.027261    0.205370    0.405129    2.857268 v fanout35/X (sky130_fd_sc_hd__clkdlybuf4s25_1)
                                                         net35 (net)
                      0.205370    0.000319    2.857586 v _716_/A (sky130_fd_sc_hd__and2_2)
     1    0.002598    0.035809    0.245804    3.103390 v _716_/X (sky130_fd_sc_hd__and2_2)
                                                         _001_ (net)
                      0.035809    0.000030    3.103420 v _771_/D (sky130_fd_sc_hd__dfxtp_2)
                                              3.103420   data arrival time

                                 10.000000   10.000000   clock clk (rise edge)
                                  0.000000   10.000000   clock source latency
     1    0.014311    0.070389    0.045655   10.045655 ^ clk (in)
                                                         clk (net)
                      0.070399    0.000000   10.045655 ^ clkbuf_0_clk/A (sky130_fd_sc_hd__clkbuf_16)
     4    0.039974    0.059776    0.143641   10.189296 ^ clkbuf_0_clk/X (sky130_fd_sc_hd__clkbuf_16)
                                                         clknet_0_clk (net)
                      0.059779    0.000384   10.189679 ^ clkbuf_2_0__f_clk/A (sky130_fd_sc_hd__clkbuf_16)
     9    0.024274    0.045620    0.128087   10.317766 ^ clkbuf_2_0__f_clk/X (sky130_fd_sc_hd__clkbuf_16)
                                                         clknet_2_0__leaf_clk (net)
                      0.045620    0.000234   10.318001 ^ _771_/CLK (sky130_fd_sc_hd__dfxtp_2)
                                 -0.250000   10.068001   clock uncertainty
                                  0.000000   10.068001   clock reconvergence pessimism
                                 -0.108728    9.959272   library setup time
                                              9.959272   data required time
---------------------------------------------------------------------------------------------
                                              9.959272   data required time
                                             -3.103420   data arrival time
---------------------------------------------------------------------------------------------
                                              6.855852   slack (MET)


Startpoint: rst (input port clocked by clk)
Endpoint: _772_ (rising edge-triggered flip-flop clocked by clk)
Path Group: clk
Path Type: max

Fanout         Cap        Slew       Delay        Time   Description
---------------------------------------------------------------------------------------------
                                  0.000000    0.000000   clock clk (rise edge)
                                  0.000000    0.000000   clock network delay (propagated)
                                  2.000000    2.000000 ^ input external delay
     1    0.003748    0.023845    0.014308    2.014308 ^ rst (in)
                                                         rst (net)
                      0.023845    0.000000    2.014308 ^ input17/A (sky130_fd_sc_hd__clkdlybuf4s25_1)
     3    0.016511    0.173898    0.347183    2.361491 ^ input17/X (sky130_fd_sc_hd__clkdlybuf4s25_1)
                                                         net17 (net)
                      0.173898    0.000135    2.361626 ^ _369_/A (sky130_fd_sc_hd__inv_2)
     4    0.016845    0.063751    0.090476    2.452102 v _369_/Y (sky130_fd_sc_hd__inv_2)
                                                         _367_ (net)
                      0.063751    0.000036    2.452138 v fanout35/A (sky130_fd_sc_hd__clkdlybuf4s25_1)
    10    0.027261    0.205370    0.405129    2.857268 v fanout35/X (sky130_fd_sc_hd__clkdlybuf4s25_1)
                                                         net35 (net)
                      0.205370    0.000262    2.857530 v _715_/A (sky130_fd_sc_hd__and2_2)
     1    0.002389    0.035309    0.244837    3.102367 v _715_/X (sky130_fd_sc_hd__and2_2)
                                                         _002_ (net)
                      0.035309    0.000026    3.102393 v _772_/D (sky130_fd_sc_hd__dfxtp_2)
                                              3.102393   data arrival time

                                 10.000000   10.000000   clock clk (rise edge)
                                  0.000000   10.000000   clock source latency
     1    0.014311    0.070389    0.045655   10.045655 ^ clk (in)
                                                         clk (net)
                      0.070399    0.000000   10.045655 ^ clkbuf_0_clk/A (sky130_fd_sc_hd__clkbuf_16)
     4    0.039974    0.059776    0.143641   10.189296 ^ clkbuf_0_clk/X (sky130_fd_sc_hd__clkbuf_16)
                                                         clknet_0_clk (net)
                      0.059779    0.000384   10.189679 ^ clkbuf_2_0__f_clk/A (sky130_fd_sc_hd__clkbuf_16)
     9    0.024274    0.045620    0.128087   10.317766 ^ clkbuf_2_0__f_clk/X (sky130_fd_sc_hd__clkbuf_16)
                                                         clknet_2_0__leaf_clk (net)
                      0.045623    0.000398   10.318165 ^ _772_/CLK (sky130_fd_sc_hd__dfxtp_2)
                                 -0.250000   10.068165   clock uncertainty
                                  0.000000   10.068165   clock reconvergence pessimism
                                 -0.108509    9.959656   library setup time
                                              9.959656   data required time
---------------------------------------------------------------------------------------------
                                              9.959656   data required time
                                             -3.102393   data arrival time
---------------------------------------------------------------------------------------------
                                              6.857263   slack (MET)


Startpoint: rst (input port clocked by clk)
Endpoint: _770_ (rising edge-triggered flip-flop clocked by clk)
Path Group: clk
Path Type: max

Fanout         Cap        Slew       Delay        Time   Description
---------------------------------------------------------------------------------------------
                                  0.000000    0.000000   clock clk (rise edge)
                                  0.000000    0.000000   clock network delay (propagated)
                                  2.000000    2.000000 ^ input external delay
     1    0.003748    0.023845    0.014308    2.014308 ^ rst (in)
                                                         rst (net)
                      0.023845    0.000000    2.014308 ^ input17/A (sky130_fd_sc_hd__clkdlybuf4s25_1)
     3    0.016511    0.173898    0.347183    2.361491 ^ input17/X (sky130_fd_sc_hd__clkdlybuf4s25_1)
                                                         net17 (net)
                      0.173898    0.000135    2.361626 ^ _369_/A (sky130_fd_sc_hd__inv_2)
     4    0.016845    0.063751    0.090476    2.452102 v _369_/Y (sky130_fd_sc_hd__inv_2)
                                                         _367_ (net)
                      0.063751    0.000036    2.452138 v fanout35/A (sky130_fd_sc_hd__clkdlybuf4s25_1)
    10    0.027261    0.205370    0.405129    2.857268 v fanout35/X (sky130_fd_sc_hd__clkdlybuf4s25_1)
                                                         net35 (net)
                      0.205370    0.000444    2.857712 v _717_/A (sky130_fd_sc_hd__and2_2)
     1    0.002090    0.034548    0.243461    3.101174 v _717_/X (sky130_fd_sc_hd__and2_2)
                                                         _000_ (net)
                      0.034548    0.000020    3.101193 v _770_/D (sky130_fd_sc_hd__dfxtp_2)
                                              3.101193   data arrival time

                                 10.000000   10.000000   clock clk (rise edge)
                                  0.000000   10.000000   clock source latency
     1    0.014311    0.070389    0.045655   10.045655 ^ clk (in)
                                                         clk (net)
                      0.070399    0.000000   10.045655 ^ clkbuf_0_clk/A (sky130_fd_sc_hd__clkbuf_16)
     4    0.039974    0.059776    0.143641   10.189296 ^ clkbuf_0_clk/X (sky130_fd_sc_hd__clkbuf_16)
                                                         clknet_0_clk (net)
                      0.059779    0.000384   10.189679 ^ clkbuf_2_0__f_clk/A (sky130_fd_sc_hd__clkbuf_16)
     9    0.024274    0.045620    0.128087   10.317766 ^ clkbuf_2_0__f_clk/X (sky130_fd_sc_hd__clkbuf_16)
                                                         clknet_2_0__leaf_clk (net)
                      0.045620    0.000226   10.317993 ^ _770_/CLK (sky130_fd_sc_hd__dfxtp_2)
                                 -0.250000   10.067993   clock uncertainty
                                  0.000000   10.067993   clock reconvergence pessimism
                                 -0.108178    9.959815   library setup time
                                              9.959815   data required time
---------------------------------------------------------------------------------------------
                                              9.959815   data required time
                                             -3.101193   data arrival time
---------------------------------------------------------------------------------------------
                                              6.858622   slack (MET)


Startpoint: rst (input port clocked by clk)
Endpoint: _778_ (rising edge-triggered flip-flop clocked by clk)
Path Group: clk
Path Type: max

Fanout         Cap        Slew       Delay        Time   Description
---------------------------------------------------------------------------------------------
                                  0.000000    0.000000   clock clk (rise edge)
                                  0.000000    0.000000   clock network delay (propagated)
                                  2.000000    2.000000 ^ input external delay
     1    0.003748    0.023845    0.014308    2.014308 ^ rst (in)
                                                         rst (net)
                      0.023845    0.000000    2.014308 ^ input17/A (sky130_fd_sc_hd__clkdlybuf4s25_1)
     3    0.016511    0.173898    0.347183    2.361491 ^ input17/X (sky130_fd_sc_hd__clkdlybuf4s25_1)
                                                         net17 (net)
                      0.173898    0.000135    2.361626 ^ _369_/A (sky130_fd_sc_hd__inv_2)
     4    0.016845    0.063751    0.090476    2.452102 v _369_/Y (sky130_fd_sc_hd__inv_2)
                                                         _367_ (net)
                      0.063751    0.000036    2.452138 v fanout35/A (sky130_fd_sc_hd__clkdlybuf4s25_1)
    10    0.027261    0.205370    0.405129    2.857268 v fanout35/X (sky130_fd_sc_hd__clkdlybuf4s25_1)
                                                         net35 (net)
                      0.205370    0.000284    2.857552 v _708_/A (sky130_fd_sc_hd__and2_2)
     1    0.001983    0.034264    0.242967    3.100519 v _708_/X (sky130_fd_sc_hd__and2_2)
                                                         _008_ (net)
                      0.034264    0.000018    3.100538 v _778_/D (sky130_fd_sc_hd__dfxtp_2)
                                              3.100538   data arrival time

                                 10.000000   10.000000   clock clk (rise edge)
                                  0.000000   10.000000   clock source latency
     1    0.014311    0.070389    0.045655   10.045655 ^ clk (in)
                                                         clk (net)
                      0.070399    0.000000   10.045655 ^ clkbuf_0_clk/A (sky130_fd_sc_hd__clkbuf_16)
     4    0.039974    0.059776    0.143641   10.189296 ^ clkbuf_0_clk/X (sky130_fd_sc_hd__clkbuf_16)
                                                         clknet_0_clk (net)
                      0.059779    0.000384   10.189679 ^ clkbuf_2_0__f_clk/A (sky130_fd_sc_hd__clkbuf_16)
     9    0.024274    0.045620    0.128087   10.317766 ^ clkbuf_2_0__f_clk/X (sky130_fd_sc_hd__clkbuf_16)
                                                         clknet_2_0__leaf_clk (net)
                      0.045622    0.000324   10.318090 ^ _778_/CLK (sky130_fd_sc_hd__dfxtp_2)
                                 -0.250000   10.068090   clock uncertainty
                                  0.000000   10.068090   clock reconvergence pessimism
                                 -0.108053    9.960037   library setup time
                                              9.960037   data required time
---------------------------------------------------------------------------------------------
                                              9.960037   data required time
                                             -3.100538   data arrival time
---------------------------------------------------------------------------------------------
                                              6.859500   slack (MET)


Startpoint: rst (input port clocked by clk)
Endpoint: _776_ (rising edge-triggered flip-flop clocked by clk)
Path Group: clk
Path Type: max

Fanout         Cap        Slew       Delay        Time   Description
---------------------------------------------------------------------------------------------
                                  0.000000    0.000000   clock clk (rise edge)
                                  0.000000    0.000000   clock network delay (propagated)
                                  2.000000    2.000000 ^ input external delay
     1    0.003748    0.023845    0.014308    2.014308 ^ rst (in)
                                                         rst (net)
                      0.023845    0.000000    2.014308 ^ input17/A (sky130_fd_sc_hd__clkdlybuf4s25_1)
     3    0.016511    0.173898    0.347183    2.361491 ^ input17/X (sky130_fd_sc_hd__clkdlybuf4s25_1)
                                                         net17 (net)
                      0.173898    0.000135    2.361626 ^ _369_/A (sky130_fd_sc_hd__inv_2)
     4    0.016845    0.063751    0.090476    2.452102 v _369_/Y (sky130_fd_sc_hd__inv_2)
                                                         _367_ (net)
                      0.063751    0.000215    2.452317 v fanout37/A (sky130_fd_sc_hd__clkdlybuf4s25_1)
    10    0.026088    0.197029    0.398666    2.850983 v fanout37/X (sky130_fd_sc_hd__clkdlybuf4s25_1)
                                                         net37 (net)
                      0.197029    0.000345    2.851328 v _710_/A (sky130_fd_sc_hd__and2_2)
     1    0.003191    0.037282    0.244468    3.095796 v _710_/X (sky130_fd_sc_hd__and2_2)
                                                         _006_ (net)
                      0.037282    0.000047    3.095843 v _776_/D (sky130_fd_sc_hd__dfxtp_2)
                                              3.095843   data arrival time

                                 10.000000   10.000000   clock clk (rise edge)
                                  0.000000   10.000000   clock source latency
     1    0.014311    0.070389    0.045655   10.045655 ^ clk (in)
                                                         clk (net)
                      0.070399    0.000000   10.045655 ^ clkbuf_0_clk/A (sky130_fd_sc_hd__clkbuf_16)
     4    0.039974    0.059776    0.143641   10.189296 ^ clkbuf_0_clk/X (sky130_fd_sc_hd__clkbuf_16)
                                                         clknet_0_clk (net)
                      0.059778    0.000342   10.189638 ^ clkbuf_2_2__f_clk/A (sky130_fd_sc_hd__clkbuf_16)
     9    0.024933    0.046205    0.128759   10.318398 ^ clkbuf_2_2__f_clk/X (sky130_fd_sc_hd__clkbuf_16)
                                                         clknet_2_2__leaf_clk (net)
                      0.046207    0.000332   10.318729 ^ _776_/CLK (sky130_fd_sc_hd__dfxtp_2)
                                 -0.250000   10.068729   clock uncertainty
                                  0.000000   10.068729   clock reconvergence pessimism
                                 -0.109234    9.959496   library setup time
                                              9.959496   data required time
---------------------------------------------------------------------------------------------
                                              9.959496   data required time
                                             -3.095843   data arrival time
---------------------------------------------------------------------------------------------
                                              6.863653   slack (MET)


Startpoint: rst (input port clocked by clk)
Endpoint: _779_ (rising edge-triggered flip-flop clocked by clk)
Path Group: clk
Path Type: max

Fanout         Cap        Slew       Delay        Time   Description
---------------------------------------------------------------------------------------------
                                  0.000000    0.000000   clock clk (rise edge)
                                  0.000000    0.000000   clock network delay (propagated)
                                  2.000000    2.000000 ^ input external delay
     1    0.003748    0.023845    0.014308    2.014308 ^ rst (in)
                                                         rst (net)
                      0.023845    0.000000    2.014308 ^ input17/A (sky130_fd_sc_hd__clkdlybuf4s25_1)
     3    0.016511    0.173898    0.347183    2.361491 ^ input17/X (sky130_fd_sc_hd__clkdlybuf4s25_1)
                                                         net17 (net)
                      0.173898    0.000135    2.361626 ^ _369_/A (sky130_fd_sc_hd__inv_2)
     4    0.016845    0.063751    0.090476    2.452102 v _369_/Y (sky130_fd_sc_hd__inv_2)
                                                         _367_ (net)
                      0.063751    0.000215    2.452317 v fanout37/A (sky130_fd_sc_hd__clkdlybuf4s25_1)
    10    0.026088    0.197029    0.398666    2.850983 v fanout37/X (sky130_fd_sc_hd__clkdlybuf4s25_1)
                                                         net37 (net)
                      0.197029    0.000186    2.851168 v _707_/A (sky130_fd_sc_hd__and2_2)
     1    0.003142    0.037283    0.244243    3.095412 v _707_/X (sky130_fd_sc_hd__and2_2)
                                                         _009_ (net)
                      0.037283    0.000045    3.095456 v _779_/D (sky130_fd_sc_hd__dfxtp_2)
                                              3.095456   data arrival time

                                 10.000000   10.000000   clock clk (rise edge)
                                  0.000000   10.000000   clock source latency
     1    0.014311    0.070389    0.045655   10.045655 ^ clk (in)
                                                         clk (net)
                      0.070399    0.000000   10.045655 ^ clkbuf_0_clk/A (sky130_fd_sc_hd__clkbuf_16)
     4    0.039974    0.059776    0.143641   10.189296 ^ clkbuf_0_clk/X (sky130_fd_sc_hd__clkbuf_16)
                                                         clknet_0_clk (net)
                      0.059778    0.000342   10.189638 ^ clkbuf_2_2__f_clk/A (sky130_fd_sc_hd__clkbuf_16)
     9    0.024933    0.046205    0.128759   10.318398 ^ clkbuf_2_2__f_clk/X (sky130_fd_sc_hd__clkbuf_16)
                                                         clknet_2_2__leaf_clk (net)
                      0.046205    0.000041   10.318438 ^ _779_/CLK (sky130_fd_sc_hd__dfxtp_2)
                                 -0.250000   10.068438   clock uncertainty
                                  0.000000   10.068438   clock reconvergence pessimism
                                 -0.109235    9.959203   library setup time
                                              9.959203   data required time
---------------------------------------------------------------------------------------------
                                              9.959203   data required time
                                             -3.095456   data arrival time
---------------------------------------------------------------------------------------------
                                              6.863746   slack (MET)


Startpoint: rst (input port clocked by clk)
Endpoint: _774_ (rising edge-triggered flip-flop clocked by clk)
Path Group: clk
Path Type: max

Fanout         Cap        Slew       Delay        Time   Description
---------------------------------------------------------------------------------------------
                                  0.000000    0.000000   clock clk (rise edge)
                                  0.000000    0.000000   clock network delay (propagated)
                                  2.000000    2.000000 ^ input external delay
     1    0.003748    0.023845    0.014308    2.014308 ^ rst (in)
                                                         rst (net)
                      0.023845    0.000000    2.014308 ^ input17/A (sky130_fd_sc_hd__clkdlybuf4s25_1)
     3    0.016511    0.173898    0.347183    2.361491 ^ input17/X (sky130_fd_sc_hd__clkdlybuf4s25_1)
                                                         net17 (net)
                      0.173898    0.000135    2.361626 ^ _369_/A (sky130_fd_sc_hd__inv_2)
     4    0.016845    0.063751    0.090476    2.452102 v _369_/Y (sky130_fd_sc_hd__inv_2)
                                                         _367_ (net)
                      0.063751    0.000215    2.452317 v fanout37/A (sky130_fd_sc_hd__clkdlybuf4s25_1)
    10    0.026088    0.197029    0.398666    2.850983 v fanout37/X (sky130_fd_sc_hd__clkdlybuf4s25_1)
                                                         net37 (net)
                      0.197029    0.000178    2.851161 v _713_/A (sky130_fd_sc_hd__and2_2)
     1    0.002975    0.036819    0.243473    3.094634 v _713_/X (sky130_fd_sc_hd__and2_2)
                                                         _004_ (net)
                      0.036819    0.000038    3.094671 v _774_/D (sky130_fd_sc_hd__dfxtp_2)
                                              3.094671   data arrival time

                                 10.000000   10.000000   clock clk (rise edge)
                                  0.000000   10.000000   clock source latency
     1    0.014311    0.070389    0.045655   10.045655 ^ clk (in)
                                                         clk (net)
                      0.070399    0.000000   10.045655 ^ clkbuf_0_clk/A (sky130_fd_sc_hd__clkbuf_16)
     4    0.039974    0.059776    0.143641   10.189296 ^ clkbuf_0_clk/X (sky130_fd_sc_hd__clkbuf_16)
                                                         clknet_0_clk (net)
                      0.059778    0.000342   10.189638 ^ clkbuf_2_2__f_clk/A (sky130_fd_sc_hd__clkbuf_16)
     9    0.024933    0.046205    0.128759   10.318398 ^ clkbuf_2_2__f_clk/X (sky130_fd_sc_hd__clkbuf_16)
                                                         clknet_2_2__leaf_clk (net)
                      0.046205    0.000215   10.318612 ^ _774_/CLK (sky130_fd_sc_hd__dfxtp_2)
                                 -0.250000   10.068612   clock uncertainty
                                  0.000000   10.068612   clock reconvergence pessimism
                                 -0.109032    9.959579   library setup time
                                              9.959579   data required time
---------------------------------------------------------------------------------------------
                                              9.959579   data required time
                                             -3.094671   data arrival time
---------------------------------------------------------------------------------------------
                                              6.864908   slack (MET)


Startpoint: rst (input port clocked by clk)
Endpoint: _777_ (rising edge-triggered flip-flop clocked by clk)
Path Group: clk
Path Type: max

Fanout         Cap        Slew       Delay        Time   Description
---------------------------------------------------------------------------------------------
                                  0.000000    0.000000   clock clk (rise edge)
                                  0.000000    0.000000   clock network delay (propagated)
                                  2.000000    2.000000 ^ input external delay
     1    0.003748    0.023845    0.014308    2.014308 ^ rst (in)
                                                         rst (net)
                      0.023845    0.000000    2.014308 ^ input17/A (sky130_fd_sc_hd__clkdlybuf4s25_1)
     3    0.016511    0.173898    0.347183    2.361491 ^ input17/X (sky130_fd_sc_hd__clkdlybuf4s25_1)
                                                         net17 (net)
                      0.173898    0.000135    2.361626 ^ _369_/A (sky130_fd_sc_hd__inv_2)
     4    0.016845    0.063751    0.090476    2.452102 v _369_/Y (sky130_fd_sc_hd__inv_2)
                                                         _367_ (net)
                      0.063751    0.000215    2.452317 v fanout37/A (sky130_fd_sc_hd__clkdlybuf4s25_1)
    10    0.026088    0.197029    0.398666    2.850983 v fanout37/X (sky130_fd_sc_hd__clkdlybuf4s25_1)
                                                         net37 (net)
                      0.197029    0.000183    2.851166 v _709_/A (sky130_fd_sc_hd__and2_2)
     1    0.002842    0.036421    0.242862    3.094028 v _709_/X (sky130_fd_sc_hd__and2_2)
                                                         _007_ (net)
                      0.036421    0.000034    3.094062 v _777_/D (sky130_fd_sc_hd__dfxtp_2)
                                              3.094062   data arrival time

                                 10.000000   10.000000   clock clk (rise edge)
                                  0.000000   10.000000   clock source latency
     1    0.014311    0.070389    0.045655   10.045655 ^ clk (in)
                                                         clk (net)
                      0.070399    0.000000   10.045655 ^ clkbuf_0_clk/A (sky130_fd_sc_hd__clkbuf_16)
     4    0.039974    0.059776    0.143641   10.189296 ^ clkbuf_0_clk/X (sky130_fd_sc_hd__clkbuf_16)
                                                         clknet_0_clk (net)
                      0.059778    0.000342   10.189638 ^ clkbuf_2_2__f_clk/A (sky130_fd_sc_hd__clkbuf_16)
     9    0.024933    0.046205    0.128759   10.318398 ^ clkbuf_2_2__f_clk/X (sky130_fd_sc_hd__clkbuf_16)
                                                         clknet_2_2__leaf_clk (net)
                      0.046206    0.000273   10.318669 ^ _777_/CLK (sky130_fd_sc_hd__dfxtp_2)
                                 -0.250000   10.068669   clock uncertainty
                                  0.000000   10.068669   clock reconvergence pessimism
                                 -0.108858    9.959811   library setup time
                                              9.959811   data required time
---------------------------------------------------------------------------------------------
                                              9.959811   data required time
                                             -3.094062   data arrival time
---------------------------------------------------------------------------------------------
                                              6.865748   slack (MET)


Startpoint: rst (input port clocked by clk)
Endpoint: _756_ (rising edge-triggered flip-flop clocked by clk)
Path Group: clk
Path Type: max

Fanout         Cap        Slew       Delay        Time   Description
---------------------------------------------------------------------------------------------
                                  0.000000    0.000000   clock clk (rise edge)
                                  0.000000    0.000000   clock network delay (propagated)
                                  2.000000    2.000000 ^ input external delay
     1    0.003748    0.023845    0.014308    2.014308 ^ rst (in)
                                                         rst (net)
                      0.023845    0.000000    2.014308 ^ input17/A (sky130_fd_sc_hd__clkdlybuf4s25_1)
     3    0.016511    0.173898    0.347183    2.361491 ^ input17/X (sky130_fd_sc_hd__clkdlybuf4s25_1)
                                                         net17 (net)
                      0.173898    0.000135    2.361626 ^ _369_/A (sky130_fd_sc_hd__inv_2)
     4    0.016845    0.063751    0.090476    2.452102 v _369_/Y (sky130_fd_sc_hd__inv_2)
                                                         _367_ (net)
                      0.063751    0.000215    2.452317 v fanout37/A (sky130_fd_sc_hd__clkdlybuf4s25_1)
    10    0.026088    0.197029    0.398666    2.850983 v fanout37/X (sky130_fd_sc_hd__clkdlybuf4s25_1)
                                                         net37 (net)
                      0.197029    0.000197    2.851179 v _735_/A (sky130_fd_sc_hd__and2_2)
     1    0.001972    0.034214    0.238850    3.090029 v _735_/X (sky130_fd_sc_hd__and2_2)
                                                         _020_ (net)
                      0.034214    0.000010    3.090039 v _756_/D (sky130_fd_sc_hd__dfxtp_2)
                                              3.090039   data arrival time

                                 10.000000   10.000000   clock clk (rise edge)
                                  0.000000   10.000000   clock source latency
     1    0.014311    0.070389    0.045655   10.045655 ^ clk (in)
                                                         clk (net)
                      0.070399    0.000000   10.045655 ^ clkbuf_0_clk/A (sky130_fd_sc_hd__clkbuf_16)
     4    0.039974    0.059776    0.143641   10.189296 ^ clkbuf_0_clk/X (sky130_fd_sc_hd__clkbuf_16)
                                                         clknet_0_clk (net)
                      0.059778    0.000342   10.189638 ^ clkbuf_2_2__f_clk/A (sky130_fd_sc_hd__clkbuf_16)
     9    0.024933    0.046205    0.128759   10.318398 ^ clkbuf_2_2__f_clk/X (sky130_fd_sc_hd__clkbuf_16)
                                                         clknet_2_2__leaf_clk (net)
                      0.046205    0.000041   10.318438 ^ _756_/CLK (sky130_fd_sc_hd__dfxtp_2)
                                 -0.250000   10.068438   clock uncertainty
                                  0.000000   10.068438   clock reconvergence pessimism
                                 -0.107896    9.960542   library setup time
                                              9.960542   data required time
---------------------------------------------------------------------------------------------
                                              9.960542   data required time
                                             -3.090039   data arrival time
---------------------------------------------------------------------------------------------
                                              6.870503   slack (MET)


Startpoint: rst (input port clocked by clk)
Endpoint: _773_ (rising edge-triggered flip-flop clocked by clk)
Path Group: clk
Path Type: max

Fanout         Cap        Slew       Delay        Time   Description
---------------------------------------------------------------------------------------------
                                  0.000000    0.000000   clock clk (rise edge)
                                  0.000000    0.000000   clock network delay (propagated)
                                  2.000000    2.000000 ^ input external delay
     1    0.003748    0.023845    0.014308    2.014308 ^ rst (in)
                                                         rst (net)
                      0.023845    0.000000    2.014308 ^ input17/A (sky130_fd_sc_hd__clkdlybuf4s25_1)
     3    0.016511    0.173898    0.347183    2.361491 ^ input17/X (sky130_fd_sc_hd__clkdlybuf4s25_1)
                                                         net17 (net)
                      0.173898    0.000135    2.361626 ^ _369_/A (sky130_fd_sc_hd__inv_2)
     4    0.016845    0.063751    0.090476    2.452102 v _369_/Y (sky130_fd_sc_hd__inv_2)
                                                         _367_ (net)
                      0.063751    0.000215    2.452317 v fanout37/A (sky130_fd_sc_hd__clkdlybuf4s25_1)
    10    0.026088    0.197029    0.398666    2.850983 v fanout37/X (sky130_fd_sc_hd__clkdlybuf4s25_1)
                                                         net37 (net)
                      0.197029    0.000241    2.851223 v _714_/A (sky130_fd_sc_hd__and2_2)
     1    0.001950    0.034175    0.238745    3.089969 v _714_/X (sky130_fd_sc_hd__and2_2)
                                                         _003_ (net)
                      0.034175    0.000017    3.089986 v _773_/D (sky130_fd_sc_hd__dfxtp_2)
                                              3.089986   data arrival time

                                 10.000000   10.000000   clock clk (rise edge)
                                  0.000000   10.000000   clock source latency
     1    0.014311    0.070389    0.045655   10.045655 ^ clk (in)
                                                         clk (net)
                      0.070399    0.000000   10.045655 ^ clkbuf_0_clk/A (sky130_fd_sc_hd__clkbuf_16)
     4    0.039974    0.059776    0.143641   10.189296 ^ clkbuf_0_clk/X (sky130_fd_sc_hd__clkbuf_16)
                                                         clknet_0_clk (net)
                      0.059778    0.000342   10.189638 ^ clkbuf_2_2__f_clk/A (sky130_fd_sc_hd__clkbuf_16)
     9    0.024933    0.046205    0.128759   10.318398 ^ clkbuf_2_2__f_clk/X (sky130_fd_sc_hd__clkbuf_16)
                                                         clknet_2_2__leaf_clk (net)
                      0.046209    0.000406   10.318803 ^ _773_/CLK (sky130_fd_sc_hd__dfxtp_2)
                                 -0.250000   10.068803   clock uncertainty
                                  0.000000   10.068803   clock reconvergence pessimism
                                 -0.107877    9.960926   library setup time
                                              9.960926   data required time
---------------------------------------------------------------------------------------------
                                              9.960926   data required time
                                             -3.089986   data arrival time
---------------------------------------------------------------------------------------------
                                              6.870940   slack (MET)


Startpoint: rst (input port clocked by clk)
Endpoint: _750_ (rising edge-triggered flip-flop clocked by clk)
Path Group: clk
Path Type: max

Fanout         Cap        Slew       Delay        Time   Description
---------------------------------------------------------------------------------------------
                                  0.000000    0.000000   clock clk (rise edge)
                                  0.000000    0.000000   clock network delay (propagated)
                                  2.000000    2.000000 ^ input external delay
     1    0.003748    0.023845    0.014308    2.014308 ^ rst (in)
                                                         rst (net)
                      0.023845    0.000000    2.014308 ^ input17/A (sky130_fd_sc_hd__clkdlybuf4s25_1)
     3    0.016511    0.173898    0.347183    2.361491 ^ input17/X (sky130_fd_sc_hd__clkdlybuf4s25_1)
                                                         net17 (net)
                      0.173898    0.000135    2.361626 ^ _369_/A (sky130_fd_sc_hd__inv_2)
     4    0.016845    0.063751    0.090476    2.452102 v _369_/Y (sky130_fd_sc_hd__inv_2)
                                                         _367_ (net)
                      0.063751    0.000036    2.452138 v fanout35/A (sky130_fd_sc_hd__clkdlybuf4s25_1)
    10    0.027261    0.205370    0.405129    2.857268 v fanout35/X (sky130_fd_sc_hd__clkdlybuf4s25_1)
                                                         net35 (net)
                      0.205370    0.000440    2.857708 v _724_/B1 (sky130_fd_sc_hd__o21a_2)
     1    0.001978    0.031094    0.186115    3.043823 v _724_/X (sky130_fd_sc_hd__o21a_2)
                                                         _014_ (net)
                      0.031094    0.000010    3.043832 v _750_/D (sky130_fd_sc_hd__dfxtp_2)
                                              3.043832   data arrival time

                                 10.000000   10.000000   clock clk (rise edge)
                                  0.000000   10.000000   clock source latency
     1    0.014311    0.070389    0.045655   10.045655 ^ clk (in)
                                                         clk (net)
                      0.070399    0.000000   10.045655 ^ clkbuf_0_clk/A (sky130_fd_sc_hd__clkbuf_16)
     4    0.039974    0.059776    0.143641   10.189296 ^ clkbuf_0_clk/X (sky130_fd_sc_hd__clkbuf_16)
                                                         clknet_0_clk (net)
                      0.059779    0.000384   10.189679 ^ clkbuf_2_0__f_clk/A (sky130_fd_sc_hd__clkbuf_16)
     9    0.024274    0.045620    0.128087   10.317766 ^ clkbuf_2_0__f_clk/X (sky130_fd_sc_hd__clkbuf_16)
                                                         clknet_2_0__leaf_clk (net)
                      0.045620    0.000222   10.317988 ^ _750_/CLK (sky130_fd_sc_hd__dfxtp_2)
                                 -0.250000   10.067988   clock uncertainty
                                  0.000000   10.067988   clock reconvergence pessimism
                                 -0.106670    9.961318   library setup time
                                              9.961318   data required time
---------------------------------------------------------------------------------------------
                                              9.961318   data required time
                                             -3.043832   data arrival time
---------------------------------------------------------------------------------------------
                                              6.917486   slack (MET)


Startpoint: rst (input port clocked by clk)
Endpoint: _754_ (rising edge-triggered flip-flop clocked by clk)
Path Group: clk
Path Type: max

Fanout         Cap        Slew       Delay        Time   Description
---------------------------------------------------------------------------------------------
                                  0.000000    0.000000   clock clk (rise edge)
                                  0.000000    0.000000   clock network delay (propagated)
                                  2.000000    2.000000 ^ input external delay
     1    0.003748    0.023845    0.014308    2.014308 ^ rst (in)
                                                         rst (net)
                      0.023845    0.000000    2.014308 ^ input17/A (sky130_fd_sc_hd__clkdlybuf4s25_1)
     3    0.016511    0.173898    0.347183    2.361491 ^ input17/X (sky130_fd_sc_hd__clkdlybuf4s25_1)
                                                         net17 (net)
                      0.173898    0.000135    2.361626 ^ _369_/A (sky130_fd_sc_hd__inv_2)
     4    0.016845    0.063751    0.090476    2.452102 v _369_/Y (sky130_fd_sc_hd__inv_2)
                                                         _367_ (net)
                      0.063753    0.000433    2.452535 v fanout36/A (sky130_fd_sc_hd__clkdlybuf4s25_1)
     5    0.013960    0.113551    0.330312    2.782847 v fanout36/X (sky130_fd_sc_hd__clkdlybuf4s25_1)
                                                         net36 (net)
                      0.113551    0.000134    2.782981 v _731_/B (sky130_fd_sc_hd__and3b_2)
     1    0.002420    0.036560    0.227000    3.009981 v _731_/X (sky130_fd_sc_hd__and3b_2)
                                                         _018_ (net)
                      0.036560    0.000028    3.010009 v _754_/D (sky130_fd_sc_hd__dfxtp_2)
                                              3.010009   data arrival time

                                 10.000000   10.000000   clock clk (rise edge)
                                  0.000000   10.000000   clock source latency
     1    0.014311    0.070389    0.045655   10.045655 ^ clk (in)
                                                         clk (net)
                      0.070399    0.000000   10.045655 ^ clkbuf_0_clk/A (sky130_fd_sc_hd__clkbuf_16)
     4    0.039974    0.059776    0.143641   10.189296 ^ clkbuf_0_clk/X (sky130_fd_sc_hd__clkbuf_16)
                                                         clknet_0_clk (net)
                      0.059778    0.000367   10.189663 ^ clkbuf_2_1__f_clk/A (sky130_fd_sc_hd__clkbuf_16)
     9    0.022930    0.044404    0.126946   10.316608 ^ clkbuf_2_1__f_clk/X (sky130_fd_sc_hd__clkbuf_16)
                                                         clknet_2_1__leaf_clk (net)
                      0.044405    0.000218   10.316827 ^ _754_/CLK (sky130_fd_sc_hd__dfxtp_2)
                                 -0.250000   10.066827   clock uncertainty
                                  0.000000   10.066827   clock reconvergence pessimism
                                 -0.109340    9.957487   library setup time
                                              9.957487   data required time
---------------------------------------------------------------------------------------------
                                              9.957487   data required time
                                             -3.010009   data arrival time
---------------------------------------------------------------------------------------------
                                              6.947478   slack (MET)


Startpoint: rst (input port clocked by clk)
Endpoint: _760_ (rising edge-triggered flip-flop clocked by clk)
Path Group: clk
Path Type: max

Fanout         Cap        Slew       Delay        Time   Description
---------------------------------------------------------------------------------------------
                                  0.000000    0.000000   clock clk (rise edge)
                                  0.000000    0.000000   clock network delay (propagated)
                                  2.000000    2.000000 ^ input external delay
     1    0.003748    0.023845    0.014308    2.014308 ^ rst (in)
                                                         rst (net)
                      0.023845    0.000000    2.014308 ^ input17/A (sky130_fd_sc_hd__clkdlybuf4s25_1)
     3    0.016511    0.173898    0.347183    2.361491 ^ input17/X (sky130_fd_sc_hd__clkdlybuf4s25_1)
                                                         net17 (net)
                      0.173898    0.000135    2.361626 ^ _369_/A (sky130_fd_sc_hd__inv_2)
     4    0.016845    0.063751    0.090476    2.452102 v _369_/Y (sky130_fd_sc_hd__inv_2)
                                                         _367_ (net)
                      0.063753    0.000433    2.452535 v fanout36/A (sky130_fd_sc_hd__clkdlybuf4s25_1)
     5    0.013960    0.113551    0.330312    2.782847 v fanout36/X (sky130_fd_sc_hd__clkdlybuf4s25_1)
                                                         net36 (net)
                      0.113551    0.000183    2.783030 v _739_/B (sky130_fd_sc_hd__and2_2)
     1    0.003134    0.036986    0.225821    3.008851 v _739_/X (sky130_fd_sc_hd__and2_2)
                                                         _024_ (net)
                      0.036986    0.000047    3.008898 v _760_/D (sky130_fd_sc_hd__dfxtp_2)
                                              3.008898   data arrival time

                                 10.000000   10.000000   clock clk (rise edge)
                                  0.000000   10.000000   clock source latency
     1    0.014311    0.070389    0.045655   10.045655 ^ clk (in)
                                                         clk (net)
                      0.070399    0.000000   10.045655 ^ clkbuf_0_clk/A (sky130_fd_sc_hd__clkbuf_16)
     4    0.039974    0.059776    0.143641   10.189296 ^ clkbuf_0_clk/X (sky130_fd_sc_hd__clkbuf_16)
                                                         clknet_0_clk (net)
                      0.059778    0.000367   10.189663 ^ clkbuf_2_1__f_clk/A (sky130_fd_sc_hd__clkbuf_16)
     9    0.022930    0.044404    0.126946   10.316608 ^ clkbuf_2_1__f_clk/X (sky130_fd_sc_hd__clkbuf_16)
                                                         clknet_2_1__leaf_clk (net)
                      0.044404    0.000153   10.316761 ^ _760_/CLK (sky130_fd_sc_hd__dfxtp_2)
                                 -0.250000   10.066761   clock uncertainty
                                  0.000000   10.066761   clock reconvergence pessimism
                                 -0.109526    9.957235   library setup time
                                              9.957235   data required time
---------------------------------------------------------------------------------------------
                                              9.957235   data required time
                                             -3.008898   data arrival time
---------------------------------------------------------------------------------------------
                                              6.948338   slack (MET)


Startpoint: rst (input port clocked by clk)
Endpoint: _759_ (rising edge-triggered flip-flop clocked by clk)
Path Group: clk
Path Type: max

Fanout         Cap        Slew       Delay        Time   Description
---------------------------------------------------------------------------------------------
                                  0.000000    0.000000   clock clk (rise edge)
                                  0.000000    0.000000   clock network delay (propagated)
                                  2.000000    2.000000 ^ input external delay
     1    0.003748    0.023845    0.014308    2.014308 ^ rst (in)
                                                         rst (net)
                      0.023845    0.000000    2.014308 ^ input17/A (sky130_fd_sc_hd__clkdlybuf4s25_1)
     3    0.016511    0.173898    0.347183    2.361491 ^ input17/X (sky130_fd_sc_hd__clkdlybuf4s25_1)
                                                         net17 (net)
                      0.173898    0.000135    2.361626 ^ _369_/A (sky130_fd_sc_hd__inv_2)
     4    0.016845    0.063751    0.090476    2.452102 v _369_/Y (sky130_fd_sc_hd__inv_2)
                                                         _367_ (net)
                      0.063753    0.000433    2.452535 v fanout36/A (sky130_fd_sc_hd__clkdlybuf4s25_1)
     5    0.013960    0.113551    0.330312    2.782847 v fanout36/X (sky130_fd_sc_hd__clkdlybuf4s25_1)
                                                         net36 (net)
                      0.113551    0.000195    2.783042 v _738_/B (sky130_fd_sc_hd__and2_2)
     1    0.002519    0.035520    0.222860    3.005902 v _738_/X (sky130_fd_sc_hd__and2_2)
                                                         _023_ (net)
                      0.035520    0.000029    3.005931 v _759_/D (sky130_fd_sc_hd__dfxtp_2)
                                              3.005931   data arrival time

                                 10.000000   10.000000   clock clk (rise edge)
                                  0.000000   10.000000   clock source latency
     1    0.014311    0.070389    0.045655   10.045655 ^ clk (in)
                                                         clk (net)
                      0.070399    0.000000   10.045655 ^ clkbuf_0_clk/A (sky130_fd_sc_hd__clkbuf_16)
     4    0.039974    0.059776    0.143641   10.189296 ^ clkbuf_0_clk/X (sky130_fd_sc_hd__clkbuf_16)
                                                         clknet_0_clk (net)
                      0.059778    0.000367   10.189663 ^ clkbuf_2_1__f_clk/A (sky130_fd_sc_hd__clkbuf_16)
     9    0.022930    0.044404    0.126946   10.316608 ^ clkbuf_2_1__f_clk/X (sky130_fd_sc_hd__clkbuf_16)
                                                         clknet_2_1__leaf_clk (net)
                      0.044404    0.000146   10.316754 ^ _759_/CLK (sky130_fd_sc_hd__dfxtp_2)
                                 -0.250000   10.066754   clock uncertainty
                                  0.000000   10.066754   clock reconvergence pessimism
                                 -0.108886    9.957868   library setup time
                                              9.957868   data required time
---------------------------------------------------------------------------------------------
                                              9.957868   data required time
                                             -3.005931   data arrival time
---------------------------------------------------------------------------------------------
                                              6.951937   slack (MET)


Startpoint: rst (input port clocked by clk)
Endpoint: _767_ (rising edge-triggered flip-flop clocked by clk)
Path Group: clk
Path Type: max

Fanout         Cap        Slew       Delay        Time   Description
---------------------------------------------------------------------------------------------
                                  0.000000    0.000000   clock clk (rise edge)
                                  0.000000    0.000000   clock network delay (propagated)
                                  2.000000    2.000000 ^ input external delay
     1    0.003748    0.023845    0.014308    2.014308 ^ rst (in)
                                                         rst (net)
                      0.023845    0.000000    2.014308 ^ input17/A (sky130_fd_sc_hd__clkdlybuf4s25_1)
     3    0.016511    0.173898    0.347183    2.361491 ^ input17/X (sky130_fd_sc_hd__clkdlybuf4s25_1)
                                                         net17 (net)
                      0.173898    0.000135    2.361626 ^ _369_/A (sky130_fd_sc_hd__inv_2)
     4    0.016845    0.063751    0.090476    2.452102 v _369_/Y (sky130_fd_sc_hd__inv_2)
                                                         _367_ (net)
                      0.063752    0.000401    2.452503 v fanout38/A (sky130_fd_sc_hd__clkdlybuf4s25_1)
     6    0.013659    0.111484    0.328601    2.781105 v fanout38/X (sky130_fd_sc_hd__clkdlybuf4s25_1)
                                                         net38 (net)
                      0.111484    0.000243    2.781348 v _746_/B (sky130_fd_sc_hd__and2_2)
     1    0.003031    0.036757    0.224325    3.005673 v _746_/X (sky130_fd_sc_hd__and2_2)
                                                         _031_ (net)
                      0.036757    0.000045    3.005718 v _767_/D (sky130_fd_sc_hd__dfxtp_2)
                                              3.005718   data arrival time

                                 10.000000   10.000000   clock clk (rise edge)
                                  0.000000   10.000000   clock source latency
     1    0.014311    0.070389    0.045655   10.045655 ^ clk (in)
                                                         clk (net)
                      0.070399    0.000000   10.045655 ^ clkbuf_0_clk/A (sky130_fd_sc_hd__clkbuf_16)
     4    0.039974    0.059776    0.143641   10.189296 ^ clkbuf_0_clk/X (sky130_fd_sc_hd__clkbuf_16)
                                                         clknet_0_clk (net)
                      0.059778    0.000363   10.189659 ^ clkbuf_2_3__f_clk/A (sky130_fd_sc_hd__clkbuf_16)
     9    0.023896    0.045277    0.127753   10.317412 ^ clkbuf_2_3__f_clk/X (sky130_fd_sc_hd__clkbuf_16)
                                                         clknet_2_3__leaf_clk (net)
                      0.045278    0.000268   10.317680 ^ _767_/CLK (sky130_fd_sc_hd__dfxtp_2)
                                 -0.250000   10.067680   clock uncertainty
                                  0.000000   10.067680   clock reconvergence pessimism
                                 -0.109222    9.958458   library setup time
                                              9.958458   data required time
---------------------------------------------------------------------------------------------
                                              9.958458   data required time
                                             -3.005718   data arrival time
---------------------------------------------------------------------------------------------
                                              6.952741   slack (MET)


Startpoint: rst (input port clocked by clk)
Endpoint: _757_ (rising edge-triggered flip-flop clocked by clk)
Path Group: clk
Path Type: max

Fanout         Cap        Slew       Delay        Time   Description
---------------------------------------------------------------------------------------------
                                  0.000000    0.000000   clock clk (rise edge)
                                  0.000000    0.000000   clock network delay (propagated)
                                  2.000000    2.000000 ^ input external delay
     1    0.003748    0.023845    0.014308    2.014308 ^ rst (in)
                                                         rst (net)
                      0.023845    0.000000    2.014308 ^ input17/A (sky130_fd_sc_hd__clkdlybuf4s25_1)
     3    0.016511    0.173898    0.347183    2.361491 ^ input17/X (sky130_fd_sc_hd__clkdlybuf4s25_1)
                                                         net17 (net)
                      0.173898    0.000135    2.361626 ^ _369_/A (sky130_fd_sc_hd__inv_2)
     4    0.016845    0.063751    0.090476    2.452102 v _369_/Y (sky130_fd_sc_hd__inv_2)
                                                         _367_ (net)
                      0.063753    0.000433    2.452535 v fanout36/A (sky130_fd_sc_hd__clkdlybuf4s25_1)
     5    0.013960    0.113551    0.330312    2.782847 v fanout36/X (sky130_fd_sc_hd__clkdlybuf4s25_1)
                                                         net36 (net)
                      0.113551    0.000247    2.783094 v _736_/B (sky130_fd_sc_hd__and2_2)
     1    0.002318    0.035036    0.221895    3.004989 v _736_/X (sky130_fd_sc_hd__and2_2)
                                                         _021_ (net)
                      0.035036    0.000025    3.005014 v _757_/D (sky130_fd_sc_hd__dfxtp_2)
                                              3.005014   data arrival time

                                 10.000000   10.000000   clock clk (rise edge)
                                  0.000000   10.000000   clock source latency
     1    0.014311    0.070389    0.045655   10.045655 ^ clk (in)
                                                         clk (net)
                      0.070399    0.000000   10.045655 ^ clkbuf_0_clk/A (sky130_fd_sc_hd__clkbuf_16)
     4    0.039974    0.059776    0.143641   10.189296 ^ clkbuf_0_clk/X (sky130_fd_sc_hd__clkbuf_16)
                                                         clknet_0_clk (net)
                      0.059778    0.000367   10.189663 ^ clkbuf_2_1__f_clk/A (sky130_fd_sc_hd__clkbuf_16)
     9    0.022930    0.044404    0.126946   10.316608 ^ clkbuf_2_1__f_clk/X (sky130_fd_sc_hd__clkbuf_16)
                                                         clknet_2_1__leaf_clk (net)
                      0.044404    0.000171   10.316779 ^ _757_/CLK (sky130_fd_sc_hd__dfxtp_2)
                                 -0.250000   10.066779   clock uncertainty
                                  0.000000   10.066779   clock reconvergence pessimism
                                 -0.108675    9.958104   library setup time
                                              9.958104   data required time
---------------------------------------------------------------------------------------------
                                              9.958104   data required time
                                             -3.005014   data arrival time
---------------------------------------------------------------------------------------------
                                              6.953090   slack (MET)


Startpoint: rst (input port clocked by clk)
Endpoint: _758_ (rising edge-triggered flip-flop clocked by clk)
Path Group: clk
Path Type: max

Fanout         Cap        Slew       Delay        Time   Description
---------------------------------------------------------------------------------------------
                                  0.000000    0.000000   clock clk (rise edge)
                                  0.000000    0.000000   clock network delay (propagated)
                                  2.000000    2.000000 ^ input external delay
     1    0.003748    0.023845    0.014308    2.014308 ^ rst (in)
                                                         rst (net)
                      0.023845    0.000000    2.014308 ^ input17/A (sky130_fd_sc_hd__clkdlybuf4s25_1)
     3    0.016511    0.173898    0.347183    2.361491 ^ input17/X (sky130_fd_sc_hd__clkdlybuf4s25_1)
                                                         net17 (net)
                      0.173898    0.000135    2.361626 ^ _369_/A (sky130_fd_sc_hd__inv_2)
     4    0.016845    0.063751    0.090476    2.452102 v _369_/Y (sky130_fd_sc_hd__inv_2)
                                                         _367_ (net)
                      0.063753    0.000433    2.452535 v fanout36/A (sky130_fd_sc_hd__clkdlybuf4s25_1)
     5    0.013960    0.113551    0.330312    2.782847 v fanout36/X (sky130_fd_sc_hd__clkdlybuf4s25_1)
                                                         net36 (net)
                      0.113551    0.000136    2.782983 v _737_/B (sky130_fd_sc_hd__and2_2)
     1    0.002080    0.034455    0.220747    3.003729 v _737_/X (sky130_fd_sc_hd__and2_2)
                                                         _022_ (net)
                      0.034455    0.000011    3.003740 v _758_/D (sky130_fd_sc_hd__dfxtp_2)
                                              3.003740   data arrival time

                                 10.000000   10.000000   clock clk (rise edge)
                                  0.000000   10.000000   clock source latency
     1    0.014311    0.070389    0.045655   10.045655 ^ clk (in)
                                                         clk (net)
                      0.070399    0.000000   10.045655 ^ clkbuf_0_clk/A (sky130_fd_sc_hd__clkbuf_16)
     4    0.039974    0.059776    0.143641   10.189296 ^ clkbuf_0_clk/X (sky130_fd_sc_hd__clkbuf_16)
                                                         clknet_0_clk (net)
                      0.059778    0.000367   10.189663 ^ clkbuf_2_1__f_clk/A (sky130_fd_sc_hd__clkbuf_16)
     9    0.022930    0.044404    0.126946   10.316608 ^ clkbuf_2_1__f_clk/X (sky130_fd_sc_hd__clkbuf_16)
                                                         clknet_2_1__leaf_clk (net)
                      0.044404    0.000163   10.316772 ^ _758_/CLK (sky130_fd_sc_hd__dfxtp_2)
                                 -0.250000   10.066772   clock uncertainty
                                  0.000000   10.066772   clock reconvergence pessimism
                                 -0.108421    9.958351   library setup time
                                              9.958351   data required time
---------------------------------------------------------------------------------------------
                                              9.958351   data required time
                                             -3.003740   data arrival time
---------------------------------------------------------------------------------------------
                                              6.954611   slack (MET)


Startpoint: rst (input port clocked by clk)
Endpoint: _764_ (rising edge-triggered flip-flop clocked by clk)
Path Group: clk
Path Type: max

Fanout         Cap        Slew       Delay        Time   Description
---------------------------------------------------------------------------------------------
                                  0.000000    0.000000   clock clk (rise edge)
                                  0.000000    0.000000   clock network delay (propagated)
                                  2.000000    2.000000 ^ input external delay
     1    0.003748    0.023845    0.014308    2.014308 ^ rst (in)
                                                         rst (net)
                      0.023845    0.000000    2.014308 ^ input17/A (sky130_fd_sc_hd__clkdlybuf4s25_1)
     3    0.016511    0.173898    0.347183    2.361491 ^ input17/X (sky130_fd_sc_hd__clkdlybuf4s25_1)
                                                         net17 (net)
                      0.173898    0.000135    2.361626 ^ _369_/A (sky130_fd_sc_hd__inv_2)
     4    0.016845    0.063751    0.090476    2.452102 v _369_/Y (sky130_fd_sc_hd__inv_2)
                                                         _367_ (net)
                      0.063752    0.000401    2.452503 v fanout38/A (sky130_fd_sc_hd__clkdlybuf4s25_1)
     6    0.013659    0.111484    0.328601    2.781105 v fanout38/X (sky130_fd_sc_hd__clkdlybuf4s25_1)
                                                         net38 (net)
                      0.111484    0.000036    2.781141 v _743_/B (sky130_fd_sc_hd__and2_2)
     1    0.002560    0.035625    0.222062    3.003203 v _743_/X (sky130_fd_sc_hd__and2_2)
                                                         _028_ (net)
                      0.035625    0.000028    3.003231 v _764_/D (sky130_fd_sc_hd__dfxtp_2)
                                              3.003231   data arrival time

                                 10.000000   10.000000   clock clk (rise edge)
                                  0.000000   10.000000   clock source latency
     1    0.014311    0.070389    0.045655   10.045655 ^ clk (in)
                                                         clk (net)
                      0.070399    0.000000   10.045655 ^ clkbuf_0_clk/A (sky130_fd_sc_hd__clkbuf_16)
     4    0.039974    0.059776    0.143641   10.189296 ^ clkbuf_0_clk/X (sky130_fd_sc_hd__clkbuf_16)
                                                         clknet_0_clk (net)
                      0.059778    0.000363   10.189659 ^ clkbuf_2_3__f_clk/A (sky130_fd_sc_hd__clkbuf_16)
     9    0.023896    0.045277    0.127753   10.317412 ^ clkbuf_2_3__f_clk/X (sky130_fd_sc_hd__clkbuf_16)
                                                         clknet_2_3__leaf_clk (net)
                      0.045281    0.000411   10.317823 ^ _764_/CLK (sky130_fd_sc_hd__dfxtp_2)
                                 -0.250000   10.067823   clock uncertainty
                                  0.000000   10.067823   clock reconvergence pessimism
                                 -0.108727    9.959096   library setup time
                                              9.959096   data required time
---------------------------------------------------------------------------------------------
                                              9.959096   data required time
                                             -3.003231   data arrival time
---------------------------------------------------------------------------------------------
                                              6.955865   slack (MET)


Startpoint: rst (input port clocked by clk)
Endpoint: _768_ (rising edge-triggered flip-flop clocked by clk)
Path Group: clk
Path Type: max

Fanout         Cap        Slew       Delay        Time   Description
---------------------------------------------------------------------------------------------
                                  0.000000    0.000000   clock clk (rise edge)
                                  0.000000    0.000000   clock network delay (propagated)
                                  2.000000    2.000000 ^ input external delay
     1    0.003748    0.023845    0.014308    2.014308 ^ rst (in)
                                                         rst (net)
                      0.023845    0.000000    2.014308 ^ input17/A (sky130_fd_sc_hd__clkdlybuf4s25_1)
     3    0.016511    0.173898    0.347183    2.361491 ^ input17/X (sky130_fd_sc_hd__clkdlybuf4s25_1)
                                                         net17 (net)
                      0.173898    0.000135    2.361626 ^ _369_/A (sky130_fd_sc_hd__inv_2)
     4    0.016845    0.063751    0.090476    2.452102 v _369_/Y (sky130_fd_sc_hd__inv_2)
                                                         _367_ (net)
                      0.063752    0.000401    2.452503 v fanout38/A (sky130_fd_sc_hd__clkdlybuf4s25_1)
     6    0.013659    0.111484    0.328601    2.781105 v fanout38/X (sky130_fd_sc_hd__clkdlybuf4s25_1)
                                                         net38 (net)
                      0.111484    0.000160    2.781264 v _747_/B (sky130_fd_sc_hd__and2_2)
     1    0.002367    0.035157    0.221130    3.002394 v _747_/X (sky130_fd_sc_hd__and2_2)
                                                         _032_ (net)
                      0.035157    0.000024    3.002419 v _768_/D (sky130_fd_sc_hd__dfxtp_2)
                                              3.002419   data arrival time

                                 10.000000   10.000000   clock clk (rise edge)
                                  0.000000   10.000000   clock source latency
     1    0.014311    0.070389    0.045655   10.045655 ^ clk (in)
                                                         clk (net)
                      0.070399    0.000000   10.045655 ^ clkbuf_0_clk/A (sky130_fd_sc_hd__clkbuf_16)
     4    0.039974    0.059776    0.143641   10.189296 ^ clkbuf_0_clk/X (sky130_fd_sc_hd__clkbuf_16)
                                                         clknet_0_clk (net)
                      0.059778    0.000363   10.189659 ^ clkbuf_2_3__f_clk/A (sky130_fd_sc_hd__clkbuf_16)
     9    0.023896    0.045277    0.127753   10.317412 ^ clkbuf_2_3__f_clk/X (sky130_fd_sc_hd__clkbuf_16)
                                                         clknet_2_3__leaf_clk (net)
                      0.045278    0.000258   10.317671 ^ _768_/CLK (sky130_fd_sc_hd__dfxtp_2)
                                 -0.250000   10.067671   clock uncertainty
                                  0.000000   10.067671   clock reconvergence pessimism
                                 -0.108524    9.959146   library setup time
                                              9.959146   data required time
---------------------------------------------------------------------------------------------
                                              9.959146   data required time
                                             -3.002419   data arrival time
---------------------------------------------------------------------------------------------
                                              6.956728   slack (MET)


Startpoint: rst (input port clocked by clk)
Endpoint: _766_ (rising edge-triggered flip-flop clocked by clk)
Path Group: clk
Path Type: max

Fanout         Cap        Slew       Delay        Time   Description
---------------------------------------------------------------------------------------------
                                  0.000000    0.000000   clock clk (rise edge)
                                  0.000000    0.000000   clock network delay (propagated)
                                  2.000000    2.000000 ^ input external delay
     1    0.003748    0.023845    0.014308    2.014308 ^ rst (in)
                                                         rst (net)
                      0.023845    0.000000    2.014308 ^ input17/A (sky130_fd_sc_hd__clkdlybuf4s25_1)
     3    0.016511    0.173898    0.347183    2.361491 ^ input17/X (sky130_fd_sc_hd__clkdlybuf4s25_1)
                                                         net17 (net)
                      0.173898    0.000135    2.361626 ^ _369_/A (sky130_fd_sc_hd__inv_2)
     4    0.016845    0.063751    0.090476    2.452102 v _369_/Y (sky130_fd_sc_hd__inv_2)
                                                         _367_ (net)
                      0.063752    0.000401    2.452503 v fanout38/A (sky130_fd_sc_hd__clkdlybuf4s25_1)
     6    0.013659    0.111484    0.328601    2.781105 v fanout38/X (sky130_fd_sc_hd__clkdlybuf4s25_1)
                                                         net38 (net)
                      0.111484    0.000244    2.781348 v _745_/B (sky130_fd_sc_hd__and2_2)
     1    0.002251    0.034875    0.220570    3.001918 v _745_/X (sky130_fd_sc_hd__and2_2)
                                                         _030_ (net)
                      0.034875    0.000024    3.001942 v _766_/D (sky130_fd_sc_hd__dfxtp_2)
                                              3.001942   data arrival time

                                 10.000000   10.000000   clock clk (rise edge)
                                  0.000000   10.000000   clock source latency
     1    0.014311    0.070389    0.045655   10.045655 ^ clk (in)
                                                         clk (net)
                      0.070399    0.000000   10.045655 ^ clkbuf_0_clk/A (sky130_fd_sc_hd__clkbuf_16)
     4    0.039974    0.059776    0.143641   10.189296 ^ clkbuf_0_clk/X (sky130_fd_sc_hd__clkbuf_16)
                                                         clknet_0_clk (net)
                      0.059778    0.000363   10.189659 ^ clkbuf_2_3__f_clk/A (sky130_fd_sc_hd__clkbuf_16)
     9    0.023896    0.045277    0.127753   10.317412 ^ clkbuf_2_3__f_clk/X (sky130_fd_sc_hd__clkbuf_16)
                                                         clknet_2_3__leaf_clk (net)
                      0.045277    0.000176   10.317588 ^ _766_/CLK (sky130_fd_sc_hd__dfxtp_2)
                                 -0.250000   10.067588   clock uncertainty
                                  0.000000   10.067588   clock reconvergence pessimism
                                 -0.108401    9.959188   library setup time
                                              9.959188   data required time
---------------------------------------------------------------------------------------------
                                              9.959188   data required time
                                             -3.001942   data arrival time
---------------------------------------------------------------------------------------------
                                              6.957246   slack (MET)


Startpoint: rst (input port clocked by clk)
Endpoint: _763_ (rising edge-triggered flip-flop clocked by clk)
Path Group: clk
Path Type: max

Fanout         Cap        Slew       Delay        Time   Description
---------------------------------------------------------------------------------------------
                                  0.000000    0.000000   clock clk (rise edge)
                                  0.000000    0.000000   clock network delay (propagated)
                                  2.000000    2.000000 ^ input external delay
     1    0.003748    0.023845    0.014308    2.014308 ^ rst (in)
                                                         rst (net)
                      0.023845    0.000000    2.014308 ^ input17/A (sky130_fd_sc_hd__clkdlybuf4s25_1)
     3    0.016511    0.173898    0.347183    2.361491 ^ input17/X (sky130_fd_sc_hd__clkdlybuf4s25_1)
                                                         net17 (net)
                      0.173898    0.000135    2.361626 ^ _369_/A (sky130_fd_sc_hd__inv_2)
     4    0.016845    0.063751    0.090476    2.452102 v _369_/Y (sky130_fd_sc_hd__inv_2)
                                                         _367_ (net)
                      0.063752    0.000401    2.452503 v fanout38/A (sky130_fd_sc_hd__clkdlybuf4s25_1)
     6    0.013659    0.111484    0.328601    2.781105 v fanout38/X (sky130_fd_sc_hd__clkdlybuf4s25_1)
                                                         net38 (net)
                      0.111484    0.000112    2.781217 v _742_/B (sky130_fd_sc_hd__and2_2)
     1    0.002307    0.035011    0.220840    3.002057 v _742_/X (sky130_fd_sc_hd__and2_2)
                                                         _027_ (net)
                      0.035011    0.000023    3.002080 v _763_/D (sky130_fd_sc_hd__dfxtp_2)
                                              3.002080   data arrival time

                                 10.000000   10.000000   clock clk (rise edge)
                                  0.000000   10.000000   clock source latency
     1    0.014311    0.070389    0.045655   10.045655 ^ clk (in)
                                                         clk (net)
                      0.070399    0.000000   10.045655 ^ clkbuf_0_clk/A (sky130_fd_sc_hd__clkbuf_16)
     4    0.039974    0.059776    0.143641   10.189296 ^ clkbuf_0_clk/X (sky130_fd_sc_hd__clkbuf_16)
                                                         clknet_0_clk (net)
                      0.059778    0.000363   10.189659 ^ clkbuf_2_3__f_clk/A (sky130_fd_sc_hd__clkbuf_16)
     9    0.023896    0.045277    0.127753   10.317412 ^ clkbuf_2_3__f_clk/X (sky130_fd_sc_hd__clkbuf_16)
                                                         clknet_2_3__leaf_clk (net)
                      0.045282    0.000417   10.317829 ^ _763_/CLK (sky130_fd_sc_hd__dfxtp_2)
                                 -0.250000   10.067829   clock uncertainty
                                  0.000000   10.067829   clock reconvergence pessimism
                                 -0.108459    9.959371   library setup time
                                              9.959371   data required time
---------------------------------------------------------------------------------------------
                                              9.959371   data required time
                                             -3.002080   data arrival time
---------------------------------------------------------------------------------------------
                                              6.957291   slack (MET)


Startpoint: rst (input port clocked by clk)
Endpoint: _765_ (rising edge-triggered flip-flop clocked by clk)
Path Group: clk
Path Type: max

Fanout         Cap        Slew       Delay        Time   Description
---------------------------------------------------------------------------------------------
                                  0.000000    0.000000   clock clk (rise edge)
                                  0.000000    0.000000   clock network delay (propagated)
                                  2.000000    2.000000 ^ input external delay
     1    0.003748    0.023845    0.014308    2.014308 ^ rst (in)
                                                         rst (net)
                      0.023845    0.000000    2.014308 ^ input17/A (sky130_fd_sc_hd__clkdlybuf4s25_1)
     3    0.016511    0.173898    0.347183    2.361491 ^ input17/X (sky130_fd_sc_hd__clkdlybuf4s25_1)
                                                         net17 (net)
                      0.173898    0.000135    2.361626 ^ _369_/A (sky130_fd_sc_hd__inv_2)
     4    0.016845    0.063751    0.090476    2.452102 v _369_/Y (sky130_fd_sc_hd__inv_2)
                                                         _367_ (net)
                      0.063752    0.000401    2.452503 v fanout38/A (sky130_fd_sc_hd__clkdlybuf4s25_1)
     6    0.013659    0.111484    0.328601    2.781105 v fanout38/X (sky130_fd_sc_hd__clkdlybuf4s25_1)
                                                         net38 (net)
                      0.111484    0.000253    2.781358 v _744_/B (sky130_fd_sc_hd__and2_2)
     1    0.002022    0.034316    0.219468    3.000826 v _744_/X (sky130_fd_sc_hd__and2_2)
                                                         _029_ (net)
                      0.034316    0.000018    3.000844 v _765_/D (sky130_fd_sc_hd__dfxtp_2)
                                              3.000844   data arrival time

                                 10.000000   10.000000   clock clk (rise edge)
                                  0.000000   10.000000   clock source latency
     1    0.014311    0.070389    0.045655   10.045655 ^ clk (in)
                                                         clk (net)
                      0.070399    0.000000   10.045655 ^ clkbuf_0_clk/A (sky130_fd_sc_hd__clkbuf_16)
     4    0.039974    0.059776    0.143641   10.189296 ^ clkbuf_0_clk/X (sky130_fd_sc_hd__clkbuf_16)
                                                         clknet_0_clk (net)
                      0.059778    0.000363   10.189659 ^ clkbuf_2_3__f_clk/A (sky130_fd_sc_hd__clkbuf_16)
     9    0.023896    0.045277    0.127753   10.317412 ^ clkbuf_2_3__f_clk/X (sky130_fd_sc_hd__clkbuf_16)
                                                         clknet_2_3__leaf_clk (net)
                      0.045281    0.000393   10.317804 ^ _765_/CLK (sky130_fd_sc_hd__dfxtp_2)
                                 -0.250000   10.067804   clock uncertainty
                                  0.000000   10.067804   clock reconvergence pessimism
                                 -0.108156    9.959648   library setup time
                                              9.959648   data required time
---------------------------------------------------------------------------------------------
                                              9.959648   data required time
                                             -3.000844   data arrival time
---------------------------------------------------------------------------------------------
                                              6.958804   slack (MET)


Startpoint: rst (input port clocked by clk)
Endpoint: _749_ (rising edge-triggered flip-flop clocked by clk)
Path Group: clk
Path Type: max

Fanout         Cap        Slew       Delay        Time   Description
---------------------------------------------------------------------------------------------
                                  0.000000    0.000000   clock clk (rise edge)
                                  0.000000    0.000000   clock network delay (propagated)
                                  2.000000    2.000000 ^ input external delay
     1    0.003748    0.023845    0.014308    2.014308 ^ rst (in)
                                                         rst (net)
                      0.023845    0.000000    2.014308 ^ input17/A (sky130_fd_sc_hd__clkdlybuf4s25_1)
     3    0.016511    0.173898    0.347183    2.361491 ^ input17/X (sky130_fd_sc_hd__clkdlybuf4s25_1)
                                                         net17 (net)
                      0.173898    0.000184    2.361674 ^ _722_/A (sky130_fd_sc_hd__nor2_2)
     1    0.003293    0.046263    0.062360    2.424034 v _722_/Y (sky130_fd_sc_hd__nor2_2)
                                                         _013_ (net)
                      0.046263    0.000045    2.424079 v _749_/D (sky130_fd_sc_hd__dfxtp_2)
                                              2.424079   data arrival time

                                 10.000000   10.000000   clock clk (rise edge)
                                  0.000000   10.000000   clock source latency
     1    0.014311    0.070389    0.045655   10.045655 ^ clk (in)
                                                         clk (net)
                      0.070399    0.000000   10.045655 ^ clkbuf_0_clk/A (sky130_fd_sc_hd__clkbuf_16)
     4    0.039974    0.059776    0.143641   10.189296 ^ clkbuf_0_clk/X (sky130_fd_sc_hd__clkbuf_16)
                                                         clknet_0_clk (net)
                      0.059779    0.000384   10.189679 ^ clkbuf_2_0__f_clk/A (sky130_fd_sc_hd__clkbuf_16)
     9    0.024274    0.045620    0.128087   10.317766 ^ clkbuf_2_0__f_clk/X (sky130_fd_sc_hd__clkbuf_16)
                                                         clknet_2_0__leaf_clk (net)
                      0.045626    0.000488   10.318255 ^ _749_/CLK (sky130_fd_sc_hd__dfxtp_2)
                                 -0.250000   10.068255   clock uncertainty
                                  0.000000   10.068255   clock reconvergence pessimism
                                 -0.113290    9.954966   library setup time
                                              9.954966   data required time
---------------------------------------------------------------------------------------------
                                              9.954966   data required time
                                             -2.424079   data arrival time
---------------------------------------------------------------------------------------------
                                              7.530886   slack (MET)



