
===========================================================================
report_checks -path_delay min (Hold)
============================================================================
======================= min_tt_025C_1v80 Corner ===================================

Startpoint: _762_ (rising edge-triggered flip-flop clocked by clk)
Endpoint: _766_ (rising edge-triggered flip-flop clocked by clk)
Path Group: clk
Path Type: min

Fanout         Cap        Slew       Delay        Time   Description
---------------------------------------------------------------------------------------------
                                  0.000000    0.000000   clock clk (rise edge)
                                  0.000000    0.000000   clock source latency
     1    0.014311    0.070389    0.045655    0.045655 ^ clk (in)
                                                         clk (net)
                      0.070399    0.000000    0.045655 ^ clkbuf_0_clk/A (sky130_fd_sc_hd__clkbuf_16)
     4    0.039974    0.059776    0.143641    0.189296 ^ clkbuf_0_clk/X (sky130_fd_sc_hd__clkbuf_16)
                                                         clknet_0_clk (net)
                      0.059778    0.000363    0.189659 ^ clkbuf_2_3__f_clk/A (sky130_fd_sc_hd__clkbuf_16)
     9    0.023896    0.045277    0.127753    0.317412 ^ clkbuf_2_3__f_clk/X (sky130_fd_sc_hd__clkbuf_16)
                                                         clknet_2_3__leaf_clk (net)
                      0.045281    0.000397    0.317809 ^ _762_/CLK (sky130_fd_sc_hd__dfxtp_2)
    10    0.033366    0.087598    0.348723    0.666532 v _762_/Q (sky130_fd_sc_hd__dfxtp_2)
                                                         diagnostic.x2[1] (net)
                      0.087599    0.000387    0.666919 v _745_/A (sky130_fd_sc_hd__and2_2)
     1    0.002251    0.033084    0.169599    0.836518 v _745_/X (sky130_fd_sc_hd__and2_2)
                                                         _030_ (net)
                      0.033084    0.000022    0.836539 v _766_/D (sky130_fd_sc_hd__dfxtp_2)
                                              0.836539   data arrival time

                                  0.000000    0.000000   clock clk (rise edge)
                                  0.000000    0.000000   clock source latency
     1    0.014311    0.070389    0.050460    0.050460 ^ clk (in)
                                                         clk (net)
                      0.070399    0.000000    0.050460 ^ clkbuf_0_clk/A (sky130_fd_sc_hd__clkbuf_16)
     4    0.039974    0.059776    0.158761    0.209222 ^ clkbuf_0_clk/X (sky130_fd_sc_hd__clkbuf_16)
                                                         clknet_0_clk (net)
                      0.059778    0.000401    0.209623 ^ clkbuf_2_3__f_clk/A (sky130_fd_sc_hd__clkbuf_16)
     9    0.023896    0.045277    0.141201    0.350823 ^ clkbuf_2_3__f_clk/X (sky130_fd_sc_hd__clkbuf_16)
                                                         clknet_2_3__leaf_clk (net)
                      0.045277    0.000195    0.351018 ^ _766_/CLK (sky130_fd_sc_hd__dfxtp_2)
                                  0.250000    0.601018   clock uncertainty
                                 -0.033412    0.567607   clock reconvergence pessimism
                                 -0.041103    0.526504   library hold time
                                              0.526504   data required time
---------------------------------------------------------------------------------------------
                                              0.526504   data required time
                                             -0.836539   data arrival time
---------------------------------------------------------------------------------------------
                                              0.310035   slack (MET)


Startpoint: _758_ (rising edge-triggered flip-flop clocked by clk)
Endpoint: _762_ (rising edge-triggered flip-flop clocked by clk)
Path Group: clk
Path Type: min

Fanout         Cap        Slew       Delay        Time   Description
---------------------------------------------------------------------------------------------
                                  0.000000    0.000000   clock clk (rise edge)
                                  0.000000    0.000000   clock source latency
     1    0.014311    0.070389    0.045655    0.045655 ^ clk (in)
                                                         clk (net)
                      0.070399    0.000000    0.045655 ^ clkbuf_0_clk/A (sky130_fd_sc_hd__clkbuf_16)
     4    0.039974    0.059776    0.143641    0.189296 ^ clkbuf_0_clk/X (sky130_fd_sc_hd__clkbuf_16)
                                                         clknet_0_clk (net)
                      0.059778    0.000366    0.189662 ^ clkbuf_2_1__f_clk/A (sky130_fd_sc_hd__clkbuf_16)
     9    0.022930    0.044404    0.126946    0.316608 ^ clkbuf_2_1__f_clk/X (sky130_fd_sc_hd__clkbuf_16)
                                                         clknet_2_1__leaf_clk (net)
                      0.044404    0.000164    0.316771 ^ _758_/CLK (sky130_fd_sc_hd__dfxtp_2)
    10    0.040568    0.100101    0.359881    0.676653 v _758_/Q (sky130_fd_sc_hd__dfxtp_2)
                                                         diagnostic.x1[1] (net)
                      0.100101    0.000453    0.677105 v _741_/A (sky130_fd_sc_hd__and2_2)
     1    0.002065    0.032652    0.174110    0.851215 v _741_/X (sky130_fd_sc_hd__and2_2)
                                                         _026_ (net)
                      0.032652    0.000017    0.851232 v _762_/D (sky130_fd_sc_hd__dfxtp_2)
                                              0.851232   data arrival time

                                  0.000000    0.000000   clock clk (rise edge)
                                  0.000000    0.000000   clock source latency
     1    0.014311    0.070389    0.050460    0.050460 ^ clk (in)
                                                         clk (net)
                      0.070399    0.000000    0.050460 ^ clkbuf_0_clk/A (sky130_fd_sc_hd__clkbuf_16)
     4    0.039974    0.059776    0.158761    0.209222 ^ clkbuf_0_clk/X (sky130_fd_sc_hd__clkbuf_16)
                                                         clknet_0_clk (net)
                      0.059778    0.000401    0.209623 ^ clkbuf_2_3__f_clk/A (sky130_fd_sc_hd__clkbuf_16)
     9    0.023896    0.045277    0.141201    0.350823 ^ clkbuf_2_3__f_clk/X (sky130_fd_sc_hd__clkbuf_16)
                                                         clknet_2_3__leaf_clk (net)
                      0.045281    0.000439    0.351262 ^ _762_/CLK (sky130_fd_sc_hd__dfxtp_2)
                                  0.250000    0.601262   clock uncertainty
                                 -0.019926    0.581337   clock reconvergence pessimism
                                 -0.040925    0.540412   library hold time
                                              0.540412   data required time
---------------------------------------------------------------------------------------------
                                              0.540412   data required time
                                             -0.851232   data arrival time
---------------------------------------------------------------------------------------------
                                              0.310820   slack (MET)


Startpoint: _751_ (rising edge-triggered flip-flop clocked by clk)
Endpoint: _757_ (rising edge-triggered flip-flop clocked by clk)
Path Group: clk
Path Type: min

Fanout         Cap        Slew       Delay        Time   Description
---------------------------------------------------------------------------------------------
                                  0.000000    0.000000   clock clk (rise edge)
                                  0.000000    0.000000   clock source latency
     1    0.014311    0.070389    0.045655    0.045655 ^ clk (in)
                                                         clk (net)
                      0.070399    0.000000    0.045655 ^ clkbuf_0_clk/A (sky130_fd_sc_hd__clkbuf_16)
     4    0.039974    0.059776    0.143641    0.189296 ^ clkbuf_0_clk/X (sky130_fd_sc_hd__clkbuf_16)
                                                         clknet_0_clk (net)
                      0.059778    0.000366    0.189662 ^ clkbuf_2_1__f_clk/A (sky130_fd_sc_hd__clkbuf_16)
     9    0.022930    0.044404    0.126946    0.316608 ^ clkbuf_2_1__f_clk/X (sky130_fd_sc_hd__clkbuf_16)
                                                         clknet_2_1__leaf_clk (net)
                      0.044404    0.000159    0.316767 ^ _751_/CLK (sky130_fd_sc_hd__dfxtp_2)
     9    0.035300    0.090372    0.351893    0.668660 v _751_/Q (sky130_fd_sc_hd__dfxtp_2)
                                                         diagnostic.x0[0] (net)
                      0.090373    0.000440    0.669100 v _736_/A (sky130_fd_sc_hd__and2_2)
     1    0.002318    0.033250    0.171058    0.840158 v _736_/X (sky130_fd_sc_hd__and2_2)
                                                         _021_ (net)
                      0.033250    0.000023    0.840180 v _757_/D (sky130_fd_sc_hd__dfxtp_2)
                                              0.840180   data arrival time

                                  0.000000    0.000000   clock clk (rise edge)
                                  0.000000    0.000000   clock source latency
     1    0.014311    0.070389    0.050460    0.050460 ^ clk (in)
                                                         clk (net)
                      0.070399    0.000000    0.050460 ^ clkbuf_0_clk/A (sky130_fd_sc_hd__clkbuf_16)
     4    0.039974    0.059776    0.158761    0.209222 ^ clkbuf_0_clk/X (sky130_fd_sc_hd__clkbuf_16)
                                                         clknet_0_clk (net)
                      0.059778    0.000405    0.209626 ^ clkbuf_2_1__f_clk/A (sky130_fd_sc_hd__clkbuf_16)
     9    0.022930    0.044404    0.140308    0.349935 ^ clkbuf_2_1__f_clk/X (sky130_fd_sc_hd__clkbuf_16)
                                                         clknet_2_1__leaf_clk (net)
                      0.044404    0.000188    0.350123 ^ _757_/CLK (sky130_fd_sc_hd__dfxtp_2)
                                  0.250000    0.600123   clock uncertainty
                                 -0.033327    0.566796   clock reconvergence pessimism
                                 -0.041365    0.525431   library hold time
                                              0.525431   data required time
---------------------------------------------------------------------------------------------
                                              0.525431   data required time
                                             -0.840180   data arrival time
---------------------------------------------------------------------------------------------
                                              0.314749   slack (MET)


Startpoint: _752_ (rising edge-triggered flip-flop clocked by clk)
Endpoint: _758_ (rising edge-triggered flip-flop clocked by clk)
Path Group: clk
Path Type: min

Fanout         Cap        Slew       Delay        Time   Description
---------------------------------------------------------------------------------------------
                                  0.000000    0.000000   clock clk (rise edge)
                                  0.000000    0.000000   clock source latency
     1    0.014311    0.070389    0.045655    0.045655 ^ clk (in)
                                                         clk (net)
                      0.070399    0.000000    0.045655 ^ clkbuf_0_clk/A (sky130_fd_sc_hd__clkbuf_16)
     4    0.039974    0.059776    0.143641    0.189296 ^ clkbuf_0_clk/X (sky130_fd_sc_hd__clkbuf_16)
                                                         clknet_0_clk (net)
                      0.059778    0.000366    0.189662 ^ clkbuf_2_1__f_clk/A (sky130_fd_sc_hd__clkbuf_16)
     9    0.022930    0.044404    0.126946    0.316608 ^ clkbuf_2_1__f_clk/X (sky130_fd_sc_hd__clkbuf_16)
                                                         clknet_2_1__leaf_clk (net)
                      0.044405    0.000250    0.316858 ^ _752_/CLK (sky130_fd_sc_hd__dfxtp_2)
     9    0.036467    0.091580    0.353861    0.670719 v _752_/Q (sky130_fd_sc_hd__dfxtp_2)
                                                         diagnostic.x0[1] (net)
                      0.091580    0.000145    0.670864 v _737_/A (sky130_fd_sc_hd__and2_2)
     1    0.002080    0.032678    0.170568    0.841432 v _737_/X (sky130_fd_sc_hd__and2_2)
                                                         _022_ (net)
                      0.032678    0.000010    0.841441 v _758_/D (sky130_fd_sc_hd__dfxtp_2)
                                              0.841441   data arrival time

                                  0.000000    0.000000   clock clk (rise edge)
                                  0.000000    0.000000   clock source latency
     1    0.014311    0.070389    0.050460    0.050460 ^ clk (in)
                                                         clk (net)
                      0.070399    0.000000    0.050460 ^ clkbuf_0_clk/A (sky130_fd_sc_hd__clkbuf_16)
     4    0.039974    0.059776    0.158761    0.209222 ^ clkbuf_0_clk/X (sky130_fd_sc_hd__clkbuf_16)
                                                         clknet_0_clk (net)
                      0.059778    0.000405    0.209626 ^ clkbuf_2_1__f_clk/A (sky130_fd_sc_hd__clkbuf_16)
     9    0.022930    0.044404    0.140308    0.349935 ^ clkbuf_2_1__f_clk/X (sky130_fd_sc_hd__clkbuf_16)
                                                         clknet_2_1__leaf_clk (net)
                      0.044404    0.000181    0.350116 ^ _758_/CLK (sky130_fd_sc_hd__dfxtp_2)
                                  0.250000    0.600116   clock uncertainty
                                 -0.033327    0.566789   clock reconvergence pessimism
                                 -0.041131    0.525658   library hold time
                                              0.525658   data required time
---------------------------------------------------------------------------------------------
                                              0.525658   data required time
                                             -0.841441   data arrival time
---------------------------------------------------------------------------------------------
                                              0.315784   slack (MET)


Startpoint: _773_ (rising edge-triggered flip-flop clocked by clk)
Endpoint: _750_ (rising edge-triggered flip-flop clocked by clk)
Path Group: clk
Path Type: min

Fanout         Cap        Slew       Delay        Time   Description
---------------------------------------------------------------------------------------------
                                  0.000000    0.000000   clock clk (rise edge)
                                  0.000000    0.000000   clock source latency
     1    0.014311    0.070389    0.045655    0.045655 ^ clk (in)
                                                         clk (net)
                      0.070399    0.000000    0.045655 ^ clkbuf_0_clk/A (sky130_fd_sc_hd__clkbuf_16)
     4    0.039974    0.059776    0.143641    0.189296 ^ clkbuf_0_clk/X (sky130_fd_sc_hd__clkbuf_16)
                                                         clknet_0_clk (net)
                      0.059778    0.000342    0.189638 ^ clkbuf_2_2__f_clk/A (sky130_fd_sc_hd__clkbuf_16)
     9    0.024933    0.046205    0.128759    0.318397 ^ clkbuf_2_2__f_clk/X (sky130_fd_sc_hd__clkbuf_16)
                                                         clknet_2_2__leaf_clk (net)
                      0.046209    0.000406    0.318802 ^ _773_/CLK (sky130_fd_sc_hd__dfxtp_2)
     3    0.008042    0.052583    0.308713    0.627515 ^ _773_/Q (sky130_fd_sc_hd__dfxtp_2)
                                                         controller.state[4] (net)
                      0.052583    0.000108    0.627623 ^ _720_/B (sky130_fd_sc_hd__or4_2)
     2    0.010591    0.062922    0.129457    0.757080 ^ _720_/X (sky130_fd_sc_hd__or4_2)
                                                         _359_ (net)
                      0.062922    0.000230    0.757310 ^ _724_/A1 (sky130_fd_sc_hd__o21a_2)
     1    0.001971    0.025841    0.113851    0.871162 ^ _724_/X (sky130_fd_sc_hd__o21a_2)
                                                         _014_ (net)
                      0.025841    0.000009    0.871170 ^ _750_/D (sky130_fd_sc_hd__dfxtp_2)
                                              0.871170   data arrival time

                                  0.000000    0.000000   clock clk (rise edge)
                                  0.000000    0.000000   clock source latency
     1    0.014311    0.070389    0.050460    0.050460 ^ clk (in)
                                                         clk (net)
                      0.070399    0.000000    0.050460 ^ clkbuf_0_clk/A (sky130_fd_sc_hd__clkbuf_16)
     4    0.039974    0.059776    0.158761    0.209222 ^ clkbuf_0_clk/X (sky130_fd_sc_hd__clkbuf_16)
                                                         clknet_0_clk (net)
                      0.059779    0.000424    0.209645 ^ clkbuf_2_0__f_clk/A (sky130_fd_sc_hd__clkbuf_16)
     9    0.024274    0.045620    0.141570    0.351216 ^ clkbuf_2_0__f_clk/X (sky130_fd_sc_hd__clkbuf_16)
                                                         clknet_2_0__leaf_clk (net)
                      0.045620    0.000245    0.351461 ^ _750_/CLK (sky130_fd_sc_hd__dfxtp_2)
                                  0.250000    0.601461   clock uncertainty
                                 -0.019926    0.581535   clock reconvergence pessimism
                                 -0.027140    0.554395   library hold time
                                              0.554395   data required time
---------------------------------------------------------------------------------------------
                                              0.554395   data required time
                                             -0.871170   data arrival time
---------------------------------------------------------------------------------------------
                                              0.316775   slack (MET)


Startpoint: _754_ (rising edge-triggered flip-flop clocked by clk)
Endpoint: _760_ (rising edge-triggered flip-flop clocked by clk)
Path Group: clk
Path Type: min

Fanout         Cap        Slew       Delay        Time   Description
---------------------------------------------------------------------------------------------
                                  0.000000    0.000000   clock clk (rise edge)
                                  0.000000    0.000000   clock source latency
     1    0.014311    0.070389    0.045655    0.045655 ^ clk (in)
                                                         clk (net)
                      0.070399    0.000000    0.045655 ^ clkbuf_0_clk/A (sky130_fd_sc_hd__clkbuf_16)
     4    0.039974    0.059776    0.143641    0.189296 ^ clkbuf_0_clk/X (sky130_fd_sc_hd__clkbuf_16)
                                                         clknet_0_clk (net)
                      0.059778    0.000366    0.189662 ^ clkbuf_2_1__f_clk/A (sky130_fd_sc_hd__clkbuf_16)
     9    0.022930    0.044404    0.126946    0.316608 ^ clkbuf_2_1__f_clk/X (sky130_fd_sc_hd__clkbuf_16)
                                                         clknet_2_1__leaf_clk (net)
                      0.044405    0.000219    0.316826 ^ _754_/CLK (sky130_fd_sc_hd__dfxtp_2)
     8    0.034807    0.090681    0.351090    0.667916 v _754_/Q (sky130_fd_sc_hd__dfxtp_2)
                                                         diagnostic.x0[3] (net)
                      0.090682    0.000282    0.668198 v _739_/A (sky130_fd_sc_hd__and2_2)
     1    0.003134    0.035187    0.174611    0.842809 v _739_/X (sky130_fd_sc_hd__and2_2)
                                                         _024_ (net)
                      0.035187    0.000042    0.842851 v _760_/D (sky130_fd_sc_hd__dfxtp_2)
                                              0.842851   data arrival time

                                  0.000000    0.000000   clock clk (rise edge)
                                  0.000000    0.000000   clock source latency
     1    0.014311    0.070389    0.050460    0.050460 ^ clk (in)
                                                         clk (net)
                      0.070399    0.000000    0.050460 ^ clkbuf_0_clk/A (sky130_fd_sc_hd__clkbuf_16)
     4    0.039974    0.059776    0.158761    0.209222 ^ clkbuf_0_clk/X (sky130_fd_sc_hd__clkbuf_16)
                                                         clknet_0_clk (net)
                      0.059778    0.000405    0.209626 ^ clkbuf_2_1__f_clk/A (sky130_fd_sc_hd__clkbuf_16)
     9    0.022930    0.044404    0.140308    0.349935 ^ clkbuf_2_1__f_clk/X (sky130_fd_sc_hd__clkbuf_16)
                                                         clknet_2_1__leaf_clk (net)
                      0.044404    0.000169    0.350104 ^ _760_/CLK (sky130_fd_sc_hd__dfxtp_2)
                                  0.250000    0.600104   clock uncertainty
                                 -0.033327    0.566777   clock reconvergence pessimism
                                 -0.042159    0.524617   library hold time
                                              0.524617   data required time
---------------------------------------------------------------------------------------------
                                              0.524617   data required time
                                             -0.842851   data arrival time
---------------------------------------------------------------------------------------------
                                              0.318234   slack (MET)


Startpoint: _753_ (rising edge-triggered flip-flop clocked by clk)
Endpoint: _759_ (rising edge-triggered flip-flop clocked by clk)
Path Group: clk
Path Type: min

Fanout         Cap        Slew       Delay        Time   Description
---------------------------------------------------------------------------------------------
                                  0.000000    0.000000   clock clk (rise edge)
                                  0.000000    0.000000   clock source latency
     1    0.014311    0.070389    0.045655    0.045655 ^ clk (in)
                                                         clk (net)
                      0.070399    0.000000    0.045655 ^ clkbuf_0_clk/A (sky130_fd_sc_hd__clkbuf_16)
     4    0.039974    0.059776    0.143641    0.189296 ^ clkbuf_0_clk/X (sky130_fd_sc_hd__clkbuf_16)
                                                         clknet_0_clk (net)
                      0.059778    0.000366    0.189662 ^ clkbuf_2_1__f_clk/A (sky130_fd_sc_hd__clkbuf_16)
     9    0.022930    0.044404    0.126946    0.316608 ^ clkbuf_2_1__f_clk/X (sky130_fd_sc_hd__clkbuf_16)
                                                         clknet_2_1__leaf_clk (net)
                      0.044405    0.000237    0.316845 ^ _753_/CLK (sky130_fd_sc_hd__dfxtp_2)
     9    0.037831    0.094467    0.356064    0.672909 v _753_/Q (sky130_fd_sc_hd__dfxtp_2)
                                                         diagnostic.x0[2] (net)
                      0.094467    0.000186    0.673095 v _738_/A (sky130_fd_sc_hd__and2_2)
     1    0.002519    0.033737    0.173632    0.846727 v _738_/X (sky130_fd_sc_hd__and2_2)
                                                         _023_ (net)
                      0.033737    0.000026    0.846753 v _759_/D (sky130_fd_sc_hd__dfxtp_2)
                                              0.846753   data arrival time

                                  0.000000    0.000000   clock clk (rise edge)
                                  0.000000    0.000000   clock source latency
     1    0.014311    0.070389    0.050460    0.050460 ^ clk (in)
                                                         clk (net)
                      0.070399    0.000000    0.050460 ^ clkbuf_0_clk/A (sky130_fd_sc_hd__clkbuf_16)
     4    0.039974    0.059776    0.158761    0.209222 ^ clkbuf_0_clk/X (sky130_fd_sc_hd__clkbuf_16)
                                                         clknet_0_clk (net)
                      0.059778    0.000405    0.209626 ^ clkbuf_2_1__f_clk/A (sky130_fd_sc_hd__clkbuf_16)
     9    0.022930    0.044404    0.140308    0.349935 ^ clkbuf_2_1__f_clk/X (sky130_fd_sc_hd__clkbuf_16)
                                                         clknet_2_1__leaf_clk (net)
                      0.044404    0.000161    0.350096 ^ _759_/CLK (sky130_fd_sc_hd__dfxtp_2)
                                  0.250000    0.600096   clock uncertainty
                                 -0.033327    0.566769   clock reconvergence pessimism
                                 -0.041565    0.525204   library hold time
                                              0.525204   data required time
---------------------------------------------------------------------------------------------
                                              0.525204   data required time
                                             -0.846753   data arrival time
---------------------------------------------------------------------------------------------
                                              0.321549   slack (MET)


Startpoint: _773_ (rising edge-triggered flip-flop clocked by clk)
Endpoint: _749_ (rising edge-triggered flip-flop clocked by clk)
Path Group: clk
Path Type: min

Fanout         Cap        Slew       Delay        Time   Description
---------------------------------------------------------------------------------------------
                                  0.000000    0.000000   clock clk (rise edge)
                                  0.000000    0.000000   clock source latency
     1    0.014311    0.070389    0.045655    0.045655 ^ clk (in)
                                                         clk (net)
                      0.070399    0.000000    0.045655 ^ clkbuf_0_clk/A (sky130_fd_sc_hd__clkbuf_16)
     4    0.039974    0.059776    0.143641    0.189296 ^ clkbuf_0_clk/X (sky130_fd_sc_hd__clkbuf_16)
                                                         clknet_0_clk (net)
                      0.059778    0.000342    0.189638 ^ clkbuf_2_2__f_clk/A (sky130_fd_sc_hd__clkbuf_16)
     9    0.024933    0.046205    0.128759    0.318397 ^ clkbuf_2_2__f_clk/X (sky130_fd_sc_hd__clkbuf_16)
                                                         clknet_2_2__leaf_clk (net)
                      0.046209    0.000406    0.318802 ^ _773_/CLK (sky130_fd_sc_hd__dfxtp_2)
     3    0.008042    0.052583    0.308713    0.627515 ^ _773_/Q (sky130_fd_sc_hd__dfxtp_2)
                                                         controller.state[4] (net)
                      0.052583    0.000108    0.627623 ^ _720_/B (sky130_fd_sc_hd__or4_2)
     2    0.010591    0.062922    0.129457    0.757080 ^ _720_/X (sky130_fd_sc_hd__or4_2)
                                                         _359_ (net)
                      0.062922    0.000227    0.757308 ^ _721_/C (sky130_fd_sc_hd__nor3_2)
     2    0.010294    0.034177    0.049604    0.806911 v _721_/Y (sky130_fd_sc_hd__nor3_2)
                                                         _360_ (net)
                      0.034179    0.000255    0.807167 v _722_/B (sky130_fd_sc_hd__nor2_2)
     1    0.003286    0.065126    0.065589    0.872756 ^ _722_/Y (sky130_fd_sc_hd__nor2_2)
                                                         _013_ (net)
                      0.065126    0.000041    0.872797 ^ _749_/D (sky130_fd_sc_hd__dfxtp_2)
                                              0.872797   data arrival time

                                  0.000000    0.000000   clock clk (rise edge)
                                  0.000000    0.000000   clock source latency
     1    0.014311    0.070389    0.050460    0.050460 ^ clk (in)
                                                         clk (net)
                      0.070399    0.000000    0.050460 ^ clkbuf_0_clk/A (sky130_fd_sc_hd__clkbuf_16)
     4    0.039974    0.059776    0.158761    0.209222 ^ clkbuf_0_clk/X (sky130_fd_sc_hd__clkbuf_16)
                                                         clknet_0_clk (net)
                      0.059779    0.000424    0.209645 ^ clkbuf_2_0__f_clk/A (sky130_fd_sc_hd__clkbuf_16)
     9    0.024274    0.045620    0.141570    0.351216 ^ clkbuf_2_0__f_clk/X (sky130_fd_sc_hd__clkbuf_16)
                                                         clknet_2_0__leaf_clk (net)
                      0.045626    0.000540    0.351755 ^ _749_/CLK (sky130_fd_sc_hd__dfxtp_2)
                                  0.250000    0.601755   clock uncertainty
                                 -0.019926    0.581829   clock reconvergence pessimism
                                 -0.035275    0.546555   library hold time
                                              0.546555   data required time
---------------------------------------------------------------------------------------------
                                              0.546555   data required time
                                             -0.872797   data arrival time
---------------------------------------------------------------------------------------------
                                              0.326242   slack (MET)


Startpoint: _769_ (rising edge-triggered flip-flop clocked by clk)
Endpoint: _775_ (rising edge-triggered flip-flop clocked by clk)
Path Group: clk
Path Type: min

Fanout         Cap        Slew       Delay        Time   Description
---------------------------------------------------------------------------------------------
                                  0.000000    0.000000   clock clk (rise edge)
                                  0.000000    0.000000   clock source latency
     1    0.014311    0.070389    0.045655    0.045655 ^ clk (in)
                                                         clk (net)
                      0.070399    0.000000    0.045655 ^ clkbuf_0_clk/A (sky130_fd_sc_hd__clkbuf_16)
     4    0.039974    0.059776    0.143641    0.189296 ^ clkbuf_0_clk/X (sky130_fd_sc_hd__clkbuf_16)
                                                         clknet_0_clk (net)
                      0.059779    0.000383    0.189679 ^ clkbuf_2_0__f_clk/A (sky130_fd_sc_hd__clkbuf_16)
     9    0.024274    0.045620    0.128087    0.317767 ^ clkbuf_2_0__f_clk/X (sky130_fd_sc_hd__clkbuf_16)
                                                         clknet_2_0__leaf_clk (net)
                      0.045625    0.000444    0.318211 ^ _769_/CLK (sky130_fd_sc_hd__dfxtp_2)
     2    0.005949    0.043322    0.301082    0.619293 ^ _769_/Q (sky130_fd_sc_hd__dfxtp_2)
                                                         controller.state[0] (net)
                      0.043322    0.000086    0.619379 ^ _711_/B (sky130_fd_sc_hd__and2_2)
     2    0.008705    0.062697    0.145077    0.764456 ^ _711_/X (sky130_fd_sc_hd__and2_2)
                                                         _358_ (net)
                      0.062697    0.000126    0.764583 ^ _712_/B (sky130_fd_sc_hd__and2_2)
     1    0.007582    0.057676    0.146234    0.910817 ^ _712_/X (sky130_fd_sc_hd__and2_2)
                                                         _005_ (net)
                      0.057676    0.000092    0.910909 ^ _775_/D (sky130_fd_sc_hd__dfxtp_2)
                                              0.910909   data arrival time

                                  0.000000    0.000000   clock clk (rise edge)
                                  0.000000    0.000000   clock source latency
     1    0.014311    0.070389    0.050460    0.050460 ^ clk (in)
                                                         clk (net)
                      0.070399    0.000000    0.050460 ^ clkbuf_0_clk/A (sky130_fd_sc_hd__clkbuf_16)
     4    0.039974    0.059776    0.158761    0.209222 ^ clkbuf_0_clk/X (sky130_fd_sc_hd__clkbuf_16)
                                                         clknet_0_clk (net)
                      0.059779    0.000424    0.209645 ^ clkbuf_2_0__f_clk/A (sky130_fd_sc_hd__clkbuf_16)
     9    0.024274    0.045620    0.141570    0.351216 ^ clkbuf_2_0__f_clk/X (sky130_fd_sc_hd__clkbuf_16)
                                                         clknet_2_0__leaf_clk (net)
                      0.045626    0.000526    0.351742 ^ _775_/CLK (sky130_fd_sc_hd__dfxtp_2)
                                  0.250000    0.601742   clock uncertainty
                                 -0.033449    0.568293   clock reconvergence pessimism
                                 -0.033732    0.534561   library hold time
                                              0.534561   data required time
---------------------------------------------------------------------------------------------
                                              0.534561   data required time
                                             -0.910909   data arrival time
---------------------------------------------------------------------------------------------
                                              0.376348   slack (MET)


Startpoint: _755_ (rising edge-triggered flip-flop clocked by clk)
Endpoint: _752_ (rising edge-triggered flip-flop clocked by clk)
Path Group: clk
Path Type: min

Fanout         Cap        Slew       Delay        Time   Description
---------------------------------------------------------------------------------------------
                                  0.000000    0.000000   clock clk (rise edge)
                                  0.000000    0.000000   clock source latency
     1    0.014311    0.070389    0.045655    0.045655 ^ clk (in)
                                                         clk (net)
                      0.070399    0.000000    0.045655 ^ clkbuf_0_clk/A (sky130_fd_sc_hd__clkbuf_16)
     4    0.039974    0.059776    0.143641    0.189296 ^ clkbuf_0_clk/X (sky130_fd_sc_hd__clkbuf_16)
                                                         clknet_0_clk (net)
                      0.059779    0.000383    0.189679 ^ clkbuf_2_0__f_clk/A (sky130_fd_sc_hd__clkbuf_16)
     9    0.024274    0.045620    0.128087    0.317767 ^ clkbuf_2_0__f_clk/X (sky130_fd_sc_hd__clkbuf_16)
                                                         clknet_2_0__leaf_clk (net)
                      0.045626    0.000491    0.318258 ^ _755_/CLK (sky130_fd_sc_hd__dfxtp_2)
     6    0.023000    0.122678    0.358826    0.677084 ^ _755_/Q (sky130_fd_sc_hd__dfxtp_2)
                                                         net23 (net)
                      0.122678    0.000181    0.677265 ^ _727_/S (sky130_fd_sc_hd__mux2_1)
     1    0.001823    0.034180    0.131691    0.808956 ^ _727_/X (sky130_fd_sc_hd__mux2_1)
                                                         _363_ (net)
                      0.034180    0.000009    0.808965 ^ _728_/B (sky130_fd_sc_hd__and2_2)
     1    0.002823    0.036898    0.118200    0.927165 ^ _728_/X (sky130_fd_sc_hd__and2_2)
                                                         _016_ (net)
                      0.036898    0.000034    0.927199 ^ _752_/D (sky130_fd_sc_hd__dfxtp_2)
                                              0.927199   data arrival time

                                  0.000000    0.000000   clock clk (rise edge)
                                  0.000000    0.000000   clock source latency
     1    0.014311    0.070389    0.050460    0.050460 ^ clk (in)
                                                         clk (net)
                      0.070399    0.000000    0.050460 ^ clkbuf_0_clk/A (sky130_fd_sc_hd__clkbuf_16)
     4    0.039974    0.059776    0.158761    0.209222 ^ clkbuf_0_clk/X (sky130_fd_sc_hd__clkbuf_16)
                                                         clknet_0_clk (net)
                      0.059778    0.000405    0.209626 ^ clkbuf_2_1__f_clk/A (sky130_fd_sc_hd__clkbuf_16)
     9    0.022930    0.044404    0.140308    0.349935 ^ clkbuf_2_1__f_clk/X (sky130_fd_sc_hd__clkbuf_16)
                                                         clknet_2_1__leaf_clk (net)
                      0.044405    0.000277    0.350212 ^ _752_/CLK (sky130_fd_sc_hd__dfxtp_2)
                                  0.250000    0.600212   clock uncertainty
                                 -0.019926    0.580286   clock reconvergence pessimism
                                 -0.029590    0.550696   library hold time
                                              0.550696   data required time
---------------------------------------------------------------------------------------------
                                              0.550696   data required time
                                             -0.927199   data arrival time
---------------------------------------------------------------------------------------------
                                              0.376503   slack (MET)


Startpoint: _755_ (rising edge-triggered flip-flop clocked by clk)
Endpoint: _753_ (rising edge-triggered flip-flop clocked by clk)
Path Group: clk
Path Type: min

Fanout         Cap        Slew       Delay        Time   Description
---------------------------------------------------------------------------------------------
                                  0.000000    0.000000   clock clk (rise edge)
                                  0.000000    0.000000   clock source latency
     1    0.014311    0.070389    0.045655    0.045655 ^ clk (in)
                                                         clk (net)
                      0.070399    0.000000    0.045655 ^ clkbuf_0_clk/A (sky130_fd_sc_hd__clkbuf_16)
     4    0.039974    0.059776    0.143641    0.189296 ^ clkbuf_0_clk/X (sky130_fd_sc_hd__clkbuf_16)
                                                         clknet_0_clk (net)
                      0.059779    0.000383    0.189679 ^ clkbuf_2_0__f_clk/A (sky130_fd_sc_hd__clkbuf_16)
     9    0.024274    0.045620    0.128087    0.317767 ^ clkbuf_2_0__f_clk/X (sky130_fd_sc_hd__clkbuf_16)
                                                         clknet_2_0__leaf_clk (net)
                      0.045626    0.000491    0.318258 ^ _755_/CLK (sky130_fd_sc_hd__dfxtp_2)
     6    0.023000    0.122678    0.358826    0.677084 ^ _755_/Q (sky130_fd_sc_hd__dfxtp_2)
                                                         net23 (net)
                      0.122678    0.000201    0.677285 ^ _729_/S (sky130_fd_sc_hd__mux2_1)
     1    0.002388    0.038220    0.135701    0.812986 ^ _729_/X (sky130_fd_sc_hd__mux2_1)
                                                         _364_ (net)
                      0.038220    0.000025    0.813011 ^ _730_/B (sky130_fd_sc_hd__and2_2)
     1    0.002383    0.035008    0.117218    0.930229 ^ _730_/X (sky130_fd_sc_hd__and2_2)
                                                         _017_ (net)
                      0.035008    0.000024    0.930252 ^ _753_/D (sky130_fd_sc_hd__dfxtp_2)
                                              0.930252   data arrival time

                                  0.000000    0.000000   clock clk (rise edge)
                                  0.000000    0.000000   clock source latency
     1    0.014311    0.070389    0.050460    0.050460 ^ clk (in)
                                                         clk (net)
                      0.070399    0.000000    0.050460 ^ clkbuf_0_clk/A (sky130_fd_sc_hd__clkbuf_16)
     4    0.039974    0.059776    0.158761    0.209222 ^ clkbuf_0_clk/X (sky130_fd_sc_hd__clkbuf_16)
                                                         clknet_0_clk (net)
                      0.059778    0.000405    0.209626 ^ clkbuf_2_1__f_clk/A (sky130_fd_sc_hd__clkbuf_16)
     9    0.022930    0.044404    0.140308    0.349935 ^ clkbuf_2_1__f_clk/X (sky130_fd_sc_hd__clkbuf_16)
                                                         clknet_2_1__leaf_clk (net)
                      0.044405    0.000262    0.350197 ^ _753_/CLK (sky130_fd_sc_hd__dfxtp_2)
                                  0.250000    0.600197   clock uncertainty
                                 -0.019926    0.580271   clock reconvergence pessimism
                                 -0.029198    0.551073   library hold time
                                              0.551073   data required time
---------------------------------------------------------------------------------------------
                                              0.551073   data required time
                                             -0.930252   data arrival time
---------------------------------------------------------------------------------------------
                                              0.379179   slack (MET)


Startpoint: _755_ (rising edge-triggered flip-flop clocked by clk)
Endpoint: _755_ (rising edge-triggered flip-flop clocked by clk)
Path Group: clk
Path Type: min

Fanout         Cap        Slew       Delay        Time   Description
---------------------------------------------------------------------------------------------
                                  0.000000    0.000000   clock clk (rise edge)
                                  0.000000    0.000000   clock source latency
     1    0.014311    0.070389    0.045655    0.045655 ^ clk (in)
                                                         clk (net)
                      0.070399    0.000000    0.045655 ^ clkbuf_0_clk/A (sky130_fd_sc_hd__clkbuf_16)
     4    0.039974    0.059776    0.143641    0.189296 ^ clkbuf_0_clk/X (sky130_fd_sc_hd__clkbuf_16)
                                                         clknet_0_clk (net)
                      0.059779    0.000383    0.189679 ^ clkbuf_2_0__f_clk/A (sky130_fd_sc_hd__clkbuf_16)
     9    0.024274    0.045620    0.128087    0.317767 ^ clkbuf_2_0__f_clk/X (sky130_fd_sc_hd__clkbuf_16)
                                                         clknet_2_0__leaf_clk (net)
                      0.045626    0.000491    0.318258 ^ _755_/CLK (sky130_fd_sc_hd__dfxtp_2)
     6    0.023000    0.122678    0.358826    0.677084 ^ _755_/Q (sky130_fd_sc_hd__dfxtp_2)
                                                         net23 (net)
                      0.122678    0.000129    0.677213 ^ _733_/A1 (sky130_fd_sc_hd__mux2_1)
     1    0.002760    0.040988    0.136115    0.813328 ^ _733_/X (sky130_fd_sc_hd__mux2_1)
                                                         _366_ (net)
                      0.040988    0.000029    0.813357 ^ _734_/B (sky130_fd_sc_hd__and2_2)
     1    0.002883    0.037146    0.120456    0.933813 ^ _734_/X (sky130_fd_sc_hd__and2_2)
                                                         _019_ (net)
                      0.037146    0.000035    0.933848 ^ _755_/D (sky130_fd_sc_hd__dfxtp_2)
                                              0.933848   data arrival time

                                  0.000000    0.000000   clock clk (rise edge)
                                  0.000000    0.000000   clock source latency
     1    0.014311    0.070389    0.050460    0.050460 ^ clk (in)
                                                         clk (net)
                      0.070399    0.000000    0.050460 ^ clkbuf_0_clk/A (sky130_fd_sc_hd__clkbuf_16)
     4    0.039974    0.059776    0.158761    0.209222 ^ clkbuf_0_clk/X (sky130_fd_sc_hd__clkbuf_16)
                                                         clknet_0_clk (net)
                      0.059779    0.000424    0.209645 ^ clkbuf_2_0__f_clk/A (sky130_fd_sc_hd__clkbuf_16)
     9    0.024274    0.045620    0.141570    0.351216 ^ clkbuf_2_0__f_clk/X (sky130_fd_sc_hd__clkbuf_16)
                                                         clknet_2_0__leaf_clk (net)
                      0.045626    0.000543    0.351759 ^ _755_/CLK (sky130_fd_sc_hd__dfxtp_2)
                                  0.250000    0.601759   clock uncertainty
                                 -0.033501    0.568258   clock reconvergence pessimism
                                 -0.029480    0.538777   library hold time
                                              0.538777   data required time
---------------------------------------------------------------------------------------------
                                              0.538777   data required time
                                             -0.933848   data arrival time
---------------------------------------------------------------------------------------------
                                              0.395071   slack (MET)


Startpoint: _755_ (rising edge-triggered flip-flop clocked by clk)
Endpoint: _751_ (rising edge-triggered flip-flop clocked by clk)
Path Group: clk
Path Type: min

Fanout         Cap        Slew       Delay        Time   Description
---------------------------------------------------------------------------------------------
                                  0.000000    0.000000   clock clk (rise edge)
                                  0.000000    0.000000   clock source latency
     1    0.014311    0.070389    0.045655    0.045655 ^ clk (in)
                                                         clk (net)
                      0.070399    0.000000    0.045655 ^ clkbuf_0_clk/A (sky130_fd_sc_hd__clkbuf_16)
     4    0.039974    0.059776    0.143641    0.189296 ^ clkbuf_0_clk/X (sky130_fd_sc_hd__clkbuf_16)
                                                         clknet_0_clk (net)
                      0.059779    0.000383    0.189679 ^ clkbuf_2_0__f_clk/A (sky130_fd_sc_hd__clkbuf_16)
     9    0.024274    0.045620    0.128087    0.317767 ^ clkbuf_2_0__f_clk/X (sky130_fd_sc_hd__clkbuf_16)
                                                         clknet_2_0__leaf_clk (net)
                      0.045626    0.000491    0.318258 ^ _755_/CLK (sky130_fd_sc_hd__dfxtp_2)
     6    0.023000    0.122678    0.358826    0.677084 ^ _755_/Q (sky130_fd_sc_hd__dfxtp_2)
                                                         net23 (net)
                      0.122678    0.000085    0.677169 ^ _725_/S (sky130_fd_sc_hd__mux2_1)
     1    0.003294    0.045052    0.142119    0.819288 ^ _725_/X (sky130_fd_sc_hd__mux2_1)
                                                         _362_ (net)
                      0.045074    0.000047    0.819335 ^ _726_/B (sky130_fd_sc_hd__and2_2)
     1    0.003864    0.041674    0.126427    0.945763 ^ _726_/X (sky130_fd_sc_hd__and2_2)
                                                         _015_ (net)
                      0.041674    0.000070    0.945833 ^ _751_/D (sky130_fd_sc_hd__dfxtp_2)
                                              0.945833   data arrival time

                                  0.000000    0.000000   clock clk (rise edge)
                                  0.000000    0.000000   clock source latency
     1    0.014311    0.070389    0.050460    0.050460 ^ clk (in)
                                                         clk (net)
                      0.070399    0.000000    0.050460 ^ clkbuf_0_clk/A (sky130_fd_sc_hd__clkbuf_16)
     4    0.039974    0.059776    0.158761    0.209222 ^ clkbuf_0_clk/X (sky130_fd_sc_hd__clkbuf_16)
                                                         clknet_0_clk (net)
                      0.059778    0.000405    0.209626 ^ clkbuf_2_1__f_clk/A (sky130_fd_sc_hd__clkbuf_16)
     9    0.022930    0.044404    0.140308    0.349935 ^ clkbuf_2_1__f_clk/X (sky130_fd_sc_hd__clkbuf_16)
                                                         clknet_2_1__leaf_clk (net)
                      0.044404    0.000175    0.350110 ^ _751_/CLK (sky130_fd_sc_hd__dfxtp_2)
                                  0.250000    0.600110   clock uncertainty
                                 -0.019926    0.580185   clock reconvergence pessimism
                                 -0.030579    0.549606   library hold time
                                              0.549606   data required time
---------------------------------------------------------------------------------------------
                                              0.549606   data required time
                                             -0.945833   data arrival time
---------------------------------------------------------------------------------------------
                                              0.396228   slack (MET)


Startpoint: _769_ (rising edge-triggered flip-flop clocked by clk)
Endpoint: _769_ (rising edge-triggered flip-flop clocked by clk)
Path Group: clk
Path Type: min

Fanout         Cap        Slew       Delay        Time   Description
---------------------------------------------------------------------------------------------
                                  0.000000    0.000000   clock clk (rise edge)
                                  0.000000    0.000000   clock source latency
     1    0.014311    0.070389    0.045655    0.045655 ^ clk (in)
                                                         clk (net)
                      0.070399    0.000000    0.045655 ^ clkbuf_0_clk/A (sky130_fd_sc_hd__clkbuf_16)
     4    0.039974    0.059776    0.143641    0.189296 ^ clkbuf_0_clk/X (sky130_fd_sc_hd__clkbuf_16)
                                                         clknet_0_clk (net)
                      0.059779    0.000383    0.189679 ^ clkbuf_2_0__f_clk/A (sky130_fd_sc_hd__clkbuf_16)
     9    0.024274    0.045620    0.128087    0.317767 ^ clkbuf_2_0__f_clk/X (sky130_fd_sc_hd__clkbuf_16)
                                                         clknet_2_0__leaf_clk (net)
                      0.045625    0.000444    0.318211 ^ _769_/CLK (sky130_fd_sc_hd__dfxtp_2)
     2    0.005949    0.043322    0.301082    0.619293 ^ _769_/Q (sky130_fd_sc_hd__dfxtp_2)
                                                         controller.state[0] (net)
                      0.043322    0.000075    0.619368 ^ _718_/A2 (sky130_fd_sc_hd__a211o_2)
     1    0.002023    0.023426    0.104586    0.723954 ^ _718_/X (sky130_fd_sc_hd__a211o_2)
                                                         _011_ (net)
                      0.023426    0.000016    0.723971 ^ hold87/A (sky130_fd_sc_hd__dlygate4sd3_1)
     1    0.002208    0.048110    0.496161    1.220132 ^ hold87/X (sky130_fd_sc_hd__dlygate4sd3_1)
                                                         net87 (net)
                      0.048110    0.000019    1.220151 ^ _769_/D (sky130_fd_sc_hd__dfxtp_2)
                                              1.220151   data arrival time

                                  0.000000    0.000000   clock clk (rise edge)
                                  0.000000    0.000000   clock source latency
     1    0.014311    0.070389    0.050460    0.050460 ^ clk (in)
                                                         clk (net)
                      0.070399    0.000000    0.050460 ^ clkbuf_0_clk/A (sky130_fd_sc_hd__clkbuf_16)
     4    0.039974    0.059776    0.158761    0.209222 ^ clkbuf_0_clk/X (sky130_fd_sc_hd__clkbuf_16)
                                                         clknet_0_clk (net)
                      0.059779    0.000424    0.209645 ^ clkbuf_2_0__f_clk/A (sky130_fd_sc_hd__clkbuf_16)
     9    0.024274    0.045620    0.141570    0.351216 ^ clkbuf_2_0__f_clk/X (sky130_fd_sc_hd__clkbuf_16)
                                                         clknet_2_0__leaf_clk (net)
                      0.045625    0.000491    0.351707 ^ _769_/CLK (sky130_fd_sc_hd__dfxtp_2)
                                  0.250000    0.601707   clock uncertainty
                                 -0.033496    0.568211   clock reconvergence pessimism
                                 -0.031751    0.536460   library hold time
                                              0.536460   data required time
---------------------------------------------------------------------------------------------
                                              0.536460   data required time
                                             -1.220151   data arrival time
---------------------------------------------------------------------------------------------
                                              0.683691   slack (MET)


Startpoint: _772_ (rising edge-triggered flip-flop clocked by clk)
Endpoint: _778_ (rising edge-triggered flip-flop clocked by clk)
Path Group: clk
Path Type: min

Fanout         Cap        Slew       Delay        Time   Description
---------------------------------------------------------------------------------------------
                                  0.000000    0.000000   clock clk (rise edge)
                                  0.000000    0.000000   clock source latency
     1    0.014311    0.070389    0.045655    0.045655 ^ clk (in)
                                                         clk (net)
                      0.070399    0.000000    0.045655 ^ clkbuf_0_clk/A (sky130_fd_sc_hd__clkbuf_16)
     4    0.039974    0.059776    0.143641    0.189296 ^ clkbuf_0_clk/X (sky130_fd_sc_hd__clkbuf_16)
                                                         clknet_0_clk (net)
                      0.059779    0.000383    0.189679 ^ clkbuf_2_0__f_clk/A (sky130_fd_sc_hd__clkbuf_16)
     9    0.024274    0.045620    0.128087    0.317767 ^ clkbuf_2_0__f_clk/X (sky130_fd_sc_hd__clkbuf_16)
                                                         clknet_2_0__leaf_clk (net)
                      0.045623    0.000398    0.318164 ^ _772_/CLK (sky130_fd_sc_hd__dfxtp_2)
     1    0.002032    0.027034    0.285360    0.603524 ^ _772_/Q (sky130_fd_sc_hd__dfxtp_2)
                                                         controller.state[3] (net)
                      0.027034    0.000017    0.603541 ^ hold89/A (sky130_fd_sc_hd__dlygate4sd3_1)
     2    0.005175    0.073523    0.520845    1.124386 ^ hold89/X (sky130_fd_sc_hd__dlygate4sd3_1)
                                                         net89 (net)
                      0.073523    0.000035    1.124421 ^ _708_/B (sky130_fd_sc_hd__and2_2)
     1    0.001976    0.033226    0.125244    1.249664 ^ _708_/X (sky130_fd_sc_hd__and2_2)
                                                         _008_ (net)
                      0.033226    0.000016    1.249681 ^ _778_/D (sky130_fd_sc_hd__dfxtp_2)
                                              1.249681   data arrival time

                                  0.000000    0.000000   clock clk (rise edge)
                                  0.000000    0.000000   clock source latency
     1    0.014311    0.070389    0.050460    0.050460 ^ clk (in)
                                                         clk (net)
                      0.070399    0.000000    0.050460 ^ clkbuf_0_clk/A (sky130_fd_sc_hd__clkbuf_16)
     4    0.039974    0.059776    0.158761    0.209222 ^ clkbuf_0_clk/X (sky130_fd_sc_hd__clkbuf_16)
                                                         clknet_0_clk (net)
                      0.059779    0.000424    0.209645 ^ clkbuf_2_0__f_clk/A (sky130_fd_sc_hd__clkbuf_16)
     9    0.024274    0.045620    0.141570    0.351216 ^ clkbuf_2_0__f_clk/X (sky130_fd_sc_hd__clkbuf_16)
                                                         clknet_2_0__leaf_clk (net)
                      0.045622    0.000357    0.351573 ^ _778_/CLK (sky130_fd_sc_hd__dfxtp_2)
                                  0.250000    0.601573   clock uncertainty
                                 -0.033449    0.568124   clock reconvergence pessimism
                                 -0.028669    0.539455   library hold time
                                              0.539455   data required time
---------------------------------------------------------------------------------------------
                                              0.539455   data required time
                                             -1.249681   data arrival time
---------------------------------------------------------------------------------------------
                                              0.710226   slack (MET)


Startpoint: _780_ (rising edge-triggered flip-flop clocked by clk)
Endpoint: _748_ (rising edge-triggered flip-flop clocked by clk)
Path Group: clk
Path Type: min

Fanout         Cap        Slew       Delay        Time   Description
---------------------------------------------------------------------------------------------
                                  0.000000    0.000000   clock clk (rise edge)
                                  0.000000    0.000000   clock source latency
     1    0.014311    0.070389    0.045655    0.045655 ^ clk (in)
                                                         clk (net)
                      0.070399    0.000000    0.045655 ^ clkbuf_0_clk/A (sky130_fd_sc_hd__clkbuf_16)
     4    0.039974    0.059776    0.143641    0.189296 ^ clkbuf_0_clk/X (sky130_fd_sc_hd__clkbuf_16)
                                                         clknet_0_clk (net)
                      0.059778    0.000342    0.189638 ^ clkbuf_2_2__f_clk/A (sky130_fd_sc_hd__clkbuf_16)
     9    0.024933    0.046205    0.128759    0.318397 ^ clkbuf_2_2__f_clk/X (sky130_fd_sc_hd__clkbuf_16)
                                                         clknet_2_2__leaf_clk (net)
                      0.046205    0.000039    0.318435 ^ _780_/CLK (sky130_fd_sc_hd__dfxtp_2)
     3    0.008627    0.055213    0.310778    0.629213 ^ _780_/Q (sky130_fd_sc_hd__dfxtp_2)
                                                         controller.state[11] (net)
                      0.055213    0.000099    0.629313 ^ _719_/A4 (sky130_fd_sc_hd__o41a_2)
     1    0.004387    0.036369    0.114457    0.743770 ^ _719_/X (sky130_fd_sc_hd__o41a_2)
                                                         _012_ (net)
                      0.036369    0.000075    0.743844 ^ hold94/A (sky130_fd_sc_hd__dlygate4sd3_1)
     1    0.002823    0.053110    0.505639    1.249483 ^ hold94/X (sky130_fd_sc_hd__dlygate4sd3_1)
                                                         net94 (net)
                      0.053110    0.000033    1.249516 ^ _748_/D (sky130_fd_sc_hd__dfxtp_2)
                                              1.249516   data arrival time

                                  0.000000    0.000000   clock clk (rise edge)
                                  0.000000    0.000000   clock source latency
     1    0.014311    0.070389    0.050460    0.050460 ^ clk (in)
                                                         clk (net)
                      0.070399    0.000000    0.050460 ^ clkbuf_0_clk/A (sky130_fd_sc_hd__clkbuf_16)
     4    0.039974    0.059776    0.158761    0.209222 ^ clkbuf_0_clk/X (sky130_fd_sc_hd__clkbuf_16)
                                                         clknet_0_clk (net)
                      0.059778    0.000378    0.209599 ^ clkbuf_2_2__f_clk/A (sky130_fd_sc_hd__clkbuf_16)
     9    0.024933    0.046205    0.142313    0.351912 ^ clkbuf_2_2__f_clk/X (sky130_fd_sc_hd__clkbuf_16)
                                                         clknet_2_2__leaf_clk (net)
                      0.046208    0.000424    0.352336 ^ _748_/CLK (sky130_fd_sc_hd__dfxtp_2)
                                  0.250000    0.602336   clock uncertainty
                                 -0.033515    0.568820   clock reconvergence pessimism
                                 -0.032710    0.536111   library hold time
                                              0.536111   data required time
---------------------------------------------------------------------------------------------
                                              0.536111   data required time
                                             -1.249516   data arrival time
---------------------------------------------------------------------------------------------
                                              0.713405   slack (MET)


Startpoint: _777_ (rising edge-triggered flip-flop clocked by clk)
Endpoint: _774_ (rising edge-triggered flip-flop clocked by clk)
Path Group: clk
Path Type: min

Fanout         Cap        Slew       Delay        Time   Description
---------------------------------------------------------------------------------------------
                                  0.000000    0.000000   clock clk (rise edge)
                                  0.000000    0.000000   clock source latency
     1    0.014311    0.070389    0.045655    0.045655 ^ clk (in)
                                                         clk (net)
                      0.070399    0.000000    0.045655 ^ clkbuf_0_clk/A (sky130_fd_sc_hd__clkbuf_16)
     4    0.039974    0.059776    0.143641    0.189296 ^ clkbuf_0_clk/X (sky130_fd_sc_hd__clkbuf_16)
                                                         clknet_0_clk (net)
                      0.059778    0.000342    0.189638 ^ clkbuf_2_2__f_clk/A (sky130_fd_sc_hd__clkbuf_16)
     9    0.024933    0.046205    0.128759    0.318397 ^ clkbuf_2_2__f_clk/X (sky130_fd_sc_hd__clkbuf_16)
                                                         clknet_2_2__leaf_clk (net)
                      0.046206    0.000273    0.318670 ^ _777_/CLK (sky130_fd_sc_hd__dfxtp_2)
     1    0.002293    0.028046    0.286709    0.605378 ^ _777_/Q (sky130_fd_sc_hd__dfxtp_2)
                                                         controller.state[8] (net)
                      0.028046    0.000013    0.605391 ^ hold90/A (sky130_fd_sc_hd__dlygate4sd3_1)
     2    0.004834    0.070609    0.518662    1.124053 ^ hold90/X (sky130_fd_sc_hd__dlygate4sd3_1)
                                                         net90 (net)
                      0.070609    0.000058    1.124110 ^ _713_/B (sky130_fd_sc_hd__and2_2)
     1    0.002968    0.037481    0.129286    1.253396 ^ _713_/X (sky130_fd_sc_hd__and2_2)
                                                         _004_ (net)
                      0.037481    0.000034    1.253430 ^ _774_/D (sky130_fd_sc_hd__dfxtp_2)
                                              1.253430   data arrival time

                                  0.000000    0.000000   clock clk (rise edge)
                                  0.000000    0.000000   clock source latency
     1    0.014311    0.070389    0.050460    0.050460 ^ clk (in)
                                                         clk (net)
                      0.070399    0.000000    0.050460 ^ clkbuf_0_clk/A (sky130_fd_sc_hd__clkbuf_16)
     4    0.039974    0.059776    0.158761    0.209222 ^ clkbuf_0_clk/X (sky130_fd_sc_hd__clkbuf_16)
                                                         clknet_0_clk (net)
                      0.059778    0.000378    0.209599 ^ clkbuf_2_2__f_clk/A (sky130_fd_sc_hd__clkbuf_16)
     9    0.024933    0.046205    0.142313    0.351912 ^ clkbuf_2_2__f_clk/X (sky130_fd_sc_hd__clkbuf_16)
                                                         clknet_2_2__leaf_clk (net)
                      0.046205    0.000238    0.352150 ^ _774_/CLK (sky130_fd_sc_hd__dfxtp_2)
                                  0.250000    0.602150   clock uncertainty
                                 -0.033515    0.568635   clock reconvergence pessimism
                                 -0.029474    0.539161   library hold time
                                              0.539161   data required time
---------------------------------------------------------------------------------------------
                                              0.539161   data required time
                                             -1.253430   data arrival time
---------------------------------------------------------------------------------------------
                                              0.714269   slack (MET)


Startpoint: _775_ (rising edge-triggered flip-flop clocked by clk)
Endpoint: _772_ (rising edge-triggered flip-flop clocked by clk)
Path Group: clk
Path Type: min

Fanout         Cap        Slew       Delay        Time   Description
---------------------------------------------------------------------------------------------
                                  0.000000    0.000000   clock clk (rise edge)
                                  0.000000    0.000000   clock source latency
     1    0.014311    0.070389    0.045655    0.045655 ^ clk (in)
                                                         clk (net)
                      0.070399    0.000000    0.045655 ^ clkbuf_0_clk/A (sky130_fd_sc_hd__clkbuf_16)
     4    0.039974    0.059776    0.143641    0.189296 ^ clkbuf_0_clk/X (sky130_fd_sc_hd__clkbuf_16)
                                                         clknet_0_clk (net)
                      0.059779    0.000383    0.189679 ^ clkbuf_2_0__f_clk/A (sky130_fd_sc_hd__clkbuf_16)
     9    0.024274    0.045620    0.128087    0.317767 ^ clkbuf_2_0__f_clk/X (sky130_fd_sc_hd__clkbuf_16)
                                                         clknet_2_0__leaf_clk (net)
                      0.045626    0.000476    0.318243 ^ _775_/CLK (sky130_fd_sc_hd__dfxtp_2)
     1    0.002247    0.027872    0.286303    0.604546 ^ _775_/Q (sky130_fd_sc_hd__dfxtp_2)
                                                         controller.state[6] (net)
                      0.027872    0.000020    0.604566 ^ hold91/A (sky130_fd_sc_hd__dlygate4sd3_1)
     2    0.005690    0.077992    0.524872    1.129437 ^ hold91/X (sky130_fd_sc_hd__dlygate4sd3_1)
                                                         net91 (net)
                      0.077992    0.000052    1.129489 ^ _715_/B (sky130_fd_sc_hd__and2_2)
     1    0.002382    0.034967    0.128489    1.257978 ^ _715_/X (sky130_fd_sc_hd__and2_2)
                                                         _002_ (net)
                      0.034967    0.000023    1.258001 ^ _772_/D (sky130_fd_sc_hd__dfxtp_2)
                                              1.258001   data arrival time

                                  0.000000    0.000000   clock clk (rise edge)
                                  0.000000    0.000000   clock source latency
     1    0.014311    0.070389    0.050460    0.050460 ^ clk (in)
                                                         clk (net)
                      0.070399    0.000000    0.050460 ^ clkbuf_0_clk/A (sky130_fd_sc_hd__clkbuf_16)
     4    0.039974    0.059776    0.158761    0.209222 ^ clkbuf_0_clk/X (sky130_fd_sc_hd__clkbuf_16)
                                                         clknet_0_clk (net)
                      0.059779    0.000424    0.209645 ^ clkbuf_2_0__f_clk/A (sky130_fd_sc_hd__clkbuf_16)
     9    0.024274    0.045620    0.141570    0.351216 ^ clkbuf_2_0__f_clk/X (sky130_fd_sc_hd__clkbuf_16)
                                                         clknet_2_0__leaf_clk (net)
                      0.045623    0.000439    0.351655 ^ _772_/CLK (sky130_fd_sc_hd__dfxtp_2)
                                  0.250000    0.601655   clock uncertainty
                                 -0.033449    0.568206   clock reconvergence pessimism
                                 -0.029030    0.539177   library hold time
                                              0.539177   data required time
---------------------------------------------------------------------------------------------
                                              0.539177   data required time
                                             -1.258001   data arrival time
---------------------------------------------------------------------------------------------
                                              0.718825   slack (MET)


Startpoint: _780_ (rising edge-triggered flip-flop clocked by clk)
Endpoint: _770_ (rising edge-triggered flip-flop clocked by clk)
Path Group: clk
Path Type: min

Fanout         Cap        Slew       Delay        Time   Description
---------------------------------------------------------------------------------------------
                                  0.000000    0.000000   clock clk (rise edge)
                                  0.000000    0.000000   clock source latency
     1    0.014311    0.070389    0.045655    0.045655 ^ clk (in)
                                                         clk (net)
                      0.070399    0.000000    0.045655 ^ clkbuf_0_clk/A (sky130_fd_sc_hd__clkbuf_16)
     4    0.039974    0.059776    0.143641    0.189296 ^ clkbuf_0_clk/X (sky130_fd_sc_hd__clkbuf_16)
                                                         clknet_0_clk (net)
                      0.059778    0.000342    0.189638 ^ clkbuf_2_2__f_clk/A (sky130_fd_sc_hd__clkbuf_16)
     9    0.024933    0.046205    0.128759    0.318397 ^ clkbuf_2_2__f_clk/X (sky130_fd_sc_hd__clkbuf_16)
                                                         clknet_2_2__leaf_clk (net)
                      0.046205    0.000039    0.318435 ^ _780_/CLK (sky130_fd_sc_hd__dfxtp_2)
     3    0.008627    0.055213    0.310778    0.629213 ^ _780_/Q (sky130_fd_sc_hd__dfxtp_2)
                                                         controller.state[11] (net)
                      0.055213    0.000068    0.629282 ^ hold95/A (sky130_fd_sc_hd__dlygate4sd3_1)
     1    0.004155    0.064923    0.522078    1.151360 ^ hold95/X (sky130_fd_sc_hd__dlygate4sd3_1)
                                                         net95 (net)
                      0.064923    0.000075    1.151435 ^ _717_/B (sky130_fd_sc_hd__and2_2)
     1    0.002083    0.033690    0.123352    1.274787 ^ _717_/X (sky130_fd_sc_hd__and2_2)
                                                         _000_ (net)
                      0.033690    0.000018    1.274805 ^ _770_/D (sky130_fd_sc_hd__dfxtp_2)
                                              1.274805   data arrival time

                                  0.000000    0.000000   clock clk (rise edge)
                                  0.000000    0.000000   clock source latency
     1    0.014311    0.070389    0.050460    0.050460 ^ clk (in)
                                                         clk (net)
                      0.070399    0.000000    0.050460 ^ clkbuf_0_clk/A (sky130_fd_sc_hd__clkbuf_16)
     4    0.039974    0.059776    0.158761    0.209222 ^ clkbuf_0_clk/X (sky130_fd_sc_hd__clkbuf_16)
                                                         clknet_0_clk (net)
                      0.059779    0.000424    0.209645 ^ clkbuf_2_0__f_clk/A (sky130_fd_sc_hd__clkbuf_16)
     9    0.024274    0.045620    0.141570    0.351216 ^ clkbuf_2_0__f_clk/X (sky130_fd_sc_hd__clkbuf_16)
                                                         clknet_2_0__leaf_clk (net)
                      0.045620    0.000250    0.351466 ^ _770_/CLK (sky130_fd_sc_hd__dfxtp_2)
                                  0.250000    0.601466   clock uncertainty
                                 -0.019926    0.581540   clock reconvergence pessimism
                                 -0.028765    0.552774   library hold time
                                              0.552774   data required time
---------------------------------------------------------------------------------------------
                                              0.552774   data required time
                                             -1.274805   data arrival time
---------------------------------------------------------------------------------------------
                                              0.722030   slack (MET)


Startpoint: _774_ (rising edge-triggered flip-flop clocked by clk)
Endpoint: _780_ (rising edge-triggered flip-flop clocked by clk)
Path Group: clk
Path Type: min

Fanout         Cap        Slew       Delay        Time   Description
---------------------------------------------------------------------------------------------
                                  0.000000    0.000000   clock clk (rise edge)
                                  0.000000    0.000000   clock source latency
     1    0.014311    0.070389    0.045655    0.045655 ^ clk (in)
                                                         clk (net)
                      0.070399    0.000000    0.045655 ^ clkbuf_0_clk/A (sky130_fd_sc_hd__clkbuf_16)
     4    0.039974    0.059776    0.143641    0.189296 ^ clkbuf_0_clk/X (sky130_fd_sc_hd__clkbuf_16)
                                                         clknet_0_clk (net)
                      0.059778    0.000342    0.189638 ^ clkbuf_2_2__f_clk/A (sky130_fd_sc_hd__clkbuf_16)
     9    0.024933    0.046205    0.128759    0.318397 ^ clkbuf_2_2__f_clk/X (sky130_fd_sc_hd__clkbuf_16)
                                                         clknet_2_2__leaf_clk (net)
                      0.046205    0.000215    0.318612 ^ _774_/CLK (sky130_fd_sc_hd__dfxtp_2)
     1    0.002383    0.028399    0.287102    0.605714 ^ _774_/Q (sky130_fd_sc_hd__dfxtp_2)
                                                         controller.state[5] (net)
                      0.028399    0.000023    0.605737 ^ hold88/A (sky130_fd_sc_hd__dlygate4sd3_1)
     2    0.006348    0.083774    0.529851    1.135589 ^ hold88/X (sky130_fd_sc_hd__dlygate4sd3_1)
                                                         net88 (net)
                      0.083774    0.000005    1.135594 ^ _706_/A (sky130_fd_sc_hd__and2_2)
     1    0.002131    0.033965    0.126737    1.262331 ^ _706_/X (sky130_fd_sc_hd__and2_2)
                                                         _010_ (net)
                      0.033965    0.000019    1.262350 ^ _780_/D (sky130_fd_sc_hd__dfxtp_2)
                                              1.262350   data arrival time

                                  0.000000    0.000000   clock clk (rise edge)
                                  0.000000    0.000000   clock source latency
     1    0.014311    0.070389    0.050460    0.050460 ^ clk (in)
                                                         clk (net)
                      0.070399    0.000000    0.050460 ^ clkbuf_0_clk/A (sky130_fd_sc_hd__clkbuf_16)
     4    0.039974    0.059776    0.158761    0.209222 ^ clkbuf_0_clk/X (sky130_fd_sc_hd__clkbuf_16)
                                                         clknet_0_clk (net)
                      0.059778    0.000378    0.209599 ^ clkbuf_2_2__f_clk/A (sky130_fd_sc_hd__clkbuf_16)
     9    0.024933    0.046205    0.142313    0.351912 ^ clkbuf_2_2__f_clk/X (sky130_fd_sc_hd__clkbuf_16)
                                                         clknet_2_2__leaf_clk (net)
                      0.046205    0.000043    0.351955 ^ _780_/CLK (sky130_fd_sc_hd__dfxtp_2)
                                  0.250000    0.601955   clock uncertainty
                                 -0.033515    0.568440   clock reconvergence pessimism
                                 -0.028746    0.539694   library hold time
                                              0.539694   data required time
---------------------------------------------------------------------------------------------
                                              0.539694   data required time
                                             -1.262350   data arrival time
---------------------------------------------------------------------------------------------
                                              0.722656   slack (MET)


Startpoint: _773_ (rising edge-triggered flip-flop clocked by clk)
Endpoint: _779_ (rising edge-triggered flip-flop clocked by clk)
Path Group: clk
Path Type: min

Fanout         Cap        Slew       Delay        Time   Description
---------------------------------------------------------------------------------------------
                                  0.000000    0.000000   clock clk (rise edge)
                                  0.000000    0.000000   clock source latency
     1    0.014311    0.070389    0.045655    0.045655 ^ clk (in)
                                                         clk (net)
                      0.070399    0.000000    0.045655 ^ clkbuf_0_clk/A (sky130_fd_sc_hd__clkbuf_16)
     4    0.039974    0.059776    0.143641    0.189296 ^ clkbuf_0_clk/X (sky130_fd_sc_hd__clkbuf_16)
                                                         clknet_0_clk (net)
                      0.059778    0.000342    0.189638 ^ clkbuf_2_2__f_clk/A (sky130_fd_sc_hd__clkbuf_16)
     9    0.024933    0.046205    0.128759    0.318397 ^ clkbuf_2_2__f_clk/X (sky130_fd_sc_hd__clkbuf_16)
                                                         clknet_2_2__leaf_clk (net)
                      0.046209    0.000406    0.318802 ^ _773_/CLK (sky130_fd_sc_hd__dfxtp_2)
     3    0.008042    0.052583    0.308713    0.627515 ^ _773_/Q (sky130_fd_sc_hd__dfxtp_2)
                                                         controller.state[4] (net)
                      0.052583    0.000079    0.627594 ^ hold98/A (sky130_fd_sc_hd__dlygate4sd3_1)
     1    0.002914    0.053918    0.511496    1.139090 ^ hold98/X (sky130_fd_sc_hd__dlygate4sd3_1)
                                                         net98 (net)
                      0.053918    0.000035    1.139125 ^ _707_/B (sky130_fd_sc_hd__and2_2)
     1    0.003135    0.038208    0.125412    1.264537 ^ _707_/X (sky130_fd_sc_hd__and2_2)
                                                         _009_ (net)
                      0.038208    0.000040    1.264577 ^ _779_/D (sky130_fd_sc_hd__dfxtp_2)
                                              1.264577   data arrival time

                                  0.000000    0.000000   clock clk (rise edge)
                                  0.000000    0.000000   clock source latency
     1    0.014311    0.070389    0.050460    0.050460 ^ clk (in)
                                                         clk (net)
                      0.070399    0.000000    0.050460 ^ clkbuf_0_clk/A (sky130_fd_sc_hd__clkbuf_16)
     4    0.039974    0.059776    0.158761    0.209222 ^ clkbuf_0_clk/X (sky130_fd_sc_hd__clkbuf_16)
                                                         clknet_0_clk (net)
                      0.059778    0.000378    0.209599 ^ clkbuf_2_2__f_clk/A (sky130_fd_sc_hd__clkbuf_16)
     9    0.024933    0.046205    0.142313    0.351912 ^ clkbuf_2_2__f_clk/X (sky130_fd_sc_hd__clkbuf_16)
                                                         clknet_2_2__leaf_clk (net)
                      0.046205    0.000045    0.351957 ^ _779_/CLK (sky130_fd_sc_hd__dfxtp_2)
                                  0.250000    0.601957   clock uncertainty
                                 -0.033515    0.568442   clock reconvergence pessimism
                                 -0.029624    0.538817   library hold time
                                              0.538817   data required time
---------------------------------------------------------------------------------------------
                                              0.538817   data required time
                                             -1.264577   data arrival time
---------------------------------------------------------------------------------------------
                                              0.725759   slack (MET)


Startpoint: _771_ (rising edge-triggered flip-flop clocked by clk)
Endpoint: _777_ (rising edge-triggered flip-flop clocked by clk)
Path Group: clk
Path Type: min

Fanout         Cap        Slew       Delay        Time   Description
---------------------------------------------------------------------------------------------
                                  0.000000    0.000000   clock clk (rise edge)
                                  0.000000    0.000000   clock source latency
     1    0.014311    0.070389    0.045655    0.045655 ^ clk (in)
                                                         clk (net)
                      0.070399    0.000000    0.045655 ^ clkbuf_0_clk/A (sky130_fd_sc_hd__clkbuf_16)
     4    0.039974    0.059776    0.143641    0.189296 ^ clkbuf_0_clk/X (sky130_fd_sc_hd__clkbuf_16)
                                                         clknet_0_clk (net)
                      0.059779    0.000383    0.189679 ^ clkbuf_2_0__f_clk/A (sky130_fd_sc_hd__clkbuf_16)
     9    0.024274    0.045620    0.128087    0.317767 ^ clkbuf_2_0__f_clk/X (sky130_fd_sc_hd__clkbuf_16)
                                                         clknet_2_0__leaf_clk (net)
                      0.045620    0.000234    0.318001 ^ _771_/CLK (sky130_fd_sc_hd__dfxtp_2)
     1    0.002767    0.029686    0.288577    0.606578 ^ _771_/Q (sky130_fd_sc_hd__dfxtp_2)
                                                         controller.state[2] (net)
                      0.029686    0.000031    0.606609 ^ hold92/A (sky130_fd_sc_hd__dlygate4sd3_1)
     2    0.008476    0.102185    0.545802    1.152410 ^ hold92/X (sky130_fd_sc_hd__dlygate4sd3_1)
                                                         net92 (net)
                      0.102185    0.000043    1.152453 ^ _709_/B (sky130_fd_sc_hd__and2_2)
     1    0.002835    0.036895    0.137513    1.289966 ^ _709_/X (sky130_fd_sc_hd__and2_2)
                                                         _007_ (net)
                      0.036895    0.000031    1.289997 ^ _777_/D (sky130_fd_sc_hd__dfxtp_2)
                                              1.289997   data arrival time

                                  0.000000    0.000000   clock clk (rise edge)
                                  0.000000    0.000000   clock source latency
     1    0.014311    0.070389    0.050460    0.050460 ^ clk (in)
                                                         clk (net)
                      0.070399    0.000000    0.050460 ^ clkbuf_0_clk/A (sky130_fd_sc_hd__clkbuf_16)
     4    0.039974    0.059776    0.158761    0.209222 ^ clkbuf_0_clk/X (sky130_fd_sc_hd__clkbuf_16)
                                                         clknet_0_clk (net)
                      0.059778    0.000378    0.209599 ^ clkbuf_2_2__f_clk/A (sky130_fd_sc_hd__clkbuf_16)
     9    0.024933    0.046205    0.142313    0.351912 ^ clkbuf_2_2__f_clk/X (sky130_fd_sc_hd__clkbuf_16)
                                                         clknet_2_2__leaf_clk (net)
                      0.046206    0.000302    0.352214 ^ _777_/CLK (sky130_fd_sc_hd__dfxtp_2)
                                  0.250000    0.602214   clock uncertainty
                                 -0.019926    0.582288   clock reconvergence pessimism
                                 -0.029352    0.552936   library hold time
                                              0.552936   data required time
---------------------------------------------------------------------------------------------
                                              0.552936   data required time
                                             -1.289997   data arrival time
---------------------------------------------------------------------------------------------
                                              0.737061   slack (MET)


Startpoint: _776_ (rising edge-triggered flip-flop clocked by clk)
Endpoint: _773_ (rising edge-triggered flip-flop clocked by clk)
Path Group: clk
Path Type: min

Fanout         Cap        Slew       Delay        Time   Description
---------------------------------------------------------------------------------------------
                                  0.000000    0.000000   clock clk (rise edge)
                                  0.000000    0.000000   clock source latency
     1    0.014311    0.070389    0.045655    0.045655 ^ clk (in)
                                                         clk (net)
                      0.070399    0.000000    0.045655 ^ clkbuf_0_clk/A (sky130_fd_sc_hd__clkbuf_16)
     4    0.039974    0.059776    0.143641    0.189296 ^ clkbuf_0_clk/X (sky130_fd_sc_hd__clkbuf_16)
                                                         clknet_0_clk (net)
                      0.059778    0.000342    0.189638 ^ clkbuf_2_2__f_clk/A (sky130_fd_sc_hd__clkbuf_16)
     9    0.024933    0.046205    0.128759    0.318397 ^ clkbuf_2_2__f_clk/X (sky130_fd_sc_hd__clkbuf_16)
                                                         clknet_2_2__leaf_clk (net)
                      0.046207    0.000333    0.318729 ^ _776_/CLK (sky130_fd_sc_hd__dfxtp_2)
     2    0.006317    0.044933    0.302603    0.621333 ^ _776_/Q (sky130_fd_sc_hd__dfxtp_2)
                                                         controller.state[7] (net)
                      0.044933    0.000042    0.621375 ^ hold96/A (sky130_fd_sc_hd__dlygate4sd3_1)
     2    0.005963    0.080441    0.532159    1.153534 ^ hold96/X (sky130_fd_sc_hd__dlygate4sd3_1)
                                                         net96 (net)
                      0.080441    0.000056    1.153590 ^ _714_/B (sky130_fd_sc_hd__and2_2)
     1    0.001943    0.033082    0.127026    1.280616 ^ _714_/X (sky130_fd_sc_hd__and2_2)
                                                         _003_ (net)
                      0.033082    0.000016    1.280632 ^ _773_/D (sky130_fd_sc_hd__dfxtp_2)
                                              1.280632   data arrival time

                                  0.000000    0.000000   clock clk (rise edge)
                                  0.000000    0.000000   clock source latency
     1    0.014311    0.070389    0.050460    0.050460 ^ clk (in)
                                                         clk (net)
                      0.070399    0.000000    0.050460 ^ clkbuf_0_clk/A (sky130_fd_sc_hd__clkbuf_16)
     4    0.039974    0.059776    0.158761    0.209222 ^ clkbuf_0_clk/X (sky130_fd_sc_hd__clkbuf_16)
                                                         clknet_0_clk (net)
                      0.059778    0.000378    0.209599 ^ clkbuf_2_2__f_clk/A (sky130_fd_sc_hd__clkbuf_16)
     9    0.024933    0.046205    0.142313    0.351912 ^ clkbuf_2_2__f_clk/X (sky130_fd_sc_hd__clkbuf_16)
                                                         clknet_2_2__leaf_clk (net)
                      0.046209    0.000448    0.352361 ^ _773_/CLK (sky130_fd_sc_hd__dfxtp_2)
                                  0.250000    0.602361   clock uncertainty
                                 -0.033515    0.568845   clock reconvergence pessimism
                                 -0.028562    0.540283   library hold time
                                              0.540283   data required time
---------------------------------------------------------------------------------------------
                                              0.540283   data required time
                                             -1.280632   data arrival time
---------------------------------------------------------------------------------------------
                                              0.740349   slack (MET)


Startpoint: _770_ (rising edge-triggered flip-flop clocked by clk)
Endpoint: _776_ (rising edge-triggered flip-flop clocked by clk)
Path Group: clk
Path Type: min

Fanout         Cap        Slew       Delay        Time   Description
---------------------------------------------------------------------------------------------
                                  0.000000    0.000000   clock clk (rise edge)
                                  0.000000    0.000000   clock source latency
     1    0.014311    0.070389    0.045655    0.045655 ^ clk (in)
                                                         clk (net)
                      0.070399    0.000000    0.045655 ^ clkbuf_0_clk/A (sky130_fd_sc_hd__clkbuf_16)
     4    0.039974    0.059776    0.143641    0.189296 ^ clkbuf_0_clk/X (sky130_fd_sc_hd__clkbuf_16)
                                                         clknet_0_clk (net)
                      0.059779    0.000383    0.189679 ^ clkbuf_2_0__f_clk/A (sky130_fd_sc_hd__clkbuf_16)
     9    0.024274    0.045620    0.128087    0.317767 ^ clkbuf_2_0__f_clk/X (sky130_fd_sc_hd__clkbuf_16)
                                                         clknet_2_0__leaf_clk (net)
                      0.045620    0.000226    0.317993 ^ _770_/CLK (sky130_fd_sc_hd__dfxtp_2)
     2    0.006102    0.043997    0.301632    0.619625 ^ _770_/Q (sky130_fd_sc_hd__dfxtp_2)
                                                         controller.state[1] (net)
                      0.043997    0.000050    0.619675 ^ hold93/A (sky130_fd_sc_hd__dlygate4sd3_1)
     2    0.007253    0.091884    0.541301    1.160976 ^ hold93/X (sky130_fd_sc_hd__dlygate4sd3_1)
                                                         net93 (net)
                      0.091884    0.000066    1.161042 ^ _710_/B (sky130_fd_sc_hd__and2_2)
     1    0.003184    0.038391    0.136324    1.297366 ^ _710_/X (sky130_fd_sc_hd__and2_2)
                                                         _006_ (net)
                      0.038391    0.000042    1.297408 ^ _776_/D (sky130_fd_sc_hd__dfxtp_2)
                                              1.297408   data arrival time

                                  0.000000    0.000000   clock clk (rise edge)
                                  0.000000    0.000000   clock source latency
     1    0.014311    0.070389    0.050460    0.050460 ^ clk (in)
                                                         clk (net)
                      0.070399    0.000000    0.050460 ^ clkbuf_0_clk/A (sky130_fd_sc_hd__clkbuf_16)
     4    0.039974    0.059776    0.158761    0.209222 ^ clkbuf_0_clk/X (sky130_fd_sc_hd__clkbuf_16)
                                                         clknet_0_clk (net)
                      0.059778    0.000378    0.209599 ^ clkbuf_2_2__f_clk/A (sky130_fd_sc_hd__clkbuf_16)
     9    0.024933    0.046205    0.142313    0.351912 ^ clkbuf_2_2__f_clk/X (sky130_fd_sc_hd__clkbuf_16)
                                                         clknet_2_2__leaf_clk (net)
                      0.046207    0.000368    0.352280 ^ _776_/CLK (sky130_fd_sc_hd__dfxtp_2)
                                  0.250000    0.602280   clock uncertainty
                                 -0.019926    0.582354   clock reconvergence pessimism
                                 -0.029662    0.552692   library hold time
                                              0.552692   data required time
---------------------------------------------------------------------------------------------
                                              0.552692   data required time
                                             -1.297408   data arrival time
---------------------------------------------------------------------------------------------
                                              0.744716   slack (MET)


Startpoint: _778_ (rising edge-triggered flip-flop clocked by clk)
Endpoint: _771_ (rising edge-triggered flip-flop clocked by clk)
Path Group: clk
Path Type: min

Fanout         Cap        Slew       Delay        Time   Description
---------------------------------------------------------------------------------------------
                                  0.000000    0.000000   clock clk (rise edge)
                                  0.000000    0.000000   clock source latency
     1    0.014311    0.070389    0.045655    0.045655 ^ clk (in)
                                                         clk (net)
                      0.070399    0.000000    0.045655 ^ clkbuf_0_clk/A (sky130_fd_sc_hd__clkbuf_16)
     4    0.039974    0.059776    0.143641    0.189296 ^ clkbuf_0_clk/X (sky130_fd_sc_hd__clkbuf_16)
                                                         clknet_0_clk (net)
                      0.059779    0.000383    0.189679 ^ clkbuf_2_0__f_clk/A (sky130_fd_sc_hd__clkbuf_16)
     9    0.024274    0.045620    0.128087    0.317767 ^ clkbuf_2_0__f_clk/X (sky130_fd_sc_hd__clkbuf_16)
                                                         clknet_2_0__leaf_clk (net)
                      0.045622    0.000323    0.318090 ^ _778_/CLK (sky130_fd_sc_hd__dfxtp_2)
     1    0.002499    0.028782    0.287403    0.605493 ^ _778_/Q (sky130_fd_sc_hd__dfxtp_2)
                                                         controller.state[9] (net)
                      0.028782    0.000024    0.605516 ^ hold97/A (sky130_fd_sc_hd__dlygate4sd3_1)
     2    0.008580    0.103003    0.546292    1.151809 ^ hold97/X (sky130_fd_sc_hd__dlygate4sd3_1)
                                                         net97 (net)
                      0.103003    0.000066    1.151875 ^ _716_/B (sky130_fd_sc_hd__and2_2)
     1    0.002591    0.035853    0.136547    1.288422 ^ _716_/X (sky130_fd_sc_hd__and2_2)
                                                         _001_ (net)
                      0.035853    0.000027    1.288449 ^ _771_/D (sky130_fd_sc_hd__dfxtp_2)
                                              1.288449   data arrival time

                                  0.000000    0.000000   clock clk (rise edge)
                                  0.000000    0.000000   clock source latency
     1    0.014311    0.070389    0.050460    0.050460 ^ clk (in)
                                                         clk (net)
                      0.070399    0.000000    0.050460 ^ clkbuf_0_clk/A (sky130_fd_sc_hd__clkbuf_16)
     4    0.039974    0.059776    0.158761    0.209222 ^ clkbuf_0_clk/X (sky130_fd_sc_hd__clkbuf_16)
                                                         clknet_0_clk (net)
                      0.059779    0.000424    0.209645 ^ clkbuf_2_0__f_clk/A (sky130_fd_sc_hd__clkbuf_16)
     9    0.024274    0.045620    0.141570    0.351216 ^ clkbuf_2_0__f_clk/X (sky130_fd_sc_hd__clkbuf_16)
                                                         clknet_2_0__leaf_clk (net)
                      0.045620    0.000259    0.351475 ^ _771_/CLK (sky130_fd_sc_hd__dfxtp_2)
                                  0.250000    0.601475   clock uncertainty
                                 -0.033449    0.568025   clock reconvergence pessimism
                                 -0.029214    0.538812   library hold time
                                              0.538812   data required time
---------------------------------------------------------------------------------------------
                                              0.538812   data required time
                                             -1.288449   data arrival time
---------------------------------------------------------------------------------------------
                                              0.749637   slack (MET)


Startpoint: _763_ (rising edge-triggered flip-flop clocked by clk)
Endpoint: _767_ (rising edge-triggered flip-flop clocked by clk)
Path Group: clk
Path Type: min

Fanout         Cap        Slew       Delay        Time   Description
---------------------------------------------------------------------------------------------
                                  0.000000    0.000000   clock clk (rise edge)
                                  0.000000    0.000000   clock source latency
     1    0.014311    0.070389    0.045655    0.045655 ^ clk (in)
                                                         clk (net)
                      0.070399    0.000000    0.045655 ^ clkbuf_0_clk/A (sky130_fd_sc_hd__clkbuf_16)
     4    0.039974    0.059776    0.143641    0.189296 ^ clkbuf_0_clk/X (sky130_fd_sc_hd__clkbuf_16)
                                                         clknet_0_clk (net)
                      0.059778    0.000363    0.189659 ^ clkbuf_2_3__f_clk/A (sky130_fd_sc_hd__clkbuf_16)
     9    0.023896    0.045277    0.127753    0.317412 ^ clkbuf_2_3__f_clk/X (sky130_fd_sc_hd__clkbuf_16)
                                                         clknet_2_3__leaf_clk (net)
                      0.045282    0.000418    0.317830 ^ _763_/CLK (sky130_fd_sc_hd__dfxtp_2)
     5    0.020230    0.109437    0.349406    0.667236 ^ _763_/Q (sky130_fd_sc_hd__dfxtp_2)
                                                         diagnostic.x2[2] (net)
                      0.109437    0.000144    0.667380 ^ hold99/A (sky130_fd_sc_hd__dlygate4sd3_1)
     1    0.002492    0.050325    0.523297    1.190676 ^ hold99/X (sky130_fd_sc_hd__dlygate4sd3_1)
                                                         net99 (net)
                      0.050325    0.000028    1.190704 ^ _746_/A (sky130_fd_sc_hd__and2_2)
     1    0.003024    0.037783    0.119731    1.310435 ^ _746_/X (sky130_fd_sc_hd__and2_2)
                                                         _031_ (net)
                      0.037783    0.000040    1.310475 ^ _767_/D (sky130_fd_sc_hd__dfxtp_2)
                                              1.310475   data arrival time

                                  0.000000    0.000000   clock clk (rise edge)
                                  0.000000    0.000000   clock source latency
     1    0.014311    0.070389    0.050460    0.050460 ^ clk (in)
                                                         clk (net)
                      0.070399    0.000000    0.050460 ^ clkbuf_0_clk/A (sky130_fd_sc_hd__clkbuf_16)
     4    0.039974    0.059776    0.158761    0.209222 ^ clkbuf_0_clk/X (sky130_fd_sc_hd__clkbuf_16)
                                                         clknet_0_clk (net)
                      0.059778    0.000401    0.209623 ^ clkbuf_2_3__f_clk/A (sky130_fd_sc_hd__clkbuf_16)
     9    0.023896    0.045277    0.141201    0.350823 ^ clkbuf_2_3__f_clk/X (sky130_fd_sc_hd__clkbuf_16)
                                                         clknet_2_3__leaf_clk (net)
                      0.045278    0.000297    0.351120 ^ _767_/CLK (sky130_fd_sc_hd__dfxtp_2)
                                  0.250000    0.601120   clock uncertainty
                                 -0.033412    0.567709   clock reconvergence pessimism
                                 -0.029658    0.538051   library hold time
                                              0.538051   data required time
---------------------------------------------------------------------------------------------
                                              0.538051   data required time
                                             -1.310475   data arrival time
---------------------------------------------------------------------------------------------
                                              0.772425   slack (MET)


Startpoint: _779_ (rising edge-triggered flip-flop clocked by clk)
Endpoint: _756_ (rising edge-triggered flip-flop clocked by clk)
Path Group: clk
Path Type: min

Fanout         Cap        Slew       Delay        Time   Description
---------------------------------------------------------------------------------------------
                                  0.000000    0.000000   clock clk (rise edge)
                                  0.000000    0.000000   clock source latency
     1    0.014311    0.070389    0.045655    0.045655 ^ clk (in)
                                                         clk (net)
                      0.070399    0.000000    0.045655 ^ clkbuf_0_clk/A (sky130_fd_sc_hd__clkbuf_16)
     4    0.039974    0.059776    0.143641    0.189296 ^ clkbuf_0_clk/X (sky130_fd_sc_hd__clkbuf_16)
                                                         clknet_0_clk (net)
                      0.059778    0.000342    0.189638 ^ clkbuf_2_2__f_clk/A (sky130_fd_sc_hd__clkbuf_16)
     9    0.024933    0.046205    0.128759    0.318397 ^ clkbuf_2_2__f_clk/X (sky130_fd_sc_hd__clkbuf_16)
                                                         clknet_2_2__leaf_clk (net)
                      0.046205    0.000041    0.318437 ^ _779_/CLK (sky130_fd_sc_hd__dfxtp_2)
     1    0.004451    0.036596    0.295977    0.614415 ^ _779_/Q (sky130_fd_sc_hd__dfxtp_2)
                                                         controller.state[10] (net)
                      0.036596    0.000070    0.614485 ^ hold86/A (sky130_fd_sc_hd__dlygate4sd3_1)
     2    0.010687    0.122064    0.562642    1.177127 ^ hold86/X (sky130_fd_sc_hd__dlygate4sd3_1)
                                                         net86 (net)
                      0.122064    0.000093    1.177220 ^ _735_/B (sky130_fd_sc_hd__and2_2)
     1    0.001965    0.033170    0.138839    1.316059 ^ _735_/X (sky130_fd_sc_hd__and2_2)
                                                         _020_ (net)
                      0.033170    0.000009    1.316068 ^ _756_/D (sky130_fd_sc_hd__dfxtp_2)
                                              1.316068   data arrival time

                                  0.000000    0.000000   clock clk (rise edge)
                                  0.000000    0.000000   clock source latency
     1    0.014311    0.070389    0.050460    0.050460 ^ clk (in)
                                                         clk (net)
                      0.070399    0.000000    0.050460 ^ clkbuf_0_clk/A (sky130_fd_sc_hd__clkbuf_16)
     4    0.039974    0.059776    0.158761    0.209222 ^ clkbuf_0_clk/X (sky130_fd_sc_hd__clkbuf_16)
                                                         clknet_0_clk (net)
                      0.059778    0.000378    0.209599 ^ clkbuf_2_2__f_clk/A (sky130_fd_sc_hd__clkbuf_16)
     9    0.024933    0.046205    0.142313    0.351912 ^ clkbuf_2_2__f_clk/X (sky130_fd_sc_hd__clkbuf_16)
                                                         clknet_2_2__leaf_clk (net)
                      0.046205    0.000045    0.351957 ^ _756_/CLK (sky130_fd_sc_hd__dfxtp_2)
                                  0.250000    0.601957   clock uncertainty
                                 -0.033515    0.568442   clock reconvergence pessimism
                                 -0.028581    0.539861   library hold time
                                              0.539861   data required time
---------------------------------------------------------------------------------------------
                                              0.539861   data required time
                                             -1.316068   data arrival time
---------------------------------------------------------------------------------------------
                                              0.776207   slack (MET)


Startpoint: _757_ (rising edge-triggered flip-flop clocked by clk)
Endpoint: _761_ (rising edge-triggered flip-flop clocked by clk)
Path Group: clk
Path Type: min

Fanout         Cap        Slew       Delay        Time   Description
---------------------------------------------------------------------------------------------
                                  0.000000    0.000000   clock clk (rise edge)
                                  0.000000    0.000000   clock source latency
     1    0.014311    0.070389    0.045655    0.045655 ^ clk (in)
                                                         clk (net)
                      0.070399    0.000000    0.045655 ^ clkbuf_0_clk/A (sky130_fd_sc_hd__clkbuf_16)
     4    0.039974    0.059776    0.143641    0.189296 ^ clkbuf_0_clk/X (sky130_fd_sc_hd__clkbuf_16)
                                                         clknet_0_clk (net)
                      0.059778    0.000366    0.189662 ^ clkbuf_2_1__f_clk/A (sky130_fd_sc_hd__clkbuf_16)
     9    0.022930    0.044404    0.126946    0.316608 ^ clkbuf_2_1__f_clk/X (sky130_fd_sc_hd__clkbuf_16)
                                                         clknet_2_1__leaf_clk (net)
                      0.044404    0.000170    0.316778 ^ _757_/CLK (sky130_fd_sc_hd__dfxtp_2)
     8    0.030739    0.159935    0.383774    0.700553 ^ _757_/Q (sky130_fd_sc_hd__dfxtp_2)
                                                         diagnostic.x1[0] (net)
                      0.159935    0.000135    0.700688 ^ hold103/A (sky130_fd_sc_hd__dlygate4sd3_1)
     1    0.001866    0.045654    0.528837    1.229525 ^ hold103/X (sky130_fd_sc_hd__dlygate4sd3_1)
                                                         net103 (net)
                      0.045654    0.000016    1.229541 ^ _740_/A (sky130_fd_sc_hd__and2_2)
     1    0.002346    0.034894    0.114850    1.344391 ^ _740_/X (sky130_fd_sc_hd__and2_2)
                                                         _025_ (net)
                      0.034894    0.000022    1.344413 ^ _761_/D (sky130_fd_sc_hd__dfxtp_2)
                                              1.344413   data arrival time

                                  0.000000    0.000000   clock clk (rise edge)
                                  0.000000    0.000000   clock source latency
     1    0.014311    0.070389    0.050460    0.050460 ^ clk (in)
                                                         clk (net)
                      0.070399    0.000000    0.050460 ^ clkbuf_0_clk/A (sky130_fd_sc_hd__clkbuf_16)
     4    0.039974    0.059776    0.158761    0.209222 ^ clkbuf_0_clk/X (sky130_fd_sc_hd__clkbuf_16)
                                                         clknet_0_clk (net)
                      0.059778    0.000401    0.209623 ^ clkbuf_2_3__f_clk/A (sky130_fd_sc_hd__clkbuf_16)
     9    0.023896    0.045277    0.141201    0.350823 ^ clkbuf_2_3__f_clk/X (sky130_fd_sc_hd__clkbuf_16)
                                                         clknet_2_3__leaf_clk (net)
                      0.045281    0.000422    0.351245 ^ _761_/CLK (sky130_fd_sc_hd__dfxtp_2)
                                  0.250000    0.601245   clock uncertainty
                                 -0.019926    0.581319   clock reconvergence pessimism
                                 -0.029060    0.552260   library hold time
                                              0.552260   data required time
---------------------------------------------------------------------------------------------
                                              0.552260   data required time
                                             -1.344413   data arrival time
---------------------------------------------------------------------------------------------
                                              0.792153   slack (MET)


Startpoint: _760_ (rising edge-triggered flip-flop clocked by clk)
Endpoint: _764_ (rising edge-triggered flip-flop clocked by clk)
Path Group: clk
Path Type: min

Fanout         Cap        Slew       Delay        Time   Description
---------------------------------------------------------------------------------------------
                                  0.000000    0.000000   clock clk (rise edge)
                                  0.000000    0.000000   clock source latency
     1    0.014311    0.070389    0.045655    0.045655 ^ clk (in)
                                                         clk (net)
                      0.070399    0.000000    0.045655 ^ clkbuf_0_clk/A (sky130_fd_sc_hd__clkbuf_16)
     4    0.039974    0.059776    0.143641    0.189296 ^ clkbuf_0_clk/X (sky130_fd_sc_hd__clkbuf_16)
                                                         clknet_0_clk (net)
                      0.059778    0.000366    0.189662 ^ clkbuf_2_1__f_clk/A (sky130_fd_sc_hd__clkbuf_16)
     9    0.022930    0.044404    0.126946    0.316608 ^ clkbuf_2_1__f_clk/X (sky130_fd_sc_hd__clkbuf_16)
                                                         clknet_2_1__leaf_clk (net)
                      0.044404    0.000153    0.316761 ^ _760_/CLK (sky130_fd_sc_hd__dfxtp_2)
     8    0.031770    0.084294    0.345263    0.662024 v _760_/Q (sky130_fd_sc_hd__dfxtp_2)
                                                         diagnostic.x1[3] (net)
                      0.084294    0.000274    0.662298 v hold105/A (sky130_fd_sc_hd__dlygate4sd3_1)
     1    0.001575    0.047595    0.526684    1.188983 v hold105/X (sky130_fd_sc_hd__dlygate4sd3_1)
                                                         net105 (net)
                      0.047595    0.000006    1.188989 v _743_/A (sky130_fd_sc_hd__and2_2)
     1    0.002560    0.033711    0.154105    1.343094 v _743_/X (sky130_fd_sc_hd__and2_2)
                                                         _028_ (net)
                      0.033711    0.000026    1.343120 v _764_/D (sky130_fd_sc_hd__dfxtp_2)
                                              1.343120   data arrival time

                                  0.000000    0.000000   clock clk (rise edge)
                                  0.000000    0.000000   clock source latency
     1    0.014311    0.070389    0.050460    0.050460 ^ clk (in)
                                                         clk (net)
                      0.070399    0.000000    0.050460 ^ clkbuf_0_clk/A (sky130_fd_sc_hd__clkbuf_16)
     4    0.039974    0.059776    0.158761    0.209222 ^ clkbuf_0_clk/X (sky130_fd_sc_hd__clkbuf_16)
                                                         clknet_0_clk (net)
                      0.059778    0.000401    0.209623 ^ clkbuf_2_3__f_clk/A (sky130_fd_sc_hd__clkbuf_16)
     9    0.023896    0.045277    0.141201    0.350823 ^ clkbuf_2_3__f_clk/X (sky130_fd_sc_hd__clkbuf_16)
                                                         clknet_2_3__leaf_clk (net)
                      0.045281    0.000455    0.351278 ^ _764_/CLK (sky130_fd_sc_hd__dfxtp_2)
                                  0.250000    0.601278   clock uncertainty
                                 -0.019926    0.581352   clock reconvergence pessimism
                                 -0.041359    0.539994   library hold time
                                              0.539994   data required time
---------------------------------------------------------------------------------------------
                                              0.539994   data required time
                                             -1.343120   data arrival time
---------------------------------------------------------------------------------------------
                                              0.803126   slack (MET)


Startpoint: _759_ (rising edge-triggered flip-flop clocked by clk)
Endpoint: _763_ (rising edge-triggered flip-flop clocked by clk)
Path Group: clk
Path Type: min

Fanout         Cap        Slew       Delay        Time   Description
---------------------------------------------------------------------------------------------
                                  0.000000    0.000000   clock clk (rise edge)
                                  0.000000    0.000000   clock source latency
     1    0.014311    0.070389    0.045655    0.045655 ^ clk (in)
                                                         clk (net)
                      0.070399    0.000000    0.045655 ^ clkbuf_0_clk/A (sky130_fd_sc_hd__clkbuf_16)
     4    0.039974    0.059776    0.143641    0.189296 ^ clkbuf_0_clk/X (sky130_fd_sc_hd__clkbuf_16)
                                                         clknet_0_clk (net)
                      0.059778    0.000366    0.189662 ^ clkbuf_2_1__f_clk/A (sky130_fd_sc_hd__clkbuf_16)
     9    0.022930    0.044404    0.126946    0.316608 ^ clkbuf_2_1__f_clk/X (sky130_fd_sc_hd__clkbuf_16)
                                                         clknet_2_1__leaf_clk (net)
                      0.044404    0.000146    0.316753 ^ _759_/CLK (sky130_fd_sc_hd__dfxtp_2)
     9    0.035691    0.090333    0.352236    0.668989 v _759_/Q (sky130_fd_sc_hd__dfxtp_2)
                                                         diagnostic.x1[2] (net)
                      0.090334    0.000491    0.669480 v hold108/A (sky130_fd_sc_hd__dlygate4sd3_1)
     1    0.001567    0.047556    0.529226    1.198705 v hold108/X (sky130_fd_sc_hd__dlygate4sd3_1)
                                                         net108 (net)
                      0.047556    0.000006    1.198711 v _742_/A (sky130_fd_sc_hd__and2_2)
     1    0.002307    0.033124    0.153025    1.351736 v _742_/X (sky130_fd_sc_hd__and2_2)
                                                         _027_ (net)
                      0.033124    0.000021    1.351757 v _763_/D (sky130_fd_sc_hd__dfxtp_2)
                                              1.351757   data arrival time

                                  0.000000    0.000000   clock clk (rise edge)
                                  0.000000    0.000000   clock source latency
     1    0.014311    0.070389    0.050460    0.050460 ^ clk (in)
                                                         clk (net)
                      0.070399    0.000000    0.050460 ^ clkbuf_0_clk/A (sky130_fd_sc_hd__clkbuf_16)
     4    0.039974    0.059776    0.158761    0.209222 ^ clkbuf_0_clk/X (sky130_fd_sc_hd__clkbuf_16)
                                                         clknet_0_clk (net)
                      0.059778    0.000401    0.209623 ^ clkbuf_2_3__f_clk/A (sky130_fd_sc_hd__clkbuf_16)
     9    0.023896    0.045277    0.141201    0.350823 ^ clkbuf_2_3__f_clk/X (sky130_fd_sc_hd__clkbuf_16)
                                                         clknet_2_3__leaf_clk (net)
                      0.045282    0.000462    0.351285 ^ _763_/CLK (sky130_fd_sc_hd__dfxtp_2)
                                  0.250000    0.601285   clock uncertainty
                                 -0.019926    0.581360   clock reconvergence pessimism
                                 -0.041118    0.540242   library hold time
                                              0.540242   data required time
---------------------------------------------------------------------------------------------
                                              0.540242   data required time
                                             -1.351757   data arrival time
---------------------------------------------------------------------------------------------
                                              0.811515   slack (MET)


Startpoint: _764_ (rising edge-triggered flip-flop clocked by clk)
Endpoint: _768_ (rising edge-triggered flip-flop clocked by clk)
Path Group: clk
Path Type: min

Fanout         Cap        Slew       Delay        Time   Description
---------------------------------------------------------------------------------------------
                                  0.000000    0.000000   clock clk (rise edge)
                                  0.000000    0.000000   clock source latency
     1    0.014311    0.070389    0.045655    0.045655 ^ clk (in)
                                                         clk (net)
                      0.070399    0.000000    0.045655 ^ clkbuf_0_clk/A (sky130_fd_sc_hd__clkbuf_16)
     4    0.039974    0.059776    0.143641    0.189296 ^ clkbuf_0_clk/X (sky130_fd_sc_hd__clkbuf_16)
                                                         clknet_0_clk (net)
                      0.059778    0.000363    0.189659 ^ clkbuf_2_3__f_clk/A (sky130_fd_sc_hd__clkbuf_16)
     9    0.023896    0.045277    0.127753    0.317412 ^ clkbuf_2_3__f_clk/X (sky130_fd_sc_hd__clkbuf_16)
                                                         clknet_2_3__leaf_clk (net)
                      0.045281    0.000411    0.317823 ^ _764_/CLK (sky130_fd_sc_hd__dfxtp_2)
     8    0.031501    0.163686    0.386275    0.704098 ^ _764_/Q (sky130_fd_sc_hd__dfxtp_2)
                                                         diagnostic.x2[3] (net)
                      0.163686    0.000227    0.704325 ^ hold106/A (sky130_fd_sc_hd__dlygate4sd3_1)
     1    0.002185    0.047916    0.532419    1.236744 ^ hold106/X (sky130_fd_sc_hd__dlygate4sd3_1)
                                                         net106 (net)
                      0.047916    0.000021    1.236765 ^ _747_/A (sky130_fd_sc_hd__and2_2)
     1    0.002360    0.034961    0.115676    1.352441 ^ _747_/X (sky130_fd_sc_hd__and2_2)
                                                         _032_ (net)
                      0.034961    0.000022    1.352463 ^ _768_/D (sky130_fd_sc_hd__dfxtp_2)
                                              1.352463   data arrival time

                                  0.000000    0.000000   clock clk (rise edge)
                                  0.000000    0.000000   clock source latency
     1    0.014311    0.070389    0.050460    0.050460 ^ clk (in)
                                                         clk (net)
                      0.070399    0.000000    0.050460 ^ clkbuf_0_clk/A (sky130_fd_sc_hd__clkbuf_16)
     4    0.039974    0.059776    0.158761    0.209222 ^ clkbuf_0_clk/X (sky130_fd_sc_hd__clkbuf_16)
                                                         clknet_0_clk (net)
                      0.059778    0.000401    0.209623 ^ clkbuf_2_3__f_clk/A (sky130_fd_sc_hd__clkbuf_16)
     9    0.023896    0.045277    0.141201    0.350823 ^ clkbuf_2_3__f_clk/X (sky130_fd_sc_hd__clkbuf_16)
                                                         clknet_2_3__leaf_clk (net)
                      0.045278    0.000286    0.351109 ^ _768_/CLK (sky130_fd_sc_hd__dfxtp_2)
                                  0.250000    0.601109   clock uncertainty
                                 -0.033412    0.567697   clock reconvergence pessimism
                                 -0.029074    0.538623   library hold time
                                              0.538623   data required time
---------------------------------------------------------------------------------------------
                                              0.538623   data required time
                                             -1.352463   data arrival time
---------------------------------------------------------------------------------------------
                                              0.813840   slack (MET)


Startpoint: _761_ (rising edge-triggered flip-flop clocked by clk)
Endpoint: _765_ (rising edge-triggered flip-flop clocked by clk)
Path Group: clk
Path Type: min

Fanout         Cap        Slew       Delay        Time   Description
---------------------------------------------------------------------------------------------
                                  0.000000    0.000000   clock clk (rise edge)
                                  0.000000    0.000000   clock source latency
     1    0.014311    0.070389    0.045655    0.045655 ^ clk (in)
                                                         clk (net)
                      0.070399    0.000000    0.045655 ^ clkbuf_0_clk/A (sky130_fd_sc_hd__clkbuf_16)
     4    0.039974    0.059776    0.143641    0.189296 ^ clkbuf_0_clk/X (sky130_fd_sc_hd__clkbuf_16)
                                                         clknet_0_clk (net)
                      0.059778    0.000363    0.189659 ^ clkbuf_2_3__f_clk/A (sky130_fd_sc_hd__clkbuf_16)
     9    0.023896    0.045277    0.127753    0.317412 ^ clkbuf_2_3__f_clk/X (sky130_fd_sc_hd__clkbuf_16)
                                                         clknet_2_3__leaf_clk (net)
                      0.045281    0.000381    0.317793 ^ _761_/CLK (sky130_fd_sc_hd__dfxtp_2)
     8    0.031477    0.163491    0.386447    0.704240 ^ _761_/Q (sky130_fd_sc_hd__dfxtp_2)
                                                         diagnostic.x2[0] (net)
                      0.163491    0.000096    0.704336 ^ hold107/A (sky130_fd_sc_hd__dlygate4sd3_1)
     1    0.002525    0.050559    0.535407    1.239743 ^ hold107/X (sky130_fd_sc_hd__dlygate4sd3_1)
                                                         net107 (net)
                      0.050559    0.000029    1.239772 ^ _744_/A (sky130_fd_sc_hd__and2_2)
     1    0.002015    0.033507    0.114878    1.354650 ^ _744_/X (sky130_fd_sc_hd__and2_2)
                                                         _029_ (net)
                      0.033507    0.000017    1.354667 ^ _765_/D (sky130_fd_sc_hd__dfxtp_2)
                                              1.354667   data arrival time

                                  0.000000    0.000000   clock clk (rise edge)
                                  0.000000    0.000000   clock source latency
     1    0.014311    0.070389    0.050460    0.050460 ^ clk (in)
                                                         clk (net)
                      0.070399    0.000000    0.050460 ^ clkbuf_0_clk/A (sky130_fd_sc_hd__clkbuf_16)
     4    0.039974    0.059776    0.158761    0.209222 ^ clkbuf_0_clk/X (sky130_fd_sc_hd__clkbuf_16)
                                                         clknet_0_clk (net)
                      0.059778    0.000401    0.209623 ^ clkbuf_2_3__f_clk/A (sky130_fd_sc_hd__clkbuf_16)
     9    0.023896    0.045277    0.141201    0.350823 ^ clkbuf_2_3__f_clk/X (sky130_fd_sc_hd__clkbuf_16)
                                                         clknet_2_3__leaf_clk (net)
                      0.045281    0.000434    0.351257 ^ _765_/CLK (sky130_fd_sc_hd__dfxtp_2)
                                  0.250000    0.601257   clock uncertainty
                                 -0.033412    0.567845   clock reconvergence pessimism
                                 -0.028772    0.539073   library hold time
                                              0.539073   data required time
---------------------------------------------------------------------------------------------
                                              0.539073   data required time
                                             -1.354667   data arrival time
---------------------------------------------------------------------------------------------
                                              0.815593   slack (MET)


Startpoint: _755_ (rising edge-triggered flip-flop clocked by clk)
Endpoint: _754_ (rising edge-triggered flip-flop clocked by clk)
Path Group: clk
Path Type: min

Fanout         Cap        Slew       Delay        Time   Description
---------------------------------------------------------------------------------------------
                                  0.000000    0.000000   clock clk (rise edge)
                                  0.000000    0.000000   clock source latency
     1    0.014311    0.070389    0.045655    0.045655 ^ clk (in)
                                                         clk (net)
                      0.070399    0.000000    0.045655 ^ clkbuf_0_clk/A (sky130_fd_sc_hd__clkbuf_16)
     4    0.039974    0.059776    0.143641    0.189296 ^ clkbuf_0_clk/X (sky130_fd_sc_hd__clkbuf_16)
                                                         clknet_0_clk (net)
                      0.059779    0.000383    0.189679 ^ clkbuf_2_0__f_clk/A (sky130_fd_sc_hd__clkbuf_16)
     9    0.024274    0.045620    0.128087    0.317767 ^ clkbuf_2_0__f_clk/X (sky130_fd_sc_hd__clkbuf_16)
                                                         clknet_2_0__leaf_clk (net)
                      0.045626    0.000491    0.318258 ^ _755_/CLK (sky130_fd_sc_hd__dfxtp_2)
     6    0.021746    0.062340    0.328430    0.646687 v _755_/Q (sky130_fd_sc_hd__dfxtp_2)
                                                         net23 (net)
                      0.062340    0.000165    0.646852 v hold104/A (sky130_fd_sc_hd__dlygate4sd3_1)
     1    0.003304    0.056300    0.532113    1.178965 v hold104/X (sky130_fd_sc_hd__dlygate4sd3_1)
                                                         net104 (net)
                      0.056300    0.000047    1.179012 v _731_/A_N (sky130_fd_sc_hd__and3b_2)
     1    0.002413    0.040466    0.208383    1.387396 ^ _731_/X (sky130_fd_sc_hd__and3b_2)
                                                         _018_ (net)
                      0.040466    0.000025    1.387420 ^ _754_/D (sky130_fd_sc_hd__dfxtp_2)
                                              1.387420   data arrival time

                                  0.000000    0.000000   clock clk (rise edge)
                                  0.000000    0.000000   clock source latency
     1    0.014311    0.070389    0.050460    0.050460 ^ clk (in)
                                                         clk (net)
                      0.070399    0.000000    0.050460 ^ clkbuf_0_clk/A (sky130_fd_sc_hd__clkbuf_16)
     4    0.039974    0.059776    0.158761    0.209222 ^ clkbuf_0_clk/X (sky130_fd_sc_hd__clkbuf_16)
                                                         clknet_0_clk (net)
                      0.059778    0.000405    0.209626 ^ clkbuf_2_1__f_clk/A (sky130_fd_sc_hd__clkbuf_16)
     9    0.022930    0.044404    0.140308    0.349935 ^ clkbuf_2_1__f_clk/X (sky130_fd_sc_hd__clkbuf_16)
                                                         clknet_2_1__leaf_clk (net)
                      0.044405    0.000242    0.350177 ^ _754_/CLK (sky130_fd_sc_hd__dfxtp_2)
                                  0.250000    0.600177   clock uncertainty
                                 -0.019926    0.580251   clock reconvergence pessimism
                                 -0.030329    0.549922   library hold time
                                              0.549922   data required time
---------------------------------------------------------------------------------------------
                                              0.549922   data required time
                                             -1.387420   data arrival time
---------------------------------------------------------------------------------------------
                                              0.837498   slack (MET)


Startpoint: _756_ (rising edge-triggered flip-flop clocked by clk)
Endpoint: diag_done (output port clocked by clk)
Path Group: clk
Path Type: min

Fanout         Cap        Slew       Delay        Time   Description
---------------------------------------------------------------------------------------------
                                  0.000000    0.000000   clock clk (rise edge)
                                  0.000000    0.000000   clock source latency
     1    0.014311    0.070389    0.045655    0.045655 ^ clk (in)
                                                         clk (net)
                      0.070399    0.000000    0.045655 ^ clkbuf_0_clk/A (sky130_fd_sc_hd__clkbuf_16)
     4    0.039974    0.059776    0.143641    0.189296 ^ clkbuf_0_clk/X (sky130_fd_sc_hd__clkbuf_16)
                                                         clknet_0_clk (net)
                      0.059778    0.000342    0.189638 ^ clkbuf_2_2__f_clk/A (sky130_fd_sc_hd__clkbuf_16)
     9    0.024933    0.046205    0.128759    0.318397 ^ clkbuf_2_2__f_clk/X (sky130_fd_sc_hd__clkbuf_16)
                                                         clknet_2_2__leaf_clk (net)
                      0.046205    0.000041    0.318437 ^ _756_/CLK (sky130_fd_sc_hd__dfxtp_2)
     1    0.002465    0.021926    0.285951    0.604388 v _756_/Q (sky130_fd_sc_hd__dfxtp_2)
                                                         net24 (net)
                      0.021926    0.000021    0.604409 v output24/A (sky130_fd_sc_hd__clkdlybuf4s25_1)
     1    0.034893    0.259497    0.387543    0.991952 v output24/X (sky130_fd_sc_hd__clkdlybuf4s25_1)
                                                         diag_done (net)
                      0.259497    0.000435    0.992388 v diag_done (out)
                                              0.992388   data arrival time

                                  0.000000    0.000000   clock clk (rise edge)
                                  0.000000    0.000000   clock network delay (propagated)
                                  0.250000    0.250000   clock uncertainty
                                  0.000000    0.250000   clock reconvergence pessimism
                                 -2.000000   -1.750000   output external delay
                                             -1.750000   data required time
---------------------------------------------------------------------------------------------
                                             -1.750000   data required time
                                             -0.992388   data arrival time
---------------------------------------------------------------------------------------------
                                              2.742388   slack (MET)


Startpoint: _755_ (rising edge-triggered flip-flop clocked by clk)
Endpoint: diag_busy (output port clocked by clk)
Path Group: clk
Path Type: min

Fanout         Cap        Slew       Delay        Time   Description
---------------------------------------------------------------------------------------------
                                  0.000000    0.000000   clock clk (rise edge)
                                  0.000000    0.000000   clock source latency
     1    0.014311    0.070389    0.045655    0.045655 ^ clk (in)
                                                         clk (net)
                      0.070399    0.000000    0.045655 ^ clkbuf_0_clk/A (sky130_fd_sc_hd__clkbuf_16)
     4    0.039974    0.059776    0.143641    0.189296 ^ clkbuf_0_clk/X (sky130_fd_sc_hd__clkbuf_16)
                                                         clknet_0_clk (net)
                      0.059779    0.000383    0.189679 ^ clkbuf_2_0__f_clk/A (sky130_fd_sc_hd__clkbuf_16)
     9    0.024274    0.045620    0.128087    0.317767 ^ clkbuf_2_0__f_clk/X (sky130_fd_sc_hd__clkbuf_16)
                                                         clknet_2_0__leaf_clk (net)
                      0.045626    0.000491    0.318258 ^ _755_/CLK (sky130_fd_sc_hd__dfxtp_2)
     6    0.021746    0.062340    0.328430    0.646687 v _755_/Q (sky130_fd_sc_hd__dfxtp_2)
                                                         net23 (net)
                      0.062340    0.000233    0.646920 v output23/A (sky130_fd_sc_hd__clkdlybuf4s25_1)
     1    0.035221    0.262029    0.405735    1.052655 v output23/X (sky130_fd_sc_hd__clkdlybuf4s25_1)
                                                         diag_busy (net)
                      0.262029    0.000407    1.053062 v diag_busy (out)
                                              1.053062   data arrival time

                                  0.000000    0.000000   clock clk (rise edge)
                                  0.000000    0.000000   clock network delay (propagated)
                                  0.250000    0.250000   clock uncertainty
                                  0.000000    0.250000   clock reconvergence pessimism
                                 -2.000000   -1.750000   output external delay
                                             -1.750000   data required time
---------------------------------------------------------------------------------------------
                                             -1.750000   data required time
                                             -1.053062   data arrival time
---------------------------------------------------------------------------------------------
                                              2.803062   slack (MET)


Startpoint: _761_ (rising edge-triggered flip-flop clocked by clk)
Endpoint: y[0] (output port clocked by clk)
Path Group: clk
Path Type: min

Fanout         Cap        Slew       Delay        Time   Description
---------------------------------------------------------------------------------------------
                                  0.000000    0.000000   clock clk (rise edge)
                                  0.000000    0.000000   clock source latency
     1    0.014311    0.070389    0.045655    0.045655 ^ clk (in)
                                                         clk (net)
                      0.070399    0.000000    0.045655 ^ clkbuf_0_clk/A (sky130_fd_sc_hd__clkbuf_16)
     4    0.039974    0.059776    0.143641    0.189296 ^ clkbuf_0_clk/X (sky130_fd_sc_hd__clkbuf_16)
                                                         clknet_0_clk (net)
                      0.059778    0.000363    0.189659 ^ clkbuf_2_3__f_clk/A (sky130_fd_sc_hd__clkbuf_16)
     9    0.023896    0.045277    0.127753    0.317412 ^ clkbuf_2_3__f_clk/X (sky130_fd_sc_hd__clkbuf_16)
                                                         clknet_2_3__leaf_clk (net)
                      0.045281    0.000381    0.317793 ^ _761_/CLK (sky130_fd_sc_hd__dfxtp_2)
     8    0.029587    0.079249    0.342204    0.659997 v _761_/Q (sky130_fd_sc_hd__dfxtp_2)
                                                         diagnostic.x2[0] (net)
                      0.079250    0.000297    0.660294 v _702_/A2 (sky130_fd_sc_hd__a21oi_2)
     1    0.005054    0.104522    0.145211    0.805505 ^ _702_/Y (sky130_fd_sc_hd__a21oi_2)
                                                         _357_ (net)
                      0.104522    0.000024    0.805529 ^ _703_/B (sky130_fd_sc_hd__nor2_2)
     1    0.005206    0.028935    0.044138    0.849667 v _703_/Y (sky130_fd_sc_hd__nor2_2)
                                                         net25 (net)
                      0.028935    0.000104    0.849771 v output25/A (sky130_fd_sc_hd__clkdlybuf4s25_1)
     1    0.035059    0.260730    0.391170    1.240941 v output25/X (sky130_fd_sc_hd__clkdlybuf4s25_1)
                                                         y[0] (net)
                      0.260730    0.000482    1.241422 v y[0] (out)
                                              1.241422   data arrival time

                                  0.000000    0.000000   clock clk (rise edge)
                                  0.000000    0.000000   clock network delay (propagated)
                                  0.250000    0.250000   clock uncertainty
                                  0.000000    0.250000   clock reconvergence pessimism
                                 -2.000000   -1.750000   output external delay
                                             -1.750000   data required time
---------------------------------------------------------------------------------------------
                                             -1.750000   data required time
                                             -1.241422   data arrival time
---------------------------------------------------------------------------------------------
                                              2.991422   slack (MET)


Startpoint: _765_ (rising edge-triggered flip-flop clocked by clk)
Endpoint: y[1] (output port clocked by clk)
Path Group: clk
Path Type: min

Fanout         Cap        Slew       Delay        Time   Description
---------------------------------------------------------------------------------------------
                                  0.000000    0.000000   clock clk (rise edge)
                                  0.000000    0.000000   clock source latency
     1    0.014311    0.070389    0.045655    0.045655 ^ clk (in)
                                                         clk (net)
                      0.070399    0.000000    0.045655 ^ clkbuf_0_clk/A (sky130_fd_sc_hd__clkbuf_16)
     4    0.039974    0.059776    0.143641    0.189296 ^ clkbuf_0_clk/X (sky130_fd_sc_hd__clkbuf_16)
                                                         clknet_0_clk (net)
                      0.059778    0.000363    0.189659 ^ clkbuf_2_3__f_clk/A (sky130_fd_sc_hd__clkbuf_16)
     9    0.023896    0.045277    0.127753    0.317412 ^ clkbuf_2_3__f_clk/X (sky130_fd_sc_hd__clkbuf_16)
                                                         clknet_2_3__leaf_clk (net)
                      0.045281    0.000393    0.317804 ^ _765_/CLK (sky130_fd_sc_hd__dfxtp_2)
     6    0.026799    0.140996    0.371026    0.688830 ^ _765_/Q (sky130_fd_sc_hd__dfxtp_2)
                                                         diagnostic.x3[0] (net)
                      0.140996    0.000286    0.689116 ^ _447_/A2 (sky130_fd_sc_hd__a31oi_2)
     2    0.013204    0.047432    0.137365    0.826481 v _447_/Y (sky130_fd_sc_hd__a31oi_2)
                                                         _109_ (net)
                      0.047433    0.000243    0.826725 v _704_/B (sky130_fd_sc_hd__xnor2_2)
     1    0.002440    0.031406    0.113475    0.940199 v _704_/Y (sky130_fd_sc_hd__xnor2_2)
                                                         net26 (net)
                      0.031406    0.000021    0.940220 v output26/A (sky130_fd_sc_hd__clkdlybuf4s25_1)
     1    0.034776    0.258679    0.390919    1.331139 v output26/X (sky130_fd_sc_hd__clkdlybuf4s25_1)
                                                         y[1] (net)
                      0.258679    0.000287    1.331426 v y[1] (out)
                                              1.331426   data arrival time

                                  0.000000    0.000000   clock clk (rise edge)
                                  0.000000    0.000000   clock network delay (propagated)
                                  0.250000    0.250000   clock uncertainty
                                  0.000000    0.250000   clock reconvergence pessimism
                                 -2.000000   -1.750000   output external delay
                                             -1.750000   data required time
---------------------------------------------------------------------------------------------
                                             -1.750000   data required time
                                             -1.331426   data arrival time
---------------------------------------------------------------------------------------------
                                              3.081426   slack (MET)


Startpoint: _765_ (rising edge-triggered flip-flop clocked by clk)
Endpoint: y[2] (output port clocked by clk)
Path Group: clk
Path Type: min

Fanout         Cap        Slew       Delay        Time   Description
---------------------------------------------------------------------------------------------
                                  0.000000    0.000000   clock clk (rise edge)
                                  0.000000    0.000000   clock source latency
     1    0.014311    0.070389    0.045655    0.045655 ^ clk (in)
                                                         clk (net)
                      0.070399    0.000000    0.045655 ^ clkbuf_0_clk/A (sky130_fd_sc_hd__clkbuf_16)
     4    0.039974    0.059776    0.143641    0.189296 ^ clkbuf_0_clk/X (sky130_fd_sc_hd__clkbuf_16)
                                                         clknet_0_clk (net)
                      0.059778    0.000363    0.189659 ^ clkbuf_2_3__f_clk/A (sky130_fd_sc_hd__clkbuf_16)
     9    0.023896    0.045277    0.127753    0.317412 ^ clkbuf_2_3__f_clk/X (sky130_fd_sc_hd__clkbuf_16)
                                                         clknet_2_3__leaf_clk (net)
                      0.045281    0.000393    0.317804 ^ _765_/CLK (sky130_fd_sc_hd__dfxtp_2)
     6    0.026799    0.140996    0.371026    0.688830 ^ _765_/Q (sky130_fd_sc_hd__dfxtp_2)
                                                         diagnostic.x3[0] (net)
                      0.140996    0.000286    0.689116 ^ _447_/A2 (sky130_fd_sc_hd__a31oi_2)
     2    0.013204    0.047432    0.137365    0.826481 v _447_/Y (sky130_fd_sc_hd__a31oi_2)
                                                         _109_ (net)
                      0.047432    0.000207    0.826689 v _448_/A_N (sky130_fd_sc_hd__and2b_2)
     2    0.011781    0.073956    0.225135    1.051824 ^ _448_/X (sky130_fd_sc_hd__and2b_2)
                                                         _110_ (net)
                      0.073956    0.000126    1.051950 ^ _449_/B (sky130_fd_sc_hd__xnor2_2)
     1    0.002416    0.028142    0.052072    1.104022 v _449_/Y (sky130_fd_sc_hd__xnor2_2)
                                                         net27 (net)
                      0.028142    0.000018    1.104040 v output27/A (sky130_fd_sc_hd__dlymetal6s2s_1)
     1    0.035039    0.175059    0.232110    1.336150 v output27/X (sky130_fd_sc_hd__dlymetal6s2s_1)
                                                         y[2] (net)
                      0.175059    0.000205    1.336355 v y[2] (out)
                                              1.336355   data arrival time

                                  0.000000    0.000000   clock clk (rise edge)
                                  0.000000    0.000000   clock network delay (propagated)
                                  0.250000    0.250000   clock uncertainty
                                  0.000000    0.250000   clock reconvergence pessimism
                                 -2.000000   -1.750000   output external delay
                                             -1.750000   data required time
---------------------------------------------------------------------------------------------
                                             -1.750000   data required time
                                             -1.336355   data arrival time
---------------------------------------------------------------------------------------------
                                              3.086355   slack (MET)


Startpoint: _765_ (rising edge-triggered flip-flop clocked by clk)
Endpoint: y[3] (output port clocked by clk)
Path Group: clk
Path Type: min

Fanout         Cap        Slew       Delay        Time   Description
---------------------------------------------------------------------------------------------
                                  0.000000    0.000000   clock clk (rise edge)
                                  0.000000    0.000000   clock source latency
     1    0.014311    0.070389    0.045655    0.045655 ^ clk (in)
                                                         clk (net)
                      0.070399    0.000000    0.045655 ^ clkbuf_0_clk/A (sky130_fd_sc_hd__clkbuf_16)
     4    0.039974    0.059776    0.143641    0.189296 ^ clkbuf_0_clk/X (sky130_fd_sc_hd__clkbuf_16)
                                                         clknet_0_clk (net)
                      0.059778    0.000363    0.189659 ^ clkbuf_2_3__f_clk/A (sky130_fd_sc_hd__clkbuf_16)
     9    0.023896    0.045277    0.127753    0.317412 ^ clkbuf_2_3__f_clk/X (sky130_fd_sc_hd__clkbuf_16)
                                                         clknet_2_3__leaf_clk (net)
                      0.045281    0.000393    0.317804 ^ _765_/CLK (sky130_fd_sc_hd__dfxtp_2)
     6    0.026799    0.140996    0.371026    0.688830 ^ _765_/Q (sky130_fd_sc_hd__dfxtp_2)
                                                         diagnostic.x3[0] (net)
                      0.140996    0.000286    0.689116 ^ _447_/A2 (sky130_fd_sc_hd__a31oi_2)
     2    0.013204    0.047432    0.137365    0.826481 v _447_/Y (sky130_fd_sc_hd__a31oi_2)
                                                         _109_ (net)
                      0.047432    0.000207    0.826689 v _448_/A_N (sky130_fd_sc_hd__and2b_2)
     2    0.011781    0.073956    0.225135    1.051824 ^ _448_/X (sky130_fd_sc_hd__and2b_2)
                                                         _110_ (net)
                      0.073956    0.000084    1.051908 ^ _517_/A2 (sky130_fd_sc_hd__a21o_2)
     2    0.015001    0.080838    0.157728    1.209636 ^ _517_/X (sky130_fd_sc_hd__a21o_2)
                                                         _178_ (net)
                      0.080838    0.000161    1.209797 ^ _518_/A (sky130_fd_sc_hd__xnor2_2)
     1    0.004724    0.035164    0.070259    1.280057 v _518_/Y (sky130_fd_sc_hd__xnor2_2)
                                                         net28 (net)
                      0.035164    0.000041    1.280097 v output28/A (sky130_fd_sc_hd__buf_6)
     1    0.034392    0.043715    0.125996    1.406094 v output28/X (sky130_fd_sc_hd__buf_6)
                                                         y[3] (net)
                      0.043715    0.000200    1.406294 v y[3] (out)
                                              1.406294   data arrival time

                                  0.000000    0.000000   clock clk (rise edge)
                                  0.000000    0.000000   clock network delay (propagated)
                                  0.250000    0.250000   clock uncertainty
                                  0.000000    0.250000   clock reconvergence pessimism
                                 -2.000000   -1.750000   output external delay
                                             -1.750000   data required time
---------------------------------------------------------------------------------------------
                                             -1.750000   data required time
                                             -1.406294   data arrival time
---------------------------------------------------------------------------------------------
                                              3.156294   slack (MET)


Startpoint: _768_ (rising edge-triggered flip-flop clocked by clk)
Endpoint: y[9] (output port clocked by clk)
Path Group: clk
Path Type: min

Fanout         Cap        Slew       Delay        Time   Description
---------------------------------------------------------------------------------------------
                                  0.000000    0.000000   clock clk (rise edge)
                                  0.000000    0.000000   clock source latency
     1    0.014311    0.070389    0.045655    0.045655 ^ clk (in)
                                                         clk (net)
                      0.070399    0.000000    0.045655 ^ clkbuf_0_clk/A (sky130_fd_sc_hd__clkbuf_16)
     4    0.039974    0.059776    0.143641    0.189296 ^ clkbuf_0_clk/X (sky130_fd_sc_hd__clkbuf_16)
                                                         clknet_0_clk (net)
                      0.059778    0.000363    0.189659 ^ clkbuf_2_3__f_clk/A (sky130_fd_sc_hd__clkbuf_16)
     9    0.023896    0.045277    0.127753    0.317412 ^ clkbuf_2_3__f_clk/X (sky130_fd_sc_hd__clkbuf_16)
                                                         clknet_2_3__leaf_clk (net)
                      0.045278    0.000258    0.317670 ^ _768_/CLK (sky130_fd_sc_hd__dfxtp_2)
     7    0.025487    0.070483    0.334736    0.652406 v _768_/Q (sky130_fd_sc_hd__dfxtp_2)
                                                         diagnostic.x3[3] (net)
                      0.070490    0.000663    0.653069 v _615_/A (sky130_fd_sc_hd__nand2_2)
     2    0.005792    0.044705    0.065417    0.718486 ^ _615_/Y (sky130_fd_sc_hd__nand2_2)
                                                         _274_ (net)
                      0.044705    0.000038    0.718524 ^ _686_/B1 (sky130_fd_sc_hd__a21o_2)
     1    0.004829    0.034622    0.082628    0.801152 ^ _686_/X (sky130_fd_sc_hd__a21o_2)
                                                         _343_ (net)
                      0.034622    0.000040    0.801192 ^ _687_/B (sky130_fd_sc_hd__nand2_2)
     2    0.011282    0.052405    0.060993    0.862184 v _687_/Y (sky130_fd_sc_hd__nand2_2)
                                                         _344_ (net)
                      0.052405    0.000125    0.862309 v _689_/A (sky130_fd_sc_hd__xor2_2)
     2    0.004811    0.089261    0.145495    1.007804 ^ _689_/X (sky130_fd_sc_hd__xor2_2)
                                                         _346_ (net)
                      0.089261    0.000038    1.007842 ^ _690_/B (sky130_fd_sc_hd__and2_4)
     2    0.005867    0.039258    0.139419    1.147262 ^ _690_/X (sky130_fd_sc_hd__and2_4)
                                                         _347_ (net)
                      0.039258    0.000053    1.147315 ^ _698_/B2 (sky130_fd_sc_hd__o22a_2)
     2    0.005554    0.042980    0.115904    1.263219 ^ _698_/X (sky130_fd_sc_hd__o22a_2)
                                                         _354_ (net)
                      0.042980    0.000041    1.263260 ^ _705_/B1 (sky130_fd_sc_hd__a21o_2)
     1    0.005369    0.036985    0.083850    1.347110 ^ _705_/X (sky130_fd_sc_hd__a21o_2)
                                                         net34 (net)
                      0.036985    0.000030    1.347140 ^ output34/A (sky130_fd_sc_hd__buf_6)
     1    0.035197    0.078534    0.117302    1.464442 ^ output34/X (sky130_fd_sc_hd__buf_6)
                                                         y[9] (net)
                      0.078537    0.000521    1.464963 ^ y[9] (out)
                                              1.464963   data arrival time

                                  0.000000    0.000000   clock clk (rise edge)
                                  0.000000    0.000000   clock network delay (propagated)
                                  0.250000    0.250000   clock uncertainty
                                  0.000000    0.250000   clock reconvergence pessimism
                                 -2.000000   -1.750000   output external delay
                                             -1.750000   data required time
---------------------------------------------------------------------------------------------
                                             -1.750000   data required time
                                             -1.464963   data arrival time
---------------------------------------------------------------------------------------------
                                              3.214963   slack (MET)


Startpoint: _764_ (rising edge-triggered flip-flop clocked by clk)
Endpoint: y[7] (output port clocked by clk)
Path Group: clk
Path Type: min

Fanout         Cap        Slew       Delay        Time   Description
---------------------------------------------------------------------------------------------
                                  0.000000    0.000000   clock clk (rise edge)
                                  0.000000    0.000000   clock source latency
     1    0.014311    0.070389    0.045655    0.045655 ^ clk (in)
                                                         clk (net)
                      0.070399    0.000000    0.045655 ^ clkbuf_0_clk/A (sky130_fd_sc_hd__clkbuf_16)
     4    0.039974    0.059776    0.143641    0.189296 ^ clkbuf_0_clk/X (sky130_fd_sc_hd__clkbuf_16)
                                                         clknet_0_clk (net)
                      0.059778    0.000363    0.189659 ^ clkbuf_2_3__f_clk/A (sky130_fd_sc_hd__clkbuf_16)
     9    0.023896    0.045277    0.127753    0.317412 ^ clkbuf_2_3__f_clk/X (sky130_fd_sc_hd__clkbuf_16)
                                                         clknet_2_3__leaf_clk (net)
                      0.045281    0.000411    0.317823 ^ _764_/CLK (sky130_fd_sc_hd__dfxtp_2)
     8    0.029785    0.079829    0.342298    0.660121 v _764_/Q (sky130_fd_sc_hd__dfxtp_2)
                                                         diagnostic.x2[3] (net)
                      0.079833    0.000590    0.660711 v _625_/A (sky130_fd_sc_hd__nand2_2)
     2    0.006238    0.048159    0.070750    0.731461 ^ _625_/Y (sky130_fd_sc_hd__nand2_2)
                                                         _284_ (net)
                      0.048159    0.000018    0.731479 ^ _676_/B1 (sky130_fd_sc_hd__a21o_2)
     1    0.005974    0.039659    0.087641    0.819120 ^ _676_/X (sky130_fd_sc_hd__a21o_2)
                                                         _333_ (net)
                      0.039659    0.000077    0.819196 ^ _677_/B (sky130_fd_sc_hd__nand2_2)
     2    0.019411    0.082736    0.083353    0.902550 v _677_/Y (sky130_fd_sc_hd__nand2_2)
                                                         _334_ (net)
                      0.082754    0.000948    0.903498 v _691_/A (sky130_fd_sc_hd__xor2_2)
     2    0.012275    0.168566    0.214698    1.118196 ^ _691_/X (sky130_fd_sc_hd__xor2_2)
                                                         _348_ (net)
                      0.168566    0.000145    1.118341 ^ _694_/A (sky130_fd_sc_hd__xnor2_2)
     2    0.014764    0.087975    0.162564    1.280905 ^ _694_/Y (sky130_fd_sc_hd__xnor2_2)
                                                         _351_ (net)
                      0.087975    0.000036    1.280941 ^ _696_/A (sky130_fd_sc_hd__xor2_2)
     1    0.004704    0.034601    0.070528    1.351468 v _696_/X (sky130_fd_sc_hd__xor2_2)
                                                         net32 (net)
                      0.034601    0.000042    1.351511 v output32/A (sky130_fd_sc_hd__buf_6)
     1    0.034631    0.043972    0.125790    1.477301 v output32/X (sky130_fd_sc_hd__buf_6)
                                                         y[7] (net)
                      0.043977    0.000452    1.477753 v y[7] (out)
                                              1.477753   data arrival time

                                  0.000000    0.000000   clock clk (rise edge)
                                  0.000000    0.000000   clock network delay (propagated)
                                  0.250000    0.250000   clock uncertainty
                                  0.000000    0.250000   clock reconvergence pessimism
                                 -2.000000   -1.750000   output external delay
                                             -1.750000   data required time
---------------------------------------------------------------------------------------------
                                             -1.750000   data required time
                                             -1.477753   data arrival time
---------------------------------------------------------------------------------------------
                                              3.227753   slack (MET)


Startpoint: _764_ (rising edge-triggered flip-flop clocked by clk)
Endpoint: y[8] (output port clocked by clk)
Path Group: clk
Path Type: min

Fanout         Cap        Slew       Delay        Time   Description
---------------------------------------------------------------------------------------------
                                  0.000000    0.000000   clock clk (rise edge)
                                  0.000000    0.000000   clock source latency
     1    0.014311    0.070389    0.045655    0.045655 ^ clk (in)
                                                         clk (net)
                      0.070399    0.000000    0.045655 ^ clkbuf_0_clk/A (sky130_fd_sc_hd__clkbuf_16)
     4    0.039974    0.059776    0.143641    0.189296 ^ clkbuf_0_clk/X (sky130_fd_sc_hd__clkbuf_16)
                                                         clknet_0_clk (net)
                      0.059778    0.000363    0.189659 ^ clkbuf_2_3__f_clk/A (sky130_fd_sc_hd__clkbuf_16)
     9    0.023896    0.045277    0.127753    0.317412 ^ clkbuf_2_3__f_clk/X (sky130_fd_sc_hd__clkbuf_16)
                                                         clknet_2_3__leaf_clk (net)
                      0.045281    0.000411    0.317823 ^ _764_/CLK (sky130_fd_sc_hd__dfxtp_2)
     8    0.029785    0.079829    0.342298    0.660121 v _764_/Q (sky130_fd_sc_hd__dfxtp_2)
                                                         diagnostic.x2[3] (net)
                      0.079833    0.000590    0.660711 v _625_/A (sky130_fd_sc_hd__nand2_2)
     2    0.006238    0.048159    0.070750    0.731461 ^ _625_/Y (sky130_fd_sc_hd__nand2_2)
                                                         _284_ (net)
                      0.048159    0.000018    0.731479 ^ _676_/B1 (sky130_fd_sc_hd__a21o_2)
     1    0.005974    0.039659    0.087641    0.819120 ^ _676_/X (sky130_fd_sc_hd__a21o_2)
                                                         _333_ (net)
                      0.039659    0.000077    0.819196 ^ _677_/B (sky130_fd_sc_hd__nand2_2)
     2    0.019411    0.082736    0.083353    0.902550 v _677_/Y (sky130_fd_sc_hd__nand2_2)
                                                         _334_ (net)
                      0.082754    0.000948    0.903498 v _691_/A (sky130_fd_sc_hd__xor2_2)
     2    0.012275    0.168566    0.214698    1.118196 ^ _691_/X (sky130_fd_sc_hd__xor2_2)
                                                         _348_ (net)
                      0.168566    0.000086    1.118282 ^ _693_/B (sky130_fd_sc_hd__and2b_2)
     1    0.005393    0.046016    0.164913    1.283195 ^ _693_/X (sky130_fd_sc_hd__and2b_2)
                                                         _350_ (net)
                      0.046016    0.000059    1.283253 ^ _697_/B1 (sky130_fd_sc_hd__a21o_4)
     2    0.013572    0.047079    0.091510    1.374764 ^ _697_/X (sky130_fd_sc_hd__a21o_4)
                                                         _353_ (net)
                      0.047079    0.000111    1.374875 ^ _701_/A (sky130_fd_sc_hd__xor2_2)
     1    0.004901    0.035029    0.060021    1.434896 v _701_/X (sky130_fd_sc_hd__xor2_2)
                                                         net33 (net)
                      0.035029    0.000047    1.434943 v output33/A (sky130_fd_sc_hd__buf_6)
     1    0.034895    0.044107    0.126138    1.561081 v output33/X (sky130_fd_sc_hd__buf_6)
                                                         y[8] (net)
                      0.044113    0.000500    1.561581 v y[8] (out)
                                              1.561581   data arrival time

                                  0.000000    0.000000   clock clk (rise edge)
                                  0.000000    0.000000   clock network delay (propagated)
                                  0.250000    0.250000   clock uncertainty
                                  0.000000    0.250000   clock reconvergence pessimism
                                 -2.000000   -1.750000   output external delay
                                             -1.750000   data required time
---------------------------------------------------------------------------------------------
                                             -1.750000   data required time
                                             -1.561581   data arrival time
---------------------------------------------------------------------------------------------
                                              3.311581   slack (MET)


Startpoint: _765_ (rising edge-triggered flip-flop clocked by clk)
Endpoint: y[4] (output port clocked by clk)
Path Group: clk
Path Type: min

Fanout         Cap        Slew       Delay        Time   Description
---------------------------------------------------------------------------------------------
                                  0.000000    0.000000   clock clk (rise edge)
                                  0.000000    0.000000   clock source latency
     1    0.014311    0.070389    0.045655    0.045655 ^ clk (in)
                                                         clk (net)
                      0.070399    0.000000    0.045655 ^ clkbuf_0_clk/A (sky130_fd_sc_hd__clkbuf_16)
     4    0.039974    0.059776    0.143641    0.189296 ^ clkbuf_0_clk/X (sky130_fd_sc_hd__clkbuf_16)
                                                         clknet_0_clk (net)
                      0.059778    0.000363    0.189659 ^ clkbuf_2_3__f_clk/A (sky130_fd_sc_hd__clkbuf_16)
     9    0.023896    0.045277    0.127753    0.317412 ^ clkbuf_2_3__f_clk/X (sky130_fd_sc_hd__clkbuf_16)
                                                         clknet_2_3__leaf_clk (net)
                      0.045281    0.000393    0.317804 ^ _765_/CLK (sky130_fd_sc_hd__dfxtp_2)
     6    0.026799    0.140996    0.371026    0.688830 ^ _765_/Q (sky130_fd_sc_hd__dfxtp_2)
                                                         diagnostic.x3[0] (net)
                      0.140996    0.000286    0.689116 ^ _447_/A2 (sky130_fd_sc_hd__a31oi_2)
     2    0.013204    0.047432    0.137365    0.826481 v _447_/Y (sky130_fd_sc_hd__a31oi_2)
                                                         _109_ (net)
                      0.047432    0.000207    0.826689 v _448_/A_N (sky130_fd_sc_hd__and2b_2)
     2    0.011781    0.073956    0.225135    1.051824 ^ _448_/X (sky130_fd_sc_hd__and2b_2)
                                                         _110_ (net)
                      0.073956    0.000084    1.051908 ^ _517_/A2 (sky130_fd_sc_hd__a21o_2)
     2    0.015001    0.080838    0.157728    1.209636 ^ _517_/X (sky130_fd_sc_hd__a21o_2)
                                                         _178_ (net)
                      0.080838    0.000168    1.209803 ^ _585_/A1 (sky130_fd_sc_hd__a21o_4)
     2    0.012581    0.044876    0.125586    1.335390 ^ _585_/X (sky130_fd_sc_hd__a21o_4)
                                                         _245_ (net)
                      0.044876    0.000247    1.335637 ^ rebuffer54/A (sky130_fd_sc_hd__buf_6)
     1    0.010036    0.033137    0.085837    1.421474 ^ rebuffer54/X (sky130_fd_sc_hd__buf_6)
                                                         net54 (net)
                      0.033137    0.000135    1.421609 ^ _586_/B (sky130_fd_sc_hd__xor2_2)
     1    0.004980    0.035212    0.049189    1.470799 v _586_/X (sky130_fd_sc_hd__xor2_2)
                                                         net29 (net)
                      0.035212    0.000051    1.470850 v output29/A (sky130_fd_sc_hd__buf_6)
     1    0.035933    0.044933    0.127021    1.597870 v output29/X (sky130_fd_sc_hd__buf_6)
                                                         y[4] (net)
                      0.044936    0.000363    1.598234 v y[4] (out)
                                              1.598234   data arrival time

                                  0.000000    0.000000   clock clk (rise edge)
                                  0.000000    0.000000   clock network delay (propagated)
                                  0.250000    0.250000   clock uncertainty
                                  0.000000    0.250000   clock reconvergence pessimism
                                 -2.000000   -1.750000   output external delay
                                             -1.750000   data required time
---------------------------------------------------------------------------------------------
                                             -1.750000   data required time
                                             -1.598234   data arrival time
---------------------------------------------------------------------------------------------
                                              3.348233   slack (MET)


Startpoint: _765_ (rising edge-triggered flip-flop clocked by clk)
Endpoint: y[5] (output port clocked by clk)
Path Group: clk
Path Type: min

Fanout         Cap        Slew       Delay        Time   Description
---------------------------------------------------------------------------------------------
                                  0.000000    0.000000   clock clk (rise edge)
                                  0.000000    0.000000   clock source latency
     1    0.014311    0.070389    0.045655    0.045655 ^ clk (in)
                                                         clk (net)
                      0.070399    0.000000    0.045655 ^ clkbuf_0_clk/A (sky130_fd_sc_hd__clkbuf_16)
     4    0.039974    0.059776    0.143641    0.189296 ^ clkbuf_0_clk/X (sky130_fd_sc_hd__clkbuf_16)
                                                         clknet_0_clk (net)
                      0.059778    0.000363    0.189659 ^ clkbuf_2_3__f_clk/A (sky130_fd_sc_hd__clkbuf_16)
     9    0.023896    0.045277    0.127753    0.317412 ^ clkbuf_2_3__f_clk/X (sky130_fd_sc_hd__clkbuf_16)
                                                         clknet_2_3__leaf_clk (net)
                      0.045281    0.000393    0.317804 ^ _765_/CLK (sky130_fd_sc_hd__dfxtp_2)
     6    0.026799    0.140996    0.371026    0.688830 ^ _765_/Q (sky130_fd_sc_hd__dfxtp_2)
                                                         diagnostic.x3[0] (net)
                      0.140996    0.000286    0.689116 ^ _447_/A2 (sky130_fd_sc_hd__a31oi_2)
     2    0.013204    0.047432    0.137365    0.826481 v _447_/Y (sky130_fd_sc_hd__a31oi_2)
                                                         _109_ (net)
                      0.047432    0.000207    0.826689 v _448_/A_N (sky130_fd_sc_hd__and2b_2)
     2    0.011781    0.073956    0.225135    1.051824 ^ _448_/X (sky130_fd_sc_hd__and2b_2)
                                                         _110_ (net)
                      0.073956    0.000084    1.051908 ^ _517_/A2 (sky130_fd_sc_hd__a21o_2)
     2    0.015001    0.080838    0.157728    1.209636 ^ _517_/X (sky130_fd_sc_hd__a21o_2)
                                                         _178_ (net)
                      0.080838    0.000168    1.209803 ^ _585_/A1 (sky130_fd_sc_hd__a21o_4)
     2    0.012581    0.044876    0.125586    1.335390 ^ _585_/X (sky130_fd_sc_hd__a21o_4)
                                                         _245_ (net)
                      0.044876    0.000209    1.335599 ^ _637_/A1 (sky130_fd_sc_hd__a21o_4)
     2    0.011215    0.041799    0.111414    1.447013 ^ _637_/X (sky130_fd_sc_hd__a21o_4)
                                                         _296_ (net)
                      0.041799    0.000126    1.447139 ^ rebuffer62/A (sky130_fd_sc_hd__buf_6)
     1    0.008742    0.030992    0.082893    1.530032 ^ rebuffer62/X (sky130_fd_sc_hd__buf_6)
                                                         net62 (net)
                      0.030992    0.000028    1.530059 ^ _638_/B (sky130_fd_sc_hd__xor2_2)
     1    0.005270    0.035883    0.049393    1.579452 v _638_/X (sky130_fd_sc_hd__xor2_2)
                                                         net30 (net)
                      0.035883    0.000065    1.579518 v output30/A (sky130_fd_sc_hd__buf_6)
     1    0.034593    0.043930    0.126310    1.705827 v output30/X (sky130_fd_sc_hd__buf_6)
                                                         y[5] (net)
                      0.043934    0.000420    1.706247 v y[5] (out)
                                              1.706247   data arrival time

                                  0.000000    0.000000   clock clk (rise edge)
                                  0.000000    0.000000   clock network delay (propagated)
                                  0.250000    0.250000   clock uncertainty
                                  0.000000    0.250000   clock reconvergence pessimism
                                 -2.000000   -1.750000   output external delay
                                             -1.750000   data required time
---------------------------------------------------------------------------------------------
                                             -1.750000   data required time
                                             -1.706247   data arrival time
---------------------------------------------------------------------------------------------
                                              3.456247   slack (MET)


Startpoint: _766_ (rising edge-triggered flip-flop clocked by clk)
Endpoint: y[6] (output port clocked by clk)
Path Group: clk
Path Type: min

Fanout         Cap        Slew       Delay        Time   Description
---------------------------------------------------------------------------------------------
                                  0.000000    0.000000   clock clk (rise edge)
                                  0.000000    0.000000   clock source latency
     1    0.014311    0.070389    0.045655    0.045655 ^ clk (in)
                                                         clk (net)
                      0.070399    0.000000    0.045655 ^ clkbuf_0_clk/A (sky130_fd_sc_hd__clkbuf_16)
     4    0.039974    0.059776    0.143641    0.189296 ^ clkbuf_0_clk/X (sky130_fd_sc_hd__clkbuf_16)
                                                         clknet_0_clk (net)
                      0.059778    0.000363    0.189659 ^ clkbuf_2_3__f_clk/A (sky130_fd_sc_hd__clkbuf_16)
     9    0.023896    0.045277    0.127753    0.317412 ^ clkbuf_2_3__f_clk/X (sky130_fd_sc_hd__clkbuf_16)
                                                         clknet_2_3__leaf_clk (net)
                      0.045277    0.000177    0.317588 ^ _766_/CLK (sky130_fd_sc_hd__dfxtp_2)
     8    0.026492    0.072574    0.336656    0.654244 v _766_/Q (sky130_fd_sc_hd__dfxtp_2)
                                                         diagnostic.x3[1] (net)
                      0.072577    0.000506    0.654751 v _484_/A (sky130_fd_sc_hd__nand2_2)
     1    0.008896    0.058565    0.076983    0.731734 ^ _484_/Y (sky130_fd_sc_hd__nand2_2)
                                                         _145_ (net)
                      0.058565    0.000078    0.731812 ^ _486_/B (sky130_fd_sc_hd__xnor2_2)
     2    0.014068    0.083955    0.130777    0.862589 ^ _486_/Y (sky130_fd_sc_hd__xnor2_2)
                                                         _147_ (net)
                      0.083955    0.000053    0.862642 ^ _575_/A2 (sky130_fd_sc_hd__a21oi_2)
     2    0.013807    0.045215    0.082660    0.945302 v _575_/Y (sky130_fd_sc_hd__a21oi_2)
                                                         _235_ (net)
                      0.045215    0.000157    0.945459 v _576_/B (sky130_fd_sc_hd__nor2_2)
     2    0.004896    0.080390    0.080973    1.026432 ^ _576_/Y (sky130_fd_sc_hd__nor2_2)
                                                         _236_ (net)
                      0.080390    0.000050    1.026482 ^ _613_/B1 (sky130_fd_sc_hd__a21o_2)
     1    0.009871    0.057541    0.110861    1.137343 ^ _613_/X (sky130_fd_sc_hd__a21o_2)
                                                         _272_ (net)
                      0.057541    0.000115    1.137458 ^ _621_/A (sky130_fd_sc_hd__xnor2_2)
     2    0.012771    0.070513    0.090034    1.227492 v _621_/Y (sky130_fd_sc_hd__xnor2_2)
                                                         _280_ (net)
                      0.070513    0.000093    1.227586 v _622_/B (sky130_fd_sc_hd__nor2_2)
     2    0.005965    0.091549    0.097782    1.325367 ^ _622_/Y (sky130_fd_sc_hd__nor2_2)
                                                         _281_ (net)
                      0.091549    0.000025    1.325392 ^ _672_/A (sky130_fd_sc_hd__or3b_4)
     2    0.011311    0.051953    0.139814    1.465207 ^ _672_/X (sky130_fd_sc_hd__or3b_4)
                                                         _330_ (net)
                      0.051953    0.000094    1.465300 ^ _673_/B (sky130_fd_sc_hd__nand2b_2)
     1    0.009111    0.049994    0.066082    1.531383 v _673_/Y (sky130_fd_sc_hd__nand2b_2)
                                                         _331_ (net)
                      0.049994    0.000105    1.531488 v _675_/A (sky130_fd_sc_hd__xnor2_2)
     1    0.005135    0.036578    0.127635    1.659123 v _675_/Y (sky130_fd_sc_hd__xnor2_2)
                                                         net31 (net)
                      0.036578    0.000058    1.659181 v output31/A (sky130_fd_sc_hd__buf_6)
     1    0.035246    0.044428    0.127056    1.786237 v output31/X (sky130_fd_sc_hd__buf_6)
                                                         y[6] (net)
                      0.044432    0.000429    1.786666 v y[6] (out)
                                              1.786666   data arrival time

                                  0.000000    0.000000   clock clk (rise edge)
                                  0.000000    0.000000   clock network delay (propagated)
                                  0.250000    0.250000   clock uncertainty
                                  0.000000    0.250000   clock reconvergence pessimism
                                 -2.000000   -1.750000   output external delay
                                             -1.750000   data required time
---------------------------------------------------------------------------------------------
                                             -1.750000   data required time
                                             -1.786666   data arrival time
---------------------------------------------------------------------------------------------
                                              3.536666   slack (MET)



