
===========================================================================
report_checks -path_delay max (Setup)
============================================================================
======================= nom_ff_n40C_1v95 Corner ===================================

Startpoint: h0[1] (input port clocked by clk)
Endpoint: y[8] (output port clocked by clk)
Path Group: clk
Path Type: max

Fanout         Cap        Slew       Delay        Time   Description
---------------------------------------------------------------------------------------------
                      0.150000    0.000000    0.000000   clock clk (rise edge)
                                  0.000000    0.000000   clock network delay (ideal)
                                  2.000000    2.000000 v input external delay
     8    0.024358    0.038586    0.027100    2.027100 v h0[1] (in)
                                                         h0[1] (net)
                      0.038586    0.000000    2.027100 v _453_/A2 (sky130_fd_sc_hd__a22o_2)
     2    0.006427    0.032017    0.145947    2.173047 v _453_/X (sky130_fd_sc_hd__a22o_2)
                                                         _114_ (net)
                      0.032017    0.000000    2.173047 v _454_/B2 (sky130_fd_sc_hd__a22o_2)
     2    0.006626    0.032384    0.117750    2.290797 v _454_/X (sky130_fd_sc_hd__a22o_2)
                                                         _115_ (net)
                      0.032384    0.000000    2.290797 v _457_/A1 (sky130_fd_sc_hd__a21o_2)
     2    0.006427    0.032470    0.128872    2.419669 v _457_/X (sky130_fd_sc_hd__a21o_2)
                                                         _118_ (net)
                      0.032470    0.000000    2.419669 v _459_/B2 (sky130_fd_sc_hd__a22o_2)
     2    0.006489    0.032131    0.117610    2.537279 v _459_/X (sky130_fd_sc_hd__a22o_2)
                                                         _120_ (net)
                      0.032131    0.000000    2.537279 v _461_/A2 (sky130_fd_sc_hd__a21o_2)
     3    0.008754    0.036562    0.151102    2.688381 v _461_/X (sky130_fd_sc_hd__a21o_2)
                                                         _122_ (net)
                      0.036562    0.000000    2.688381 v _463_/A2 (sky130_fd_sc_hd__a21o_2)
     2    0.006549    0.032697    0.147488    2.835868 v _463_/X (sky130_fd_sc_hd__a21o_2)
                                                         _124_ (net)
                      0.032697    0.000000    2.835868 v _477_/A2 (sky130_fd_sc_hd__a21o_2)
     3    0.008426    0.035988    0.150528    2.986396 v _477_/X (sky130_fd_sc_hd__a21o_2)
                                                         _138_ (net)
                      0.035988    0.000000    2.986396 v _478_/C (sky130_fd_sc_hd__and3_2)
     2    0.006402    0.035385    0.144475    3.130871 v _478_/X (sky130_fd_sc_hd__and3_2)
                                                         _139_ (net)
                      0.035385    0.000000    3.130871 v _496_/A1 (sky130_fd_sc_hd__o21a_2)
     2    0.005729    0.030965    0.141975    3.272846 v _496_/X (sky130_fd_sc_hd__o21a_2)
                                                         _157_ (net)
                      0.030965    0.000000    3.272846 v _512_/B (sky130_fd_sc_hd__or3_2)
     3    0.006179    0.059672    0.276104    3.548950 v _512_/X (sky130_fd_sc_hd__or3_2)
                                                         _173_ (net)
                      0.059672    0.000000    3.548950 v _515_/A1 (sky130_fd_sc_hd__a211o_2)
     2    0.006646    0.042754    0.205419    3.754369 v _515_/X (sky130_fd_sc_hd__a211o_2)
                                                         _176_ (net)
                      0.042754    0.000000    3.754369 v _585_/A1 (sky130_fd_sc_hd__a21o_2)
     2    0.009923    0.038623    0.140913    3.895282 v _585_/X (sky130_fd_sc_hd__a21o_2)
                                                         _245_ (net)
                      0.038623    0.000000    3.895282 v _637_/A2 (sky130_fd_sc_hd__a21o_2)
     2    0.009923    0.038622    0.156437    4.051718 v _637_/X (sky130_fd_sc_hd__a21o_2)
                                                         _296_ (net)
                      0.038622    0.000000    4.051718 v _674_/A2 (sky130_fd_sc_hd__a21o_2)
     2    0.010209    0.039124    0.157128    4.208846 v _674_/X (sky130_fd_sc_hd__a21o_2)
                                                         _332_ (net)
                      0.039124    0.000000    4.208846 v _695_/A2 (sky130_fd_sc_hd__a21o_2)
     2    0.009923    0.038623    0.156631    4.365477 v _695_/X (sky130_fd_sc_hd__a21o_2)
                                                         _352_ (net)
                      0.038623    0.000000    4.365477 v _697_/A2 (sky130_fd_sc_hd__a21o_2)
     2    0.010846    0.040243    0.158667    4.524143 v _697_/X (sky130_fd_sc_hd__a21o_2)
                                                         _353_ (net)
                      0.040243    0.000000    4.524143 v _701_/A (sky130_fd_sc_hd__xor2_2)
     1    0.033442    0.321130    0.291713    4.815856 ^ _701_/X (sky130_fd_sc_hd__xor2_2)
                                                         y[8] (net)
                      0.321130    0.000000    4.815856 ^ y[8] (out)
                                              4.815856   data arrival time

                      0.150000   10.000000   10.000000   clock clk (rise edge)
                                  0.000000   10.000000   clock network delay (ideal)
                                 -0.250000    9.750000   clock uncertainty
                                  0.000000    9.750000   clock reconvergence pessimism
                                 -2.000000    7.750000   output external delay
                                              7.750000   data required time
---------------------------------------------------------------------------------------------
                                              7.750000   data required time
                                             -4.815856   data arrival time
---------------------------------------------------------------------------------------------
                                              2.934144   slack (MET)


Startpoint: h0[1] (input port clocked by clk)
Endpoint: y[9] (output port clocked by clk)
Path Group: clk
Path Type: max

Fanout         Cap        Slew       Delay        Time   Description
---------------------------------------------------------------------------------------------
                      0.150000    0.000000    0.000000   clock clk (rise edge)
                                  0.000000    0.000000   clock network delay (ideal)
                                  2.000000    2.000000 v input external delay
     8    0.024358    0.038586    0.027100    2.027100 v h0[1] (in)
                                                         h0[1] (net)
                      0.038586    0.000000    2.027100 v _453_/A2 (sky130_fd_sc_hd__a22o_2)
     2    0.006427    0.032017    0.145947    2.173047 v _453_/X (sky130_fd_sc_hd__a22o_2)
                                                         _114_ (net)
                      0.032017    0.000000    2.173047 v _454_/B2 (sky130_fd_sc_hd__a22o_2)
     2    0.006626    0.032384    0.117750    2.290797 v _454_/X (sky130_fd_sc_hd__a22o_2)
                                                         _115_ (net)
                      0.032384    0.000000    2.290797 v _457_/A1 (sky130_fd_sc_hd__a21o_2)
     2    0.006427    0.032470    0.128872    2.419669 v _457_/X (sky130_fd_sc_hd__a21o_2)
                                                         _118_ (net)
                      0.032470    0.000000    2.419669 v _459_/B2 (sky130_fd_sc_hd__a22o_2)
     2    0.006489    0.032131    0.117610    2.537279 v _459_/X (sky130_fd_sc_hd__a22o_2)
                                                         _120_ (net)
                      0.032131    0.000000    2.537279 v _461_/A2 (sky130_fd_sc_hd__a21o_2)
     3    0.008754    0.036562    0.151102    2.688381 v _461_/X (sky130_fd_sc_hd__a21o_2)
                                                         _122_ (net)
                      0.036562    0.000000    2.688381 v _463_/A2 (sky130_fd_sc_hd__a21o_2)
     2    0.006549    0.032697    0.147488    2.835868 v _463_/X (sky130_fd_sc_hd__a21o_2)
                                                         _124_ (net)
                      0.032697    0.000000    2.835868 v _477_/A2 (sky130_fd_sc_hd__a21o_2)
     3    0.008426    0.035988    0.150528    2.986396 v _477_/X (sky130_fd_sc_hd__a21o_2)
                                                         _138_ (net)
                      0.035988    0.000000    2.986396 v _478_/C (sky130_fd_sc_hd__and3_2)
     2    0.006402    0.035385    0.144475    3.130871 v _478_/X (sky130_fd_sc_hd__and3_2)
                                                         _139_ (net)
                      0.035385    0.000000    3.130871 v _496_/A1 (sky130_fd_sc_hd__o21a_2)
     2    0.005729    0.030965    0.141975    3.272846 v _496_/X (sky130_fd_sc_hd__o21a_2)
                                                         _157_ (net)
                      0.030965    0.000000    3.272846 v _512_/B (sky130_fd_sc_hd__or3_2)
     3    0.006179    0.059672    0.276104    3.548950 v _512_/X (sky130_fd_sc_hd__or3_2)
                                                         _173_ (net)
                      0.059672    0.000000    3.548950 v _515_/A1 (sky130_fd_sc_hd__a211o_2)
     2    0.006646    0.042754    0.205419    3.754369 v _515_/X (sky130_fd_sc_hd__a211o_2)
                                                         _176_ (net)
                      0.042754    0.000000    3.754369 v _585_/A1 (sky130_fd_sc_hd__a21o_2)
     2    0.009923    0.038623    0.140913    3.895282 v _585_/X (sky130_fd_sc_hd__a21o_2)
                                                         _245_ (net)
                      0.038623    0.000000    3.895282 v _637_/A2 (sky130_fd_sc_hd__a21o_2)
     2    0.009923    0.038622    0.156437    4.051718 v _637_/X (sky130_fd_sc_hd__a21o_2)
                                                         _296_ (net)
                      0.038622    0.000000    4.051718 v _674_/A2 (sky130_fd_sc_hd__a21o_2)
     2    0.010209    0.039124    0.157128    4.208846 v _674_/X (sky130_fd_sc_hd__a21o_2)
                                                         _332_ (net)
                      0.039124    0.000000    4.208846 v _695_/A2 (sky130_fd_sc_hd__a21o_2)
     2    0.009923    0.038623    0.156631    4.365477 v _695_/X (sky130_fd_sc_hd__a21o_2)
                                                         _352_ (net)
                      0.038623    0.000000    4.365477 v _697_/A2 (sky130_fd_sc_hd__a21o_2)
     2    0.010846    0.040243    0.158667    4.524143 v _697_/X (sky130_fd_sc_hd__a21o_2)
                                                         _353_ (net)
                      0.040243    0.000000    4.524143 v _705_/A1 (sky130_fd_sc_hd__a21o_2)
     1    0.033442    0.074306    0.179877    4.704020 v _705_/X (sky130_fd_sc_hd__a21o_2)
                                                         y[9] (net)
                      0.074306    0.000000    4.704020 v y[9] (out)
                                              4.704020   data arrival time

                      0.150000   10.000000   10.000000   clock clk (rise edge)
                                  0.000000   10.000000   clock network delay (ideal)
                                 -0.250000    9.750000   clock uncertainty
                                  0.000000    9.750000   clock reconvergence pessimism
                                 -2.000000    7.750000   output external delay
                                              7.750000   data required time
---------------------------------------------------------------------------------------------
                                              7.750000   data required time
                                             -4.704020   data arrival time
---------------------------------------------------------------------------------------------
                                              3.045980   slack (MET)


Startpoint: h0[1] (input port clocked by clk)
Endpoint: y[7] (output port clocked by clk)
Path Group: clk
Path Type: max

Fanout         Cap        Slew       Delay        Time   Description
---------------------------------------------------------------------------------------------
                      0.150000    0.000000    0.000000   clock clk (rise edge)
                                  0.000000    0.000000   clock network delay (ideal)
                                  2.000000    2.000000 v input external delay
     8    0.024358    0.038586    0.027100    2.027100 v h0[1] (in)
                                                         h0[1] (net)
                      0.038586    0.000000    2.027100 v _453_/A2 (sky130_fd_sc_hd__a22o_2)
     2    0.006427    0.032017    0.145947    2.173047 v _453_/X (sky130_fd_sc_hd__a22o_2)
                                                         _114_ (net)
                      0.032017    0.000000    2.173047 v _454_/B2 (sky130_fd_sc_hd__a22o_2)
     2    0.006626    0.032384    0.117750    2.290797 v _454_/X (sky130_fd_sc_hd__a22o_2)
                                                         _115_ (net)
                      0.032384    0.000000    2.290797 v _457_/A1 (sky130_fd_sc_hd__a21o_2)
     2    0.006427    0.032470    0.128872    2.419669 v _457_/X (sky130_fd_sc_hd__a21o_2)
                                                         _118_ (net)
                      0.032470    0.000000    2.419669 v _459_/B2 (sky130_fd_sc_hd__a22o_2)
     2    0.006489    0.032131    0.117610    2.537279 v _459_/X (sky130_fd_sc_hd__a22o_2)
                                                         _120_ (net)
                      0.032131    0.000000    2.537279 v _461_/A2 (sky130_fd_sc_hd__a21o_2)
     3    0.008754    0.036562    0.151102    2.688381 v _461_/X (sky130_fd_sc_hd__a21o_2)
                                                         _122_ (net)
                      0.036562    0.000000    2.688381 v _463_/A2 (sky130_fd_sc_hd__a21o_2)
     2    0.006549    0.032697    0.147488    2.835868 v _463_/X (sky130_fd_sc_hd__a21o_2)
                                                         _124_ (net)
                      0.032697    0.000000    2.835868 v _477_/A2 (sky130_fd_sc_hd__a21o_2)
     3    0.008426    0.035988    0.150528    2.986396 v _477_/X (sky130_fd_sc_hd__a21o_2)
                                                         _138_ (net)
                      0.035988    0.000000    2.986396 v _478_/C (sky130_fd_sc_hd__and3_2)
     2    0.006402    0.035385    0.144475    3.130871 v _478_/X (sky130_fd_sc_hd__and3_2)
                                                         _139_ (net)
                      0.035385    0.000000    3.130871 v _496_/A1 (sky130_fd_sc_hd__o21a_2)
     2    0.005729    0.030965    0.141975    3.272846 v _496_/X (sky130_fd_sc_hd__o21a_2)
                                                         _157_ (net)
                      0.030965    0.000000    3.272846 v _512_/B (sky130_fd_sc_hd__or3_2)
     3    0.006179    0.059672    0.276104    3.548950 v _512_/X (sky130_fd_sc_hd__or3_2)
                                                         _173_ (net)
                      0.059672    0.000000    3.548950 v _515_/A1 (sky130_fd_sc_hd__a211o_2)
     2    0.006646    0.042754    0.205419    3.754369 v _515_/X (sky130_fd_sc_hd__a211o_2)
                                                         _176_ (net)
                      0.042754    0.000000    3.754369 v _585_/A1 (sky130_fd_sc_hd__a21o_2)
     2    0.009923    0.038623    0.140913    3.895282 v _585_/X (sky130_fd_sc_hd__a21o_2)
                                                         _245_ (net)
                      0.038623    0.000000    3.895282 v _637_/A2 (sky130_fd_sc_hd__a21o_2)
     2    0.009923    0.038622    0.156437    4.051718 v _637_/X (sky130_fd_sc_hd__a21o_2)
                                                         _296_ (net)
                      0.038622    0.000000    4.051718 v _674_/A2 (sky130_fd_sc_hd__a21o_2)
     2    0.010209    0.039124    0.157128    4.208846 v _674_/X (sky130_fd_sc_hd__a21o_2)
                                                         _332_ (net)
                      0.039124    0.000000    4.208846 v _695_/A2 (sky130_fd_sc_hd__a21o_2)
     2    0.009923    0.038623    0.156631    4.365477 v _695_/X (sky130_fd_sc_hd__a21o_2)
                                                         _352_ (net)
                      0.038623    0.000000    4.365477 v _696_/B (sky130_fd_sc_hd__xor2_2)
     1    0.033442    0.320956    0.269697    4.635174 ^ _696_/X (sky130_fd_sc_hd__xor2_2)
                                                         y[7] (net)
                      0.320956    0.000000    4.635174 ^ y[7] (out)
                                              4.635174   data arrival time

                      0.150000   10.000000   10.000000   clock clk (rise edge)
                                  0.000000   10.000000   clock network delay (ideal)
                                 -0.250000    9.750000   clock uncertainty
                                  0.000000    9.750000   clock reconvergence pessimism
                                 -2.000000    7.750000   output external delay
                                              7.750000   data required time
---------------------------------------------------------------------------------------------
                                              7.750000   data required time
                                             -4.635174   data arrival time
---------------------------------------------------------------------------------------------
                                              3.114826   slack (MET)


Startpoint: h0[1] (input port clocked by clk)
Endpoint: y[6] (output port clocked by clk)
Path Group: clk
Path Type: max

Fanout         Cap        Slew       Delay        Time   Description
---------------------------------------------------------------------------------------------
                      0.150000    0.000000    0.000000   clock clk (rise edge)
                                  0.000000    0.000000   clock network delay (ideal)
                                  2.000000    2.000000 v input external delay
     8    0.024358    0.038586    0.027100    2.027100 v h0[1] (in)
                                                         h0[1] (net)
                      0.038586    0.000000    2.027100 v _453_/A2 (sky130_fd_sc_hd__a22o_2)
     2    0.006427    0.032017    0.145947    2.173047 v _453_/X (sky130_fd_sc_hd__a22o_2)
                                                         _114_ (net)
                      0.032017    0.000000    2.173047 v _454_/B2 (sky130_fd_sc_hd__a22o_2)
     2    0.006626    0.032384    0.117750    2.290797 v _454_/X (sky130_fd_sc_hd__a22o_2)
                                                         _115_ (net)
                      0.032384    0.000000    2.290797 v _457_/A1 (sky130_fd_sc_hd__a21o_2)
     2    0.006427    0.032470    0.128872    2.419669 v _457_/X (sky130_fd_sc_hd__a21o_2)
                                                         _118_ (net)
                      0.032470    0.000000    2.419669 v _459_/B2 (sky130_fd_sc_hd__a22o_2)
     2    0.006489    0.032131    0.117610    2.537279 v _459_/X (sky130_fd_sc_hd__a22o_2)
                                                         _120_ (net)
                      0.032131    0.000000    2.537279 v _461_/A2 (sky130_fd_sc_hd__a21o_2)
     3    0.008754    0.036562    0.151102    2.688381 v _461_/X (sky130_fd_sc_hd__a21o_2)
                                                         _122_ (net)
                      0.036562    0.000000    2.688381 v _463_/A2 (sky130_fd_sc_hd__a21o_2)
     2    0.006549    0.032697    0.147488    2.835868 v _463_/X (sky130_fd_sc_hd__a21o_2)
                                                         _124_ (net)
                      0.032697    0.000000    2.835868 v _477_/A2 (sky130_fd_sc_hd__a21o_2)
     3    0.008426    0.035988    0.150528    2.986396 v _477_/X (sky130_fd_sc_hd__a21o_2)
                                                         _138_ (net)
                      0.035988    0.000000    2.986396 v _478_/C (sky130_fd_sc_hd__and3_2)
     2    0.006402    0.035385    0.144475    3.130871 v _478_/X (sky130_fd_sc_hd__and3_2)
                                                         _139_ (net)
                      0.035385    0.000000    3.130871 v _496_/A1 (sky130_fd_sc_hd__o21a_2)
     2    0.005729    0.030965    0.141975    3.272846 v _496_/X (sky130_fd_sc_hd__o21a_2)
                                                         _157_ (net)
                      0.030965    0.000000    3.272846 v _512_/B (sky130_fd_sc_hd__or3_2)
     3    0.006179    0.059672    0.276104    3.548950 v _512_/X (sky130_fd_sc_hd__or3_2)
                                                         _173_ (net)
                      0.059672    0.000000    3.548950 v _515_/A1 (sky130_fd_sc_hd__a211o_2)
     2    0.006646    0.042754    0.205419    3.754369 v _515_/X (sky130_fd_sc_hd__a211o_2)
                                                         _176_ (net)
                      0.042754    0.000000    3.754369 v _585_/A1 (sky130_fd_sc_hd__a21o_2)
     2    0.009923    0.038623    0.140913    3.895282 v _585_/X (sky130_fd_sc_hd__a21o_2)
                                                         _245_ (net)
                      0.038623    0.000000    3.895282 v _637_/A2 (sky130_fd_sc_hd__a21o_2)
     2    0.009923    0.038622    0.156437    4.051718 v _637_/X (sky130_fd_sc_hd__a21o_2)
                                                         _296_ (net)
                      0.038622    0.000000    4.051718 v _674_/A2 (sky130_fd_sc_hd__a21o_2)
     2    0.010209    0.039124    0.157128    4.208846 v _674_/X (sky130_fd_sc_hd__a21o_2)
                                                         _332_ (net)
                      0.039124    0.000000    4.208846 v _675_/B (sky130_fd_sc_hd__xnor2_2)
     1    0.033442    0.339644    0.278201    4.487046 ^ _675_/Y (sky130_fd_sc_hd__xnor2_2)
                                                         y[6] (net)
                      0.339644    0.000000    4.487046 ^ y[6] (out)
                                              4.487046   data arrival time

                      0.150000   10.000000   10.000000   clock clk (rise edge)
                                  0.000000   10.000000   clock network delay (ideal)
                                 -0.250000    9.750000   clock uncertainty
                                  0.000000    9.750000   clock reconvergence pessimism
                                 -2.000000    7.750000   output external delay
                                              7.750000   data required time
---------------------------------------------------------------------------------------------
                                              7.750000   data required time
                                             -4.487046   data arrival time
---------------------------------------------------------------------------------------------
                                              3.262954   slack (MET)


Startpoint: h0[1] (input port clocked by clk)
Endpoint: y[5] (output port clocked by clk)
Path Group: clk
Path Type: max

Fanout         Cap        Slew       Delay        Time   Description
---------------------------------------------------------------------------------------------
                      0.150000    0.000000    0.000000   clock clk (rise edge)
                                  0.000000    0.000000   clock network delay (ideal)
                                  2.000000    2.000000 v input external delay
     8    0.024358    0.038586    0.027100    2.027100 v h0[1] (in)
                                                         h0[1] (net)
                      0.038586    0.000000    2.027100 v _453_/A2 (sky130_fd_sc_hd__a22o_2)
     2    0.006427    0.032017    0.145947    2.173047 v _453_/X (sky130_fd_sc_hd__a22o_2)
                                                         _114_ (net)
                      0.032017    0.000000    2.173047 v _454_/B2 (sky130_fd_sc_hd__a22o_2)
     2    0.006626    0.032384    0.117750    2.290797 v _454_/X (sky130_fd_sc_hd__a22o_2)
                                                         _115_ (net)
                      0.032384    0.000000    2.290797 v _457_/A1 (sky130_fd_sc_hd__a21o_2)
     2    0.006427    0.032470    0.128872    2.419669 v _457_/X (sky130_fd_sc_hd__a21o_2)
                                                         _118_ (net)
                      0.032470    0.000000    2.419669 v _459_/B2 (sky130_fd_sc_hd__a22o_2)
     2    0.006489    0.032131    0.117610    2.537279 v _459_/X (sky130_fd_sc_hd__a22o_2)
                                                         _120_ (net)
                      0.032131    0.000000    2.537279 v _461_/A2 (sky130_fd_sc_hd__a21o_2)
     3    0.008754    0.036562    0.151102    2.688381 v _461_/X (sky130_fd_sc_hd__a21o_2)
                                                         _122_ (net)
                      0.036562    0.000000    2.688381 v _463_/A2 (sky130_fd_sc_hd__a21o_2)
     2    0.006549    0.032697    0.147488    2.835868 v _463_/X (sky130_fd_sc_hd__a21o_2)
                                                         _124_ (net)
                      0.032697    0.000000    2.835868 v _477_/A2 (sky130_fd_sc_hd__a21o_2)
     3    0.008426    0.035988    0.150528    2.986396 v _477_/X (sky130_fd_sc_hd__a21o_2)
                                                         _138_ (net)
                      0.035988    0.000000    2.986396 v _478_/C (sky130_fd_sc_hd__and3_2)
     2    0.006402    0.035385    0.144475    3.130871 v _478_/X (sky130_fd_sc_hd__and3_2)
                                                         _139_ (net)
                      0.035385    0.000000    3.130871 v _496_/A1 (sky130_fd_sc_hd__o21a_2)
     2    0.005729    0.030965    0.141975    3.272846 v _496_/X (sky130_fd_sc_hd__o21a_2)
                                                         _157_ (net)
                      0.030965    0.000000    3.272846 v _512_/B (sky130_fd_sc_hd__or3_2)
     3    0.006179    0.059672    0.276104    3.548950 v _512_/X (sky130_fd_sc_hd__or3_2)
                                                         _173_ (net)
                      0.059672    0.000000    3.548950 v _515_/A1 (sky130_fd_sc_hd__a211o_2)
     2    0.006646    0.042754    0.205419    3.754369 v _515_/X (sky130_fd_sc_hd__a211o_2)
                                                         _176_ (net)
                      0.042754    0.000000    3.754369 v _585_/A1 (sky130_fd_sc_hd__a21o_2)
     2    0.009923    0.038623    0.140913    3.895282 v _585_/X (sky130_fd_sc_hd__a21o_2)
                                                         _245_ (net)
                      0.038623    0.000000    3.895282 v _637_/A2 (sky130_fd_sc_hd__a21o_2)
     2    0.009923    0.038622    0.156437    4.051718 v _637_/X (sky130_fd_sc_hd__a21o_2)
                                                         _296_ (net)
                      0.038622    0.000000    4.051718 v _638_/B (sky130_fd_sc_hd__xor2_2)
     1    0.033442    0.320955    0.269697    4.321415 ^ _638_/X (sky130_fd_sc_hd__xor2_2)
                                                         y[5] (net)
                      0.320955    0.000000    4.321415 ^ y[5] (out)
                                              4.321415   data arrival time

                      0.150000   10.000000   10.000000   clock clk (rise edge)
                                  0.000000   10.000000   clock network delay (ideal)
                                 -0.250000    9.750000   clock uncertainty
                                  0.000000    9.750000   clock reconvergence pessimism
                                 -2.000000    7.750000   output external delay
                                              7.750000   data required time
---------------------------------------------------------------------------------------------
                                              7.750000   data required time
                                             -4.321415   data arrival time
---------------------------------------------------------------------------------------------
                                              3.428585   slack (MET)


Startpoint: h0[1] (input port clocked by clk)
Endpoint: y[4] (output port clocked by clk)
Path Group: clk
Path Type: max

Fanout         Cap        Slew       Delay        Time   Description
---------------------------------------------------------------------------------------------
                      0.150000    0.000000    0.000000   clock clk (rise edge)
                                  0.000000    0.000000   clock network delay (ideal)
                                  2.000000    2.000000 v input external delay
     8    0.024358    0.038586    0.027100    2.027100 v h0[1] (in)
                                                         h0[1] (net)
                      0.038586    0.000000    2.027100 v _453_/A2 (sky130_fd_sc_hd__a22o_2)
     2    0.006427    0.032017    0.145947    2.173047 v _453_/X (sky130_fd_sc_hd__a22o_2)
                                                         _114_ (net)
                      0.032017    0.000000    2.173047 v _454_/B2 (sky130_fd_sc_hd__a22o_2)
     2    0.006626    0.032384    0.117750    2.290797 v _454_/X (sky130_fd_sc_hd__a22o_2)
                                                         _115_ (net)
                      0.032384    0.000000    2.290797 v _457_/A1 (sky130_fd_sc_hd__a21o_2)
     2    0.006427    0.032470    0.128872    2.419669 v _457_/X (sky130_fd_sc_hd__a21o_2)
                                                         _118_ (net)
                      0.032470    0.000000    2.419669 v _459_/B2 (sky130_fd_sc_hd__a22o_2)
     2    0.006489    0.032131    0.117610    2.537279 v _459_/X (sky130_fd_sc_hd__a22o_2)
                                                         _120_ (net)
                      0.032131    0.000000    2.537279 v _461_/A2 (sky130_fd_sc_hd__a21o_2)
     3    0.008754    0.036562    0.151102    2.688381 v _461_/X (sky130_fd_sc_hd__a21o_2)
                                                         _122_ (net)
                      0.036562    0.000000    2.688381 v _463_/A2 (sky130_fd_sc_hd__a21o_2)
     2    0.006549    0.032697    0.147488    2.835868 v _463_/X (sky130_fd_sc_hd__a21o_2)
                                                         _124_ (net)
                      0.032697    0.000000    2.835868 v _477_/A2 (sky130_fd_sc_hd__a21o_2)
     3    0.008426    0.035988    0.150528    2.986396 v _477_/X (sky130_fd_sc_hd__a21o_2)
                                                         _138_ (net)
                      0.035988    0.000000    2.986396 v _478_/C (sky130_fd_sc_hd__and3_2)
     2    0.006402    0.035385    0.144475    3.130871 v _478_/X (sky130_fd_sc_hd__and3_2)
                                                         _139_ (net)
                      0.035385    0.000000    3.130871 v _496_/A1 (sky130_fd_sc_hd__o21a_2)
     2    0.005729    0.030965    0.141975    3.272846 v _496_/X (sky130_fd_sc_hd__o21a_2)
                                                         _157_ (net)
                      0.030965    0.000000    3.272846 v _512_/B (sky130_fd_sc_hd__or3_2)
     3    0.006179    0.059672    0.276104    3.548950 v _512_/X (sky130_fd_sc_hd__or3_2)
                                                         _173_ (net)
                      0.059672    0.000000    3.548950 v _515_/A1 (sky130_fd_sc_hd__a211o_2)
     2    0.006646    0.042754    0.205419    3.754369 v _515_/X (sky130_fd_sc_hd__a211o_2)
                                                         _176_ (net)
                      0.042754    0.000000    3.754369 v _585_/A1 (sky130_fd_sc_hd__a21o_2)
     2    0.009923    0.038623    0.140913    3.895282 v _585_/X (sky130_fd_sc_hd__a21o_2)
                                                         _245_ (net)
                      0.038623    0.000000    3.895282 v _586_/B (sky130_fd_sc_hd__xor2_2)
     1    0.033442    0.320956    0.269697    4.164979 ^ _586_/X (sky130_fd_sc_hd__xor2_2)
                                                         y[4] (net)
                      0.320956    0.000000    4.164979 ^ y[4] (out)
                                              4.164979   data arrival time

                      0.150000   10.000000   10.000000   clock clk (rise edge)
                                  0.000000   10.000000   clock network delay (ideal)
                                 -0.250000    9.750000   clock uncertainty
                                  0.000000    9.750000   clock reconvergence pessimism
                                 -2.000000    7.750000   output external delay
                                              7.750000   data required time
---------------------------------------------------------------------------------------------
                                              7.750000   data required time
                                             -4.164979   data arrival time
---------------------------------------------------------------------------------------------
                                              3.585021   slack (MET)


Startpoint: h0[1] (input port clocked by clk)
Endpoint: y[3] (output port clocked by clk)
Path Group: clk
Path Type: max

Fanout         Cap        Slew       Delay        Time   Description
---------------------------------------------------------------------------------------------
                      0.150000    0.000000    0.000000   clock clk (rise edge)
                                  0.000000    0.000000   clock network delay (ideal)
                                  2.000000    2.000000 v input external delay
     8    0.024358    0.038586    0.027100    2.027100 v h0[1] (in)
                                                         h0[1] (net)
                      0.038586    0.000000    2.027100 v _453_/A2 (sky130_fd_sc_hd__a22o_2)
     2    0.006427    0.032017    0.145947    2.173047 v _453_/X (sky130_fd_sc_hd__a22o_2)
                                                         _114_ (net)
                      0.032017    0.000000    2.173047 v _454_/B2 (sky130_fd_sc_hd__a22o_2)
     2    0.006626    0.032384    0.117750    2.290797 v _454_/X (sky130_fd_sc_hd__a22o_2)
                                                         _115_ (net)
                      0.032384    0.000000    2.290797 v _457_/A1 (sky130_fd_sc_hd__a21o_2)
     2    0.006427    0.032470    0.128872    2.419669 v _457_/X (sky130_fd_sc_hd__a21o_2)
                                                         _118_ (net)
                      0.032470    0.000000    2.419669 v _459_/B2 (sky130_fd_sc_hd__a22o_2)
     2    0.006489    0.032131    0.117610    2.537279 v _459_/X (sky130_fd_sc_hd__a22o_2)
                                                         _120_ (net)
                      0.032131    0.000000    2.537279 v _461_/A2 (sky130_fd_sc_hd__a21o_2)
     3    0.008754    0.036562    0.151102    2.688381 v _461_/X (sky130_fd_sc_hd__a21o_2)
                                                         _122_ (net)
                      0.036562    0.000000    2.688381 v _463_/A2 (sky130_fd_sc_hd__a21o_2)
     2    0.006549    0.032697    0.147488    2.835868 v _463_/X (sky130_fd_sc_hd__a21o_2)
                                                         _124_ (net)
                      0.032697    0.000000    2.835868 v _477_/A2 (sky130_fd_sc_hd__a21o_2)
     3    0.008426    0.035988    0.150528    2.986396 v _477_/X (sky130_fd_sc_hd__a21o_2)
                                                         _138_ (net)
                      0.035988    0.000000    2.986396 v _478_/C (sky130_fd_sc_hd__and3_2)
     2    0.006402    0.035385    0.144475    3.130871 v _478_/X (sky130_fd_sc_hd__and3_2)
                                                         _139_ (net)
                      0.035385    0.000000    3.130871 v _496_/A1 (sky130_fd_sc_hd__o21a_2)
     2    0.005729    0.030965    0.141975    3.272846 v _496_/X (sky130_fd_sc_hd__o21a_2)
                                                         _157_ (net)
                      0.030965    0.000000    3.272846 v _512_/B (sky130_fd_sc_hd__or3_2)
     3    0.006179    0.059672    0.276104    3.548950 v _512_/X (sky130_fd_sc_hd__or3_2)
                                                         _173_ (net)
                      0.059672    0.000000    3.548950 v _514_/B1 (sky130_fd_sc_hd__o211a_2)
     2    0.003697    0.032774    0.099621    3.648571 v _514_/X (sky130_fd_sc_hd__o211a_2)
                                                         _175_ (net)
                      0.032774    0.000000    3.648571 v _516_/A_N (sky130_fd_sc_hd__nand2b_2)
     1    0.008271    0.040911    0.122658    3.771229 v _516_/Y (sky130_fd_sc_hd__nand2b_2)
                                                         _177_ (net)
                      0.040911    0.000000    3.771229 v _518_/A (sky130_fd_sc_hd__xnor2_2)
     1    0.033442    0.339644    0.297912    4.069141 ^ _518_/Y (sky130_fd_sc_hd__xnor2_2)
                                                         y[3] (net)
                      0.339644    0.000000    4.069141 ^ y[3] (out)
                                              4.069141   data arrival time

                      0.150000   10.000000   10.000000   clock clk (rise edge)
                                  0.000000   10.000000   clock network delay (ideal)
                                 -0.250000    9.750000   clock uncertainty
                                  0.000000    9.750000   clock reconvergence pessimism
                                 -2.000000    7.750000   output external delay
                                              7.750000   data required time
---------------------------------------------------------------------------------------------
                                              7.750000   data required time
                                             -4.069141   data arrival time
---------------------------------------------------------------------------------------------
                                              3.680859   slack (MET)


Startpoint: h3[1] (input port clocked by clk)
Endpoint: y[2] (output port clocked by clk)
Path Group: clk
Path Type: max

Fanout         Cap        Slew       Delay        Time   Description
---------------------------------------------------------------------------------------------
                      0.150000    0.000000    0.000000   clock clk (rise edge)
                                  0.000000    0.000000   clock network delay (ideal)
                                  2.000000    2.000000 v input external delay
     8    0.021017    0.033584    0.023216    2.023216 v h3[1] (in)
                                                         h3[1] (net)
                      0.033584    0.000000    2.023216 v _399_/D (sky130_fd_sc_hd__and4_2)
     3    0.010036    0.043353    0.167955    2.191171 v _399_/X (sky130_fd_sc_hd__and4_2)
                                                         _061_ (net)
                      0.043353    0.000000    2.191171 v _403_/A (sky130_fd_sc_hd__or3b_2)
     3    0.011610    0.073440    0.311123    2.502294 v _403_/X (sky130_fd_sc_hd__or3b_2)
                                                         _065_ (net)
                      0.073440    0.000000    2.502294 v _405_/A (sky130_fd_sc_hd__and2_2)
     2    0.005826    0.032909    0.131279    2.633573 v _405_/X (sky130_fd_sc_hd__and2_2)
                                                         _067_ (net)
                      0.032909    0.000000    2.633573 v _409_/A (sky130_fd_sc_hd__or2_2)
     1    0.004223    0.040396    0.182509    2.816082 v _409_/X (sky130_fd_sc_hd__or2_2)
                                                         _071_ (net)
                      0.040396    0.000000    2.816082 v _410_/B (sky130_fd_sc_hd__nand2_2)
     2    0.007326    0.044773    0.058184    2.874266 ^ _410_/Y (sky130_fd_sc_hd__nand2_2)
                                                         _072_ (net)
                      0.044773    0.000000    2.874266 ^ _411_/C (sky130_fd_sc_hd__nor3_2)
     4    0.010707    0.048144    0.034508    2.908773 v _411_/Y (sky130_fd_sc_hd__nor3_2)
                                                         _073_ (net)
                      0.048144    0.000000    2.908773 v _426_/A (sky130_fd_sc_hd__or3_2)
     3    0.008825    0.065987    0.306069    3.214842 v _426_/X (sky130_fd_sc_hd__or3_2)
                                                         _088_ (net)
                      0.065987    0.000000    3.214842 v _438_/B1 (sky130_fd_sc_hd__o211a_2)
     2    0.003697    0.032765    0.102510    3.317352 v _438_/X (sky130_fd_sc_hd__o211a_2)
                                                         _100_ (net)
                      0.032765    0.000000    3.317352 v _440_/A_N (sky130_fd_sc_hd__nand2b_2)
     1    0.008271    0.040911    0.122655    3.440007 v _440_/Y (sky130_fd_sc_hd__nand2b_2)
                                                         _102_ (net)
                      0.040911    0.000000    3.440007 v _449_/A (sky130_fd_sc_hd__xnor2_2)
     1    0.033442    0.339644    0.297912    3.737919 ^ _449_/Y (sky130_fd_sc_hd__xnor2_2)
                                                         y[2] (net)
                      0.339644    0.000000    3.737919 ^ y[2] (out)
                                              3.737919   data arrival time

                      0.150000   10.000000   10.000000   clock clk (rise edge)
                                  0.000000   10.000000   clock network delay (ideal)
                                 -0.250000    9.750000   clock uncertainty
                                  0.000000    9.750000   clock reconvergence pessimism
                                 -2.000000    7.750000   output external delay
                                              7.750000   data required time
---------------------------------------------------------------------------------------------
                                              7.750000   data required time
                                             -3.737919   data arrival time
---------------------------------------------------------------------------------------------
                                              4.012082   slack (MET)


Startpoint: h1[0] (input port clocked by clk)
Endpoint: y[1] (output port clocked by clk)
Path Group: clk
Path Type: max

Fanout         Cap        Slew       Delay        Time   Description
---------------------------------------------------------------------------------------------
                      0.150000    0.000000    0.000000   clock clk (rise edge)
                                  0.000000    0.000000   clock network delay (ideal)
                                  2.000000    2.000000 ^ input external delay
    10    0.030107    0.106768    0.075812    2.075812 ^ h1[0] (in)
                                                         h1[0] (net)
                      0.106768    0.000000    2.075812 ^ _390_/A1 (sky130_fd_sc_hd__a22o_2)
     2    0.006199    0.035673    0.105174    2.180985 ^ _390_/X (sky130_fd_sc_hd__a22o_2)
                                                         _052_ (net)
                      0.035673    0.000000    2.180985 ^ _392_/C (sky130_fd_sc_hd__and4_2)
     3    0.011760    0.064438    0.156022    2.337008 ^ _392_/X (sky130_fd_sc_hd__and4_2)
                                                         _054_ (net)
                      0.064438    0.000000    2.337008 ^ _394_/A (sky130_fd_sc_hd__nor2_2)
     2    0.005694    0.025984    0.030819    2.367826 v _394_/Y (sky130_fd_sc_hd__nor2_2)
                                                         _056_ (net)
                      0.025984    0.000000    2.367826 v _396_/A (sky130_fd_sc_hd__and2_2)
     3    0.007771    0.036007    0.116204    2.484031 v _396_/X (sky130_fd_sc_hd__and2_2)
                                                         _058_ (net)
                      0.036007    0.000000    2.484031 v _430_/A (sky130_fd_sc_hd__or2_2)
     2    0.005694    0.043803    0.188157    2.672187 v _430_/X (sky130_fd_sc_hd__or2_2)
                                                         _092_ (net)
                      0.043803    0.000000    2.672187 v _435_/A (sky130_fd_sc_hd__and2_2)
     1    0.004145    0.029853    0.114708    2.786896 v _435_/X (sky130_fd_sc_hd__and2_2)
                                                         _097_ (net)
                      0.029853    0.000000    2.786896 v _436_/B (sky130_fd_sc_hd__nor2_2)
     2    0.006457    0.071577    0.069360    2.856256 ^ _436_/Y (sky130_fd_sc_hd__nor2_2)
                                                         _098_ (net)
                      0.071577    0.000000    2.856256 ^ _437_/C (sky130_fd_sc_hd__and3_2)
     3    0.009684    0.051869    0.133342    2.989598 ^ _437_/X (sky130_fd_sc_hd__and3_2)
                                                         _099_ (net)
                      0.051869    0.000000    2.989598 ^ _442_/A (sky130_fd_sc_hd__nor2_2)
     2    0.009910    0.031265    0.036864    3.026462 v _442_/Y (sky130_fd_sc_hd__nor2_2)
                                                         _104_ (net)
                      0.031265    0.000000    3.026462 v _704_/A (sky130_fd_sc_hd__xnor2_2)
     1    0.033442    0.339335    0.293934    3.320396 ^ _704_/Y (sky130_fd_sc_hd__xnor2_2)
                                                         y[1] (net)
                      0.339335    0.000000    3.320396 ^ y[1] (out)
                                              3.320396   data arrival time

                      0.150000   10.000000   10.000000   clock clk (rise edge)
                                  0.000000   10.000000   clock network delay (ideal)
                                 -0.250000    9.750000   clock uncertainty
                                  0.000000    9.750000   clock reconvergence pessimism
                                 -2.000000    7.750000   output external delay
                                              7.750000   data required time
---------------------------------------------------------------------------------------------
                                              7.750000   data required time
                                             -3.320396   data arrival time
---------------------------------------------------------------------------------------------
                                              4.429605   slack (MET)


Startpoint: h1[0] (input port clocked by clk)
Endpoint: y[0] (output port clocked by clk)
Path Group: clk
Path Type: max

Fanout         Cap        Slew       Delay        Time   Description
---------------------------------------------------------------------------------------------
                      0.150000    0.000000    0.000000   clock clk (rise edge)
                                  0.000000    0.000000   clock network delay (ideal)
                                  2.000000    2.000000 ^ input external delay
    10    0.030107    0.106768    0.075812    2.075812 ^ h1[0] (in)
                                                         h1[0] (net)
                      0.106768    0.000000    2.075812 ^ _395_/A (sky130_fd_sc_hd__and4_2)
     3    0.011027    0.061927    0.162521    2.238333 ^ _395_/X (sky130_fd_sc_hd__and4_2)
                                                         _057_ (net)
                      0.061927    0.000000    2.238333 ^ _444_/A (sky130_fd_sc_hd__nor2_2)
     2    0.012146    0.034788    0.041210    2.279542 v _444_/Y (sky130_fd_sc_hd__nor2_2)
                                                         _106_ (net)
                      0.034788    0.000000    2.279542 v _445_/B (sky130_fd_sc_hd__xnor2_2)
     2    0.005763    0.037602    0.088425    2.367968 v _445_/Y (sky130_fd_sc_hd__xnor2_2)
                                                         _107_ (net)
                      0.037602    0.000000    2.367968 v _446_/C (sky130_fd_sc_hd__and3_2)
     2    0.008462    0.038850    0.150185    2.518153 v _446_/X (sky130_fd_sc_hd__and3_2)
                                                         _108_ (net)
                      0.038850    0.000000    2.518153 v _703_/A (sky130_fd_sc_hd__nor2_2)
     1    0.033442    0.270515    0.239154    2.757307 ^ _703_/Y (sky130_fd_sc_hd__nor2_2)
                                                         y[0] (net)
                      0.270515    0.000000    2.757307 ^ y[0] (out)
                                              2.757307   data arrival time

                      0.150000   10.000000   10.000000   clock clk (rise edge)
                                  0.000000   10.000000   clock network delay (ideal)
                                 -0.250000    9.750000   clock uncertainty
                                  0.000000    9.750000   clock reconvergence pessimism
                                 -2.000000    7.750000   output external delay
                                              7.750000   data required time
---------------------------------------------------------------------------------------------
                                              7.750000   data required time
                                             -2.757307   data arrival time
---------------------------------------------------------------------------------------------
                                              4.992692   slack (MET)


Startpoint: start_diag (input port clocked by clk)
Endpoint: _755_ (rising edge-triggered flip-flop clocked by clk)
Path Group: clk
Path Type: max

Fanout         Cap        Slew       Delay        Time   Description
---------------------------------------------------------------------------------------------
                      0.150000    0.000000    0.000000   clock clk (rise edge)
                                  0.000000    0.000000   clock network delay (ideal)
                                  2.000000    2.000000 v input external delay
     2    0.005786    0.009567    0.005365    2.005365 v start_diag (in)
                                                         start_diag (net)
                      0.009567    0.000000    2.005365 v _711_/A (sky130_fd_sc_hd__and2_2)
     2    0.003072    0.027558    0.098497    2.103862 v _711_/X (sky130_fd_sc_hd__and2_2)
                                                         _358_ (net)
                      0.027558    0.000000    2.103862 v _733_/A0 (sky130_fd_sc_hd__mux2_1)
     1    0.001495    0.033526    0.138071    2.241933 v _733_/X (sky130_fd_sc_hd__mux2_1)
                                                         _366_ (net)
                      0.033526    0.000000    2.241933 v _734_/B (sky130_fd_sc_hd__and2_2)
     1    0.001783    0.024706    0.115967    2.357900 v _734_/X (sky130_fd_sc_hd__and2_2)
                                                         _019_ (net)
                      0.024706    0.000000    2.357900 v _755_/D (sky130_fd_sc_hd__dfxtp_2)
                                              2.357900   data arrival time

                      0.150000   10.000000   10.000000   clock clk (rise edge)
                                  0.000000   10.000000   clock network delay (ideal)
                                 -0.250000    9.750000   clock uncertainty
                                  0.000000    9.750000   clock reconvergence pessimism
                                              9.750000 ^ _755_/CLK (sky130_fd_sc_hd__dfxtp_2)
                                 -0.057277    9.692723   library setup time
                                              9.692723   data required time
---------------------------------------------------------------------------------------------
                                              9.692723   data required time
                                             -2.357900   data arrival time
---------------------------------------------------------------------------------------------
                                              7.334823   slack (MET)


Startpoint: _755_ (rising edge-triggered flip-flop clocked by clk)
Endpoint: diag_busy (output port clocked by clk)
Path Group: clk
Path Type: max

Fanout         Cap        Slew       Delay        Time   Description
---------------------------------------------------------------------------------------------
                      0.150000    0.000000    0.000000   clock clk (rise edge)
                                  0.000000    0.000000   clock network delay (ideal)
                      0.150000    0.000000    0.000000 ^ _755_/CLK (sky130_fd_sc_hd__dfxtp_2)
     6    0.048112    0.186341    0.350410    0.350410 ^ _755_/Q (sky130_fd_sc_hd__dfxtp_2)
                                                         diag_busy (net)
                      0.186341    0.000000    0.350410 ^ diag_busy (out)
                                              0.350410   data arrival time

                      0.150000   10.000000   10.000000   clock clk (rise edge)
                                  0.000000   10.000000   clock network delay (ideal)
                                 -0.250000    9.750000   clock uncertainty
                                  0.000000    9.750000   clock reconvergence pessimism
                                 -2.000000    7.750000   output external delay
                                              7.750000   data required time
---------------------------------------------------------------------------------------------
                                              7.750000   data required time
                                             -0.350410   data arrival time
---------------------------------------------------------------------------------------------
                                              7.399590   slack (MET)


Startpoint: _756_ (rising edge-triggered flip-flop clocked by clk)
Endpoint: diag_done (output port clocked by clk)
Path Group: clk
Path Type: max

Fanout         Cap        Slew       Delay        Time   Description
---------------------------------------------------------------------------------------------
                      0.150000    0.000000    0.000000   clock clk (rise edge)
                                  0.000000    0.000000   clock network delay (ideal)
                      0.150000    0.000000    0.000000 ^ _756_/CLK (sky130_fd_sc_hd__dfxtp_2)
     1    0.033442    0.132124    0.310913    0.310913 ^ _756_/Q (sky130_fd_sc_hd__dfxtp_2)
                                                         diag_done (net)
                      0.132124    0.000000    0.310913 ^ diag_done (out)
                                              0.310913   data arrival time

                      0.150000   10.000000   10.000000   clock clk (rise edge)
                                  0.000000   10.000000   clock network delay (ideal)
                                 -0.250000    9.750000   clock uncertainty
                                  0.000000    9.750000   clock reconvergence pessimism
                                 -2.000000    7.750000   output external delay
                                              7.750000   data required time
---------------------------------------------------------------------------------------------
                                              7.750000   data required time
                                             -0.310913   data arrival time
---------------------------------------------------------------------------------------------
                                              7.439087   slack (MET)


Startpoint: x[0] (input port clocked by clk)
Endpoint: _751_ (rising edge-triggered flip-flop clocked by clk)
Path Group: clk
Path Type: max

Fanout         Cap        Slew       Delay        Time   Description
---------------------------------------------------------------------------------------------
                      0.150000    0.000000    0.000000   clock clk (rise edge)
                                  0.000000    0.000000   clock network delay (ideal)
                                  2.000000    2.000000 v input external delay
     1    0.001577    0.003050    0.001239    2.001240 v x[0] (in)
                                                         x[0] (net)
                      0.003050    0.000000    2.001240 v _725_/A0 (sky130_fd_sc_hd__mux2_1)
     1    0.001495    0.033404    0.132752    2.133991 v _725_/X (sky130_fd_sc_hd__mux2_1)
                                                         _362_ (net)
                      0.033404    0.000000    2.133991 v _726_/B (sky130_fd_sc_hd__and2_2)
     1    0.001783    0.024706    0.115918    2.249909 v _726_/X (sky130_fd_sc_hd__and2_2)
                                                         _015_ (net)
                      0.024706    0.000000    2.249909 v _751_/D (sky130_fd_sc_hd__dfxtp_2)
                                              2.249909   data arrival time

                      0.150000   10.000000   10.000000   clock clk (rise edge)
                                  0.000000   10.000000   clock network delay (ideal)
                                 -0.250000    9.750000   clock uncertainty
                                  0.000000    9.750000   clock reconvergence pessimism
                                              9.750000 ^ _751_/CLK (sky130_fd_sc_hd__dfxtp_2)
                                 -0.057277    9.692723   library setup time
                                              9.692723   data required time
---------------------------------------------------------------------------------------------
                                              9.692723   data required time
                                             -2.249909   data arrival time
---------------------------------------------------------------------------------------------
                                              7.442814   slack (MET)


Startpoint: x[1] (input port clocked by clk)
Endpoint: _752_ (rising edge-triggered flip-flop clocked by clk)
Path Group: clk
Path Type: max

Fanout         Cap        Slew       Delay        Time   Description
---------------------------------------------------------------------------------------------
                      0.150000    0.000000    0.000000   clock clk (rise edge)
                                  0.000000    0.000000   clock network delay (ideal)
                                  2.000000    2.000000 v input external delay
     1    0.001577    0.003050    0.001239    2.001240 v x[1] (in)
                                                         x[1] (net)
                      0.003050    0.000000    2.001240 v _727_/A0 (sky130_fd_sc_hd__mux2_1)
     1    0.001495    0.033404    0.132752    2.133991 v _727_/X (sky130_fd_sc_hd__mux2_1)
                                                         _363_ (net)
                      0.033404    0.000000    2.133991 v _728_/B (sky130_fd_sc_hd__and2_2)
     1    0.001783    0.024706    0.115918    2.249909 v _728_/X (sky130_fd_sc_hd__and2_2)
                                                         _016_ (net)
                      0.024706    0.000000    2.249909 v _752_/D (sky130_fd_sc_hd__dfxtp_2)
                                              2.249909   data arrival time

                      0.150000   10.000000   10.000000   clock clk (rise edge)
                                  0.000000   10.000000   clock network delay (ideal)
                                 -0.250000    9.750000   clock uncertainty
                                  0.000000    9.750000   clock reconvergence pessimism
                                              9.750000 ^ _752_/CLK (sky130_fd_sc_hd__dfxtp_2)
                                 -0.057277    9.692723   library setup time
                                              9.692723   data required time
---------------------------------------------------------------------------------------------
                                              9.692723   data required time
                                             -2.249909   data arrival time
---------------------------------------------------------------------------------------------
                                              7.442814   slack (MET)


Startpoint: x[2] (input port clocked by clk)
Endpoint: _753_ (rising edge-triggered flip-flop clocked by clk)
Path Group: clk
Path Type: max

Fanout         Cap        Slew       Delay        Time   Description
---------------------------------------------------------------------------------------------
                      0.150000    0.000000    0.000000   clock clk (rise edge)
                                  0.000000    0.000000   clock network delay (ideal)
                                  2.000000    2.000000 v input external delay
     1    0.001577    0.003050    0.001239    2.001240 v x[2] (in)
                                                         x[2] (net)
                      0.003050    0.000000    2.001240 v _729_/A0 (sky130_fd_sc_hd__mux2_1)
     1    0.001495    0.033404    0.132752    2.133991 v _729_/X (sky130_fd_sc_hd__mux2_1)
                                                         _364_ (net)
                      0.033404    0.000000    2.133991 v _730_/B (sky130_fd_sc_hd__and2_2)
     1    0.001783    0.024706    0.115918    2.249909 v _730_/X (sky130_fd_sc_hd__and2_2)
                                                         _017_ (net)
                      0.024706    0.000000    2.249909 v _753_/D (sky130_fd_sc_hd__dfxtp_2)
                                              2.249909   data arrival time

                      0.150000   10.000000   10.000000   clock clk (rise edge)
                                  0.000000   10.000000   clock network delay (ideal)
                                 -0.250000    9.750000   clock uncertainty
                                  0.000000    9.750000   clock reconvergence pessimism
                                              9.750000 ^ _753_/CLK (sky130_fd_sc_hd__dfxtp_2)
                                 -0.057277    9.692723   library setup time
                                              9.692723   data required time
---------------------------------------------------------------------------------------------
                                              9.692723   data required time
                                             -2.249909   data arrival time
---------------------------------------------------------------------------------------------
                                              7.442814   slack (MET)


Startpoint: rst (input port clocked by clk)
Endpoint: _754_ (rising edge-triggered flip-flop clocked by clk)
Path Group: clk
Path Type: max

Fanout         Cap        Slew       Delay        Time   Description
---------------------------------------------------------------------------------------------
                      0.150000    0.000000    0.000000   clock clk (rise edge)
                                  0.000000    0.000000   clock network delay (ideal)
                                  2.000000    2.000000 v input external delay
     3    0.010673    0.017546    0.011125    2.011125 v rst (in)
                                                         rst (net)
                      0.017546    0.000000    2.011125 v _369_/A (sky130_fd_sc_hd__inv_2)
    31    0.051601    0.179598    0.143560    2.154685 ^ _369_/Y (sky130_fd_sc_hd__inv_2)
                                                         _367_ (net)
                      0.179598    0.000000    2.154685 ^ _731_/B (sky130_fd_sc_hd__and3b_2)
     1    0.001748    0.026141    0.124965    2.279651 ^ _731_/X (sky130_fd_sc_hd__and3b_2)
                                                         _018_ (net)
                      0.026141    0.000000    2.279651 ^ _754_/D (sky130_fd_sc_hd__dfxtp_2)
                                              2.279651   data arrival time

                      0.150000   10.000000   10.000000   clock clk (rise edge)
                                  0.000000   10.000000   clock network delay (ideal)
                                 -0.250000    9.750000   clock uncertainty
                                  0.000000    9.750000   clock reconvergence pessimism
                                              9.750000 ^ _754_/CLK (sky130_fd_sc_hd__dfxtp_2)
                                 -0.027192    9.722808   library setup time
                                              9.722808   data required time
---------------------------------------------------------------------------------------------
                                              9.722808   data required time
                                             -2.279651   data arrival time
---------------------------------------------------------------------------------------------
                                              7.443157   slack (MET)


Startpoint: rst (input port clocked by clk)
Endpoint: _757_ (rising edge-triggered flip-flop clocked by clk)
Path Group: clk
Path Type: max

Fanout         Cap        Slew       Delay        Time   Description
---------------------------------------------------------------------------------------------
                      0.150000    0.000000    0.000000   clock clk (rise edge)
                                  0.000000    0.000000   clock network delay (ideal)
                                  2.000000    2.000000 ^ input external delay
     3    0.011835    0.045694    0.030947    2.030947 ^ rst (in)
                                                         rst (net)
                      0.045694    0.000000    2.030947 ^ _369_/A (sky130_fd_sc_hd__inv_2)
    31    0.048154    0.073907    0.076063    2.107009 v _369_/Y (sky130_fd_sc_hd__inv_2)
                                                         _367_ (net)
                      0.073907    0.000000    2.107009 v _736_/B (sky130_fd_sc_hd__and2_2)
     1    0.001783    0.024699    0.133083    2.240092 v _736_/X (sky130_fd_sc_hd__and2_2)
                                                         _021_ (net)
                      0.024699    0.000000    2.240092 v _757_/D (sky130_fd_sc_hd__dfxtp_2)
                                              2.240092   data arrival time

                      0.150000   10.000000   10.000000   clock clk (rise edge)
                                  0.000000   10.000000   clock network delay (ideal)
                                 -0.250000    9.750000   clock uncertainty
                                  0.000000    9.750000   clock reconvergence pessimism
                                              9.750000 ^ _757_/CLK (sky130_fd_sc_hd__dfxtp_2)
                                 -0.057274    9.692726   library setup time
                                              9.692726   data required time
---------------------------------------------------------------------------------------------
                                              9.692726   data required time
                                             -2.240092   data arrival time
---------------------------------------------------------------------------------------------
                                              7.452634   slack (MET)


Startpoint: rst (input port clocked by clk)
Endpoint: _758_ (rising edge-triggered flip-flop clocked by clk)
Path Group: clk
Path Type: max

Fanout         Cap        Slew       Delay        Time   Description
---------------------------------------------------------------------------------------------
                      0.150000    0.000000    0.000000   clock clk (rise edge)
                                  0.000000    0.000000   clock network delay (ideal)
                                  2.000000    2.000000 ^ input external delay
     3    0.011835    0.045694    0.030947    2.030947 ^ rst (in)
                                                         rst (net)
                      0.045694    0.000000    2.030947 ^ _369_/A (sky130_fd_sc_hd__inv_2)
    31    0.048154    0.073907    0.076063    2.107009 v _369_/Y (sky130_fd_sc_hd__inv_2)
                                                         _367_ (net)
                      0.073907    0.000000    2.107009 v _737_/B (sky130_fd_sc_hd__and2_2)
     1    0.001783    0.024699    0.133083    2.240092 v _737_/X (sky130_fd_sc_hd__and2_2)
                                                         _022_ (net)
                      0.024699    0.000000    2.240092 v _758_/D (sky130_fd_sc_hd__dfxtp_2)
                                              2.240092   data arrival time

                      0.150000   10.000000   10.000000   clock clk (rise edge)
                                  0.000000   10.000000   clock network delay (ideal)
                                 -0.250000    9.750000   clock uncertainty
                                  0.000000    9.750000   clock reconvergence pessimism
                                              9.750000 ^ _758_/CLK (sky130_fd_sc_hd__dfxtp_2)
                                 -0.057274    9.692726   library setup time
                                              9.692726   data required time
---------------------------------------------------------------------------------------------
                                              9.692726   data required time
                                             -2.240092   data arrival time
---------------------------------------------------------------------------------------------
                                              7.452634   slack (MET)


Startpoint: rst (input port clocked by clk)
Endpoint: _759_ (rising edge-triggered flip-flop clocked by clk)
Path Group: clk
Path Type: max

Fanout         Cap        Slew       Delay        Time   Description
---------------------------------------------------------------------------------------------
                      0.150000    0.000000    0.000000   clock clk (rise edge)
                                  0.000000    0.000000   clock network delay (ideal)
                                  2.000000    2.000000 ^ input external delay
     3    0.011835    0.045694    0.030947    2.030947 ^ rst (in)
                                                         rst (net)
                      0.045694    0.000000    2.030947 ^ _369_/A (sky130_fd_sc_hd__inv_2)
    31    0.048154    0.073907    0.076063    2.107009 v _369_/Y (sky130_fd_sc_hd__inv_2)
                                                         _367_ (net)
                      0.073907    0.000000    2.107009 v _738_/B (sky130_fd_sc_hd__and2_2)
     1    0.001783    0.024699    0.133083    2.240092 v _738_/X (sky130_fd_sc_hd__and2_2)
                                                         _023_ (net)
                      0.024699    0.000000    2.240092 v _759_/D (sky130_fd_sc_hd__dfxtp_2)
                                              2.240092   data arrival time

                      0.150000   10.000000   10.000000   clock clk (rise edge)
                                  0.000000   10.000000   clock network delay (ideal)
                                 -0.250000    9.750000   clock uncertainty
                                  0.000000    9.750000   clock reconvergence pessimism
                                              9.750000 ^ _759_/CLK (sky130_fd_sc_hd__dfxtp_2)
                                 -0.057274    9.692726   library setup time
                                              9.692726   data required time
---------------------------------------------------------------------------------------------
                                              9.692726   data required time
                                             -2.240092   data arrival time
---------------------------------------------------------------------------------------------
                                              7.452634   slack (MET)


Startpoint: rst (input port clocked by clk)
Endpoint: _760_ (rising edge-triggered flip-flop clocked by clk)
Path Group: clk
Path Type: max

Fanout         Cap        Slew       Delay        Time   Description
---------------------------------------------------------------------------------------------
                      0.150000    0.000000    0.000000   clock clk (rise edge)
                                  0.000000    0.000000   clock network delay (ideal)
                                  2.000000    2.000000 ^ input external delay
     3    0.011835    0.045694    0.030947    2.030947 ^ rst (in)
                                                         rst (net)
                      0.045694    0.000000    2.030947 ^ _369_/A (sky130_fd_sc_hd__inv_2)
    31    0.048154    0.073907    0.076063    2.107009 v _369_/Y (sky130_fd_sc_hd__inv_2)
                                                         _367_ (net)
                      0.073907    0.000000    2.107009 v _739_/B (sky130_fd_sc_hd__and2_2)
     1    0.001783    0.024699    0.133083    2.240092 v _739_/X (sky130_fd_sc_hd__and2_2)
                                                         _024_ (net)
                      0.024699    0.000000    2.240092 v _760_/D (sky130_fd_sc_hd__dfxtp_2)
                                              2.240092   data arrival time

                      0.150000   10.000000   10.000000   clock clk (rise edge)
                                  0.000000   10.000000   clock network delay (ideal)
                                 -0.250000    9.750000   clock uncertainty
                                  0.000000    9.750000   clock reconvergence pessimism
                                              9.750000 ^ _760_/CLK (sky130_fd_sc_hd__dfxtp_2)
                                 -0.057274    9.692726   library setup time
                                              9.692726   data required time
---------------------------------------------------------------------------------------------
                                              9.692726   data required time
                                             -2.240092   data arrival time
---------------------------------------------------------------------------------------------
                                              7.452634   slack (MET)


Startpoint: rst (input port clocked by clk)
Endpoint: _761_ (rising edge-triggered flip-flop clocked by clk)
Path Group: clk
Path Type: max

Fanout         Cap        Slew       Delay        Time   Description
---------------------------------------------------------------------------------------------
                      0.150000    0.000000    0.000000   clock clk (rise edge)
                                  0.000000    0.000000   clock network delay (ideal)
                                  2.000000    2.000000 ^ input external delay
     3    0.011835    0.045694    0.030947    2.030947 ^ rst (in)
                                                         rst (net)
                      0.045694    0.000000    2.030947 ^ _369_/A (sky130_fd_sc_hd__inv_2)
    31    0.048154    0.073907    0.076063    2.107009 v _369_/Y (sky130_fd_sc_hd__inv_2)
                                                         _367_ (net)
                      0.073907    0.000000    2.107009 v _740_/B (sky130_fd_sc_hd__and2_2)
     1    0.001783    0.024699    0.133083    2.240092 v _740_/X (sky130_fd_sc_hd__and2_2)
                                                         _025_ (net)
                      0.024699    0.000000    2.240092 v _761_/D (sky130_fd_sc_hd__dfxtp_2)
                                              2.240092   data arrival time

                      0.150000   10.000000   10.000000   clock clk (rise edge)
                                  0.000000   10.000000   clock network delay (ideal)
                                 -0.250000    9.750000   clock uncertainty
                                  0.000000    9.750000   clock reconvergence pessimism
                                              9.750000 ^ _761_/CLK (sky130_fd_sc_hd__dfxtp_2)
                                 -0.057274    9.692726   library setup time
                                              9.692726   data required time
---------------------------------------------------------------------------------------------
                                              9.692726   data required time
                                             -2.240092   data arrival time
---------------------------------------------------------------------------------------------
                                              7.452634   slack (MET)


Startpoint: rst (input port clocked by clk)
Endpoint: _762_ (rising edge-triggered flip-flop clocked by clk)
Path Group: clk
Path Type: max

Fanout         Cap        Slew       Delay        Time   Description
---------------------------------------------------------------------------------------------
                      0.150000    0.000000    0.000000   clock clk (rise edge)
                                  0.000000    0.000000   clock network delay (ideal)
                                  2.000000    2.000000 ^ input external delay
     3    0.011835    0.045694    0.030947    2.030947 ^ rst (in)
                                                         rst (net)
                      0.045694    0.000000    2.030947 ^ _369_/A (sky130_fd_sc_hd__inv_2)
    31    0.048154    0.073907    0.076063    2.107009 v _369_/Y (sky130_fd_sc_hd__inv_2)
                                                         _367_ (net)
                      0.073907    0.000000    2.107009 v _741_/B (sky130_fd_sc_hd__and2_2)
     1    0.001783    0.024699    0.133083    2.240092 v _741_/X (sky130_fd_sc_hd__and2_2)
                                                         _026_ (net)
                      0.024699    0.000000    2.240092 v _762_/D (sky130_fd_sc_hd__dfxtp_2)
                                              2.240092   data arrival time

                      0.150000   10.000000   10.000000   clock clk (rise edge)
                                  0.000000   10.000000   clock network delay (ideal)
                                 -0.250000    9.750000   clock uncertainty
                                  0.000000    9.750000   clock reconvergence pessimism
                                              9.750000 ^ _762_/CLK (sky130_fd_sc_hd__dfxtp_2)
                                 -0.057274    9.692726   library setup time
                                              9.692726   data required time
---------------------------------------------------------------------------------------------
                                              9.692726   data required time
                                             -2.240092   data arrival time
---------------------------------------------------------------------------------------------
                                              7.452634   slack (MET)


Startpoint: rst (input port clocked by clk)
Endpoint: _763_ (rising edge-triggered flip-flop clocked by clk)
Path Group: clk
Path Type: max

Fanout         Cap        Slew       Delay        Time   Description
---------------------------------------------------------------------------------------------
                      0.150000    0.000000    0.000000   clock clk (rise edge)
                                  0.000000    0.000000   clock network delay (ideal)
                                  2.000000    2.000000 ^ input external delay
     3    0.011835    0.045694    0.030947    2.030947 ^ rst (in)
                                                         rst (net)
                      0.045694    0.000000    2.030947 ^ _369_/A (sky130_fd_sc_hd__inv_2)
    31    0.048154    0.073907    0.076063    2.107009 v _369_/Y (sky130_fd_sc_hd__inv_2)
                                                         _367_ (net)
                      0.073907    0.000000    2.107009 v _742_/B (sky130_fd_sc_hd__and2_2)
     1    0.001783    0.024699    0.133083    2.240092 v _742_/X (sky130_fd_sc_hd__and2_2)
                                                         _027_ (net)
                      0.024699    0.000000    2.240092 v _763_/D (sky130_fd_sc_hd__dfxtp_2)
                                              2.240092   data arrival time

                      0.150000   10.000000   10.000000   clock clk (rise edge)
                                  0.000000   10.000000   clock network delay (ideal)
                                 -0.250000    9.750000   clock uncertainty
                                  0.000000    9.750000   clock reconvergence pessimism
                                              9.750000 ^ _763_/CLK (sky130_fd_sc_hd__dfxtp_2)
                                 -0.057274    9.692726   library setup time
                                              9.692726   data required time
---------------------------------------------------------------------------------------------
                                              9.692726   data required time
                                             -2.240092   data arrival time
---------------------------------------------------------------------------------------------
                                              7.452634   slack (MET)


Startpoint: rst (input port clocked by clk)
Endpoint: _764_ (rising edge-triggered flip-flop clocked by clk)
Path Group: clk
Path Type: max

Fanout         Cap        Slew       Delay        Time   Description
---------------------------------------------------------------------------------------------
                      0.150000    0.000000    0.000000   clock clk (rise edge)
                                  0.000000    0.000000   clock network delay (ideal)
                                  2.000000    2.000000 ^ input external delay
     3    0.011835    0.045694    0.030947    2.030947 ^ rst (in)
                                                         rst (net)
                      0.045694    0.000000    2.030947 ^ _369_/A (sky130_fd_sc_hd__inv_2)
    31    0.048154    0.073907    0.076063    2.107009 v _369_/Y (sky130_fd_sc_hd__inv_2)
                                                         _367_ (net)
                      0.073907    0.000000    2.107009 v _743_/B (sky130_fd_sc_hd__and2_2)
     1    0.001783    0.024699    0.133083    2.240092 v _743_/X (sky130_fd_sc_hd__and2_2)
                                                         _028_ (net)
                      0.024699    0.000000    2.240092 v _764_/D (sky130_fd_sc_hd__dfxtp_2)
                                              2.240092   data arrival time

                      0.150000   10.000000   10.000000   clock clk (rise edge)
                                  0.000000   10.000000   clock network delay (ideal)
                                 -0.250000    9.750000   clock uncertainty
                                  0.000000    9.750000   clock reconvergence pessimism
                                              9.750000 ^ _764_/CLK (sky130_fd_sc_hd__dfxtp_2)
                                 -0.057274    9.692726   library setup time
                                              9.692726   data required time
---------------------------------------------------------------------------------------------
                                              9.692726   data required time
                                             -2.240092   data arrival time
---------------------------------------------------------------------------------------------
                                              7.452634   slack (MET)


Startpoint: rst (input port clocked by clk)
Endpoint: _765_ (rising edge-triggered flip-flop clocked by clk)
Path Group: clk
Path Type: max

Fanout         Cap        Slew       Delay        Time   Description
---------------------------------------------------------------------------------------------
                      0.150000    0.000000    0.000000   clock clk (rise edge)
                                  0.000000    0.000000   clock network delay (ideal)
                                  2.000000    2.000000 ^ input external delay
     3    0.011835    0.045694    0.030947    2.030947 ^ rst (in)
                                                         rst (net)
                      0.045694    0.000000    2.030947 ^ _369_/A (sky130_fd_sc_hd__inv_2)
    31    0.048154    0.073907    0.076063    2.107009 v _369_/Y (sky130_fd_sc_hd__inv_2)
                                                         _367_ (net)
                      0.073907    0.000000    2.107009 v _744_/B (sky130_fd_sc_hd__and2_2)
     1    0.001783    0.024699    0.133083    2.240092 v _744_/X (sky130_fd_sc_hd__and2_2)
                                                         _029_ (net)
                      0.024699    0.000000    2.240092 v _765_/D (sky130_fd_sc_hd__dfxtp_2)
                                              2.240092   data arrival time

                      0.150000   10.000000   10.000000   clock clk (rise edge)
                                  0.000000   10.000000   clock network delay (ideal)
                                 -0.250000    9.750000   clock uncertainty
                                  0.000000    9.750000   clock reconvergence pessimism
                                              9.750000 ^ _765_/CLK (sky130_fd_sc_hd__dfxtp_2)
                                 -0.057274    9.692726   library setup time
                                              9.692726   data required time
---------------------------------------------------------------------------------------------
                                              9.692726   data required time
                                             -2.240092   data arrival time
---------------------------------------------------------------------------------------------
                                              7.452634   slack (MET)


Startpoint: rst (input port clocked by clk)
Endpoint: _766_ (rising edge-triggered flip-flop clocked by clk)
Path Group: clk
Path Type: max

Fanout         Cap        Slew       Delay        Time   Description
---------------------------------------------------------------------------------------------
                      0.150000    0.000000    0.000000   clock clk (rise edge)
                                  0.000000    0.000000   clock network delay (ideal)
                                  2.000000    2.000000 ^ input external delay
     3    0.011835    0.045694    0.030947    2.030947 ^ rst (in)
                                                         rst (net)
                      0.045694    0.000000    2.030947 ^ _369_/A (sky130_fd_sc_hd__inv_2)
    31    0.048154    0.073907    0.076063    2.107009 v _369_/Y (sky130_fd_sc_hd__inv_2)
                                                         _367_ (net)
                      0.073907    0.000000    2.107009 v _745_/B (sky130_fd_sc_hd__and2_2)
     1    0.001783    0.024699    0.133083    2.240092 v _745_/X (sky130_fd_sc_hd__and2_2)
                                                         _030_ (net)
                      0.024699    0.000000    2.240092 v _766_/D (sky130_fd_sc_hd__dfxtp_2)
                                              2.240092   data arrival time

                      0.150000   10.000000   10.000000   clock clk (rise edge)
                                  0.000000   10.000000   clock network delay (ideal)
                                 -0.250000    9.750000   clock uncertainty
                                  0.000000    9.750000   clock reconvergence pessimism
                                              9.750000 ^ _766_/CLK (sky130_fd_sc_hd__dfxtp_2)
                                 -0.057274    9.692726   library setup time
                                              9.692726   data required time
---------------------------------------------------------------------------------------------
                                              9.692726   data required time
                                             -2.240092   data arrival time
---------------------------------------------------------------------------------------------
                                              7.452634   slack (MET)


Startpoint: rst (input port clocked by clk)
Endpoint: _767_ (rising edge-triggered flip-flop clocked by clk)
Path Group: clk
Path Type: max

Fanout         Cap        Slew       Delay        Time   Description
---------------------------------------------------------------------------------------------
                      0.150000    0.000000    0.000000   clock clk (rise edge)
                                  0.000000    0.000000   clock network delay (ideal)
                                  2.000000    2.000000 ^ input external delay
     3    0.011835    0.045694    0.030947    2.030947 ^ rst (in)
                                                         rst (net)
                      0.045694    0.000000    2.030947 ^ _369_/A (sky130_fd_sc_hd__inv_2)
    31    0.048154    0.073907    0.076063    2.107009 v _369_/Y (sky130_fd_sc_hd__inv_2)
                                                         _367_ (net)
                      0.073907    0.000000    2.107009 v _746_/B (sky130_fd_sc_hd__and2_2)
     1    0.001783    0.024699    0.133083    2.240092 v _746_/X (sky130_fd_sc_hd__and2_2)
                                                         _031_ (net)
                      0.024699    0.000000    2.240092 v _767_/D (sky130_fd_sc_hd__dfxtp_2)
                                              2.240092   data arrival time

                      0.150000   10.000000   10.000000   clock clk (rise edge)
                                  0.000000   10.000000   clock network delay (ideal)
                                 -0.250000    9.750000   clock uncertainty
                                  0.000000    9.750000   clock reconvergence pessimism
                                              9.750000 ^ _767_/CLK (sky130_fd_sc_hd__dfxtp_2)
                                 -0.057274    9.692726   library setup time
                                              9.692726   data required time
---------------------------------------------------------------------------------------------
                                              9.692726   data required time
                                             -2.240092   data arrival time
---------------------------------------------------------------------------------------------
                                              7.452634   slack (MET)


Startpoint: rst (input port clocked by clk)
Endpoint: _768_ (rising edge-triggered flip-flop clocked by clk)
Path Group: clk
Path Type: max

Fanout         Cap        Slew       Delay        Time   Description
---------------------------------------------------------------------------------------------
                      0.150000    0.000000    0.000000   clock clk (rise edge)
                                  0.000000    0.000000   clock network delay (ideal)
                                  2.000000    2.000000 ^ input external delay
     3    0.011835    0.045694    0.030947    2.030947 ^ rst (in)
                                                         rst (net)
                      0.045694    0.000000    2.030947 ^ _369_/A (sky130_fd_sc_hd__inv_2)
    31    0.048154    0.073907    0.076063    2.107009 v _369_/Y (sky130_fd_sc_hd__inv_2)
                                                         _367_ (net)
                      0.073907    0.000000    2.107009 v _747_/B (sky130_fd_sc_hd__and2_2)
     1    0.001783    0.024699    0.133083    2.240092 v _747_/X (sky130_fd_sc_hd__and2_2)
                                                         _032_ (net)
                      0.024699    0.000000    2.240092 v _768_/D (sky130_fd_sc_hd__dfxtp_2)
                                              2.240092   data arrival time

                      0.150000   10.000000   10.000000   clock clk (rise edge)
                                  0.000000   10.000000   clock network delay (ideal)
                                 -0.250000    9.750000   clock uncertainty
                                  0.000000    9.750000   clock reconvergence pessimism
                                              9.750000 ^ _768_/CLK (sky130_fd_sc_hd__dfxtp_2)
                                 -0.057274    9.692726   library setup time
                                              9.692726   data required time
---------------------------------------------------------------------------------------------
                                              9.692726   data required time
                                             -2.240092   data arrival time
---------------------------------------------------------------------------------------------
                                              7.452634   slack (MET)


Startpoint: rst (input port clocked by clk)
Endpoint: _780_ (rising edge-triggered flip-flop clocked by clk)
Path Group: clk
Path Type: max

Fanout         Cap        Slew       Delay        Time   Description
---------------------------------------------------------------------------------------------
                      0.150000    0.000000    0.000000   clock clk (rise edge)
                                  0.000000    0.000000   clock network delay (ideal)
                                  2.000000    2.000000 ^ input external delay
     3    0.011835    0.045694    0.030947    2.030947 ^ rst (in)
                                                         rst (net)
                      0.045694    0.000000    2.030947 ^ _369_/A (sky130_fd_sc_hd__inv_2)
    31    0.048154    0.073907    0.076063    2.107009 v _369_/Y (sky130_fd_sc_hd__inv_2)
                                                         _367_ (net)
                      0.073907    0.000000    2.107009 v _706_/B (sky130_fd_sc_hd__and2_2)
     1    0.001783    0.024699    0.133083    2.240092 v _706_/X (sky130_fd_sc_hd__and2_2)
                                                         _010_ (net)
                      0.024699    0.000000    2.240092 v _780_/D (sky130_fd_sc_hd__dfxtp_2)
                                              2.240092   data arrival time

                      0.150000   10.000000   10.000000   clock clk (rise edge)
                                  0.000000   10.000000   clock network delay (ideal)
                                 -0.250000    9.750000   clock uncertainty
                                  0.000000    9.750000   clock reconvergence pessimism
                                              9.750000 ^ _780_/CLK (sky130_fd_sc_hd__dfxtp_2)
                                 -0.057274    9.692726   library setup time
                                              9.692726   data required time
---------------------------------------------------------------------------------------------
                                              9.692726   data required time
                                             -2.240092   data arrival time
---------------------------------------------------------------------------------------------
                                              7.452634   slack (MET)


Startpoint: rst (input port clocked by clk)
Endpoint: _756_ (rising edge-triggered flip-flop clocked by clk)
Path Group: clk
Path Type: max

Fanout         Cap        Slew       Delay        Time   Description
---------------------------------------------------------------------------------------------
                      0.150000    0.000000    0.000000   clock clk (rise edge)
                                  0.000000    0.000000   clock network delay (ideal)
                                  2.000000    2.000000 v input external delay
     3    0.010673    0.017546    0.011125    2.011125 v rst (in)
                                                         rst (net)
                      0.017546    0.000000    2.011125 v _369_/A (sky130_fd_sc_hd__inv_2)
    31    0.051601    0.179598    0.143560    2.154685 ^ _369_/Y (sky130_fd_sc_hd__inv_2)
                                                         _367_ (net)
                      0.179598    0.000000    2.154685 ^ _735_/A (sky130_fd_sc_hd__and2_2)
     1    0.001748    0.025408    0.106491    2.261177 ^ _735_/X (sky130_fd_sc_hd__and2_2)
                                                         _020_ (net)
                      0.025408    0.000000    2.261177 ^ _756_/D (sky130_fd_sc_hd__dfxtp_2)
                                              2.261177   data arrival time

                      0.150000   10.000000   10.000000   clock clk (rise edge)
                                  0.000000   10.000000   clock network delay (ideal)
                                 -0.250000    9.750000   clock uncertainty
                                  0.000000    9.750000   clock reconvergence pessimism
                                              9.750000 ^ _756_/CLK (sky130_fd_sc_hd__dfxtp_2)
                                 -0.027125    9.722876   library setup time
                                              9.722876   data required time
---------------------------------------------------------------------------------------------
                                              9.722876   data required time
                                             -2.261177   data arrival time
---------------------------------------------------------------------------------------------
                                              7.461698   slack (MET)


Startpoint: rst (input port clocked by clk)
Endpoint: _770_ (rising edge-triggered flip-flop clocked by clk)
Path Group: clk
Path Type: max

Fanout         Cap        Slew       Delay        Time   Description
---------------------------------------------------------------------------------------------
                      0.150000    0.000000    0.000000   clock clk (rise edge)
                                  0.000000    0.000000   clock network delay (ideal)
                                  2.000000    2.000000 v input external delay
     3    0.010673    0.017546    0.011125    2.011125 v rst (in)
                                                         rst (net)
                      0.017546    0.000000    2.011125 v _369_/A (sky130_fd_sc_hd__inv_2)
    31    0.051601    0.179598    0.143560    2.154685 ^ _369_/Y (sky130_fd_sc_hd__inv_2)
                                                         _367_ (net)
                      0.179598    0.000000    2.154685 ^ _717_/A (sky130_fd_sc_hd__and2_2)
     1    0.001748    0.025408    0.106491    2.261177 ^ _717_/X (sky130_fd_sc_hd__and2_2)
                                                         _000_ (net)
                      0.025408    0.000000    2.261177 ^ _770_/D (sky130_fd_sc_hd__dfxtp_2)
                                              2.261177   data arrival time

                      0.150000   10.000000   10.000000   clock clk (rise edge)
                                  0.000000   10.000000   clock network delay (ideal)
                                 -0.250000    9.750000   clock uncertainty
                                  0.000000    9.750000   clock reconvergence pessimism
                                              9.750000 ^ _770_/CLK (sky130_fd_sc_hd__dfxtp_2)
                                 -0.027125    9.722876   library setup time
                                              9.722876   data required time
---------------------------------------------------------------------------------------------
                                              9.722876   data required time
                                             -2.261177   data arrival time
---------------------------------------------------------------------------------------------
                                              7.461698   slack (MET)


Startpoint: rst (input port clocked by clk)
Endpoint: _771_ (rising edge-triggered flip-flop clocked by clk)
Path Group: clk
Path Type: max

Fanout         Cap        Slew       Delay        Time   Description
---------------------------------------------------------------------------------------------
                      0.150000    0.000000    0.000000   clock clk (rise edge)
                                  0.000000    0.000000   clock network delay (ideal)
                                  2.000000    2.000000 v input external delay
     3    0.010673    0.017546    0.011125    2.011125 v rst (in)
                                                         rst (net)
                      0.017546    0.000000    2.011125 v _369_/A (sky130_fd_sc_hd__inv_2)
    31    0.051601    0.179598    0.143560    2.154685 ^ _369_/Y (sky130_fd_sc_hd__inv_2)
                                                         _367_ (net)
                      0.179598    0.000000    2.154685 ^ _716_/A (sky130_fd_sc_hd__and2_2)
     1    0.001748    0.025408    0.106491    2.261177 ^ _716_/X (sky130_fd_sc_hd__and2_2)
                                                         _001_ (net)
                      0.025408    0.000000    2.261177 ^ _771_/D (sky130_fd_sc_hd__dfxtp_2)
                                              2.261177   data arrival time

                      0.150000   10.000000   10.000000   clock clk (rise edge)
                                  0.000000   10.000000   clock network delay (ideal)
                                 -0.250000    9.750000   clock uncertainty
                                  0.000000    9.750000   clock reconvergence pessimism
                                              9.750000 ^ _771_/CLK (sky130_fd_sc_hd__dfxtp_2)
                                 -0.027125    9.722876   library setup time
                                              9.722876   data required time
---------------------------------------------------------------------------------------------
                                              9.722876   data required time
                                             -2.261177   data arrival time
---------------------------------------------------------------------------------------------
                                              7.461698   slack (MET)


Startpoint: rst (input port clocked by clk)
Endpoint: _772_ (rising edge-triggered flip-flop clocked by clk)
Path Group: clk
Path Type: max

Fanout         Cap        Slew       Delay        Time   Description
---------------------------------------------------------------------------------------------
                      0.150000    0.000000    0.000000   clock clk (rise edge)
                                  0.000000    0.000000   clock network delay (ideal)
                                  2.000000    2.000000 v input external delay
     3    0.010673    0.017546    0.011125    2.011125 v rst (in)
                                                         rst (net)
                      0.017546    0.000000    2.011125 v _369_/A (sky130_fd_sc_hd__inv_2)
    31    0.051601    0.179598    0.143560    2.154685 ^ _369_/Y (sky130_fd_sc_hd__inv_2)
                                                         _367_ (net)
                      0.179598    0.000000    2.154685 ^ _715_/A (sky130_fd_sc_hd__and2_2)
     1    0.001748    0.025408    0.106491    2.261177 ^ _715_/X (sky130_fd_sc_hd__and2_2)
                                                         _002_ (net)
                      0.025408    0.000000    2.261177 ^ _772_/D (sky130_fd_sc_hd__dfxtp_2)
                                              2.261177   data arrival time

                      0.150000   10.000000   10.000000   clock clk (rise edge)
                                  0.000000   10.000000   clock network delay (ideal)
                                 -0.250000    9.750000   clock uncertainty
                                  0.000000    9.750000   clock reconvergence pessimism
                                              9.750000 ^ _772_/CLK (sky130_fd_sc_hd__dfxtp_2)
                                 -0.027125    9.722876   library setup time
                                              9.722876   data required time
---------------------------------------------------------------------------------------------
                                              9.722876   data required time
                                             -2.261177   data arrival time
---------------------------------------------------------------------------------------------
                                              7.461698   slack (MET)


Startpoint: rst (input port clocked by clk)
Endpoint: _773_ (rising edge-triggered flip-flop clocked by clk)
Path Group: clk
Path Type: max

Fanout         Cap        Slew       Delay        Time   Description
---------------------------------------------------------------------------------------------
                      0.150000    0.000000    0.000000   clock clk (rise edge)
                                  0.000000    0.000000   clock network delay (ideal)
                                  2.000000    2.000000 v input external delay
     3    0.010673    0.017546    0.011125    2.011125 v rst (in)
                                                         rst (net)
                      0.017546    0.000000    2.011125 v _369_/A (sky130_fd_sc_hd__inv_2)
    31    0.051601    0.179598    0.143560    2.154685 ^ _369_/Y (sky130_fd_sc_hd__inv_2)
                                                         _367_ (net)
                      0.179598    0.000000    2.154685 ^ _714_/A (sky130_fd_sc_hd__and2_2)
     1    0.001748    0.025408    0.106491    2.261177 ^ _714_/X (sky130_fd_sc_hd__and2_2)
                                                         _003_ (net)
                      0.025408    0.000000    2.261177 ^ _773_/D (sky130_fd_sc_hd__dfxtp_2)
                                              2.261177   data arrival time

                      0.150000   10.000000   10.000000   clock clk (rise edge)
                                  0.000000   10.000000   clock network delay (ideal)
                                 -0.250000    9.750000   clock uncertainty
                                  0.000000    9.750000   clock reconvergence pessimism
                                              9.750000 ^ _773_/CLK (sky130_fd_sc_hd__dfxtp_2)
                                 -0.027125    9.722876   library setup time
                                              9.722876   data required time
---------------------------------------------------------------------------------------------
                                              9.722876   data required time
                                             -2.261177   data arrival time
---------------------------------------------------------------------------------------------
                                              7.461698   slack (MET)


Startpoint: rst (input port clocked by clk)
Endpoint: _774_ (rising edge-triggered flip-flop clocked by clk)
Path Group: clk
Path Type: max

Fanout         Cap        Slew       Delay        Time   Description
---------------------------------------------------------------------------------------------
                      0.150000    0.000000    0.000000   clock clk (rise edge)
                                  0.000000    0.000000   clock network delay (ideal)
                                  2.000000    2.000000 v input external delay
     3    0.010673    0.017546    0.011125    2.011125 v rst (in)
                                                         rst (net)
                      0.017546    0.000000    2.011125 v _369_/A (sky130_fd_sc_hd__inv_2)
    31    0.051601    0.179598    0.143560    2.154685 ^ _369_/Y (sky130_fd_sc_hd__inv_2)
                                                         _367_ (net)
                      0.179598    0.000000    2.154685 ^ _713_/A (sky130_fd_sc_hd__and2_2)
     1    0.001748    0.025408    0.106491    2.261177 ^ _713_/X (sky130_fd_sc_hd__and2_2)
                                                         _004_ (net)
                      0.025408    0.000000    2.261177 ^ _774_/D (sky130_fd_sc_hd__dfxtp_2)
                                              2.261177   data arrival time

                      0.150000   10.000000   10.000000   clock clk (rise edge)
                                  0.000000   10.000000   clock network delay (ideal)
                                 -0.250000    9.750000   clock uncertainty
                                  0.000000    9.750000   clock reconvergence pessimism
                                              9.750000 ^ _774_/CLK (sky130_fd_sc_hd__dfxtp_2)
                                 -0.027125    9.722876   library setup time
                                              9.722876   data required time
---------------------------------------------------------------------------------------------
                                              9.722876   data required time
                                             -2.261177   data arrival time
---------------------------------------------------------------------------------------------
                                              7.461698   slack (MET)


Startpoint: rst (input port clocked by clk)
Endpoint: _775_ (rising edge-triggered flip-flop clocked by clk)
Path Group: clk
Path Type: max

Fanout         Cap        Slew       Delay        Time   Description
---------------------------------------------------------------------------------------------
                      0.150000    0.000000    0.000000   clock clk (rise edge)
                                  0.000000    0.000000   clock network delay (ideal)
                                  2.000000    2.000000 v input external delay
     3    0.010673    0.017546    0.011125    2.011125 v rst (in)
                                                         rst (net)
                      0.017546    0.000000    2.011125 v _369_/A (sky130_fd_sc_hd__inv_2)
    31    0.051601    0.179598    0.143560    2.154685 ^ _369_/Y (sky130_fd_sc_hd__inv_2)
                                                         _367_ (net)
                      0.179598    0.000000    2.154685 ^ _712_/A (sky130_fd_sc_hd__and2_2)
     1    0.001748    0.025408    0.106491    2.261177 ^ _712_/X (sky130_fd_sc_hd__and2_2)
                                                         _005_ (net)
                      0.025408    0.000000    2.261177 ^ _775_/D (sky130_fd_sc_hd__dfxtp_2)
                                              2.261177   data arrival time

                      0.150000   10.000000   10.000000   clock clk (rise edge)
                                  0.000000   10.000000   clock network delay (ideal)
                                 -0.250000    9.750000   clock uncertainty
                                  0.000000    9.750000   clock reconvergence pessimism
                                              9.750000 ^ _775_/CLK (sky130_fd_sc_hd__dfxtp_2)
                                 -0.027125    9.722876   library setup time
                                              9.722876   data required time
---------------------------------------------------------------------------------------------
                                              9.722876   data required time
                                             -2.261177   data arrival time
---------------------------------------------------------------------------------------------
                                              7.461698   slack (MET)


Startpoint: rst (input port clocked by clk)
Endpoint: _776_ (rising edge-triggered flip-flop clocked by clk)
Path Group: clk
Path Type: max

Fanout         Cap        Slew       Delay        Time   Description
---------------------------------------------------------------------------------------------
                      0.150000    0.000000    0.000000   clock clk (rise edge)
                                  0.000000    0.000000   clock network delay (ideal)
                                  2.000000    2.000000 v input external delay
     3    0.010673    0.017546    0.011125    2.011125 v rst (in)
                                                         rst (net)
                      0.017546    0.000000    2.011125 v _369_/A (sky130_fd_sc_hd__inv_2)
    31    0.051601    0.179598    0.143560    2.154685 ^ _369_/Y (sky130_fd_sc_hd__inv_2)
                                                         _367_ (net)
                      0.179598    0.000000    2.154685 ^ _710_/A (sky130_fd_sc_hd__and2_2)
     1    0.001748    0.025408    0.106491    2.261177 ^ _710_/X (sky130_fd_sc_hd__and2_2)
                                                         _006_ (net)
                      0.025408    0.000000    2.261177 ^ _776_/D (sky130_fd_sc_hd__dfxtp_2)
                                              2.261177   data arrival time

                      0.150000   10.000000   10.000000   clock clk (rise edge)
                                  0.000000   10.000000   clock network delay (ideal)
                                 -0.250000    9.750000   clock uncertainty
                                  0.000000    9.750000   clock reconvergence pessimism
                                              9.750000 ^ _776_/CLK (sky130_fd_sc_hd__dfxtp_2)
                                 -0.027125    9.722876   library setup time
                                              9.722876   data required time
---------------------------------------------------------------------------------------------
                                              9.722876   data required time
                                             -2.261177   data arrival time
---------------------------------------------------------------------------------------------
                                              7.461698   slack (MET)


Startpoint: rst (input port clocked by clk)
Endpoint: _777_ (rising edge-triggered flip-flop clocked by clk)
Path Group: clk
Path Type: max

Fanout         Cap        Slew       Delay        Time   Description
---------------------------------------------------------------------------------------------
                      0.150000    0.000000    0.000000   clock clk (rise edge)
                                  0.000000    0.000000   clock network delay (ideal)
                                  2.000000    2.000000 v input external delay
     3    0.010673    0.017546    0.011125    2.011125 v rst (in)
                                                         rst (net)
                      0.017546    0.000000    2.011125 v _369_/A (sky130_fd_sc_hd__inv_2)
    31    0.051601    0.179598    0.143560    2.154685 ^ _369_/Y (sky130_fd_sc_hd__inv_2)
                                                         _367_ (net)
                      0.179598    0.000000    2.154685 ^ _709_/A (sky130_fd_sc_hd__and2_2)
     1    0.001748    0.025408    0.106491    2.261177 ^ _709_/X (sky130_fd_sc_hd__and2_2)
                                                         _007_ (net)
                      0.025408    0.000000    2.261177 ^ _777_/D (sky130_fd_sc_hd__dfxtp_2)
                                              2.261177   data arrival time

                      0.150000   10.000000   10.000000   clock clk (rise edge)
                                  0.000000   10.000000   clock network delay (ideal)
                                 -0.250000    9.750000   clock uncertainty
                                  0.000000    9.750000   clock reconvergence pessimism
                                              9.750000 ^ _777_/CLK (sky130_fd_sc_hd__dfxtp_2)
                                 -0.027125    9.722876   library setup time
                                              9.722876   data required time
---------------------------------------------------------------------------------------------
                                              9.722876   data required time
                                             -2.261177   data arrival time
---------------------------------------------------------------------------------------------
                                              7.461698   slack (MET)


Startpoint: rst (input port clocked by clk)
Endpoint: _778_ (rising edge-triggered flip-flop clocked by clk)
Path Group: clk
Path Type: max

Fanout         Cap        Slew       Delay        Time   Description
---------------------------------------------------------------------------------------------
                      0.150000    0.000000    0.000000   clock clk (rise edge)
                                  0.000000    0.000000   clock network delay (ideal)
                                  2.000000    2.000000 v input external delay
     3    0.010673    0.017546    0.011125    2.011125 v rst (in)
                                                         rst (net)
                      0.017546    0.000000    2.011125 v _369_/A (sky130_fd_sc_hd__inv_2)
    31    0.051601    0.179598    0.143560    2.154685 ^ _369_/Y (sky130_fd_sc_hd__inv_2)
                                                         _367_ (net)
                      0.179598    0.000000    2.154685 ^ _708_/A (sky130_fd_sc_hd__and2_2)
     1    0.001748    0.025408    0.106491    2.261177 ^ _708_/X (sky130_fd_sc_hd__and2_2)
                                                         _008_ (net)
                      0.025408    0.000000    2.261177 ^ _778_/D (sky130_fd_sc_hd__dfxtp_2)
                                              2.261177   data arrival time

                      0.150000   10.000000   10.000000   clock clk (rise edge)
                                  0.000000   10.000000   clock network delay (ideal)
                                 -0.250000    9.750000   clock uncertainty
                                  0.000000    9.750000   clock reconvergence pessimism
                                              9.750000 ^ _778_/CLK (sky130_fd_sc_hd__dfxtp_2)
                                 -0.027125    9.722876   library setup time
                                              9.722876   data required time
---------------------------------------------------------------------------------------------
                                              9.722876   data required time
                                             -2.261177   data arrival time
---------------------------------------------------------------------------------------------
                                              7.461698   slack (MET)


Startpoint: rst (input port clocked by clk)
Endpoint: _779_ (rising edge-triggered flip-flop clocked by clk)
Path Group: clk
Path Type: max

Fanout         Cap        Slew       Delay        Time   Description
---------------------------------------------------------------------------------------------
                      0.150000    0.000000    0.000000   clock clk (rise edge)
                                  0.000000    0.000000   clock network delay (ideal)
                                  2.000000    2.000000 v input external delay
     3    0.010673    0.017546    0.011125    2.011125 v rst (in)
                                                         rst (net)
                      0.017546    0.000000    2.011125 v _369_/A (sky130_fd_sc_hd__inv_2)
    31    0.051601    0.179598    0.143560    2.154685 ^ _369_/Y (sky130_fd_sc_hd__inv_2)
                                                         _367_ (net)
                      0.179598    0.000000    2.154685 ^ _707_/A (sky130_fd_sc_hd__and2_2)
     1    0.001748    0.025408    0.106491    2.261177 ^ _707_/X (sky130_fd_sc_hd__and2_2)
                                                         _009_ (net)
                      0.025408    0.000000    2.261177 ^ _779_/D (sky130_fd_sc_hd__dfxtp_2)
                                              2.261177   data arrival time

                      0.150000   10.000000   10.000000   clock clk (rise edge)
                                  0.000000   10.000000   clock network delay (ideal)
                                 -0.250000    9.750000   clock uncertainty
                                  0.000000    9.750000   clock reconvergence pessimism
                                              9.750000 ^ _779_/CLK (sky130_fd_sc_hd__dfxtp_2)
                                 -0.027125    9.722876   library setup time
                                              9.722876   data required time
---------------------------------------------------------------------------------------------
                                              9.722876   data required time
                                             -2.261177   data arrival time
---------------------------------------------------------------------------------------------
                                              7.461698   slack (MET)


Startpoint: start_diag (input port clocked by clk)
Endpoint: _769_ (rising edge-triggered flip-flop clocked by clk)
Path Group: clk
Path Type: max

Fanout         Cap        Slew       Delay        Time   Description
---------------------------------------------------------------------------------------------
                      0.150000    0.000000    0.000000   clock clk (rise edge)
                                  0.000000    0.000000   clock network delay (ideal)
                                  2.000000    2.000000 ^ input external delay
     2    0.006229    0.026644    0.016694    2.016694 ^ start_diag (in)
                                                         start_diag (net)
                      0.026644    0.000000    2.016694 ^ _370_/A (sky130_fd_sc_hd__inv_2)
     1    0.002258    0.009540    0.013645    2.030339 v _370_/Y (sky130_fd_sc_hd__inv_2)
                                                         _368_ (net)
                      0.009540    0.000000    2.030339 v _718_/A1 (sky130_fd_sc_hd__a211o_2)
     1    0.001783    0.030856    0.172005    2.202344 v _718_/X (sky130_fd_sc_hd__a211o_2)
                                                         _011_ (net)
                      0.030856    0.000000    2.202344 v _769_/D (sky130_fd_sc_hd__dfxtp_2)
                                              2.202344   data arrival time

                      0.150000   10.000000   10.000000   clock clk (rise edge)
                                  0.000000   10.000000   clock network delay (ideal)
                                 -0.250000    9.750000   clock uncertainty
                                  0.000000    9.750000   clock reconvergence pessimism
                                              9.750000 ^ _769_/CLK (sky130_fd_sc_hd__dfxtp_2)
                                 -0.059462    9.690538   library setup time
                                              9.690538   data required time
---------------------------------------------------------------------------------------------
                                              9.690538   data required time
                                             -2.202344   data arrival time
---------------------------------------------------------------------------------------------
                                              7.488194   slack (MET)


Startpoint: rst (input port clocked by clk)
Endpoint: _748_ (rising edge-triggered flip-flop clocked by clk)
Path Group: clk
Path Type: max

Fanout         Cap        Slew       Delay        Time   Description
---------------------------------------------------------------------------------------------
                      0.150000    0.000000    0.000000   clock clk (rise edge)
                                  0.000000    0.000000   clock network delay (ideal)
                                  2.000000    2.000000 ^ input external delay
     3    0.011835    0.045694    0.030947    2.030947 ^ rst (in)
                                                         rst (net)
                      0.045694    0.000000    2.030947 ^ _369_/A (sky130_fd_sc_hd__inv_2)
    31    0.048154    0.073907    0.076063    2.107009 v _369_/Y (sky130_fd_sc_hd__inv_2)
                                                         _367_ (net)
                      0.073907    0.000000    2.107009 v _719_/B1 (sky130_fd_sc_hd__o41a_2)
     1    0.001783    0.041031    0.088187    2.195197 v _719_/X (sky130_fd_sc_hd__o41a_2)
                                                         _012_ (net)
                      0.041031    0.000000    2.195197 v _748_/D (sky130_fd_sc_hd__dfxtp_2)
                                              2.195197   data arrival time

                      0.150000   10.000000   10.000000   clock clk (rise edge)
                                  0.000000   10.000000   clock network delay (ideal)
                                 -0.250000    9.750000   clock uncertainty
                                  0.000000    9.750000   clock reconvergence pessimism
                                              9.750000 ^ _748_/CLK (sky130_fd_sc_hd__dfxtp_2)
                                 -0.063078    9.686923   library setup time
                                              9.686923   data required time
---------------------------------------------------------------------------------------------
                                              9.686923   data required time
                                             -2.195197   data arrival time
---------------------------------------------------------------------------------------------
                                              7.491725   slack (MET)


Startpoint: rst (input port clocked by clk)
Endpoint: _750_ (rising edge-triggered flip-flop clocked by clk)
Path Group: clk
Path Type: max

Fanout         Cap        Slew       Delay        Time   Description
---------------------------------------------------------------------------------------------
                      0.150000    0.000000    0.000000   clock clk (rise edge)
                                  0.000000    0.000000   clock network delay (ideal)
                                  2.000000    2.000000 v input external delay
     3    0.010673    0.017546    0.011125    2.011125 v rst (in)
                                                         rst (net)
                      0.017546    0.000000    2.011125 v _369_/A (sky130_fd_sc_hd__inv_2)
    31    0.051601    0.179598    0.143560    2.154685 ^ _369_/Y (sky130_fd_sc_hd__inv_2)
                                                         _367_ (net)
                      0.179598    0.000000    2.154685 ^ _724_/B1 (sky130_fd_sc_hd__o21a_2)
     1    0.001748    0.020400    0.072754    2.227439 ^ _724_/X (sky130_fd_sc_hd__o21a_2)
                                                         _014_ (net)
                      0.020400    0.000000    2.227439 ^ _750_/D (sky130_fd_sc_hd__dfxtp_2)
                                              2.227439   data arrival time

                      0.150000   10.000000   10.000000   clock clk (rise edge)
                                  0.000000   10.000000   clock network delay (ideal)
                                 -0.250000    9.750000   clock uncertainty
                                  0.000000    9.750000   clock reconvergence pessimism
                                              9.750000 ^ _750_/CLK (sky130_fd_sc_hd__dfxtp_2)
                                 -0.026668    9.723331   library setup time
                                              9.723331   data required time
---------------------------------------------------------------------------------------------
                                              9.723331   data required time
                                             -2.227439   data arrival time
---------------------------------------------------------------------------------------------
                                              7.495892   slack (MET)


Startpoint: rst (input port clocked by clk)
Endpoint: _749_ (rising edge-triggered flip-flop clocked by clk)
Path Group: clk
Path Type: max

Fanout         Cap        Slew       Delay        Time   Description
---------------------------------------------------------------------------------------------
                      0.150000    0.000000    0.000000   clock clk (rise edge)
                                  0.000000    0.000000   clock network delay (ideal)
                                  2.000000    2.000000 ^ input external delay
     3    0.011835    0.045694    0.030947    2.030947 ^ rst (in)
                                                         rst (net)
                      0.045694    0.000000    2.030947 ^ _722_/A (sky130_fd_sc_hd__nor2_2)
     1    0.001783    0.024228    0.021575    2.052522 v _722_/Y (sky130_fd_sc_hd__nor2_2)
                                                         _013_ (net)
                      0.024228    0.000000    2.052522 v _749_/D (sky130_fd_sc_hd__dfxtp_2)
                                              2.052522   data arrival time

                      0.150000   10.000000   10.000000   clock clk (rise edge)
                                  0.000000   10.000000   clock network delay (ideal)
                                 -0.250000    9.750000   clock uncertainty
                                  0.000000    9.750000   clock reconvergence pessimism
                                              9.750000 ^ _749_/CLK (sky130_fd_sc_hd__dfxtp_2)
                                 -0.057107    9.692893   library setup time
                                              9.692893   data required time
---------------------------------------------------------------------------------------------
                                              9.692893   data required time
                                             -2.052522   data arrival time
---------------------------------------------------------------------------------------------
                                              7.640371   slack (MET)



