
===========================================================================
report_checks -path_delay max (Setup)
============================================================================
======================= nom_tt_025C_1v80 Corner ===================================

Startpoint: h0[1] (input port clocked by clk)
Endpoint: y[8] (output port clocked by clk)
Path Group: clk
Path Type: max

Fanout         Cap        Slew       Delay        Time   Description
---------------------------------------------------------------------------------------------
                                  0.000000    0.000000   clock clk (rise edge)
                                  0.000000    0.000000   clock network delay (propagated)
                                  2.000000    2.000000 v input external delay
     8    0.027807    0.062871    0.046794    2.046794 v h0[1] (in)
                                                         h0[1] (net)
                      0.062872    0.000000    2.046794 v _453_/A2 (sky130_fd_sc_hd__a22o_2)
     2    0.006820    0.049092    0.286504    2.333298 v _453_/X (sky130_fd_sc_hd__a22o_2)
                                                         _114_ (net)
                      0.049092    0.000021    2.333320 v _454_/B2 (sky130_fd_sc_hd__a22o_2)
     2    0.006874    0.051045    0.248227    2.581547 v _454_/X (sky130_fd_sc_hd__a22o_2)
                                                         _115_ (net)
                      0.051045    0.000009    2.581556 v _457_/A1 (sky130_fd_sc_hd__a21o_2)
     2    0.006911    0.043628    0.207920    2.789476 v _457_/X (sky130_fd_sc_hd__a21o_2)
                                                         _118_ (net)
                      0.043628    0.000018    2.789494 v _459_/B2 (sky130_fd_sc_hd__a22o_2)
     2    0.007050    0.051542    0.246979    3.036473 v _459_/X (sky130_fd_sc_hd__a22o_2)
                                                         _120_ (net)
                      0.051542    0.000016    3.036489 v _461_/A2 (sky130_fd_sc_hd__a21o_2)
     3    0.009489    0.050205    0.240779    3.277268 v _461_/X (sky130_fd_sc_hd__a21o_2)
                                                         _122_ (net)
                      0.050205    0.000023    3.277291 v _463_/A2 (sky130_fd_sc_hd__a21o_2)
     2    0.008683    0.048051    0.237396    3.514687 v _463_/X (sky130_fd_sc_hd__a21o_2)
                                                         _124_ (net)
                      0.048051    0.000070    3.514756 v _477_/A2 (sky130_fd_sc_hd__a21o_2)
     3    0.009064    0.050521    0.237809    3.752565 v _477_/X (sky130_fd_sc_hd__a21o_2)
                                                         _138_ (net)
                      0.050521    0.000023    3.752588 v _478_/C (sky130_fd_sc_hd__and3_2)
     2    0.009281    0.053122    0.239055    3.991643 v _478_/X (sky130_fd_sc_hd__and3_2)
                                                         _139_ (net)
                      0.053122    0.000095    3.991738 v _496_/A1 (sky130_fd_sc_hd__o21a_2)
     2    0.006284    0.041998    0.229401    4.221138 v _496_/X (sky130_fd_sc_hd__o21a_2)
                                                         _157_ (net)
                      0.041998    0.000015    4.221153 v _512_/B (sky130_fd_sc_hd__or3_2)
     3    0.006881    0.092607    0.488134    4.709288 v _512_/X (sky130_fd_sc_hd__or3_2)
                                                         _173_ (net)
                      0.092607    0.000016    4.709303 v _515_/A1 (sky130_fd_sc_hd__a211o_2)
     2    0.007111    0.061056    0.338869    5.048172 v _515_/X (sky130_fd_sc_hd__a211o_2)
                                                         _176_ (net)
                      0.061056    0.000013    5.048186 v _585_/A1 (sky130_fd_sc_hd__a21o_2)
     2    0.011390    0.055599    0.227268    5.275455 v _585_/X (sky130_fd_sc_hd__a21o_2)
                                                         _245_ (net)
                      0.055599    0.000091    5.275545 v _637_/A2 (sky130_fd_sc_hd__a21o_2)
     2    0.011316    0.055385    0.248732    5.524277 v _637_/X (sky130_fd_sc_hd__a21o_2)
                                                         _296_ (net)
                      0.055385    0.000088    5.524365 v _674_/A2 (sky130_fd_sc_hd__a21o_2)
     2    0.011519    0.055722    0.249355    5.773721 v _674_/X (sky130_fd_sc_hd__a21o_2)
                                                         _332_ (net)
                      0.055722    0.000069    5.773789 v _695_/A2 (sky130_fd_sc_hd__a21o_2)
     2    0.011283    0.055277    0.248683    6.022472 v _695_/X (sky130_fd_sc_hd__a21o_2)
                                                         _352_ (net)
                      0.055277    0.000064    6.022537 v _697_/A2 (sky130_fd_sc_hd__a21o_2)
     2    0.011899    0.055866    0.250638    6.273175 v _697_/X (sky130_fd_sc_hd__a21o_2)
                                                         _353_ (net)
                      0.055866    0.000043    6.273218 v _701_/A (sky130_fd_sc_hd__xor2_2)
     1    0.034764    0.432834    0.414738    6.687955 ^ _701_/X (sky130_fd_sc_hd__xor2_2)
                                                         y[8] (net)
                      0.432834    0.000319    6.688274 ^ y[8] (out)
                                              6.688274   data arrival time

                                 10.000000   10.000000   clock clk (rise edge)
                                  0.000000   10.000000   clock network delay (propagated)
                                 -0.250000    9.750000   clock uncertainty
                                  0.000000    9.750000   clock reconvergence pessimism
                                 -2.000000    7.750000   output external delay
                                              7.750000   data required time
---------------------------------------------------------------------------------------------
                                              7.750000   data required time
                                             -6.688274   data arrival time
---------------------------------------------------------------------------------------------
                                              1.061726   slack (MET)


Startpoint: h0[1] (input port clocked by clk)
Endpoint: y[9] (output port clocked by clk)
Path Group: clk
Path Type: max

Fanout         Cap        Slew       Delay        Time   Description
---------------------------------------------------------------------------------------------
                                  0.000000    0.000000   clock clk (rise edge)
                                  0.000000    0.000000   clock network delay (propagated)
                                  2.000000    2.000000 v input external delay
     8    0.027807    0.062871    0.046794    2.046794 v h0[1] (in)
                                                         h0[1] (net)
                      0.062872    0.000000    2.046794 v _453_/A2 (sky130_fd_sc_hd__a22o_2)
     2    0.006820    0.049092    0.286504    2.333298 v _453_/X (sky130_fd_sc_hd__a22o_2)
                                                         _114_ (net)
                      0.049092    0.000021    2.333320 v _454_/B2 (sky130_fd_sc_hd__a22o_2)
     2    0.006874    0.051045    0.248227    2.581547 v _454_/X (sky130_fd_sc_hd__a22o_2)
                                                         _115_ (net)
                      0.051045    0.000009    2.581556 v _457_/A1 (sky130_fd_sc_hd__a21o_2)
     2    0.006911    0.043628    0.207920    2.789476 v _457_/X (sky130_fd_sc_hd__a21o_2)
                                                         _118_ (net)
                      0.043628    0.000018    2.789494 v _459_/B2 (sky130_fd_sc_hd__a22o_2)
     2    0.007050    0.051542    0.246979    3.036473 v _459_/X (sky130_fd_sc_hd__a22o_2)
                                                         _120_ (net)
                      0.051542    0.000016    3.036489 v _461_/A2 (sky130_fd_sc_hd__a21o_2)
     3    0.009489    0.050205    0.240779    3.277268 v _461_/X (sky130_fd_sc_hd__a21o_2)
                                                         _122_ (net)
                      0.050205    0.000023    3.277291 v _463_/A2 (sky130_fd_sc_hd__a21o_2)
     2    0.008683    0.048051    0.237396    3.514687 v _463_/X (sky130_fd_sc_hd__a21o_2)
                                                         _124_ (net)
                      0.048051    0.000070    3.514756 v _477_/A2 (sky130_fd_sc_hd__a21o_2)
     3    0.009064    0.050521    0.237809    3.752565 v _477_/X (sky130_fd_sc_hd__a21o_2)
                                                         _138_ (net)
                      0.050521    0.000023    3.752588 v _478_/C (sky130_fd_sc_hd__and3_2)
     2    0.009281    0.053122    0.239055    3.991643 v _478_/X (sky130_fd_sc_hd__and3_2)
                                                         _139_ (net)
                      0.053122    0.000095    3.991738 v _496_/A1 (sky130_fd_sc_hd__o21a_2)
     2    0.006284    0.041998    0.229401    4.221138 v _496_/X (sky130_fd_sc_hd__o21a_2)
                                                         _157_ (net)
                      0.041998    0.000015    4.221153 v _512_/B (sky130_fd_sc_hd__or3_2)
     3    0.006881    0.092607    0.488134    4.709288 v _512_/X (sky130_fd_sc_hd__or3_2)
                                                         _173_ (net)
                      0.092607    0.000016    4.709303 v _515_/A1 (sky130_fd_sc_hd__a211o_2)
     2    0.007111    0.061056    0.338869    5.048172 v _515_/X (sky130_fd_sc_hd__a211o_2)
                                                         _176_ (net)
                      0.061056    0.000013    5.048186 v _585_/A1 (sky130_fd_sc_hd__a21o_2)
     2    0.011390    0.055599    0.227268    5.275455 v _585_/X (sky130_fd_sc_hd__a21o_2)
                                                         _245_ (net)
                      0.055599    0.000091    5.275545 v _637_/A2 (sky130_fd_sc_hd__a21o_2)
     2    0.011316    0.055385    0.248732    5.524277 v _637_/X (sky130_fd_sc_hd__a21o_2)
                                                         _296_ (net)
                      0.055385    0.000088    5.524365 v _674_/A2 (sky130_fd_sc_hd__a21o_2)
     2    0.011519    0.055722    0.249355    5.773721 v _674_/X (sky130_fd_sc_hd__a21o_2)
                                                         _332_ (net)
                      0.055722    0.000069    5.773789 v _695_/A2 (sky130_fd_sc_hd__a21o_2)
     2    0.011283    0.055277    0.248683    6.022472 v _695_/X (sky130_fd_sc_hd__a21o_2)
                                                         _352_ (net)
                      0.055277    0.000064    6.022537 v _697_/A2 (sky130_fd_sc_hd__a21o_2)
     2    0.011899    0.055866    0.250638    6.273175 v _697_/X (sky130_fd_sc_hd__a21o_2)
                                                         _353_ (net)
                      0.055866    0.000042    6.273216 v _705_/A1 (sky130_fd_sc_hd__a21o_2)
     1    0.034772    0.107195    0.280294    6.553510 v _705_/X (sky130_fd_sc_hd__a21o_2)
                                                         y[9] (net)
                      0.107195    0.000324    6.553834 v y[9] (out)
                                              6.553834   data arrival time

                                 10.000000   10.000000   clock clk (rise edge)
                                  0.000000   10.000000   clock network delay (propagated)
                                 -0.250000    9.750000   clock uncertainty
                                  0.000000    9.750000   clock reconvergence pessimism
                                 -2.000000    7.750000   output external delay
                                              7.750000   data required time
---------------------------------------------------------------------------------------------
                                              7.750000   data required time
                                             -6.553834   data arrival time
---------------------------------------------------------------------------------------------
                                              1.196166   slack (MET)


Startpoint: h0[1] (input port clocked by clk)
Endpoint: y[7] (output port clocked by clk)
Path Group: clk
Path Type: max

Fanout         Cap        Slew       Delay        Time   Description
---------------------------------------------------------------------------------------------
                                  0.000000    0.000000   clock clk (rise edge)
                                  0.000000    0.000000   clock network delay (propagated)
                                  2.000000    2.000000 v input external delay
     8    0.027807    0.062871    0.046794    2.046794 v h0[1] (in)
                                                         h0[1] (net)
                      0.062872    0.000000    2.046794 v _453_/A2 (sky130_fd_sc_hd__a22o_2)
     2    0.006820    0.049092    0.286504    2.333298 v _453_/X (sky130_fd_sc_hd__a22o_2)
                                                         _114_ (net)
                      0.049092    0.000021    2.333320 v _454_/B2 (sky130_fd_sc_hd__a22o_2)
     2    0.006874    0.051045    0.248227    2.581547 v _454_/X (sky130_fd_sc_hd__a22o_2)
                                                         _115_ (net)
                      0.051045    0.000009    2.581556 v _457_/A1 (sky130_fd_sc_hd__a21o_2)
     2    0.006911    0.043628    0.207920    2.789476 v _457_/X (sky130_fd_sc_hd__a21o_2)
                                                         _118_ (net)
                      0.043628    0.000018    2.789494 v _459_/B2 (sky130_fd_sc_hd__a22o_2)
     2    0.007050    0.051542    0.246979    3.036473 v _459_/X (sky130_fd_sc_hd__a22o_2)
                                                         _120_ (net)
                      0.051542    0.000016    3.036489 v _461_/A2 (sky130_fd_sc_hd__a21o_2)
     3    0.009489    0.050205    0.240779    3.277268 v _461_/X (sky130_fd_sc_hd__a21o_2)
                                                         _122_ (net)
                      0.050205    0.000023    3.277291 v _463_/A2 (sky130_fd_sc_hd__a21o_2)
     2    0.008683    0.048051    0.237396    3.514687 v _463_/X (sky130_fd_sc_hd__a21o_2)
                                                         _124_ (net)
                      0.048051    0.000070    3.514756 v _477_/A2 (sky130_fd_sc_hd__a21o_2)
     3    0.009064    0.050521    0.237809    3.752565 v _477_/X (sky130_fd_sc_hd__a21o_2)
                                                         _138_ (net)
                      0.050521    0.000023    3.752588 v _478_/C (sky130_fd_sc_hd__and3_2)
     2    0.009281    0.053122    0.239055    3.991643 v _478_/X (sky130_fd_sc_hd__and3_2)
                                                         _139_ (net)
                      0.053122    0.000095    3.991738 v _496_/A1 (sky130_fd_sc_hd__o21a_2)
     2    0.006284    0.041998    0.229401    4.221138 v _496_/X (sky130_fd_sc_hd__o21a_2)
                                                         _157_ (net)
                      0.041998    0.000015    4.221153 v _512_/B (sky130_fd_sc_hd__or3_2)
     3    0.006881    0.092607    0.488134    4.709288 v _512_/X (sky130_fd_sc_hd__or3_2)
                                                         _173_ (net)
                      0.092607    0.000016    4.709303 v _515_/A1 (sky130_fd_sc_hd__a211o_2)
     2    0.007111    0.061056    0.338869    5.048172 v _515_/X (sky130_fd_sc_hd__a211o_2)
                                                         _176_ (net)
                      0.061056    0.000013    5.048186 v _585_/A1 (sky130_fd_sc_hd__a21o_2)
     2    0.011390    0.055599    0.227268    5.275455 v _585_/X (sky130_fd_sc_hd__a21o_2)
                                                         _245_ (net)
                      0.055599    0.000091    5.275545 v _637_/A2 (sky130_fd_sc_hd__a21o_2)
     2    0.011316    0.055385    0.248732    5.524277 v _637_/X (sky130_fd_sc_hd__a21o_2)
                                                         _296_ (net)
                      0.055385    0.000088    5.524365 v _674_/A2 (sky130_fd_sc_hd__a21o_2)
     2    0.011519    0.055722    0.249355    5.773721 v _674_/X (sky130_fd_sc_hd__a21o_2)
                                                         _332_ (net)
                      0.055722    0.000069    5.773789 v _695_/A2 (sky130_fd_sc_hd__a21o_2)
     2    0.011283    0.055277    0.248683    6.022472 v _695_/X (sky130_fd_sc_hd__a21o_2)
                                                         _352_ (net)
                      0.055277    0.000067    6.022539 v _696_/B (sky130_fd_sc_hd__xor2_2)
     1    0.034752    0.432594    0.385844    6.408383 ^ _696_/X (sky130_fd_sc_hd__xor2_2)
                                                         y[7] (net)
                      0.432594    0.000317    6.408700 ^ y[7] (out)
                                              6.408700   data arrival time

                                 10.000000   10.000000   clock clk (rise edge)
                                  0.000000   10.000000   clock network delay (propagated)
                                 -0.250000    9.750000   clock uncertainty
                                  0.000000    9.750000   clock reconvergence pessimism
                                 -2.000000    7.750000   output external delay
                                              7.750000   data required time
---------------------------------------------------------------------------------------------
                                              7.750000   data required time
                                             -6.408700   data arrival time
---------------------------------------------------------------------------------------------
                                              1.341300   slack (MET)


Startpoint: h0[1] (input port clocked by clk)
Endpoint: y[6] (output port clocked by clk)
Path Group: clk
Path Type: max

Fanout         Cap        Slew       Delay        Time   Description
---------------------------------------------------------------------------------------------
                                  0.000000    0.000000   clock clk (rise edge)
                                  0.000000    0.000000   clock network delay (propagated)
                                  2.000000    2.000000 v input external delay
     8    0.027807    0.062871    0.046794    2.046794 v h0[1] (in)
                                                         h0[1] (net)
                      0.062872    0.000000    2.046794 v _453_/A2 (sky130_fd_sc_hd__a22o_2)
     2    0.006820    0.049092    0.286504    2.333298 v _453_/X (sky130_fd_sc_hd__a22o_2)
                                                         _114_ (net)
                      0.049092    0.000021    2.333320 v _454_/B2 (sky130_fd_sc_hd__a22o_2)
     2    0.006874    0.051045    0.248227    2.581547 v _454_/X (sky130_fd_sc_hd__a22o_2)
                                                         _115_ (net)
                      0.051045    0.000009    2.581556 v _457_/A1 (sky130_fd_sc_hd__a21o_2)
     2    0.006911    0.043628    0.207920    2.789476 v _457_/X (sky130_fd_sc_hd__a21o_2)
                                                         _118_ (net)
                      0.043628    0.000018    2.789494 v _459_/B2 (sky130_fd_sc_hd__a22o_2)
     2    0.007050    0.051542    0.246979    3.036473 v _459_/X (sky130_fd_sc_hd__a22o_2)
                                                         _120_ (net)
                      0.051542    0.000016    3.036489 v _461_/A2 (sky130_fd_sc_hd__a21o_2)
     3    0.009489    0.050205    0.240779    3.277268 v _461_/X (sky130_fd_sc_hd__a21o_2)
                                                         _122_ (net)
                      0.050205    0.000023    3.277291 v _463_/A2 (sky130_fd_sc_hd__a21o_2)
     2    0.008683    0.048051    0.237396    3.514687 v _463_/X (sky130_fd_sc_hd__a21o_2)
                                                         _124_ (net)
                      0.048051    0.000070    3.514756 v _477_/A2 (sky130_fd_sc_hd__a21o_2)
     3    0.009064    0.050521    0.237809    3.752565 v _477_/X (sky130_fd_sc_hd__a21o_2)
                                                         _138_ (net)
                      0.050521    0.000023    3.752588 v _478_/C (sky130_fd_sc_hd__and3_2)
     2    0.009281    0.053122    0.239055    3.991643 v _478_/X (sky130_fd_sc_hd__and3_2)
                                                         _139_ (net)
                      0.053122    0.000095    3.991738 v _496_/A1 (sky130_fd_sc_hd__o21a_2)
     2    0.006284    0.041998    0.229401    4.221138 v _496_/X (sky130_fd_sc_hd__o21a_2)
                                                         _157_ (net)
                      0.041998    0.000015    4.221153 v _512_/B (sky130_fd_sc_hd__or3_2)
     3    0.006881    0.092607    0.488134    4.709288 v _512_/X (sky130_fd_sc_hd__or3_2)
                                                         _173_ (net)
                      0.092607    0.000016    4.709303 v _515_/A1 (sky130_fd_sc_hd__a211o_2)
     2    0.007111    0.061056    0.338869    5.048172 v _515_/X (sky130_fd_sc_hd__a211o_2)
                                                         _176_ (net)
                      0.061056    0.000013    5.048186 v _585_/A1 (sky130_fd_sc_hd__a21o_2)
     2    0.011390    0.055599    0.227268    5.275455 v _585_/X (sky130_fd_sc_hd__a21o_2)
                                                         _245_ (net)
                      0.055599    0.000091    5.275545 v _637_/A2 (sky130_fd_sc_hd__a21o_2)
     2    0.011316    0.055385    0.248732    5.524277 v _637_/X (sky130_fd_sc_hd__a21o_2)
                                                         _296_ (net)
                      0.055385    0.000088    5.524365 v _674_/A2 (sky130_fd_sc_hd__a21o_2)
     2    0.011519    0.055722    0.249355    5.773721 v _674_/X (sky130_fd_sc_hd__a21o_2)
                                                         _332_ (net)
                      0.055722    0.000071    5.773791 v _675_/B (sky130_fd_sc_hd__xnor2_2)
     1    0.034155    0.462056    0.392902    6.166693 ^ _675_/Y (sky130_fd_sc_hd__xnor2_2)
                                                         y[6] (net)
                      0.462056    0.000107    6.166800 ^ y[6] (out)
                                              6.166800   data arrival time

                                 10.000000   10.000000   clock clk (rise edge)
                                  0.000000   10.000000   clock network delay (propagated)
                                 -0.250000    9.750000   clock uncertainty
                                  0.000000    9.750000   clock reconvergence pessimism
                                 -2.000000    7.750000   output external delay
                                              7.750000   data required time
---------------------------------------------------------------------------------------------
                                              7.750000   data required time
                                             -6.166800   data arrival time
---------------------------------------------------------------------------------------------
                                              1.583200   slack (MET)


Startpoint: h0[1] (input port clocked by clk)
Endpoint: y[5] (output port clocked by clk)
Path Group: clk
Path Type: max

Fanout         Cap        Slew       Delay        Time   Description
---------------------------------------------------------------------------------------------
                                  0.000000    0.000000   clock clk (rise edge)
                                  0.000000    0.000000   clock network delay (propagated)
                                  2.000000    2.000000 v input external delay
     8    0.027807    0.062871    0.046794    2.046794 v h0[1] (in)
                                                         h0[1] (net)
                      0.062872    0.000000    2.046794 v _453_/A2 (sky130_fd_sc_hd__a22o_2)
     2    0.006820    0.049092    0.286504    2.333298 v _453_/X (sky130_fd_sc_hd__a22o_2)
                                                         _114_ (net)
                      0.049092    0.000021    2.333320 v _454_/B2 (sky130_fd_sc_hd__a22o_2)
     2    0.006874    0.051045    0.248227    2.581547 v _454_/X (sky130_fd_sc_hd__a22o_2)
                                                         _115_ (net)
                      0.051045    0.000009    2.581556 v _457_/A1 (sky130_fd_sc_hd__a21o_2)
     2    0.006911    0.043628    0.207920    2.789476 v _457_/X (sky130_fd_sc_hd__a21o_2)
                                                         _118_ (net)
                      0.043628    0.000018    2.789494 v _459_/B2 (sky130_fd_sc_hd__a22o_2)
     2    0.007050    0.051542    0.246979    3.036473 v _459_/X (sky130_fd_sc_hd__a22o_2)
                                                         _120_ (net)
                      0.051542    0.000016    3.036489 v _461_/A2 (sky130_fd_sc_hd__a21o_2)
     3    0.009489    0.050205    0.240779    3.277268 v _461_/X (sky130_fd_sc_hd__a21o_2)
                                                         _122_ (net)
                      0.050205    0.000023    3.277291 v _463_/A2 (sky130_fd_sc_hd__a21o_2)
     2    0.008683    0.048051    0.237396    3.514687 v _463_/X (sky130_fd_sc_hd__a21o_2)
                                                         _124_ (net)
                      0.048051    0.000070    3.514756 v _477_/A2 (sky130_fd_sc_hd__a21o_2)
     3    0.009064    0.050521    0.237809    3.752565 v _477_/X (sky130_fd_sc_hd__a21o_2)
                                                         _138_ (net)
                      0.050521    0.000023    3.752588 v _478_/C (sky130_fd_sc_hd__and3_2)
     2    0.009281    0.053122    0.239055    3.991643 v _478_/X (sky130_fd_sc_hd__and3_2)
                                                         _139_ (net)
                      0.053122    0.000095    3.991738 v _496_/A1 (sky130_fd_sc_hd__o21a_2)
     2    0.006284    0.041998    0.229401    4.221138 v _496_/X (sky130_fd_sc_hd__o21a_2)
                                                         _157_ (net)
                      0.041998    0.000015    4.221153 v _512_/B (sky130_fd_sc_hd__or3_2)
     3    0.006881    0.092607    0.488134    4.709288 v _512_/X (sky130_fd_sc_hd__or3_2)
                                                         _173_ (net)
                      0.092607    0.000016    4.709303 v _515_/A1 (sky130_fd_sc_hd__a211o_2)
     2    0.007111    0.061056    0.338869    5.048172 v _515_/X (sky130_fd_sc_hd__a211o_2)
                                                         _176_ (net)
                      0.061056    0.000013    5.048186 v _585_/A1 (sky130_fd_sc_hd__a21o_2)
     2    0.011390    0.055599    0.227268    5.275455 v _585_/X (sky130_fd_sc_hd__a21o_2)
                                                         _245_ (net)
                      0.055599    0.000091    5.275545 v _637_/A2 (sky130_fd_sc_hd__a21o_2)
     2    0.011316    0.055385    0.248732    5.524277 v _637_/X (sky130_fd_sc_hd__a21o_2)
                                                         _296_ (net)
                      0.055385    0.000089    5.524366 v _638_/B (sky130_fd_sc_hd__xor2_2)
     1    0.034142    0.436503    0.381039    5.905405 ^ _638_/X (sky130_fd_sc_hd__xor2_2)
                                                         y[5] (net)
                      0.436503    0.000108    5.905513 ^ y[5] (out)
                                              5.905513   data arrival time

                                 10.000000   10.000000   clock clk (rise edge)
                                  0.000000   10.000000   clock network delay (propagated)
                                 -0.250000    9.750000   clock uncertainty
                                  0.000000    9.750000   clock reconvergence pessimism
                                 -2.000000    7.750000   output external delay
                                              7.750000   data required time
---------------------------------------------------------------------------------------------
                                              7.750000   data required time
                                             -5.905513   data arrival time
---------------------------------------------------------------------------------------------
                                              1.844487   slack (MET)


Startpoint: h0[1] (input port clocked by clk)
Endpoint: y[4] (output port clocked by clk)
Path Group: clk
Path Type: max

Fanout         Cap        Slew       Delay        Time   Description
---------------------------------------------------------------------------------------------
                                  0.000000    0.000000   clock clk (rise edge)
                                  0.000000    0.000000   clock network delay (propagated)
                                  2.000000    2.000000 v input external delay
     8    0.027807    0.062871    0.046794    2.046794 v h0[1] (in)
                                                         h0[1] (net)
                      0.062872    0.000000    2.046794 v _453_/A2 (sky130_fd_sc_hd__a22o_2)
     2    0.006820    0.049092    0.286504    2.333298 v _453_/X (sky130_fd_sc_hd__a22o_2)
                                                         _114_ (net)
                      0.049092    0.000021    2.333320 v _454_/B2 (sky130_fd_sc_hd__a22o_2)
     2    0.006874    0.051045    0.248227    2.581547 v _454_/X (sky130_fd_sc_hd__a22o_2)
                                                         _115_ (net)
                      0.051045    0.000009    2.581556 v _457_/A1 (sky130_fd_sc_hd__a21o_2)
     2    0.006911    0.043628    0.207920    2.789476 v _457_/X (sky130_fd_sc_hd__a21o_2)
                                                         _118_ (net)
                      0.043628    0.000018    2.789494 v _459_/B2 (sky130_fd_sc_hd__a22o_2)
     2    0.007050    0.051542    0.246979    3.036473 v _459_/X (sky130_fd_sc_hd__a22o_2)
                                                         _120_ (net)
                      0.051542    0.000016    3.036489 v _461_/A2 (sky130_fd_sc_hd__a21o_2)
     3    0.009489    0.050205    0.240779    3.277268 v _461_/X (sky130_fd_sc_hd__a21o_2)
                                                         _122_ (net)
                      0.050205    0.000023    3.277291 v _463_/A2 (sky130_fd_sc_hd__a21o_2)
     2    0.008683    0.048051    0.237396    3.514687 v _463_/X (sky130_fd_sc_hd__a21o_2)
                                                         _124_ (net)
                      0.048051    0.000070    3.514756 v _477_/A2 (sky130_fd_sc_hd__a21o_2)
     3    0.009064    0.050521    0.237809    3.752565 v _477_/X (sky130_fd_sc_hd__a21o_2)
                                                         _138_ (net)
                      0.050521    0.000023    3.752588 v _478_/C (sky130_fd_sc_hd__and3_2)
     2    0.009281    0.053122    0.239055    3.991643 v _478_/X (sky130_fd_sc_hd__and3_2)
                                                         _139_ (net)
                      0.053122    0.000095    3.991738 v _496_/A1 (sky130_fd_sc_hd__o21a_2)
     2    0.006284    0.041998    0.229401    4.221138 v _496_/X (sky130_fd_sc_hd__o21a_2)
                                                         _157_ (net)
                      0.041998    0.000015    4.221153 v _512_/B (sky130_fd_sc_hd__or3_2)
     3    0.006881    0.092607    0.488134    4.709288 v _512_/X (sky130_fd_sc_hd__or3_2)
                                                         _173_ (net)
                      0.092607    0.000016    4.709303 v _515_/A1 (sky130_fd_sc_hd__a211o_2)
     2    0.007111    0.061056    0.338869    5.048172 v _515_/X (sky130_fd_sc_hd__a211o_2)
                                                         _176_ (net)
                      0.061056    0.000013    5.048186 v _585_/A1 (sky130_fd_sc_hd__a21o_2)
     2    0.011390    0.055599    0.227268    5.275455 v _585_/X (sky130_fd_sc_hd__a21o_2)
                                                         _245_ (net)
                      0.055599    0.000090    5.275544 v _586_/B (sky130_fd_sc_hd__xor2_2)
     1    0.034110    0.436156    0.380856    5.656400 ^ _586_/X (sky130_fd_sc_hd__xor2_2)
                                                         y[4] (net)
                      0.436156    0.000100    5.656501 ^ y[4] (out)
                                              5.656501   data arrival time

                                 10.000000   10.000000   clock clk (rise edge)
                                  0.000000   10.000000   clock network delay (propagated)
                                 -0.250000    9.750000   clock uncertainty
                                  0.000000    9.750000   clock reconvergence pessimism
                                 -2.000000    7.750000   output external delay
                                              7.750000   data required time
---------------------------------------------------------------------------------------------
                                              7.750000   data required time
                                             -5.656501   data arrival time
---------------------------------------------------------------------------------------------
                                              2.093499   slack (MET)


Startpoint: h0[1] (input port clocked by clk)
Endpoint: y[3] (output port clocked by clk)
Path Group: clk
Path Type: max

Fanout         Cap        Slew       Delay        Time   Description
---------------------------------------------------------------------------------------------
                                  0.000000    0.000000   clock clk (rise edge)
                                  0.000000    0.000000   clock network delay (propagated)
                                  2.000000    2.000000 v input external delay
     8    0.027807    0.062871    0.046794    2.046794 v h0[1] (in)
                                                         h0[1] (net)
                      0.062872    0.000000    2.046794 v _453_/A2 (sky130_fd_sc_hd__a22o_2)
     2    0.006820    0.049092    0.286504    2.333298 v _453_/X (sky130_fd_sc_hd__a22o_2)
                                                         _114_ (net)
                      0.049092    0.000021    2.333320 v _454_/B2 (sky130_fd_sc_hd__a22o_2)
     2    0.006874    0.051045    0.248227    2.581547 v _454_/X (sky130_fd_sc_hd__a22o_2)
                                                         _115_ (net)
                      0.051045    0.000009    2.581556 v _457_/A1 (sky130_fd_sc_hd__a21o_2)
     2    0.006911    0.043628    0.207920    2.789476 v _457_/X (sky130_fd_sc_hd__a21o_2)
                                                         _118_ (net)
                      0.043628    0.000018    2.789494 v _459_/B2 (sky130_fd_sc_hd__a22o_2)
     2    0.007050    0.051542    0.246979    3.036473 v _459_/X (sky130_fd_sc_hd__a22o_2)
                                                         _120_ (net)
                      0.051542    0.000016    3.036489 v _461_/A2 (sky130_fd_sc_hd__a21o_2)
     3    0.009489    0.050205    0.240779    3.277268 v _461_/X (sky130_fd_sc_hd__a21o_2)
                                                         _122_ (net)
                      0.050205    0.000023    3.277291 v _463_/A2 (sky130_fd_sc_hd__a21o_2)
     2    0.008683    0.048051    0.237396    3.514687 v _463_/X (sky130_fd_sc_hd__a21o_2)
                                                         _124_ (net)
                      0.048051    0.000070    3.514756 v _477_/A2 (sky130_fd_sc_hd__a21o_2)
     3    0.009064    0.050521    0.237809    3.752565 v _477_/X (sky130_fd_sc_hd__a21o_2)
                                                         _138_ (net)
                      0.050521    0.000023    3.752588 v _478_/C (sky130_fd_sc_hd__and3_2)
     2    0.009281    0.053122    0.239055    3.991643 v _478_/X (sky130_fd_sc_hd__and3_2)
                                                         _139_ (net)
                      0.053122    0.000095    3.991738 v _496_/A1 (sky130_fd_sc_hd__o21a_2)
     2    0.006284    0.041998    0.229401    4.221138 v _496_/X (sky130_fd_sc_hd__o21a_2)
                                                         _157_ (net)
                      0.041998    0.000015    4.221153 v _512_/B (sky130_fd_sc_hd__or3_2)
     3    0.006881    0.092607    0.488134    4.709288 v _512_/X (sky130_fd_sc_hd__or3_2)
                                                         _173_ (net)
                      0.092607    0.000016    4.709303 v _514_/B1 (sky130_fd_sc_hd__o211a_2)
     2    0.003656    0.044091    0.160049    4.869353 v _514_/X (sky130_fd_sc_hd__o211a_2)
                                                         _175_ (net)
                      0.044091    0.000001    4.869354 v _516_/A_N (sky130_fd_sc_hd__nand2b_2)
     1    0.008511    0.061808    0.196613    5.065967 v _516_/Y (sky130_fd_sc_hd__nand2b_2)
                                                         _177_ (net)
                      0.061808    0.000010    5.065976 v _518_/A (sky130_fd_sc_hd__xnor2_2)
     1    0.034218    0.462790    0.423146    5.489123 ^ _518_/Y (sky130_fd_sc_hd__xnor2_2)
                                                         y[3] (net)
                      0.462790    0.000127    5.489250 ^ y[3] (out)
                                              5.489250   data arrival time

                                 10.000000   10.000000   clock clk (rise edge)
                                  0.000000   10.000000   clock network delay (propagated)
                                 -0.250000    9.750000   clock uncertainty
                                  0.000000    9.750000   clock reconvergence pessimism
                                 -2.000000    7.750000   output external delay
                                              7.750000   data required time
---------------------------------------------------------------------------------------------
                                              7.750000   data required time
                                             -5.489250   data arrival time
---------------------------------------------------------------------------------------------
                                              2.260750   slack (MET)


Startpoint: h3[1] (input port clocked by clk)
Endpoint: y[2] (output port clocked by clk)
Path Group: clk
Path Type: max

Fanout         Cap        Slew       Delay        Time   Description
---------------------------------------------------------------------------------------------
                                  0.000000    0.000000   clock clk (rise edge)
                                  0.000000    0.000000   clock network delay (propagated)
                                  2.000000    2.000000 v input external delay
     8    0.026315    0.059688    0.044315    2.044315 v h3[1] (in)
                                                         h3[1] (net)
                      0.059691    0.000000    2.044315 v _399_/D (sky130_fd_sc_hd__and4_2)
     3    0.011353    0.060229    0.275464    2.319778 v _399_/X (sky130_fd_sc_hd__and4_2)
                                                         _061_ (net)
                      0.060229    0.000032    2.319810 v _403_/A (sky130_fd_sc_hd__or3b_2)
     3    0.012829    0.110820    0.544398    2.864208 v _403_/X (sky130_fd_sc_hd__or3b_2)
                                                         _065_ (net)
                      0.110820    0.000013    2.864221 v _405_/A (sky130_fd_sc_hd__and2_2)
     2    0.006242    0.044734    0.214069    3.078290 v _405_/X (sky130_fd_sc_hd__and2_2)
                                                         _067_ (net)
                      0.044734    0.000016    3.078305 v _409_/A (sky130_fd_sc_hd__or2_2)
     1    0.004351    0.060973    0.310750    3.389055 v _409_/X (sky130_fd_sc_hd__or2_2)
                                                         _071_ (net)
                      0.060973    0.000003    3.389058 v _410_/B (sky130_fd_sc_hd__nand2_2)
     2    0.007407    0.059380    0.084125    3.473183 ^ _410_/Y (sky130_fd_sc_hd__nand2_2)
                                                         _072_ (net)
                      0.059380    0.000005    3.473188 ^ _411_/C (sky130_fd_sc_hd__nor3_2)
     4    0.011968    0.070833    0.056970    3.530158 v _411_/Y (sky130_fd_sc_hd__nor3_2)
                                                         _073_ (net)
                      0.070833    0.000019    3.530178 v _426_/A (sky130_fd_sc_hd__or3_2)
     3    0.009555    0.101947    0.539150    4.069328 v _426_/X (sky130_fd_sc_hd__or3_2)
                                                         _088_ (net)
                      0.101947    0.000010    4.069337 v _438_/B1 (sky130_fd_sc_hd__o211a_2)
     2    0.004045    0.045578    0.166207    4.235545 v _438_/X (sky130_fd_sc_hd__o211a_2)
                                                         _100_ (net)
                      0.045578    0.000008    4.235552 v _440_/A_N (sky130_fd_sc_hd__nand2b_2)
     1    0.008572    0.062031    0.197536    4.433088 v _440_/Y (sky130_fd_sc_hd__nand2b_2)
                                                         _102_ (net)
                      0.062031    0.000011    4.433098 v _449_/A (sky130_fd_sc_hd__xnor2_2)
     1    0.034128    0.461746    0.422454    4.855552 ^ _449_/Y (sky130_fd_sc_hd__xnor2_2)
                                                         y[2] (net)
                      0.461746    0.000105    4.855657 ^ y[2] (out)
                                              4.855657   data arrival time

                                 10.000000   10.000000   clock clk (rise edge)
                                  0.000000   10.000000   clock network delay (propagated)
                                 -0.250000    9.750000   clock uncertainty
                                  0.000000    9.750000   clock reconvergence pessimism
                                 -2.000000    7.750000   output external delay
                                              7.750000   data required time
---------------------------------------------------------------------------------------------
                                              7.750000   data required time
                                             -4.855657   data arrival time
---------------------------------------------------------------------------------------------
                                              2.894343   slack (MET)


Startpoint: h1[0] (input port clocked by clk)
Endpoint: y[1] (output port clocked by clk)
Path Group: clk
Path Type: max

Fanout         Cap        Slew       Delay        Time   Description
---------------------------------------------------------------------------------------------
                                  0.000000    0.000000   clock clk (rise edge)
                                  0.000000    0.000000   clock network delay (propagated)
                                  2.000000    2.000000 ^ input external delay
    10    0.035625    0.165398    0.120228    2.120229 ^ h1[0] (in)
                                                         h1[0] (net)
                      0.165401    0.000000    2.120229 ^ _390_/A1 (sky130_fd_sc_hd__a22o_2)
     2    0.006280    0.052858    0.190143    2.310371 ^ _390_/X (sky130_fd_sc_hd__a22o_2)
                                                         _052_ (net)
                      0.052858    0.000001    2.310372 ^ _392_/C (sky130_fd_sc_hd__and4_2)
     3    0.012842    0.096942    0.273257    2.583629 ^ _392_/X (sky130_fd_sc_hd__and4_2)
                                                         _054_ (net)
                      0.096942    0.000017    2.583647 ^ _394_/A (sky130_fd_sc_hd__nor2_2)
     2    0.005954    0.042044    0.057318    2.640965 v _394_/Y (sky130_fd_sc_hd__nor2_2)
                                                         _056_ (net)
                      0.042044    0.000009    2.640974 v _396_/A (sky130_fd_sc_hd__and2_2)
     3    0.008316    0.048855    0.189031    2.830005 v _396_/X (sky130_fd_sc_hd__and2_2)
                                                         _058_ (net)
                      0.048855    0.000007    2.830012 v _430_/A (sky130_fd_sc_hd__or2_2)
     2    0.007619    0.067932    0.327195    3.157207 v _430_/X (sky130_fd_sc_hd__or2_2)
                                                         _092_ (net)
                      0.067932    0.000060    3.157267 v _435_/A (sky130_fd_sc_hd__and2_2)
     1    0.004524    0.042103    0.188409    3.345676 v _435_/X (sky130_fd_sc_hd__and2_2)
                                                         _097_ (net)
                      0.042103    0.000010    3.345686 v _436_/B (sky130_fd_sc_hd__nor2_2)
     2    0.006800    0.102830    0.103635    3.449321 ^ _436_/Y (sky130_fd_sc_hd__nor2_2)
                                                         _098_ (net)
                      0.102830    0.000016    3.449337 ^ _437_/C (sky130_fd_sc_hd__and3_2)
     3    0.010549    0.078956    0.228367    3.677704 ^ _437_/X (sky130_fd_sc_hd__and3_2)
                                                         _099_ (net)
                      0.078956    0.000017    3.677721 ^ _442_/A (sky130_fd_sc_hd__nor2_2)
     2    0.010871    0.042157    0.062709    3.740430 v _442_/Y (sky130_fd_sc_hd__nor2_2)
                                                         _104_ (net)
                      0.042157    0.000043    3.740473 v _704_/A (sky130_fd_sc_hd__xnor2_2)
     1    0.034264    0.463057    0.415016    4.155489 ^ _704_/Y (sky130_fd_sc_hd__xnor2_2)
                                                         y[1] (net)
                      0.463057    0.000128    4.155617 ^ y[1] (out)
                                              4.155617   data arrival time

                                 10.000000   10.000000   clock clk (rise edge)
                                  0.000000   10.000000   clock network delay (propagated)
                                 -0.250000    9.750000   clock uncertainty
                                  0.000000    9.750000   clock reconvergence pessimism
                                 -2.000000    7.750000   output external delay
                                              7.750000   data required time
---------------------------------------------------------------------------------------------
                                              7.750000   data required time
                                             -4.155617   data arrival time
---------------------------------------------------------------------------------------------
                                              3.594383   slack (MET)


Startpoint: h1[0] (input port clocked by clk)
Endpoint: y[0] (output port clocked by clk)
Path Group: clk
Path Type: max

Fanout         Cap        Slew       Delay        Time   Description
---------------------------------------------------------------------------------------------
                                  0.000000    0.000000   clock clk (rise edge)
                                  0.000000    0.000000   clock network delay (propagated)
                                  2.000000    2.000000 ^ input external delay
    10    0.035625    0.165398    0.120245    2.120245 ^ h1[0] (in)
                                                         h1[0] (net)
                      0.165401    0.000000    2.120245 ^ _395_/A (sky130_fd_sc_hd__and4_2)
     3    0.012174    0.094061    0.289861    2.410107 ^ _395_/X (sky130_fd_sc_hd__and4_2)
                                                         _057_ (net)
                      0.094061    0.000016    2.410123 ^ _444_/A (sky130_fd_sc_hd__nor2_2)
     2    0.014671    0.056745    0.075127    2.485250 v _444_/Y (sky130_fd_sc_hd__nor2_2)
                                                         _106_ (net)
                      0.056745    0.000151    2.485402 v _445_/B (sky130_fd_sc_hd__xnor2_2)
     2    0.005954    0.055763    0.142454    2.627856 v _445_/Y (sky130_fd_sc_hd__xnor2_2)
                                                         _107_ (net)
                      0.055763    0.000013    2.627868 v _446_/C (sky130_fd_sc_hd__and3_2)
     2    0.008763    0.053598    0.239678    2.867546 v _446_/X (sky130_fd_sc_hd__and3_2)
                                                         _108_ (net)
                      0.053598    0.000005    2.867551 v _703_/A (sky130_fd_sc_hd__nor2_2)
     1    0.036274    0.397848    0.361851    3.229402 ^ _703_/Y (sky130_fd_sc_hd__nor2_2)
                                                         y[0] (net)
                      0.397850    0.000706    3.230108 ^ y[0] (out)
                                              3.230108   data arrival time

                                 10.000000   10.000000   clock clk (rise edge)
                                  0.000000   10.000000   clock network delay (propagated)
                                 -0.250000    9.750000   clock uncertainty
                                  0.000000    9.750000   clock reconvergence pessimism
                                 -2.000000    7.750000   output external delay
                                              7.750000   data required time
---------------------------------------------------------------------------------------------
                                              7.750000   data required time
                                             -3.230108   data arrival time
---------------------------------------------------------------------------------------------
                                              4.519892   slack (MET)


Startpoint: _755_ (rising edge-triggered flip-flop clocked by clk)
Endpoint: diag_busy (output port clocked by clk)
Path Group: clk
Path Type: max

Fanout         Cap        Slew       Delay        Time   Description
---------------------------------------------------------------------------------------------
                                  0.000000    0.000000   clock clk (rise edge)
                                  0.000000    0.000000   clock source latency
    33    0.079791    0.361866    0.262548    0.262548 ^ clk (in)
                                                         clk (net)
                      0.361869    0.000000    0.262548 ^ _755_/CLK (sky130_fd_sc_hd__dfxtp_2)
     6    0.050579    0.256036    0.592876    0.855424 ^ _755_/Q (sky130_fd_sc_hd__dfxtp_2)
                                                         diag_busy (net)
                      0.256036    0.000528    0.855952 ^ diag_busy (out)
                                              0.855952   data arrival time

                                 10.000000   10.000000   clock clk (rise edge)
                                  0.000000   10.000000   clock network delay (propagated)
                                 -0.250000    9.750000   clock uncertainty
                                  0.000000    9.750000   clock reconvergence pessimism
                                 -2.000000    7.750000   output external delay
                                              7.750000   data required time
---------------------------------------------------------------------------------------------
                                              7.750000   data required time
                                             -0.855952   data arrival time
---------------------------------------------------------------------------------------------
                                              6.894048   slack (MET)


Startpoint: _756_ (rising edge-triggered flip-flop clocked by clk)
Endpoint: diag_done (output port clocked by clk)
Path Group: clk
Path Type: max

Fanout         Cap        Slew       Delay        Time   Description
---------------------------------------------------------------------------------------------
                                  0.000000    0.000000   clock clk (rise edge)
                                  0.000000    0.000000   clock source latency
    33    0.079791    0.361866    0.262581    0.262581 ^ clk (in)
                                                         clk (net)
                      0.361870    0.000000    0.262581 ^ _756_/CLK (sky130_fd_sc_hd__dfxtp_2)
     1    0.034659    0.178886    0.535758    0.798339 ^ _756_/Q (sky130_fd_sc_hd__dfxtp_2)
                                                         diag_done (net)
                      0.178886    0.000289    0.798627 ^ diag_done (out)
                                              0.798627   data arrival time

                                 10.000000   10.000000   clock clk (rise edge)
                                  0.000000   10.000000   clock network delay (propagated)
                                 -0.250000    9.750000   clock uncertainty
                                  0.000000    9.750000   clock reconvergence pessimism
                                 -2.000000    7.750000   output external delay
                                              7.750000   data required time
---------------------------------------------------------------------------------------------
                                              7.750000   data required time
                                             -0.798627   data arrival time
---------------------------------------------------------------------------------------------
                                              6.951373   slack (MET)


Startpoint: _774_ (rising edge-triggered flip-flop clocked by clk)
Endpoint: _755_ (rising edge-triggered flip-flop clocked by clk)
Path Group: clk
Path Type: max

Fanout         Cap        Slew       Delay        Time   Description
---------------------------------------------------------------------------------------------
                                  0.000000    0.000000   clock clk (rise edge)
                                  0.000000    0.000000   clock source latency
    33    0.079791    0.361866    0.262543    0.262543 ^ clk (in)
                                                         clk (net)
                      0.361869    0.000000    0.262543 ^ _774_/CLK (sky130_fd_sc_hd__dfxtp_2)
     2    0.003503    0.024012    0.414370    0.676913 v _774_/Q (sky130_fd_sc_hd__dfxtp_2)
                                                         controller.state[5] (net)
                      0.024012    0.000009    0.676922 v _720_/A (sky130_fd_sc_hd__or4_2)
     2    0.007977    0.123435    0.718695    1.395617 v _720_/X (sky130_fd_sc_hd__or4_2)
                                                         _359_ (net)
                      0.123435    0.000031    1.395648 v _721_/C (sky130_fd_sc_hd__nor3_2)
     2    0.008530    0.195191    0.193561    1.589209 ^ _721_/Y (sky130_fd_sc_hd__nor3_2)
                                                         _360_ (net)
                      0.195191    0.000044    1.589253 ^ _732_/D_N (sky130_fd_sc_hd__or4b_2)
     1    0.004113    0.106998    0.641690    2.230943 v _732_/X (sky130_fd_sc_hd__or4b_2)
                                                         _365_ (net)
                      0.106998    0.000014    2.230957 v _733_/S (sky130_fd_sc_hd__mux2_1)
     1    0.001539    0.049466    0.329859    2.560817 v _733_/X (sky130_fd_sc_hd__mux2_1)
                                                         _366_ (net)
                      0.049466    0.000001    2.560818 v _734_/B (sky130_fd_sc_hd__and2_2)
     1    0.001779    0.034015    0.188441    2.749259 v _734_/X (sky130_fd_sc_hd__and2_2)
                                                         _019_ (net)
                      0.034015    0.000001    2.749259 v _755_/D (sky130_fd_sc_hd__dfxtp_2)
                                              2.749259   data arrival time

                                 10.000000   10.000000   clock clk (rise edge)
                                  0.000000   10.000000   clock source latency
    33    0.079791    0.361866    0.237543   10.237543 ^ clk (in)
                                                         clk (net)
                      0.361869    0.000000   10.237543 ^ _755_/CLK (sky130_fd_sc_hd__dfxtp_2)
                                 -0.250000    9.987543   clock uncertainty
                                  0.000000    9.987543   clock reconvergence pessimism
                                 -0.034132    9.953412   library setup time
                                              9.953412   data required time
---------------------------------------------------------------------------------------------
                                              9.953412   data required time
                                             -2.749259   data arrival time
---------------------------------------------------------------------------------------------
                                              7.204152   slack (MET)


Startpoint: x[2] (input port clocked by clk)
Endpoint: _753_ (rising edge-triggered flip-flop clocked by clk)
Path Group: clk
Path Type: max

Fanout         Cap        Slew       Delay        Time   Description
---------------------------------------------------------------------------------------------
                                  0.000000    0.000000   clock clk (rise edge)
                                  0.000000    0.000000   clock network delay (propagated)
                                  2.000000    2.000000 v input external delay
     1    0.002469    0.007867    0.004048    2.004048 v x[2] (in)
                                                         x[2] (net)
                      0.007867    0.000000    2.004048 v _729_/A0 (sky130_fd_sc_hd__mux2_1)
     1    0.001807    0.050992    0.269909    2.273957 v _729_/X (sky130_fd_sc_hd__mux2_1)
                                                         _364_ (net)
                      0.050992    0.000005    2.273962 v _730_/B (sky130_fd_sc_hd__and2_2)
     1    0.002029    0.034779    0.190349    2.464311 v _730_/X (sky130_fd_sc_hd__and2_2)
                                                         _017_ (net)
                      0.034779    0.000004    2.464315 v _753_/D (sky130_fd_sc_hd__dfxtp_2)
                                              2.464315   data arrival time

                                 10.000000   10.000000   clock clk (rise edge)
                                  0.000000   10.000000   clock source latency
    33    0.079791    0.361866    0.237578   10.237578 ^ clk (in)
                                                         clk (net)
                      0.361870    0.000000   10.237578 ^ _753_/CLK (sky130_fd_sc_hd__dfxtp_2)
                                 -0.250000    9.987578   clock uncertainty
                                  0.000000    9.987578   clock reconvergence pessimism
                                 -0.034460    9.953117   library setup time
                                              9.953117   data required time
---------------------------------------------------------------------------------------------
                                              9.953117   data required time
                                             -2.464315   data arrival time
---------------------------------------------------------------------------------------------
                                              7.488803   slack (MET)


Startpoint: rst (input port clocked by clk)
Endpoint: _754_ (rising edge-triggered flip-flop clocked by clk)
Path Group: clk
Path Type: max

Fanout         Cap        Slew       Delay        Time   Description
---------------------------------------------------------------------------------------------
                                  0.000000    0.000000   clock clk (rise edge)
                                  0.000000    0.000000   clock network delay (propagated)
                                  2.000000    2.000000 v input external delay
     3    0.012079    0.029011    0.020520    2.020520 v rst (in)
                                                         rst (net)
                      0.029011    0.000000    2.020520 v _369_/A (sky130_fd_sc_hd__inv_2)
    31    0.062858    0.285881    0.233101    2.253621 ^ _369_/Y (sky130_fd_sc_hd__inv_2)
                                                         _367_ (net)
                      0.285882    0.000330    2.253952 ^ _731_/B (sky130_fd_sc_hd__and3b_2)
     1    0.002029    0.041375    0.233568    2.487519 ^ _731_/X (sky130_fd_sc_hd__and3b_2)
                                                         _018_ (net)
                      0.041375    0.000004    2.487524 ^ _754_/D (sky130_fd_sc_hd__dfxtp_2)
                                              2.487524   data arrival time

                                 10.000000   10.000000   clock clk (rise edge)
                                  0.000000   10.000000   clock source latency
    33    0.079791    0.361866    0.237576   10.237576 ^ clk (in)
                                                         clk (net)
                      0.361870    0.000000   10.237576 ^ _754_/CLK (sky130_fd_sc_hd__dfxtp_2)
                                 -0.250000    9.987576   clock uncertainty
                                  0.000000    9.987576   clock reconvergence pessimism
                                 -0.011227    9.976350   library setup time
                                              9.976350   data required time
---------------------------------------------------------------------------------------------
                                              9.976350   data required time
                                             -2.487524   data arrival time
---------------------------------------------------------------------------------------------
                                              7.488826   slack (MET)


Startpoint: x[0] (input port clocked by clk)
Endpoint: _751_ (rising edge-triggered flip-flop clocked by clk)
Path Group: clk
Path Type: max

Fanout         Cap        Slew       Delay        Time   Description
---------------------------------------------------------------------------------------------
                                  0.000000    0.000000   clock clk (rise edge)
                                  0.000000    0.000000   clock network delay (propagated)
                                  2.000000    2.000000 v input external delay
     1    0.003288    0.009764    0.005500    2.005500 v x[0] (in)
                                                         x[0] (net)
                      0.009764    0.000000    2.005500 v _725_/A0 (sky130_fd_sc_hd__mux2_1)
     1    0.001654    0.050108    0.268871    2.274371 v _725_/X (sky130_fd_sc_hd__mux2_1)
                                                         _362_ (net)
                      0.050108    0.000002    2.274373 v _726_/B (sky130_fd_sc_hd__and2_2)
     1    0.001916    0.034433    0.189395    2.463768 v _726_/X (sky130_fd_sc_hd__and2_2)
                                                         _015_ (net)
                      0.034433    0.000003    2.463771 v _751_/D (sky130_fd_sc_hd__dfxtp_2)
                                              2.463771   data arrival time

                                 10.000000   10.000000   clock clk (rise edge)
                                  0.000000   10.000000   clock source latency
    33    0.079791    0.361866    0.237675   10.237675 ^ clk (in)
                                                         clk (net)
                      0.361871    0.000000   10.237675 ^ _751_/CLK (sky130_fd_sc_hd__dfxtp_2)
                                 -0.250000    9.987675   clock uncertainty
                                  0.000000    9.987675   clock reconvergence pessimism
                                 -0.034311    9.953363   library setup time
                                              9.953363   data required time
---------------------------------------------------------------------------------------------
                                              9.953363   data required time
                                             -2.463771   data arrival time
---------------------------------------------------------------------------------------------
                                              7.489592   slack (MET)


Startpoint: x[1] (input port clocked by clk)
Endpoint: _752_ (rising edge-triggered flip-flop clocked by clk)
Path Group: clk
Path Type: max

Fanout         Cap        Slew       Delay        Time   Description
---------------------------------------------------------------------------------------------
                                  0.000000    0.000000   clock clk (rise edge)
                                  0.000000    0.000000   clock network delay (propagated)
                                  2.000000    2.000000 v input external delay
     1    0.002585    0.008135    0.004255    2.004255 v x[1] (in)
                                                         x[1] (net)
                      0.008135    0.000000    2.004255 v _727_/A0 (sky130_fd_sc_hd__mux2_1)
     1    0.001625    0.049945    0.268202    2.272457 v _727_/X (sky130_fd_sc_hd__mux2_1)
                                                         _363_ (net)
                      0.049945    0.000002    2.272459 v _728_/B (sky130_fd_sc_hd__and2_2)
     1    0.001935    0.034492    0.189413    2.461872 v _728_/X (sky130_fd_sc_hd__and2_2)
                                                         _016_ (net)
                      0.034492    0.000003    2.461875 v _752_/D (sky130_fd_sc_hd__dfxtp_2)
                                              2.461875   data arrival time

                                 10.000000   10.000000   clock clk (rise edge)
                                  0.000000   10.000000   clock source latency
    33    0.079791    0.361866    0.237558   10.237558 ^ clk (in)
                                                         clk (net)
                      0.361869    0.000000   10.237558 ^ _752_/CLK (sky130_fd_sc_hd__dfxtp_2)
                                 -0.250000    9.987558   clock uncertainty
                                  0.000000    9.987558   clock reconvergence pessimism
                                 -0.034337    9.953221   library setup time
                                              9.953221   data required time
---------------------------------------------------------------------------------------------
                                              9.953221   data required time
                                             -2.461875   data arrival time
---------------------------------------------------------------------------------------------
                                              7.491346   slack (MET)


Startpoint: rst (input port clocked by clk)
Endpoint: _748_ (rising edge-triggered flip-flop clocked by clk)
Path Group: clk
Path Type: max

Fanout         Cap        Slew       Delay        Time   Description
---------------------------------------------------------------------------------------------
                                  0.000000    0.000000   clock clk (rise edge)
                                  0.000000    0.000000   clock network delay (propagated)
                                  2.000000    2.000000 v input external delay
     3    0.012079    0.029011    0.020520    2.020520 v rst (in)
                                                         rst (net)
                      0.029011    0.000000    2.020520 v _369_/A (sky130_fd_sc_hd__inv_2)
    31    0.062858    0.285881    0.233101    2.253621 ^ _369_/Y (sky130_fd_sc_hd__inv_2)
                                                         _367_ (net)
                      0.285882    0.000308    2.253929 ^ _719_/B1 (sky130_fd_sc_hd__o41a_2)
     1    0.002256    0.033385    0.205348    2.459278 ^ _719_/X (sky130_fd_sc_hd__o41a_2)
                                                         _012_ (net)
                      0.033385    0.000007    2.459285 ^ _748_/D (sky130_fd_sc_hd__dfxtp_2)
                                              2.459285   data arrival time

                                 10.000000   10.000000   clock clk (rise edge)
                                  0.000000   10.000000   clock source latency
    33    0.079791    0.361866    0.237648   10.237648 ^ clk (in)
                                                         clk (net)
                      0.361870    0.000000   10.237648 ^ _748_/CLK (sky130_fd_sc_hd__dfxtp_2)
                                 -0.250000    9.987648   clock uncertainty
                                  0.000000    9.987648   clock reconvergence pessimism
                                 -0.009497    9.978151   library setup time
                                              9.978151   data required time
---------------------------------------------------------------------------------------------
                                              9.978151   data required time
                                             -2.459285   data arrival time
---------------------------------------------------------------------------------------------
                                              7.518866   slack (MET)


Startpoint: rst (input port clocked by clk)
Endpoint: _779_ (rising edge-triggered flip-flop clocked by clk)
Path Group: clk
Path Type: max

Fanout         Cap        Slew       Delay        Time   Description
---------------------------------------------------------------------------------------------
                                  0.000000    0.000000   clock clk (rise edge)
                                  0.000000    0.000000   clock network delay (propagated)
                                  2.000000    2.000000 v input external delay
     3    0.012079    0.029011    0.020520    2.020520 v rst (in)
                                                         rst (net)
                      0.029011    0.000000    2.020520 v _369_/A (sky130_fd_sc_hd__inv_2)
    31    0.062858    0.285881    0.233101    2.253621 ^ _369_/Y (sky130_fd_sc_hd__inv_2)
                                                         _367_ (net)
                      0.285881    0.000284    2.253905 ^ _707_/A (sky130_fd_sc_hd__and2_2)
     1    0.001816    0.037474    0.202616    2.456521 ^ _707_/X (sky130_fd_sc_hd__and2_2)
                                                         _009_ (net)
                      0.037474    0.000002    2.456523 ^ _779_/D (sky130_fd_sc_hd__dfxtp_2)
                                              2.456523   data arrival time

                                 10.000000   10.000000   clock clk (rise edge)
                                  0.000000   10.000000   clock source latency
    33    0.079791    0.361866    0.237568   10.237569 ^ clk (in)
                                                         clk (net)
                      0.361870    0.000000   10.237569 ^ _779_/CLK (sky130_fd_sc_hd__dfxtp_2)
                                 -0.250000    9.987569   clock uncertainty
                                  0.000000    9.987569   clock reconvergence pessimism
                                 -0.010382    9.977185   library setup time
                                              9.977185   data required time
---------------------------------------------------------------------------------------------
                                              9.977185   data required time
                                             -2.456523   data arrival time
---------------------------------------------------------------------------------------------
                                              7.520663   slack (MET)


Startpoint: rst (input port clocked by clk)
Endpoint: _772_ (rising edge-triggered flip-flop clocked by clk)
Path Group: clk
Path Type: max

Fanout         Cap        Slew       Delay        Time   Description
---------------------------------------------------------------------------------------------
                                  0.000000    0.000000   clock clk (rise edge)
                                  0.000000    0.000000   clock network delay (propagated)
                                  2.000000    2.000000 v input external delay
     3    0.012079    0.029011    0.020520    2.020520 v rst (in)
                                                         rst (net)
                      0.029011    0.000000    2.020520 v _369_/A (sky130_fd_sc_hd__inv_2)
    31    0.062858    0.285881    0.233101    2.253621 ^ _369_/Y (sky130_fd_sc_hd__inv_2)
                                                         _367_ (net)
                      0.285881    0.000170    2.253792 ^ _715_/A (sky130_fd_sc_hd__and2_2)
     1    0.001780    0.037314    0.202409    2.456201 ^ _715_/X (sky130_fd_sc_hd__and2_2)
                                                         _002_ (net)
                      0.037314    0.000000    2.456202 ^ _772_/D (sky130_fd_sc_hd__dfxtp_2)
                                              2.456202   data arrival time

                                 10.000000   10.000000   clock clk (rise edge)
                                  0.000000   10.000000   clock source latency
    33    0.079791    0.361866    0.237340   10.237340 ^ clk (in)
                                                         clk (net)
                      0.361868    0.000000   10.237340 ^ _772_/CLK (sky130_fd_sc_hd__dfxtp_2)
                                 -0.250000    9.987340   clock uncertainty
                                  0.000000    9.987340   clock reconvergence pessimism
                                 -0.010348    9.976992   library setup time
                                              9.976992   data required time
---------------------------------------------------------------------------------------------
                                              9.976992   data required time
                                             -2.456202   data arrival time
---------------------------------------------------------------------------------------------
                                              7.520790   slack (MET)


Startpoint: rst (input port clocked by clk)
Endpoint: _775_ (rising edge-triggered flip-flop clocked by clk)
Path Group: clk
Path Type: max

Fanout         Cap        Slew       Delay        Time   Description
---------------------------------------------------------------------------------------------
                                  0.000000    0.000000   clock clk (rise edge)
                                  0.000000    0.000000   clock network delay (propagated)
                                  2.000000    2.000000 v input external delay
     3    0.012079    0.029011    0.020520    2.020520 v rst (in)
                                                         rst (net)
                      0.029011    0.000000    2.020520 v _369_/A (sky130_fd_sc_hd__inv_2)
    31    0.062858    0.285881    0.233101    2.253621 ^ _369_/Y (sky130_fd_sc_hd__inv_2)
                                                         _367_ (net)
                      0.285881    0.000101    2.253722 ^ _712_/A (sky130_fd_sc_hd__and2_2)
     1    0.001759    0.037218    0.202286    2.456008 ^ _712_/X (sky130_fd_sc_hd__and2_2)
                                                         _005_ (net)
                      0.037218    0.000000    2.456009 ^ _775_/D (sky130_fd_sc_hd__dfxtp_2)
                                              2.456009   data arrival time

                                 10.000000   10.000000   clock clk (rise edge)
                                  0.000000   10.000000   clock source latency
    33    0.079791    0.361866    0.237292   10.237292 ^ clk (in)
                                                         clk (net)
                      0.361868    0.000000   10.237292 ^ _775_/CLK (sky130_fd_sc_hd__dfxtp_2)
                                 -0.250000    9.987292   clock uncertainty
                                  0.000000    9.987292   clock reconvergence pessimism
                                 -0.010327    9.976964   library setup time
                                              9.976964   data required time
---------------------------------------------------------------------------------------------
                                              9.976964   data required time
                                             -2.456009   data arrival time
---------------------------------------------------------------------------------------------
                                              7.520956   slack (MET)


Startpoint: rst (input port clocked by clk)
Endpoint: _756_ (rising edge-triggered flip-flop clocked by clk)
Path Group: clk
Path Type: max

Fanout         Cap        Slew       Delay        Time   Description
---------------------------------------------------------------------------------------------
                                  0.000000    0.000000   clock clk (rise edge)
                                  0.000000    0.000000   clock network delay (propagated)
                                  2.000000    2.000000 v input external delay
     3    0.012079    0.029011    0.020520    2.020520 v rst (in)
                                                         rst (net)
                      0.029011    0.000000    2.020520 v _369_/A (sky130_fd_sc_hd__inv_2)
    31    0.062858    0.285881    0.233101    2.253621 ^ _369_/Y (sky130_fd_sc_hd__inv_2)
                                                         _367_ (net)
                      0.285881    0.000290    2.253912 ^ _735_/A (sky130_fd_sc_hd__and2_2)
     1    0.001770    0.037266    0.202348    2.456259 ^ _735_/X (sky130_fd_sc_hd__and2_2)
                                                         _020_ (net)
                      0.037266    0.000000    2.456260 ^ _756_/D (sky130_fd_sc_hd__dfxtp_2)
                                              2.456260   data arrival time

                                 10.000000   10.000000   clock clk (rise edge)
                                  0.000000   10.000000   clock source latency
    33    0.079791    0.361866    0.237574   10.237574 ^ clk (in)
                                                         clk (net)
                      0.361870    0.000000   10.237574 ^ _756_/CLK (sky130_fd_sc_hd__dfxtp_2)
                                 -0.250000    9.987574   clock uncertainty
                                  0.000000    9.987574   clock reconvergence pessimism
                                 -0.010337    9.977236   library setup time
                                              9.977236   data required time
---------------------------------------------------------------------------------------------
                                              9.977236   data required time
                                             -2.456260   data arrival time
---------------------------------------------------------------------------------------------
                                              7.520976   slack (MET)


Startpoint: rst (input port clocked by clk)
Endpoint: _771_ (rising edge-triggered flip-flop clocked by clk)
Path Group: clk
Path Type: max

Fanout         Cap        Slew       Delay        Time   Description
---------------------------------------------------------------------------------------------
                                  0.000000    0.000000   clock clk (rise edge)
                                  0.000000    0.000000   clock network delay (propagated)
                                  2.000000    2.000000 v input external delay
     3    0.012079    0.029011    0.020520    2.020520 v rst (in)
                                                         rst (net)
                      0.029011    0.000000    2.020520 v _369_/A (sky130_fd_sc_hd__inv_2)
    31    0.062858    0.285881    0.233101    2.253621 ^ _369_/Y (sky130_fd_sc_hd__inv_2)
                                                         _367_ (net)
                      0.285881    0.000241    2.253863 ^ _716_/A (sky130_fd_sc_hd__and2_2)
     1    0.001754    0.037198    0.202261    2.456124 ^ _716_/X (sky130_fd_sc_hd__and2_2)
                                                         _001_ (net)
                      0.037198    0.000000    2.456124 ^ _771_/D (sky130_fd_sc_hd__dfxtp_2)
                                              2.456124   data arrival time

                                 10.000000   10.000000   clock clk (rise edge)
                                  0.000000   10.000000   clock source latency
    33    0.079791    0.361866    0.237443   10.237443 ^ clk (in)
                                                         clk (net)
                      0.361869    0.000000   10.237443 ^ _771_/CLK (sky130_fd_sc_hd__dfxtp_2)
                                 -0.250000    9.987443   clock uncertainty
                                  0.000000    9.987443   clock reconvergence pessimism
                                 -0.010323    9.977119   library setup time
                                              9.977119   data required time
---------------------------------------------------------------------------------------------
                                              9.977119   data required time
                                             -2.456124   data arrival time
---------------------------------------------------------------------------------------------
                                              7.520996   slack (MET)


Startpoint: rst (input port clocked by clk)
Endpoint: _774_ (rising edge-triggered flip-flop clocked by clk)
Path Group: clk
Path Type: max

Fanout         Cap        Slew       Delay        Time   Description
---------------------------------------------------------------------------------------------
                                  0.000000    0.000000   clock clk (rise edge)
                                  0.000000    0.000000   clock network delay (propagated)
                                  2.000000    2.000000 v input external delay
     3    0.012079    0.029011    0.020520    2.020520 v rst (in)
                                                         rst (net)
                      0.029011    0.000000    2.020520 v _369_/A (sky130_fd_sc_hd__inv_2)
    31    0.062858    0.285881    0.233101    2.253621 ^ _369_/Y (sky130_fd_sc_hd__inv_2)
                                                         _367_ (net)
                      0.285881    0.000274    2.253896 ^ _713_/A (sky130_fd_sc_hd__and2_2)
     1    0.001751    0.037181    0.202239    2.456135 ^ _713_/X (sky130_fd_sc_hd__and2_2)
                                                         _004_ (net)
                      0.037181    0.000000    2.456135 ^ _774_/D (sky130_fd_sc_hd__dfxtp_2)
                                              2.456135   data arrival time

                                 10.000000   10.000000   clock clk (rise edge)
                                  0.000000   10.000000   clock source latency
    33    0.079791    0.361866    0.237539   10.237539 ^ clk (in)
                                                         clk (net)
                      0.361869    0.000000   10.237539 ^ _774_/CLK (sky130_fd_sc_hd__dfxtp_2)
                                 -0.250000    9.987539   clock uncertainty
                                  0.000000    9.987539   clock reconvergence pessimism
                                 -0.010319    9.977221   library setup time
                                              9.977221   data required time
---------------------------------------------------------------------------------------------
                                              9.977221   data required time
                                             -2.456135   data arrival time
---------------------------------------------------------------------------------------------
                                              7.521085   slack (MET)


Startpoint: rst (input port clocked by clk)
Endpoint: _777_ (rising edge-triggered flip-flop clocked by clk)
Path Group: clk
Path Type: max

Fanout         Cap        Slew       Delay        Time   Description
---------------------------------------------------------------------------------------------
                                  0.000000    0.000000   clock clk (rise edge)
                                  0.000000    0.000000   clock network delay (propagated)
                                  2.000000    2.000000 v input external delay
     3    0.012079    0.029011    0.020520    2.020520 v rst (in)
                                                         rst (net)
                      0.029011    0.000000    2.020520 v _369_/A (sky130_fd_sc_hd__inv_2)
    31    0.062858    0.285881    0.233101    2.253621 ^ _369_/Y (sky130_fd_sc_hd__inv_2)
                                                         _367_ (net)
                      0.285881    0.000256    2.253877 ^ _709_/A (sky130_fd_sc_hd__and2_2)
     1    0.001731    0.037096    0.202129    2.456006 ^ _709_/X (sky130_fd_sc_hd__and2_2)
                                                         _007_ (net)
                      0.037096    0.000000    2.456006 ^ _777_/D (sky130_fd_sc_hd__dfxtp_2)
                                              2.456006   data arrival time

                                 10.000000   10.000000   clock clk (rise edge)
                                  0.000000   10.000000   clock source latency
    33    0.079791    0.361866    0.237489   10.237490 ^ clk (in)
                                                         clk (net)
                      0.361869    0.000000   10.237490 ^ _777_/CLK (sky130_fd_sc_hd__dfxtp_2)
                                 -0.250000    9.987490   clock uncertainty
                                  0.000000    9.987490   clock reconvergence pessimism
                                 -0.010301    9.977188   library setup time
                                              9.977188   data required time
---------------------------------------------------------------------------------------------
                                              9.977188   data required time
                                             -2.456006   data arrival time
---------------------------------------------------------------------------------------------
                                              7.521182   slack (MET)


Startpoint: rst (input port clocked by clk)
Endpoint: _770_ (rising edge-triggered flip-flop clocked by clk)
Path Group: clk
Path Type: max

Fanout         Cap        Slew       Delay        Time   Description
---------------------------------------------------------------------------------------------
                                  0.000000    0.000000   clock clk (rise edge)
                                  0.000000    0.000000   clock network delay (propagated)
                                  2.000000    2.000000 v input external delay
     3    0.012079    0.029011    0.020520    2.020520 v rst (in)
                                                         rst (net)
                      0.029011    0.000000    2.020520 v _369_/A (sky130_fd_sc_hd__inv_2)
    31    0.062858    0.285881    0.233101    2.253621 ^ _369_/Y (sky130_fd_sc_hd__inv_2)
                                                         _367_ (net)
                      0.285881    0.000289    2.253910 ^ _717_/A (sky130_fd_sc_hd__and2_2)
     1    0.001744    0.037151    0.202200    2.456110 ^ _717_/X (sky130_fd_sc_hd__and2_2)
                                                         _000_ (net)
                      0.037151    0.000000    2.456111 ^ _770_/D (sky130_fd_sc_hd__dfxtp_2)
                                              2.456111   data arrival time

                                 10.000000   10.000000   clock clk (rise edge)
                                  0.000000   10.000000   clock source latency
    33    0.079791    0.361866    0.237633   10.237634 ^ clk (in)
                                                         clk (net)
                      0.361870    0.000000   10.237634 ^ _770_/CLK (sky130_fd_sc_hd__dfxtp_2)
                                 -0.250000    9.987633   clock uncertainty
                                  0.000000    9.987633   clock reconvergence pessimism
                                 -0.010312    9.977321   library setup time
                                              9.977321   data required time
---------------------------------------------------------------------------------------------
                                              9.977321   data required time
                                             -2.456111   data arrival time
---------------------------------------------------------------------------------------------
                                              7.521210   slack (MET)


Startpoint: rst (input port clocked by clk)
Endpoint: _778_ (rising edge-triggered flip-flop clocked by clk)
Path Group: clk
Path Type: max

Fanout         Cap        Slew       Delay        Time   Description
---------------------------------------------------------------------------------------------
                                  0.000000    0.000000   clock clk (rise edge)
                                  0.000000    0.000000   clock network delay (propagated)
                                  2.000000    2.000000 v input external delay
     3    0.012079    0.029011    0.020520    2.020520 v rst (in)
                                                         rst (net)
                      0.029011    0.000000    2.020520 v _369_/A (sky130_fd_sc_hd__inv_2)
    31    0.062858    0.285881    0.233101    2.253621 ^ _369_/Y (sky130_fd_sc_hd__inv_2)
                                                         _367_ (net)
                      0.285881    0.000209    2.253830 ^ _708_/A (sky130_fd_sc_hd__and2_2)
     1    0.001702    0.036966    0.201961    2.455792 ^ _708_/X (sky130_fd_sc_hd__and2_2)
                                                         _008_ (net)
                      0.036966    0.000000    2.455792 ^ _778_/D (sky130_fd_sc_hd__dfxtp_2)
                                              2.455792   data arrival time

                                 10.000000   10.000000   clock clk (rise edge)
                                  0.000000   10.000000   clock source latency
    33    0.079791    0.361866    0.237396   10.237396 ^ clk (in)
                                                         clk (net)
                      0.361868    0.000000   10.237396 ^ _778_/CLK (sky130_fd_sc_hd__dfxtp_2)
                                 -0.250000    9.987396   clock uncertainty
                                  0.000000    9.987396   clock reconvergence pessimism
                                 -0.010273    9.977123   library setup time
                                              9.977123   data required time
---------------------------------------------------------------------------------------------
                                              9.977123   data required time
                                             -2.455792   data arrival time
---------------------------------------------------------------------------------------------
                                              7.521331   slack (MET)


Startpoint: rst (input port clocked by clk)
Endpoint: _776_ (rising edge-triggered flip-flop clocked by clk)
Path Group: clk
Path Type: max

Fanout         Cap        Slew       Delay        Time   Description
---------------------------------------------------------------------------------------------
                                  0.000000    0.000000   clock clk (rise edge)
                                  0.000000    0.000000   clock network delay (propagated)
                                  2.000000    2.000000 v input external delay
     3    0.012079    0.029011    0.020520    2.020520 v rst (in)
                                                         rst (net)
                      0.029011    0.000000    2.020520 v _369_/A (sky130_fd_sc_hd__inv_2)
    31    0.062858    0.285881    0.233101    2.253621 ^ _369_/Y (sky130_fd_sc_hd__inv_2)
                                                         _367_ (net)
                      0.285882    0.000302    2.253923 ^ _710_/A (sky130_fd_sc_hd__and2_2)
     1    0.001719    0.037041    0.202058    2.455981 ^ _710_/X (sky130_fd_sc_hd__and2_2)
                                                         _006_ (net)
                      0.037041    0.000000    2.455981 ^ _776_/D (sky130_fd_sc_hd__dfxtp_2)
                                              2.455981   data arrival time

                                 10.000000   10.000000   clock clk (rise edge)
                                  0.000000   10.000000   clock source latency
    33    0.079791    0.361866    0.237646   10.237646 ^ clk (in)
                                                         clk (net)
                      0.361870    0.000000   10.237646 ^ _776_/CLK (sky130_fd_sc_hd__dfxtp_2)
                                 -0.250000    9.987646   clock uncertainty
                                  0.000000    9.987646   clock reconvergence pessimism
                                 -0.010289    9.977358   library setup time
                                              9.977358   data required time
---------------------------------------------------------------------------------------------
                                              9.977358   data required time
                                             -2.455981   data arrival time
---------------------------------------------------------------------------------------------
                                              7.521377   slack (MET)


Startpoint: rst (input port clocked by clk)
Endpoint: _773_ (rising edge-triggered flip-flop clocked by clk)
Path Group: clk
Path Type: max

Fanout         Cap        Slew       Delay        Time   Description
---------------------------------------------------------------------------------------------
                                  0.000000    0.000000   clock clk (rise edge)
                                  0.000000    0.000000   clock network delay (propagated)
                                  2.000000    2.000000 v input external delay
     3    0.012079    0.029011    0.020520    2.020520 v rst (in)
                                                         rst (net)
                      0.029011    0.000000    2.020520 v _369_/A (sky130_fd_sc_hd__inv_2)
    31    0.062858    0.285881    0.233101    2.253621 ^ _369_/Y (sky130_fd_sc_hd__inv_2)
                                                         _367_ (net)
                      0.285882    0.000310    2.253931 ^ _714_/A (sky130_fd_sc_hd__and2_2)
     1    0.001711    0.037003    0.202009    2.455940 ^ _714_/X (sky130_fd_sc_hd__and2_2)
                                                         _003_ (net)
                      0.037003    0.000000    2.455941 ^ _773_/D (sky130_fd_sc_hd__dfxtp_2)
                                              2.455941   data arrival time

                                 10.000000   10.000000   clock clk (rise edge)
                                  0.000000   10.000000   clock source latency
    33    0.079791    0.361866    0.237651   10.237651 ^ clk (in)
                                                         clk (net)
                      0.361870    0.000000   10.237651 ^ _773_/CLK (sky130_fd_sc_hd__dfxtp_2)
                                 -0.250000    9.987651   clock uncertainty
                                  0.000000    9.987651   clock reconvergence pessimism
                                 -0.010280    9.977370   library setup time
                                              9.977370   data required time
---------------------------------------------------------------------------------------------
                                              9.977370   data required time
                                             -2.455941   data arrival time
---------------------------------------------------------------------------------------------
                                              7.521430   slack (MET)


Startpoint: rst (input port clocked by clk)
Endpoint: _766_ (rising edge-triggered flip-flop clocked by clk)
Path Group: clk
Path Type: max

Fanout         Cap        Slew       Delay        Time   Description
---------------------------------------------------------------------------------------------
                                  0.000000    0.000000   clock clk (rise edge)
                                  0.000000    0.000000   clock network delay (propagated)
                                  2.000000    2.000000 v input external delay
     3    0.012079    0.029011    0.020520    2.020520 v rst (in)
                                                         rst (net)
                      0.029011    0.000000    2.020520 v _369_/A (sky130_fd_sc_hd__inv_2)
    31    0.062858    0.285881    0.233101    2.253621 ^ _369_/Y (sky130_fd_sc_hd__inv_2)
                                                         _367_ (net)
                      0.285883    0.000600    2.254221 ^ _745_/B (sky130_fd_sc_hd__and2_2)
     1    0.002400    0.038111    0.197907    2.452128 ^ _745_/X (sky130_fd_sc_hd__and2_2)
                                                         _030_ (net)
                      0.038111    0.000010    2.452138 ^ _766_/D (sky130_fd_sc_hd__dfxtp_2)
                                              2.452138   data arrival time

                                 10.000000   10.000000   clock clk (rise edge)
                                  0.000000   10.000000   clock source latency
    33    0.079791    0.361866    0.237773   10.237774 ^ clk (in)
                                                         clk (net)
                      0.361872    0.000000   10.237774 ^ _766_/CLK (sky130_fd_sc_hd__dfxtp_2)
                                 -0.250000    9.987774   clock uncertainty
                                  0.000000    9.987774   clock reconvergence pessimism
                                 -0.010520    9.977253   library setup time
                                              9.977253   data required time
---------------------------------------------------------------------------------------------
                                              9.977253   data required time
                                             -2.452138   data arrival time
---------------------------------------------------------------------------------------------
                                              7.525115   slack (MET)


Startpoint: rst (input port clocked by clk)
Endpoint: _767_ (rising edge-triggered flip-flop clocked by clk)
Path Group: clk
Path Type: max

Fanout         Cap        Slew       Delay        Time   Description
---------------------------------------------------------------------------------------------
                                  0.000000    0.000000   clock clk (rise edge)
                                  0.000000    0.000000   clock network delay (propagated)
                                  2.000000    2.000000 v input external delay
     3    0.012079    0.029011    0.020520    2.020520 v rst (in)
                                                         rst (net)
                      0.029011    0.000000    2.020520 v _369_/A (sky130_fd_sc_hd__inv_2)
    31    0.062858    0.285881    0.233101    2.253621 ^ _369_/Y (sky130_fd_sc_hd__inv_2)
                                                         _367_ (net)
                      0.285883    0.000592    2.254214 ^ _746_/B (sky130_fd_sc_hd__and2_2)
     1    0.002211    0.037958    0.196833    2.451047 ^ _746_/X (sky130_fd_sc_hd__and2_2)
                                                         _031_ (net)
                      0.037958    0.000007    2.451054 ^ _767_/D (sky130_fd_sc_hd__dfxtp_2)
                                              2.451054   data arrival time

                                 10.000000   10.000000   clock clk (rise edge)
                                  0.000000   10.000000   clock source latency
    33    0.079791    0.361866    0.237774   10.237775 ^ clk (in)
                                                         clk (net)
                      0.361872    0.000000   10.237775 ^ _767_/CLK (sky130_fd_sc_hd__dfxtp_2)
                                 -0.250000    9.987775   clock uncertainty
                                  0.000000    9.987775   clock reconvergence pessimism
                                 -0.010487    9.977287   library setup time
                                              9.977287   data required time
---------------------------------------------------------------------------------------------
                                              9.977287   data required time
                                             -2.451054   data arrival time
---------------------------------------------------------------------------------------------
                                              7.526234   slack (MET)


Startpoint: rst (input port clocked by clk)
Endpoint: _768_ (rising edge-triggered flip-flop clocked by clk)
Path Group: clk
Path Type: max

Fanout         Cap        Slew       Delay        Time   Description
---------------------------------------------------------------------------------------------
                                  0.000000    0.000000   clock clk (rise edge)
                                  0.000000    0.000000   clock network delay (propagated)
                                  2.000000    2.000000 v input external delay
     3    0.012079    0.029011    0.020520    2.020520 v rst (in)
                                                         rst (net)
                      0.029011    0.000000    2.020520 v _369_/A (sky130_fd_sc_hd__inv_2)
    31    0.062858    0.285881    0.233101    2.253621 ^ _369_/Y (sky130_fd_sc_hd__inv_2)
                                                         _367_ (net)
                      0.285883    0.000595    2.254216 ^ _747_/B (sky130_fd_sc_hd__and2_2)
     1    0.002207    0.037941    0.196813    2.451029 ^ _747_/X (sky130_fd_sc_hd__and2_2)
                                                         _032_ (net)
                      0.037941    0.000007    2.451036 ^ _768_/D (sky130_fd_sc_hd__dfxtp_2)
                                              2.451036   data arrival time

                                 10.000000   10.000000   clock clk (rise edge)
                                  0.000000   10.000000   clock source latency
    33    0.079791    0.361866    0.237771   10.237771 ^ clk (in)
                                                         clk (net)
                      0.361871    0.000000   10.237771 ^ _768_/CLK (sky130_fd_sc_hd__dfxtp_2)
                                 -0.250000    9.987771   clock uncertainty
                                  0.000000    9.987771   clock reconvergence pessimism
                                 -0.010483    9.977287   library setup time
                                              9.977287   data required time
---------------------------------------------------------------------------------------------
                                              9.977287   data required time
                                             -2.451036   data arrival time
---------------------------------------------------------------------------------------------
                                              7.526252   slack (MET)


Startpoint: rst (input port clocked by clk)
Endpoint: _762_ (rising edge-triggered flip-flop clocked by clk)
Path Group: clk
Path Type: max

Fanout         Cap        Slew       Delay        Time   Description
---------------------------------------------------------------------------------------------
                                  0.000000    0.000000   clock clk (rise edge)
                                  0.000000    0.000000   clock network delay (propagated)
                                  2.000000    2.000000 v input external delay
     3    0.012079    0.029011    0.020520    2.020520 v rst (in)
                                                         rst (net)
                      0.029011    0.000000    2.020520 v _369_/A (sky130_fd_sc_hd__inv_2)
    31    0.062858    0.285881    0.233101    2.253621 ^ _369_/Y (sky130_fd_sc_hd__inv_2)
                                                         _367_ (net)
                      0.285883    0.000564    2.254185 ^ _741_/B (sky130_fd_sc_hd__and2_2)
     1    0.002085    0.037369    0.196115    2.450300 ^ _741_/X (sky130_fd_sc_hd__and2_2)
                                                         _026_ (net)
                      0.037369    0.000004    2.450304 ^ _762_/D (sky130_fd_sc_hd__dfxtp_2)
                                              2.450304   data arrival time

                                 10.000000   10.000000   clock clk (rise edge)
                                  0.000000   10.000000   clock source latency
    33    0.079791    0.361866    0.237704   10.237704 ^ clk (in)
                                                         clk (net)
                      0.361871    0.000000   10.237704 ^ _762_/CLK (sky130_fd_sc_hd__dfxtp_2)
                                 -0.250000    9.987704   clock uncertainty
                                  0.000000    9.987704   clock reconvergence pessimism
                                 -0.010360    9.977345   library setup time
                                              9.977345   data required time
---------------------------------------------------------------------------------------------
                                              9.977345   data required time
                                             -2.450304   data arrival time
---------------------------------------------------------------------------------------------
                                              7.527040   slack (MET)


Startpoint: rst (input port clocked by clk)
Endpoint: _764_ (rising edge-triggered flip-flop clocked by clk)
Path Group: clk
Path Type: max

Fanout         Cap        Slew       Delay        Time   Description
---------------------------------------------------------------------------------------------
                                  0.000000    0.000000   clock clk (rise edge)
                                  0.000000    0.000000   clock network delay (propagated)
                                  2.000000    2.000000 v input external delay
     3    0.012079    0.029011    0.020520    2.020520 v rst (in)
                                                         rst (net)
                      0.029011    0.000000    2.020520 v _369_/A (sky130_fd_sc_hd__inv_2)
    31    0.062858    0.285881    0.233101    2.253621 ^ _369_/Y (sky130_fd_sc_hd__inv_2)
                                                         _367_ (net)
                      0.285883    0.000523    2.254144 ^ _743_/B (sky130_fd_sc_hd__and2_2)
     1    0.002077    0.037333    0.196072    2.450216 ^ _743_/X (sky130_fd_sc_hd__and2_2)
                                                         _028_ (net)
                      0.037333    0.000004    2.450220 ^ _764_/D (sky130_fd_sc_hd__dfxtp_2)
                                              2.450220   data arrival time

                                 10.000000   10.000000   clock clk (rise edge)
                                  0.000000   10.000000   clock source latency
    33    0.079791    0.361866    0.237736   10.237737 ^ clk (in)
                                                         clk (net)
                      0.361871    0.000000   10.237737 ^ _764_/CLK (sky130_fd_sc_hd__dfxtp_2)
                                 -0.250000    9.987737   clock uncertainty
                                  0.000000    9.987737   clock reconvergence pessimism
                                 -0.010352    9.977385   library setup time
                                              9.977385   data required time
---------------------------------------------------------------------------------------------
                                              9.977385   data required time
                                             -2.450220   data arrival time
---------------------------------------------------------------------------------------------
                                              7.527165   slack (MET)


Startpoint: rst (input port clocked by clk)
Endpoint: _761_ (rising edge-triggered flip-flop clocked by clk)
Path Group: clk
Path Type: max

Fanout         Cap        Slew       Delay        Time   Description
---------------------------------------------------------------------------------------------
                                  0.000000    0.000000   clock clk (rise edge)
                                  0.000000    0.000000   clock network delay (propagated)
                                  2.000000    2.000000 v input external delay
     3    0.012079    0.029011    0.020520    2.020520 v rst (in)
                                                         rst (net)
                      0.029011    0.000000    2.020520 v _369_/A (sky130_fd_sc_hd__inv_2)
    31    0.062858    0.285881    0.233101    2.253621 ^ _369_/Y (sky130_fd_sc_hd__inv_2)
                                                         _367_ (net)
                      0.285883    0.000564    2.254186 ^ _740_/B (sky130_fd_sc_hd__and2_2)
     1    0.002040    0.037158    0.195858    2.450044 ^ _740_/X (sky130_fd_sc_hd__and2_2)
                                                         _025_ (net)
                      0.037158    0.000004    2.450047 ^ _761_/D (sky130_fd_sc_hd__dfxtp_2)
                                              2.450047   data arrival time

                                 10.000000   10.000000   clock clk (rise edge)
                                  0.000000   10.000000   clock source latency
    33    0.079791    0.361866    0.237701   10.237700 ^ clk (in)
                                                         clk (net)
                      0.361871    0.000000   10.237700 ^ _761_/CLK (sky130_fd_sc_hd__dfxtp_2)
                                 -0.250000    9.987700   clock uncertainty
                                  0.000000    9.987700   clock reconvergence pessimism
                                 -0.010314    9.977387   library setup time
                                              9.977387   data required time
---------------------------------------------------------------------------------------------
                                              9.977387   data required time
                                             -2.450047   data arrival time
---------------------------------------------------------------------------------------------
                                              7.527340   slack (MET)


Startpoint: rst (input port clocked by clk)
Endpoint: _780_ (rising edge-triggered flip-flop clocked by clk)
Path Group: clk
Path Type: max

Fanout         Cap        Slew       Delay        Time   Description
---------------------------------------------------------------------------------------------
                                  0.000000    0.000000   clock clk (rise edge)
                                  0.000000    0.000000   clock network delay (propagated)
                                  2.000000    2.000000 v input external delay
     3    0.012079    0.029011    0.020520    2.020520 v rst (in)
                                                         rst (net)
                      0.029011    0.000000    2.020520 v _369_/A (sky130_fd_sc_hd__inv_2)
    31    0.062858    0.285881    0.233101    2.253621 ^ _369_/Y (sky130_fd_sc_hd__inv_2)
                                                         _367_ (net)
                      0.285881    0.000290    2.253911 ^ _706_/B (sky130_fd_sc_hd__and2_2)
     1    0.001956    0.036767    0.195381    2.449293 ^ _706_/X (sky130_fd_sc_hd__and2_2)
                                                         _010_ (net)
                      0.036767    0.000003    2.449296 ^ _780_/D (sky130_fd_sc_hd__dfxtp_2)
                                              2.449296   data arrival time

                                 10.000000   10.000000   clock clk (rise edge)
                                  0.000000   10.000000   clock source latency
    33    0.079791    0.361866    0.237629   10.237630 ^ clk (in)
                                                         clk (net)
                      0.361870    0.000000   10.237630 ^ _780_/CLK (sky130_fd_sc_hd__dfxtp_2)
                                 -0.250000    9.987630   clock uncertainty
                                  0.000000    9.987630   clock reconvergence pessimism
                                 -0.010229    9.977401   library setup time
                                              9.977401   data required time
---------------------------------------------------------------------------------------------
                                              9.977401   data required time
                                             -2.449296   data arrival time
---------------------------------------------------------------------------------------------
                                              7.528105   slack (MET)


Startpoint: rst (input port clocked by clk)
Endpoint: _763_ (rising edge-triggered flip-flop clocked by clk)
Path Group: clk
Path Type: max

Fanout         Cap        Slew       Delay        Time   Description
---------------------------------------------------------------------------------------------
                                  0.000000    0.000000   clock clk (rise edge)
                                  0.000000    0.000000   clock network delay (propagated)
                                  2.000000    2.000000 v input external delay
     3    0.012079    0.029011    0.020520    2.020520 v rst (in)
                                                         rst (net)
                      0.029011    0.000000    2.020520 v _369_/A (sky130_fd_sc_hd__inv_2)
    31    0.062858    0.285881    0.233101    2.253621 ^ _369_/Y (sky130_fd_sc_hd__inv_2)
                                                         _367_ (net)
                      0.285883    0.000564    2.254185 ^ _742_/B (sky130_fd_sc_hd__and2_2)
     1    0.001912    0.036564    0.195133    2.449318 ^ _742_/X (sky130_fd_sc_hd__and2_2)
                                                         _027_ (net)
                      0.036564    0.000002    2.449321 ^ _763_/D (sky130_fd_sc_hd__dfxtp_2)
                                              2.449321   data arrival time

                                 10.000000   10.000000   clock clk (rise edge)
                                  0.000000   10.000000   clock source latency
    33    0.079791    0.361866    0.237742   10.237742 ^ clk (in)
                                                         clk (net)
                      0.361871    0.000000   10.237742 ^ _763_/CLK (sky130_fd_sc_hd__dfxtp_2)
                                 -0.250000    9.987742   clock uncertainty
                                  0.000000    9.987742   clock reconvergence pessimism
                                 -0.010185    9.977557   library setup time
                                              9.977557   data required time
---------------------------------------------------------------------------------------------
                                              9.977557   data required time
                                             -2.449321   data arrival time
---------------------------------------------------------------------------------------------
                                              7.528236   slack (MET)


Startpoint: rst (input port clocked by clk)
Endpoint: _760_ (rising edge-triggered flip-flop clocked by clk)
Path Group: clk
Path Type: max

Fanout         Cap        Slew       Delay        Time   Description
---------------------------------------------------------------------------------------------
                                  0.000000    0.000000   clock clk (rise edge)
                                  0.000000    0.000000   clock network delay (propagated)
                                  2.000000    2.000000 v input external delay
     3    0.012079    0.029011    0.020520    2.020520 v rst (in)
                                                         rst (net)
                      0.029011    0.000000    2.020520 v _369_/A (sky130_fd_sc_hd__inv_2)
    31    0.062858    0.285881    0.233101    2.253621 ^ _369_/Y (sky130_fd_sc_hd__inv_2)
                                                         _367_ (net)
                      0.285882    0.000346    2.253967 ^ _739_/B (sky130_fd_sc_hd__and2_2)
     1    0.001871    0.036370    0.194897    2.448864 ^ _739_/X (sky130_fd_sc_hd__and2_2)
                                                         _024_ (net)
                      0.036370    0.000002    2.448865 ^ _760_/D (sky130_fd_sc_hd__dfxtp_2)
                                              2.448865   data arrival time

                                 10.000000   10.000000   clock clk (rise edge)
                                  0.000000   10.000000   clock source latency
    33    0.079791    0.361866    0.237701   10.237701 ^ clk (in)
                                                         clk (net)
                      0.361871    0.000000   10.237701 ^ _760_/CLK (sky130_fd_sc_hd__dfxtp_2)
                                 -0.250000    9.987701   clock uncertainty
                                  0.000000    9.987701   clock reconvergence pessimism
                                 -0.010143    9.977559   library setup time
                                              9.977559   data required time
---------------------------------------------------------------------------------------------
                                              9.977559   data required time
                                             -2.448865   data arrival time
---------------------------------------------------------------------------------------------
                                              7.528693   slack (MET)


Startpoint: rst (input port clocked by clk)
Endpoint: _759_ (rising edge-triggered flip-flop clocked by clk)
Path Group: clk
Path Type: max

Fanout         Cap        Slew       Delay        Time   Description
---------------------------------------------------------------------------------------------
                                  0.000000    0.000000   clock clk (rise edge)
                                  0.000000    0.000000   clock network delay (propagated)
                                  2.000000    2.000000 v input external delay
     3    0.012079    0.029011    0.020520    2.020520 v rst (in)
                                                         rst (net)
                      0.029011    0.000000    2.020520 v _369_/A (sky130_fd_sc_hd__inv_2)
    31    0.062858    0.285881    0.233101    2.253621 ^ _369_/Y (sky130_fd_sc_hd__inv_2)
                                                         _367_ (net)
                      0.285882    0.000347    2.253968 ^ _738_/B (sky130_fd_sc_hd__and2_2)
     1    0.001859    0.036314    0.194829    2.448797 ^ _738_/X (sky130_fd_sc_hd__and2_2)
                                                         _023_ (net)
                      0.036314    0.000002    2.448798 ^ _759_/D (sky130_fd_sc_hd__dfxtp_2)
                                              2.448798   data arrival time

                                 10.000000   10.000000   clock clk (rise edge)
                                  0.000000   10.000000   clock source latency
    33    0.079791    0.361866    0.237701   10.237701 ^ clk (in)
                                                         clk (net)
                      0.361871    0.000000   10.237701 ^ _759_/CLK (sky130_fd_sc_hd__dfxtp_2)
                                 -0.250000    9.987701   clock uncertainty
                                  0.000000    9.987701   clock reconvergence pessimism
                                 -0.010131    9.977571   library setup time
                                              9.977571   data required time
---------------------------------------------------------------------------------------------
                                              9.977571   data required time
                                             -2.448798   data arrival time
---------------------------------------------------------------------------------------------
                                              7.528771   slack (MET)


Startpoint: rst (input port clocked by clk)
Endpoint: _765_ (rising edge-triggered flip-flop clocked by clk)
Path Group: clk
Path Type: max

Fanout         Cap        Slew       Delay        Time   Description
---------------------------------------------------------------------------------------------
                                  0.000000    0.000000   clock clk (rise edge)
                                  0.000000    0.000000   clock network delay (propagated)
                                  2.000000    2.000000 v input external delay
     3    0.012079    0.029011    0.020520    2.020520 v rst (in)
                                                         rst (net)
                      0.029011    0.000000    2.020520 v _369_/A (sky130_fd_sc_hd__inv_2)
    31    0.062858    0.285881    0.233101    2.253621 ^ _369_/Y (sky130_fd_sc_hd__inv_2)
                                                         _367_ (net)
                      0.285883    0.000602    2.254223 ^ _744_/B (sky130_fd_sc_hd__and2_2)
     1    0.001808    0.036075    0.194538    2.448761 ^ _744_/X (sky130_fd_sc_hd__and2_2)
                                                         _029_ (net)
                      0.036075    0.000002    2.448762 ^ _765_/D (sky130_fd_sc_hd__dfxtp_2)
                                              2.448762   data arrival time

                                 10.000000   10.000000   clock clk (rise edge)
                                  0.000000   10.000000   clock source latency
    33    0.079791    0.361866    0.237743   10.237743 ^ clk (in)
                                                         clk (net)
                      0.361871    0.000000   10.237743 ^ _765_/CLK (sky130_fd_sc_hd__dfxtp_2)
                                 -0.250000    9.987743   clock uncertainty
                                  0.000000    9.987743   clock reconvergence pessimism
                                 -0.010079    9.977664   library setup time
                                              9.977664   data required time
---------------------------------------------------------------------------------------------
                                              9.977664   data required time
                                             -2.448762   data arrival time
---------------------------------------------------------------------------------------------
                                              7.528902   slack (MET)


Startpoint: rst (input port clocked by clk)
Endpoint: _758_ (rising edge-triggered flip-flop clocked by clk)
Path Group: clk
Path Type: max

Fanout         Cap        Slew       Delay        Time   Description
---------------------------------------------------------------------------------------------
                                  0.000000    0.000000   clock clk (rise edge)
                                  0.000000    0.000000   clock network delay (propagated)
                                  2.000000    2.000000 v input external delay
     3    0.012079    0.029011    0.020520    2.020520 v rst (in)
                                                         rst (net)
                      0.029011    0.000000    2.020520 v _369_/A (sky130_fd_sc_hd__inv_2)
    31    0.062858    0.285881    0.233101    2.253621 ^ _369_/Y (sky130_fd_sc_hd__inv_2)
                                                         _367_ (net)
                      0.285882    0.000438    2.254059 ^ _737_/B (sky130_fd_sc_hd__and2_2)
     1    0.001772    0.035906    0.194331    2.448391 ^ _737_/X (sky130_fd_sc_hd__and2_2)
                                                         _022_ (net)
                      0.035906    0.000000    2.448392 ^ _758_/D (sky130_fd_sc_hd__dfxtp_2)
                                              2.448392   data arrival time

                                 10.000000   10.000000   clock clk (rise edge)
                                  0.000000   10.000000   clock source latency
    33    0.079791    0.361866    0.237709   10.237709 ^ clk (in)
                                                         clk (net)
                      0.361871    0.000000   10.237709 ^ _758_/CLK (sky130_fd_sc_hd__dfxtp_2)
                                 -0.250000    9.987709   clock uncertainty
                                  0.000000    9.987709   clock reconvergence pessimism
                                 -0.010043    9.977666   library setup time
                                              9.977666   data required time
---------------------------------------------------------------------------------------------
                                              9.977666   data required time
                                             -2.448392   data arrival time
---------------------------------------------------------------------------------------------
                                              7.529274   slack (MET)


Startpoint: rst (input port clocked by clk)
Endpoint: _757_ (rising edge-triggered flip-flop clocked by clk)
Path Group: clk
Path Type: max

Fanout         Cap        Slew       Delay        Time   Description
---------------------------------------------------------------------------------------------
                                  0.000000    0.000000   clock clk (rise edge)
                                  0.000000    0.000000   clock network delay (propagated)
                                  2.000000    2.000000 v input external delay
     3    0.012079    0.029011    0.020520    2.020520 v rst (in)
                                                         rst (net)
                      0.029011    0.000000    2.020520 v _369_/A (sky130_fd_sc_hd__inv_2)
    31    0.062858    0.285881    0.233101    2.253621 ^ _369_/Y (sky130_fd_sc_hd__inv_2)
                                                         _367_ (net)
                      0.285882    0.000475    2.254096 ^ _736_/B (sky130_fd_sc_hd__and2_2)
     1    0.001719    0.035662    0.194034    2.448130 ^ _736_/X (sky130_fd_sc_hd__and2_2)
                                                         _021_ (net)
                      0.035662    0.000000    2.448130 ^ _757_/D (sky130_fd_sc_hd__dfxtp_2)
                                              2.448130   data arrival time

                                 10.000000   10.000000   clock clk (rise edge)
                                  0.000000   10.000000   clock source latency
    33    0.079791    0.361866    0.237722   10.237722 ^ clk (in)
                                                         clk (net)
                      0.361871    0.000000   10.237722 ^ _757_/CLK (sky130_fd_sc_hd__dfxtp_2)
                                 -0.250000    9.987722   clock uncertainty
                                  0.000000    9.987722   clock reconvergence pessimism
                                 -0.009990    9.977732   library setup time
                                              9.977732   data required time
---------------------------------------------------------------------------------------------
                                              9.977732   data required time
                                             -2.448130   data arrival time
---------------------------------------------------------------------------------------------
                                              7.529601   slack (MET)


Startpoint: rst (input port clocked by clk)
Endpoint: _750_ (rising edge-triggered flip-flop clocked by clk)
Path Group: clk
Path Type: max

Fanout         Cap        Slew       Delay        Time   Description
---------------------------------------------------------------------------------------------
                                  0.000000    0.000000   clock clk (rise edge)
                                  0.000000    0.000000   clock network delay (propagated)
                                  2.000000    2.000000 v input external delay
     3    0.012079    0.029011    0.020520    2.020520 v rst (in)
                                                         rst (net)
                      0.029011    0.000000    2.020520 v _369_/A (sky130_fd_sc_hd__inv_2)
    31    0.062858    0.285881    0.233101    2.253621 ^ _369_/Y (sky130_fd_sc_hd__inv_2)
                                                         _367_ (net)
                      0.285881    0.000265    2.253886 ^ _724_/B1 (sky130_fd_sc_hd__o21a_2)
     1    0.002334    0.032616    0.189807    2.443693 ^ _724_/X (sky130_fd_sc_hd__o21a_2)
                                                         _014_ (net)
                      0.032616    0.000008    2.443702 ^ _750_/D (sky130_fd_sc_hd__dfxtp_2)
                                              2.443702   data arrival time

                                 10.000000   10.000000   clock clk (rise edge)
                                  0.000000   10.000000   clock source latency
    33    0.079791    0.361866    0.237617   10.237617 ^ clk (in)
                                                         clk (net)
                      0.361870    0.000000   10.237617 ^ _750_/CLK (sky130_fd_sc_hd__dfxtp_2)
                                 -0.250000    9.987617   clock uncertainty
                                  0.000000    9.987617   clock reconvergence pessimism
                                 -0.009331    9.978286   library setup time
                                              9.978286   data required time
---------------------------------------------------------------------------------------------
                                              9.978286   data required time
                                             -2.443702   data arrival time
---------------------------------------------------------------------------------------------
                                              7.534585   slack (MET)


Startpoint: start_diag (input port clocked by clk)
Endpoint: _769_ (rising edge-triggered flip-flop clocked by clk)
Path Group: clk
Path Type: max

Fanout         Cap        Slew       Delay        Time   Description
---------------------------------------------------------------------------------------------
                                  0.000000    0.000000   clock clk (rise edge)
                                  0.000000    0.000000   clock network delay (propagated)
                                  2.000000    2.000000 ^ input external delay
     2    0.007080    0.038435    0.025766    2.025766 ^ start_diag (in)
                                                         start_diag (net)
                      0.038435    0.000000    2.025766 ^ _370_/A (sky130_fd_sc_hd__inv_2)
     1    0.002309    0.012928    0.024291    2.050057 v _370_/Y (sky130_fd_sc_hd__inv_2)
                                                         _368_ (net)
                      0.012928    0.000000    2.050058 v _718_/A1 (sky130_fd_sc_hd__a211o_2)
     1    0.001761    0.043166    0.280665    2.330723 v _718_/X (sky130_fd_sc_hd__a211o_2)
                                                         _011_ (net)
                      0.043166    0.000000    2.330724 v _769_/D (sky130_fd_sc_hd__dfxtp_2)
                                              2.330724   data arrival time

                                 10.000000   10.000000   clock clk (rise edge)
                                  0.000000   10.000000   clock source latency
    33    0.079791    0.361866    0.237231   10.237231 ^ clk (in)
                                                         clk (net)
                      0.361867    0.000000   10.237231 ^ _769_/CLK (sky130_fd_sc_hd__dfxtp_2)
                                 -0.250000    9.987231   clock uncertainty
                                  0.000000    9.987231   clock reconvergence pessimism
                                 -0.038068    9.949162   library setup time
                                              9.949162   data required time
---------------------------------------------------------------------------------------------
                                              9.949162   data required time
                                             -2.330724   data arrival time
---------------------------------------------------------------------------------------------
                                              7.618439   slack (MET)


Startpoint: rst (input port clocked by clk)
Endpoint: _749_ (rising edge-triggered flip-flop clocked by clk)
Path Group: clk
Path Type: max

Fanout         Cap        Slew       Delay        Time   Description
---------------------------------------------------------------------------------------------
                                  0.000000    0.000000   clock clk (rise edge)
                                  0.000000    0.000000   clock network delay (propagated)
                                  2.000000    2.000000 ^ input external delay
     3    0.013254    0.065623    0.046668    2.046668 ^ rst (in)
                                                         rst (net)
                      0.065623    0.000000    2.046668 ^ _722_/A (sky130_fd_sc_hd__nor2_2)
     1    0.002201    0.038105    0.040200    2.086867 v _722_/Y (sky130_fd_sc_hd__nor2_2)
                                                         _013_ (net)
                      0.038105    0.000006    2.086874 v _749_/D (sky130_fd_sc_hd__dfxtp_2)
                                              2.086874   data arrival time

                                 10.000000   10.000000   clock clk (rise edge)
                                  0.000000   10.000000   clock source latency
    33    0.079791    0.361866    0.237473   10.237473 ^ clk (in)
                                                         clk (net)
                      0.361869    0.000000   10.237473 ^ _749_/CLK (sky130_fd_sc_hd__dfxtp_2)
                                 -0.250000    9.987473   clock uncertainty
                                  0.000000    9.987473   clock reconvergence pessimism
                                 -0.035891    9.951582   library setup time
                                              9.951582   data required time
---------------------------------------------------------------------------------------------
                                              9.951582   data required time
                                             -2.086874   data arrival time
---------------------------------------------------------------------------------------------
                                              7.864708   slack (MET)



