$date
	Thu Sep 17 21:34:23 2026
$end
$version
	Icarus Verilog
$end
$timescale
	1ns
$end
$scope module bit_fault_tb $end
$var wire 4 ! x3 [3:0] $end
$var wire 4 " x2 [3:0] $end
$var wire 4 # x1 [3:0] $end
$var wire 4 $ x0 [3:0] $end
$var wire 8 % p3_healthy [7:0] $end
$var wire 8 & p3 [7:0] $end
$var wire 8 ' p2_healthy [7:0] $end
$var wire 8 ( p2 [7:0] $end
$var wire 8 ) p1_healthy [7:0] $end
$var wire 8 * p1 [7:0] $end
$var wire 8 + p0_healthy [7:0] $end
$var wire 8 , p0 [7:0] $end
$var wire 1 - fault_p3 $end
$var wire 1 . fault_p2 $end
$var wire 1 / fault_p1 $end
$var wire 1 0 fault_p0 $end
$var wire 1 1 fault_detected $end
$var wire 2 2 detected_location [1:0] $end
$var wire 3 3 detected_bit [2:0] $end
$var reg 1 4 clk $end
$var reg 3 5 fault_bit [2:0] $end
$var reg 2 6 fault_location [1:0] $end
$var reg 1 7 fault_seen $end
$var reg 2 8 fault_type [1:0] $end
$var reg 4 9 h0 [3:0] $end
$var reg 4 : h1 [3:0] $end
$var reg 4 ; h2 [3:0] $end
$var reg 4 < h3 [3:0] $end
$var reg 1 = localization_seen $end
$var reg 1 > rst $end
$var reg 4 ? x [3:0] $end
$var integer 32 @ bit_index [31:0] $end
$var integer 32 A correctly_localized [31:0] $end
$var integer 32 B detected_faults [31:0] $end
$var integer 32 C input_value [31:0] $end
$var integer 32 D loc [31:0] $end
$var integer 32 E total_faults [31:0] $end
$scope module d1 $end
$var wire 1 1 fault_detected $end
$var wire 4 F h0 [3:0] $end
$var wire 4 G h1 [3:0] $end
$var wire 4 H h2 [3:0] $end
$var wire 4 I h3 [3:0] $end
$var wire 8 J mismatch_p0 [7:0] $end
$var wire 8 K mismatch_p1 [7:0] $end
$var wire 8 L mismatch_p2 [7:0] $end
$var wire 8 M mismatch_p3 [7:0] $end
$var wire 4 N x3 [3:0] $end
$var wire 4 O x2 [3:0] $end
$var wire 4 P x1 [3:0] $end
$var wire 4 Q x0 [3:0] $end
$var wire 8 R selected_expected [7:0] $end
$var wire 1 S selected_actual $end
$var wire 8 T p3 [7:0] $end
$var wire 8 U p2 [7:0] $end
$var wire 8 V p1 [7:0] $end
$var wire 8 W p0 [7:0] $end
$var wire 1 X fault_type $end
$var wire 1 - fault_p3 $end
$var wire 1 . fault_p2 $end
$var wire 1 / fault_p1 $end
$var wire 1 0 fault_p0 $end
$var wire 2 Y fault_location [1:0] $end
$var wire 3 Z fault_bit [2:0] $end
$var wire 8 [ expected_p3 [7:0] $end
$var wire 8 \ expected_p2 [7:0] $end
$var wire 8 ] expected_p1 [7:0] $end
$var wire 8 ^ expected_p0 [7:0] $end
$upscope $end
$scope module f1 $end
$var wire 1 4 clk $end
$var wire 4 _ h0 [3:0] $end
$var wire 4 ` h1 [3:0] $end
$var wire 4 a h2 [3:0] $end
$var wire 4 b h3 [3:0] $end
$var wire 1 > rst $end
$var wire 4 c x [3:0] $end
$var wire 4 d x0 [3:0] $end
$var wire 4 e x1 [3:0] $end
$var wire 4 f x2 [3:0] $end
$var wire 4 g x3 [3:0] $end
$var wire 10 h y [9:0] $end
$var wire 8 i p3 [7:0] $end
$var wire 8 j p2 [7:0] $end
$var wire 8 k p1 [7:0] $end
$var wire 8 l p0 [7:0] $end
$var reg 4 m x0_reg [3:0] $end
$var reg 4 n x1_reg [3:0] $end
$var reg 4 o x2_reg [3:0] $end
$var reg 4 p x3_reg [3:0] $end
$upscope $end
$scope module fi $end
$var wire 3 q fault_bit [2:0] $end
$var wire 2 r fault_location [1:0] $end
$var wire 2 s fault_type [1:0] $end
$var wire 8 t p0_healthy [7:0] $end
$var wire 8 u p1_healthy [7:0] $end
$var wire 8 v p2_healthy [7:0] $end
$var wire 8 w p3_healthy [7:0] $end
$var wire 8 x p3 [7:0] $end
$var wire 8 y p2 [7:0] $end
$var wire 8 z p1 [7:0] $end
$var wire 8 { p0 [7:0] $end
$var reg 8 | p0_reg [7:0] $end
$var reg 8 } p1_reg [7:0] $end
$var reg 8 ~ p2_reg [7:0] $end
$var reg 8 !" p3_reg [7:0] $end
$upscope $end
$scope task run_fault $end
$var reg 3 "" test_bit [2:0] $end
$var reg 2 #" test_location [1:0] $end
$var reg 2 $" test_type [1:0] $end
$upscope $end
$upscope $end
$enddefinitions $end
$comment Show the parameter values. $end
$dumpall
$end
#0
$dumpvars
bx $"
bx #"
bx ""
bx !"
bx ~
bx }
bx |
bx {
bx z
bx y
bx x
bx w
bx v
bx u
bx t
b0 s
b0 r
b0 q
bx p
bx o
bx n
bx m
bx l
bx k
bx j
bx i
bx h
bx g
bx f
bx e
bx d
bx c
b1001 b
b1011 a
b1101 `
b1111 _
bx ^
bx ]
bx \
bx [
bx Z
bx Y
xX
bx W
bx V
bx U
bx T
xS
bx R
bx Q
bx P
bx O
bx N
bx M
bx L
bx K
bx J
b1001 I
b1011 H
b1101 G
b1111 F
b0 E
bx D
bx C
b0 B
b0 A
bx @
bx ?
x>
0=
b1001 <
b1011 ;
b1101 :
b1111 9
b0 8
07
b0 6
b0 5
04
bx 3
bx 2
x1
x0
x/
x.
x-
bx ,
bx +
bx *
bx )
bx (
bx '
bx &
bx %
bx $
bx #
bx "
bx !
$end
#50
14
#100
bx0 ,
bx0 W
bx0 {
bx0 |
04
b0 ?
b0 c
1>
b1 8
b1 s
b1 $"
b0 ""
b0 #"
b0 @
b0 D
#150
b0 2
b0 Y
b0 3
b0 Z
0S
b0 R
0X
01
b0 h
0-
b0 M
0.
b0 L
0/
b0 K
00
b0 J
b0 &
b0 T
b0 x
b0 !"
b0 (
b0 U
b0 y
b0 ~
b0 *
b0 V
b0 z
b0 }
b0 ,
b0 W
b0 {
b0 |
b0 i
b0 [
b0 %
b0 w
b0 j
b0 \
b0 '
b0 v
b0 k
b0 ]
b0 )
b0 u
b0 l
b0 ^
b0 +
b0 t
b0 !
b0 N
b0 g
b0 p
b0 "
b0 O
b0 f
b0 o
b0 #
b0 P
b0 e
b0 n
b0 $
b0 Q
b0 d
b0 m
14
#200
04
b0 C
0>
#250
14
#300
04
b1 ?
b1 c
b1 C
#350
11
b1111 R
b1111 h
10
b1 J
b1110 ,
b1110 W
b1110 {
b1110 |
b1111 l
b1111 ^
b1111 +
b1111 t
b1 $
b1 Q
b1 d
b1 m
14
#400
04
b10 ?
b10 c
b10 C
1=
17
#450
01
b101011 h
b0 R
00
b0 J
b1101 *
b1101 V
b1101 z
b1101 }
b11110 ,
b11110 W
b11110 {
b11110 |
b1101 k
b1101 ]
b1101 )
b1101 u
b11110 l
b11110 ^
b11110 +
b11110 t
b1 #
b1 P
b1 e
b1 n
b10 $
b10 Q
b10 d
b10 m
14
#500
04
b11 ?
b11 c
b11 C
#550
11
b101101 R
b1010010 h
10
b1 J
b1011 (
b1011 U
b1011 y
b1011 ~
b11010 *
b11010 V
b11010 z
b11010 }
b101100 ,
b101100 W
b101100 {
b101100 |
b1011 j
b1011 \
b1011 '
b1011 v
b11010 k
b11010 ]
b11010 )
b11010 u
b101101 l
b101101 ^
b101101 +
b101101 t
b1 "
b1 O
b1 f
b1 o
b10 #
b10 P
b10 e
b10 n
b11 $
b11 Q
b11 d
b11 m
14
#600
04
b100 ?
b100 c
b100 C
#650
01
b10000010 h
b0 R
00
b0 J
b1001 &
b1001 T
b1001 x
b1001 !"
b10110 (
b10110 U
b10110 y
b10110 ~
b100111 *
b100111 V
b100111 z
b100111 }
b111100 ,
b111100 W
b111100 {
b111100 |
b1001 i
b1001 [
b1001 %
b1001 w
b10110 j
b10110 \
b10110 '
b10110 v
b100111 k
b100111 ]
b100111 )
b100111 u
b111100 l
b111100 ^
b111100 +
b111100 t
b1 !
b1 N
b1 g
b1 p
b10 "
b10 O
b10 f
b10 o
b11 #
b11 P
b11 e
b11 n
b100 $
b100 Q
b100 d
b100 m
14
#700
04
b101 ?
b101 c
b101 C
#750
11
b1001011 R
b10110010 h
10
b1 J
b10010 &
b10010 T
b10010 x
b10010 !"
b100001 (
b100001 U
b100001 y
b100001 ~
b110100 *
b110100 V
b110100 z
b110100 }
b1001010 ,
b1001010 W
b1001010 {
b1001010 |
b10010 i
b10010 [
b10010 %
b10010 w
b100001 j
b100001 \
b100001 '
b100001 v
b110100 k
b110100 ]
b110100 )
b110100 u
b1001011 l
b1001011 ^
b1001011 +
b1001011 t
b10 !
b10 N
b10 g
b10 p
b11 "
b11 O
b11 f
b11 o
b100 #
b100 P
b100 e
b100 n
b101 $
b101 Q
b101 d
b101 m
14
#800
04
b110 ?
b110 c
b110 C
#850
01
b11100010 h
b0 R
00
b0 J
b11011 &
b11011 T
b11011 x
b11011 !"
b101100 (
b101100 U
b101100 y
b101100 ~
b1000001 *
b1000001 V
b1000001 z
b1000001 }
b1011010 ,
b1011010 W
b1011010 {
b1011010 |
b11011 i
b11011 [
b11011 %
b11011 w
b101100 j
b101100 \
b101100 '
b101100 v
b1000001 k
b1000001 ]
b1000001 )
b1000001 u
b1011010 l
b1011010 ^
b1011010 +
b1011010 t
b11 !
b11 N
b11 g
b11 p
b100 "
b100 O
b100 f
b100 o
b101 #
b101 P
b101 e
b101 n
b110 $
b110 Q
b110 d
b110 m
14
#900
04
b111 ?
b111 c
b111 C
#950
11
b1101001 R
b100010010 h
10
b1 J
b100100 &
b100100 T
b100100 x
b100100 !"
b110111 (
b110111 U
b110111 y
b110111 ~
b1001110 *
b1001110 V
b1001110 z
b1001110 }
b1101000 ,
b1101000 W
b1101000 {
b1101000 |
b100100 i
b100100 [
b100100 %
b100100 w
b110111 j
b110111 \
b110111 '
b110111 v
b1001110 k
b1001110 ]
b1001110 )
b1001110 u
b1101001 l
b1101001 ^
b1101001 +
b1101001 t
b100 !
b100 N
b100 g
b100 p
b101 "
b101 O
b101 f
b101 o
b110 #
b110 P
b110 e
b110 n
b111 $
b111 Q
b111 d
b111 m
14
#1000
04
b1000 ?
b1000 c
b1000 C
#1050
01
b101000010 h
b0 R
00
b0 J
b101101 &
b101101 T
b101101 x
b101101 !"
b1000010 (
b1000010 U
b1000010 y
b1000010 ~
b1011011 *
b1011011 V
b1011011 z
b1011011 }
b1111000 ,
b1111000 W
b1111000 {
b1111000 |
b101101 i
b101101 [
b101101 %
b101101 w
b1000010 j
b1000010 \
b1000010 '
b1000010 v
b1011011 k
b1011011 ]
b1011011 )
b1011011 u
b1111000 l
b1111000 ^
b1111000 +
b1111000 t
b101 !
b101 N
b101 g
b101 p
b110 "
b110 O
b110 f
b110 o
b111 #
b111 P
b111 e
b111 n
b1000 $
b1000 Q
b1000 d
b1000 m
14
#1100
04
b1001 ?
b1001 c
b1001 C
#1150
11
b10000111 R
b101110010 h
10
b1 J
b110110 &
b110110 T
b110110 x
b110110 !"
b1001101 (
b1001101 U
b1001101 y
b1001101 ~
b1101000 *
b1101000 V
b1101000 z
b1101000 }
b10000110 ,
b10000110 W
b10000110 {
b10000110 |
b110110 i
b110110 [
b110110 %
b110110 w
b1001101 j
b1001101 \
b1001101 '
b1001101 v
b1101000 k
b1101000 ]
b1101000 )
b1101000 u
b10000111 l
b10000111 ^
b10000111 +
b10000111 t
b110 !
b110 N
b110 g
b110 p
b111 "
b111 O
b111 f
b111 o
b1000 #
b1000 P
b1000 e
b1000 n
b1001 $
b1001 Q
b1001 d
b1001 m
14
#1200
04
b1010 ?
b1010 c
b1010 C
#1250
01
b110100010 h
b0 R
00
b0 J
b111111 &
b111111 T
b111111 x
b111111 !"
b1011000 (
b1011000 U
b1011000 y
b1011000 ~
b1110101 *
b1110101 V
b1110101 z
b1110101 }
b10010110 ,
b10010110 W
b10010110 {
b10010110 |
b111111 i
b111111 [
b111111 %
b111111 w
b1011000 j
b1011000 \
b1011000 '
b1011000 v
b1110101 k
b1110101 ]
b1110101 )
b1110101 u
b10010110 l
b10010110 ^
b10010110 +
b10010110 t
b111 !
b111 N
b111 g
b111 p
b1000 "
b1000 O
b1000 f
b1000 o
b1001 #
b1001 P
b1001 e
b1001 n
b1010 $
b1010 Q
b1010 d
b1010 m
14
#1300
04
b1011 ?
b1011 c
b1011 C
#1350
11
b10100101 R
b111010010 h
10
b1 J
b1001000 &
b1001000 T
b1001000 x
b1001000 !"
b1100011 (
b1100011 U
b1100011 y
b1100011 ~
b10000010 *
b10000010 V
b10000010 z
b10000010 }
b10100100 ,
b10100100 W
b10100100 {
b10100100 |
b1001000 i
b1001000 [
b1001000 %
b1001000 w
b1100011 j
b1100011 \
b1100011 '
b1100011 v
b10000010 k
b10000010 ]
b10000010 )
b10000010 u
b10100101 l
b10100101 ^
b10100101 +
b10100101 t
b1000 !
b1000 N
b1000 g
b1000 p
b1001 "
b1001 O
b1001 f
b1001 o
b1010 #
b1010 P
b1010 e
b1010 n
b1011 $
b1011 Q
b1011 d
b1011 m
14
#1400
04
b1100 ?
b1100 c
b1100 C
#1450
01
b1000000010 h
b0 R
00
b0 J
b1010001 &
b1010001 T
b1010001 x
b1010001 !"
b1101110 (
b1101110 U
b1101110 y
b1101110 ~
b10001111 *
b10001111 V
b10001111 z
b10001111 }
b10110100 ,
b10110100 W
b10110100 {
b10110100 |
b1010001 i
b1010001 [
b1010001 %
b1010001 w
b1101110 j
b1101110 \
b1101110 '
b1101110 v
b10001111 k
b10001111 ]
b10001111 )
b10001111 u
b10110100 l
b10110100 ^
b10110100 +
b10110100 t
b1001 !
b1001 N
b1001 g
b1001 p
b1010 "
b1010 O
b1010 f
b1010 o
b1011 #
b1011 P
b1011 e
b1011 n
b1100 $
b1100 Q
b1100 d
b1100 m
14
#1500
04
b1101 ?
b1101 c
b1101 C
#1550
11
b11000011 R
b1000110010 h
10
b1 J
b1011010 &
b1011010 T
b1011010 x
b1011010 !"
b1111001 (
b1111001 U
b1111001 y
b1111001 ~
b10011100 *
b10011100 V
b10011100 z
b10011100 }
b11000010 ,
b11000010 W
b11000010 {
b11000010 |
b1011010 i
b1011010 [
b1011010 %
b1011010 w
b1111001 j
b1111001 \
b1111001 '
b1111001 v
b10011100 k
b10011100 ]
b10011100 )
b10011100 u
b11000011 l
b11000011 ^
b11000011 +
b11000011 t
b1010 !
b1010 N
b1010 g
b1010 p
b1011 "
b1011 O
b1011 f
b1011 o
b1100 #
b1100 P
b1100 e
b1100 n
b1101 $
b1101 Q
b1101 d
b1101 m
14
#1600
04
b1110 ?
b1110 c
b1110 C
#1650
01
b1001100010 h
b0 R
00
b0 J
b1100011 &
b1100011 T
b1100011 x
b1100011 !"
b10000100 (
b10000100 U
b10000100 y
b10000100 ~
b10101001 *
b10101001 V
b10101001 z
b10101001 }
b11010010 ,
b11010010 W
b11010010 {
b11010010 |
b1100011 i
b1100011 [
b1100011 %
b1100011 w
b10000100 j
b10000100 \
b10000100 '
b10000100 v
b10101001 k
b10101001 ]
b10101001 )
b10101001 u
b11010010 l
b11010010 ^
b11010010 +
b11010010 t
b1011 !
b1011 N
b1011 g
b1011 p
b1100 "
b1100 O
b1100 f
b1100 o
b1101 #
b1101 P
b1101 e
b1101 n
b1110 $
b1110 Q
b1110 d
b1110 m
14
#1700
04
b1111 ?
b1111 c
b1111 C
#1750
11
b11100001 R
b1010010010 h
10
b1 J
b1101100 &
b1101100 T
b1101100 x
b1101100 !"
b10001111 (
b10001111 U
b10001111 y
b10001111 ~
b10110110 *
b10110110 V
b10110110 z
b10110110 }
b11100000 ,
b11100000 W
b11100000 {
b11100000 |
b1101100 i
b1101100 [
b1101100 %
b1101100 w
b10001111 j
b10001111 \
b10001111 '
b10001111 v
b10110110 k
b10110110 ]
b10110110 )
b10110110 u
b11100001 l
b11100001 ^
b11100001 +
b11100001 t
b1100 !
b1100 N
b1100 g
b1100 p
b1101 "
b1101 O
b1101 f
b1101 o
b1110 #
b1110 P
b1110 e
b1110 n
b1111 $
b1111 Q
b1111 d
b1111 m
14
#1800
04
b10000 C
#1850
b1010110011 h
b1110101 &
b1110101 T
b1110101 x
b1110101 !"
b10011010 (
b10011010 U
b10011010 y
b10011010 ~
b11000011 *
b11000011 V
b11000011 z
b11000011 }
b11100000 ,
b11100000 W
b11100000 {
b11100000 |
b1110101 i
b1110101 [
b1110101 %
b1110101 w
b10011010 j
b10011010 \
b10011010 '
b10011010 v
b11000011 k
b11000011 ]
b11000011 )
b11000011 u
b1101 !
b1101 N
b1101 g
b1101 p
b1110 "
b1110 O
b1110 f
b1110 o
b1111 #
b1111 P
b1111 e
b1111 n
14
#1900
04
#1950
b1011000111 h
b1111110 &
b1111110 T
b1111110 x
b1111110 !"
b10100101 (
b10100101 U
b10100101 y
b10100101 ~
b11100000 ,
b11100000 W
b11100000 {
b11100000 |
b1111110 i
b1111110 [
b1111110 %
b1111110 w
b10100101 j
b10100101 \
b10100101 '
b10100101 v
b1110 !
b1110 N
b1110 g
b1110 p
b1111 "
b1111 O
b1111 f
b1111 o
14
#2000
04
#2050
b1011010000 h
b10000111 &
b10000111 T
b10000111 x
b10000111 !"
b11100000 ,
b11100000 W
b11100000 {
b11100000 |
b10000111 i
b10000111 [
b10000111 %
b10000111 w
b1111 !
b1111 N
b1111 g
b1111 p
14
#2100
04
#2150
14
#2200
01
b0 R
00
b0 J
b11100001 ,
b11100001 W
b11100001 {
b11100001 |
04
b0 ?
b0 c
1>
0=
07
b10 $"
b10 8
b10 s
b1 E
b1 A
b1 B
#2250
1X
11
1S
b0 h
10
b1 J
b0 &
b0 T
b0 x
b0 !"
b0 (
b0 U
b0 y
b0 ~
b0 *
b0 V
b0 z
b0 }
b1 ,
b1 W
b1 {
b1 |
b0 i
b0 [
b0 %
b0 w
b0 j
b0 \
b0 '
b0 v
b0 k
b0 ]
b0 )
b0 u
b0 l
b0 ^
b0 +
b0 t
b0 !
b0 N
b0 g
b0 p
b0 "
b0 O
b0 f
b0 o
b0 #
b0 P
b0 e
b0 n
b0 $
b0 Q
b0 d
b0 m
14
#2300
04
b0 C
0>
#2350
14
#2400
04
b1 ?
b1 c
b1 C
1=
17
#2450
0X
01
0S
b1111 h
00
b0 J
b1111 ,
b1111 W
b1111 {
b1111 |
b1111 l
b1111 ^
b1111 +
b1111 t
b1 $
b1 Q
b1 d
b1 m
14
#2500
04
b10 ?
b10 c
b10 C
#2550
1X
11
b11110 R
1S
b101011 h
10
b1 J
b1101 *
b1101 V
b1101 z
b1101 }
b11111 ,
b11111 W
b11111 {
b11111 |
b1101 k
b1101 ]
b1101 )
b1101 u
b11110 l
b11110 ^
b11110 +
b11110 t
b1 #
b1 P
b1 e
b1 n
b10 $
b10 Q
b10 d
b10 m
14
#2600
04
b11 ?
b11 c
b11 C
#2650
0X
01
0S
b1010010 h
b0 R
00
b0 J
b1011 (
b1011 U
b1011 y
b1011 ~
b11010 *
b11010 V
b11010 z
b11010 }
b101101 ,
b101101 W
b101101 {
b101101 |
b1011 j
b1011 \
b1011 '
b1011 v
b11010 k
b11010 ]
b11010 )
b11010 u
b101101 l
b101101 ^
b101101 +
b101101 t
b1 "
b1 O
b1 f
b1 o
b10 #
b10 P
b10 e
b10 n
b11 $
b11 Q
b11 d
b11 m
14
#2700
04
b100 ?
b100 c
b100 C
#2750
1X
11
b111100 R
1S
b10000010 h
10
b1 J
b1001 &
b1001 T
b1001 x
b1001 !"
b10110 (
b10110 U
b10110 y
b10110 ~
b100111 *
b100111 V
b100111 z
b100111 }
b111101 ,
b111101 W
b111101 {
b111101 |
b1001 i
b1001 [
b1001 %
b1001 w
b10110 j
b10110 \
b10110 '
b10110 v
b100111 k
b100111 ]
b100111 )
b100111 u
b111100 l
b111100 ^
b111100 +
b111100 t
b1 !
b1 N
b1 g
b1 p
b10 "
b10 O
b10 f
b10 o
b11 #
b11 P
b11 e
b11 n
b100 $
b100 Q
b100 d
b100 m
14
#2800
04
b101 ?
b101 c
b101 C
#2850
0X
01
0S
b10110010 h
b0 R
00
b0 J
b10010 &
b10010 T
b10010 x
b10010 !"
b100001 (
b100001 U
b100001 y
b100001 ~
b110100 *
b110100 V
b110100 z
b110100 }
b1001011 ,
b1001011 W
b1001011 {
b1001011 |
b10010 i
b10010 [
b10010 %
b10010 w
b100001 j
b100001 \
b100001 '
b100001 v
b110100 k
b110100 ]
b110100 )
b110100 u
b1001011 l
b1001011 ^
b1001011 +
b1001011 t
b10 !
b10 N
b10 g
b10 p
b11 "
b11 O
b11 f
b11 o
b100 #
b100 P
b100 e
b100 n
b101 $
b101 Q
b101 d
b101 m
14
#2900
04
b110 ?
b110 c
b110 C
#2950
1X
11
b1011010 R
1S
b11100010 h
10
b1 J
b11011 &
b11011 T
b11011 x
b11011 !"
b101100 (
b101100 U
b101100 y
b101100 ~
b1000001 *
b1000001 V
b1000001 z
b1000001 }
b1011011 ,
b1011011 W
b1011011 {
b1011011 |
b11011 i
b11011 [
b11011 %
b11011 w
b101100 j
b101100 \
b101100 '
b101100 v
b1000001 k
b1000001 ]
b1000001 )
b1000001 u
b1011010 l
b1011010 ^
b1011010 +
b1011010 t
b11 !
b11 N
b11 g
b11 p
b100 "
b100 O
b100 f
b100 o
b101 #
b101 P
b101 e
b101 n
b110 $
b110 Q
b110 d
b110 m
14
#3000
04
b111 ?
b111 c
b111 C
#3050
0X
01
0S
b100010010 h
b0 R
00
b0 J
b100100 &
b100100 T
b100100 x
b100100 !"
b110111 (
b110111 U
b110111 y
b110111 ~
b1001110 *
b1001110 V
b1001110 z
b1001110 }
b1101001 ,
b1101001 W
b1101001 {
b1101001 |
b100100 i
b100100 [
b100100 %
b100100 w
b110111 j
b110111 \
b110111 '
b110111 v
b1001110 k
b1001110 ]
b1001110 )
b1001110 u
b1101001 l
b1101001 ^
b1101001 +
b1101001 t
b100 !
b100 N
b100 g
b100 p
b101 "
b101 O
b101 f
b101 o
b110 #
b110 P
b110 e
b110 n
b111 $
b111 Q
b111 d
b111 m
14
#3100
04
b1000 ?
b1000 c
b1000 C
#3150
1X
11
b1111000 R
1S
b101000010 h
10
b1 J
b101101 &
b101101 T
b101101 x
b101101 !"
b1000010 (
b1000010 U
b1000010 y
b1000010 ~
b1011011 *
b1011011 V
b1011011 z
b1011011 }
b1111001 ,
b1111001 W
b1111001 {
b1111001 |
b101101 i
b101101 [
b101101 %
b101101 w
b1000010 j
b1000010 \
b1000010 '
b1000010 v
b1011011 k
b1011011 ]
b1011011 )
b1011011 u
b1111000 l
b1111000 ^
b1111000 +
b1111000 t
b101 !
b101 N
b101 g
b101 p
b110 "
b110 O
b110 f
b110 o
b111 #
b111 P
b111 e
b111 n
b1000 $
b1000 Q
b1000 d
b1000 m
14
#3200
04
b1001 ?
b1001 c
b1001 C
#3250
0X
01
0S
b101110010 h
b0 R
00
b0 J
b110110 &
b110110 T
b110110 x
b110110 !"
b1001101 (
b1001101 U
b1001101 y
b1001101 ~
b1101000 *
b1101000 V
b1101000 z
b1101000 }
b10000111 ,
b10000111 W
b10000111 {
b10000111 |
b110110 i
b110110 [
b110110 %
b110110 w
b1001101 j
b1001101 \
b1001101 '
b1001101 v
b1101000 k
b1101000 ]
b1101000 )
b1101000 u
b10000111 l
b10000111 ^
b10000111 +
b10000111 t
b110 !
b110 N
b110 g
b110 p
b111 "
b111 O
b111 f
b111 o
b1000 #
b1000 P
b1000 e
b1000 n
b1001 $
b1001 Q
b1001 d
b1001 m
14
#3300
04
b1010 ?
b1010 c
b1010 C
#3350
1X
11
b10010110 R
1S
b110100010 h
10
b1 J
b111111 &
b111111 T
b111111 x
b111111 !"
b1011000 (
b1011000 U
b1011000 y
b1011000 ~
b1110101 *
b1110101 V
b1110101 z
b1110101 }
b10010111 ,
b10010111 W
b10010111 {
b10010111 |
b111111 i
b111111 [
b111111 %
b111111 w
b1011000 j
b1011000 \
b1011000 '
b1011000 v
b1110101 k
b1110101 ]
b1110101 )
b1110101 u
b10010110 l
b10010110 ^
b10010110 +
b10010110 t
b111 !
b111 N
b111 g
b111 p
b1000 "
b1000 O
b1000 f
b1000 o
b1001 #
b1001 P
b1001 e
b1001 n
b1010 $
b1010 Q
b1010 d
b1010 m
14
#3400
04
b1011 ?
b1011 c
b1011 C
#3450
0X
01
0S
b111010010 h
b0 R
00
b0 J
b1001000 &
b1001000 T
b1001000 x
b1001000 !"
b1100011 (
b1100011 U
b1100011 y
b1100011 ~
b10000010 *
b10000010 V
b10000010 z
b10000010 }
b10100101 ,
b10100101 W
b10100101 {
b10100101 |
b1001000 i
b1001000 [
b1001000 %
b1001000 w
b1100011 j
b1100011 \
b1100011 '
b1100011 v
b10000010 k
b10000010 ]
b10000010 )
b10000010 u
b10100101 l
b10100101 ^
b10100101 +
b10100101 t
b1000 !
b1000 N
b1000 g
b1000 p
b1001 "
b1001 O
b1001 f
b1001 o
b1010 #
b1010 P
b1010 e
b1010 n
b1011 $
b1011 Q
b1011 d
b1011 m
14
#3500
04
b1100 ?
b1100 c
b1100 C
#3550
1X
11
b10110100 R
1S
b1000000010 h
10
b1 J
b1010001 &
b1010001 T
b1010001 x
b1010001 !"
b1101110 (
b1101110 U
b1101110 y
b1101110 ~
b10001111 *
b10001111 V
b10001111 z
b10001111 }
b10110101 ,
b10110101 W
b10110101 {
b10110101 |
b1010001 i
b1010001 [
b1010001 %
b1010001 w
b1101110 j
b1101110 \
b1101110 '
b1101110 v
b10001111 k
b10001111 ]
b10001111 )
b10001111 u
b10110100 l
b10110100 ^
b10110100 +
b10110100 t
b1001 !
b1001 N
b1001 g
b1001 p
b1010 "
b1010 O
b1010 f
b1010 o
b1011 #
b1011 P
b1011 e
b1011 n
b1100 $
b1100 Q
b1100 d
b1100 m
14
#3600
04
b1101 ?
b1101 c
b1101 C
#3650
0X
01
0S
b1000110010 h
b0 R
00
b0 J
b1011010 &
b1011010 T
b1011010 x
b1011010 !"
b1111001 (
b1111001 U
b1111001 y
b1111001 ~
b10011100 *
b10011100 V
b10011100 z
b10011100 }
b11000011 ,
b11000011 W
b11000011 {
b11000011 |
b1011010 i
b1011010 [
b1011010 %
b1011010 w
b1111001 j
b1111001 \
b1111001 '
b1111001 v
b10011100 k
b10011100 ]
b10011100 )
b10011100 u
b11000011 l
b11000011 ^
b11000011 +
b11000011 t
b1010 !
b1010 N
b1010 g
b1010 p
b1011 "
b1011 O
b1011 f
b1011 o
b1100 #
b1100 P
b1100 e
b1100 n
b1101 $
b1101 Q
b1101 d
b1101 m
14
#3700
04
b1110 ?
b1110 c
b1110 C
#3750
1X
11
b11010010 R
1S
b1001100010 h
10
b1 J
b1100011 &
b1100011 T
b1100011 x
b1100011 !"
b10000100 (
b10000100 U
b10000100 y
b10000100 ~
b10101001 *
b10101001 V
b10101001 z
b10101001 }
b11010011 ,
b11010011 W
b11010011 {
b11010011 |
b1100011 i
b1100011 [
b1100011 %
b1100011 w
b10000100 j
b10000100 \
b10000100 '
b10000100 v
b10101001 k
b10101001 ]
b10101001 )
b10101001 u
b11010010 l
b11010010 ^
b11010010 +
b11010010 t
b1011 !
b1011 N
b1011 g
b1011 p
b1100 "
b1100 O
b1100 f
b1100 o
b1101 #
b1101 P
b1101 e
b1101 n
b1110 $
b1110 Q
b1110 d
b1110 m
14
#3800
04
b1111 ?
b1111 c
b1111 C
#3850
0X
01
0S
b1010010010 h
b0 R
00
b0 J
b1101100 &
b1101100 T
b1101100 x
b1101100 !"
b10001111 (
b10001111 U
b10001111 y
b10001111 ~
b10110110 *
b10110110 V
b10110110 z
b10110110 }
b11100001 ,
b11100001 W
b11100001 {
b11100001 |
b1101100 i
b1101100 [
b1101100 %
b1101100 w
b10001111 j
b10001111 \
b10001111 '
b10001111 v
b10110110 k
b10110110 ]
b10110110 )
b10110110 u
b11100001 l
b11100001 ^
b11100001 +
b11100001 t
b1100 !
b1100 N
b1100 g
b1100 p
b1101 "
b1101 O
b1101 f
b1101 o
b1110 #
b1110 P
b1110 e
b1110 n
b1111 $
b1111 Q
b1111 d
b1111 m
14
#3900
04
b10000 C
#3950
b1010110011 h
b1110101 &
b1110101 T
b1110101 x
b1110101 !"
b10011010 (
b10011010 U
b10011010 y
b10011010 ~
b11000011 *
b11000011 V
b11000011 z
b11000011 }
b1110101 i
b1110101 [
b1110101 %
b1110101 w
b10011010 j
b10011010 \
b10011010 '
b10011010 v
b11000011 k
b11000011 ]
b11000011 )
b11000011 u
b1101 !
b1101 N
b1101 g
b1101 p
b1110 "
b1110 O
b1110 f
b1110 o
b1111 #
b1111 P
b1111 e
b1111 n
14
#4000
04
#4050
b1011000111 h
b1111110 &
b1111110 T
b1111110 x
b1111110 !"
b10100101 (
b10100101 U
b10100101 y
b10100101 ~
b1111110 i
b1111110 [
b1111110 %
b1111110 w
b10100101 j
b10100101 \
b10100101 '
b10100101 v
b1110 !
b1110 N
b1110 g
b1110 p
b1111 "
b1111 O
b1111 f
b1111 o
14
#4100
04
#4150
b1011010000 h
b10000111 &
b10000111 T
b10000111 x
b10000111 !"
b10000111 i
b10000111 [
b10000111 %
b10000111 w
b1111 !
b1111 N
b1111 g
b1111 p
14
#4200
04
#4250
14
#4300
04
b0 ?
b0 c
1>
0=
07
b1 5
b1 q
b1 $"
b1 ""
b1 @
b1 8
b1 s
b10 E
b10 A
b10 B
#4350
b0 h
b0 &
b0 T
b0 x
b0 !"
b0 (
b0 U
b0 y
b0 ~
b0 *
b0 V
b0 z
b0 }
b0 ,
b0 W
b0 {
b0 |
b0 i
b0 [
b0 %
b0 w
b0 j
b0 \
b0 '
b0 v
b0 k
b0 ]
b0 )
b0 u
b0 l
b0 ^
b0 +
b0 t
b0 !
b0 N
b0 g
b0 p
b0 "
b0 O
b0 f
b0 o
b0 #
b0 P
b0 e
b0 n
b0 $
b0 Q
b0 d
b0 m
14
#4400
04
b0 C
0>
#4450
14
#4500
04
b1 ?
b1 c
b1 C
#4550
b1 3
b1 Z
11
b1111 R
0S
b1111 h
10
b10 J
b1101 ,
b1101 W
b1101 {
b1101 |
b1111 l
b1111 ^
b1111 +
b1111 t
b1 $
b1 Q
b1 d
b1 m
14
#4600
04
b10 ?
b10 c
b10 C
1=
17
#4650
b101011 h
b11110 R
b1101 *
b1101 V
b1101 z
b1101 }
b11100 ,
b11100 W
b11100 {
b11100 |
b1101 k
b1101 ]
b1101 )
b1101 u
b11110 l
b11110 ^
b11110 +
b11110 t
b1 #
b1 P
b1 e
b1 n
b10 $
b10 Q
b10 d
b10 m
14
#4700
04
b11 ?
b11 c
b11 C
#4750
01
b0 3
b0 Z
b1010010 h
b0 R
00
b0 J
b1011 (
b1011 U
b1011 y
b1011 ~
b11010 *
b11010 V
b11010 z
b11010 }
b101101 ,
b101101 W
b101101 {
b101101 |
b1011 j
b1011 \
b1011 '
b1011 v
b11010 k
b11010 ]
b11010 )
b11010 u
b101101 l
b101101 ^
b101101 +
b101101 t
b1 "
b1 O
b1 f
b1 o
b10 #
b10 P
b10 e
b10 n
b11 $
b11 Q
b11 d
b11 m
14
#4800
04
b100 ?
b100 c
b100 C
#4850
b10000010 h
b1001 &
b1001 T
b1001 x
b1001 !"
b10110 (
b10110 U
b10110 y
b10110 ~
b100111 *
b100111 V
b100111 z
b100111 }
b111100 ,
b111100 W
b111100 {
b111100 |
b1001 i
b1001 [
b1001 %
b1001 w
b10110 j
b10110 \
b10110 '
b10110 v
b100111 k
b100111 ]
b100111 )
b100111 u
b111100 l
b111100 ^
b111100 +
b111100 t
b1 !
b1 N
b1 g
b1 p
b10 "
b10 O
b10 f
b10 o
b11 #
b11 P
b11 e
b11 n
b100 $
b100 Q
b100 d
b100 m
14
#4900
04
b101 ?
b101 c
b101 C
#4950
b1 3
b1 Z
11
b1001011 R
0S
b10110010 h
10
b10 J
b10010 &
b10010 T
b10010 x
b10010 !"
b100001 (
b100001 U
b100001 y
b100001 ~
b110100 *
b110100 V
b110100 z
b110100 }
b1001001 ,
b1001001 W
b1001001 {
b1001001 |
b10010 i
b10010 [
b10010 %
b10010 w
b100001 j
b100001 \
b100001 '
b100001 v
b110100 k
b110100 ]
b110100 )
b110100 u
b1001011 l
b1001011 ^
b1001011 +
b1001011 t
b10 !
b10 N
b10 g
b10 p
b11 "
b11 O
b11 f
b11 o
b100 #
b100 P
b100 e
b100 n
b101 $
b101 Q
b101 d
b101 m
14
#5000
04
b110 ?
b110 c
b110 C
#5050
b11100010 h
b1011010 R
b11011 &
b11011 T
b11011 x
b11011 !"
b101100 (
b101100 U
b101100 y
b101100 ~
b1000001 *
b1000001 V
b1000001 z
b1000001 }
b1011000 ,
b1011000 W
b1011000 {
b1011000 |
b11011 i
b11011 [
b11011 %
b11011 w
b101100 j
b101100 \
b101100 '
b101100 v
b1000001 k
b1000001 ]
b1000001 )
b1000001 u
b1011010 l
b1011010 ^
b1011010 +
b1011010 t
b11 !
b11 N
b11 g
b11 p
b100 "
b100 O
b100 f
b100 o
b101 #
b101 P
b101 e
b101 n
b110 $
b110 Q
b110 d
b110 m
14
#5100
04
b111 ?
b111 c
b111 C
#5150
01
b0 3
b0 Z
b100010010 h
b0 R
00
b0 J
b100100 &
b100100 T
b100100 x
b100100 !"
b110111 (
b110111 U
b110111 y
b110111 ~
b1001110 *
b1001110 V
b1001110 z
b1001110 }
b1101001 ,
b1101001 W
b1101001 {
b1101001 |
b100100 i
b100100 [
b100100 %
b100100 w
b110111 j
b110111 \
b110111 '
b110111 v
b1001110 k
b1001110 ]
b1001110 )
b1001110 u
b1101001 l
b1101001 ^
b1101001 +
b1101001 t
b100 !
b100 N
b100 g
b100 p
b101 "
b101 O
b101 f
b101 o
b110 #
b110 P
b110 e
b110 n
b111 $
b111 Q
b111 d
b111 m
14
#5200
04
b1000 ?
b1000 c
b1000 C
#5250
b101000010 h
b101101 &
b101101 T
b101101 x
b101101 !"
b1000010 (
b1000010 U
b1000010 y
b1000010 ~
b1011011 *
b1011011 V
b1011011 z
b1011011 }
b1111000 ,
b1111000 W
b1111000 {
b1111000 |
b101101 i
b101101 [
b101101 %
b101101 w
b1000010 j
b1000010 \
b1000010 '
b1000010 v
b1011011 k
b1011011 ]
b1011011 )
b1011011 u
b1111000 l
b1111000 ^
b1111000 +
b1111000 t
b101 !
b101 N
b101 g
b101 p
b110 "
b110 O
b110 f
b110 o
b111 #
b111 P
b111 e
b111 n
b1000 $
b1000 Q
b1000 d
b1000 m
14
#5300
04
b1001 ?
b1001 c
b1001 C
#5350
b1 3
b1 Z
11
b10000111 R
0S
b101110010 h
10
b10 J
b110110 &
b110110 T
b110110 x
b110110 !"
b1001101 (
b1001101 U
b1001101 y
b1001101 ~
b1101000 *
b1101000 V
b1101000 z
b1101000 }
b10000101 ,
b10000101 W
b10000101 {
b10000101 |
b110110 i
b110110 [
b110110 %
b110110 w
b1001101 j
b1001101 \
b1001101 '
b1001101 v
b1101000 k
b1101000 ]
b1101000 )
b1101000 u
b10000111 l
b10000111 ^
b10000111 +
b10000111 t
b110 !
b110 N
b110 g
b110 p
b111 "
b111 O
b111 f
b111 o
b1000 #
b1000 P
b1000 e
b1000 n
b1001 $
b1001 Q
b1001 d
b1001 m
14
#5400
04
b1010 ?
b1010 c
b1010 C
#5450
b110100010 h
b10010110 R
b111111 &
b111111 T
b111111 x
b111111 !"
b1011000 (
b1011000 U
b1011000 y
b1011000 ~
b1110101 *
b1110101 V
b1110101 z
b1110101 }
b10010100 ,
b10010100 W
b10010100 {
b10010100 |
b111111 i
b111111 [
b111111 %
b111111 w
b1011000 j
b1011000 \
b1011000 '
b1011000 v
b1110101 k
b1110101 ]
b1110101 )
b1110101 u
b10010110 l
b10010110 ^
b10010110 +
b10010110 t
b111 !
b111 N
b111 g
b111 p
b1000 "
b1000 O
b1000 f
b1000 o
b1001 #
b1001 P
b1001 e
b1001 n
b1010 $
b1010 Q
b1010 d
b1010 m
14
#5500
04
b1011 ?
b1011 c
b1011 C
#5550
01
b0 3
b0 Z
b111010010 h
b0 R
00
b0 J
b1001000 &
b1001000 T
b1001000 x
b1001000 !"
b1100011 (
b1100011 U
b1100011 y
b1100011 ~
b10000010 *
b10000010 V
b10000010 z
b10000010 }
b10100101 ,
b10100101 W
b10100101 {
b10100101 |
b1001000 i
b1001000 [
b1001000 %
b1001000 w
b1100011 j
b1100011 \
b1100011 '
b1100011 v
b10000010 k
b10000010 ]
b10000010 )
b10000010 u
b10100101 l
b10100101 ^
b10100101 +
b10100101 t
b1000 !
b1000 N
b1000 g
b1000 p
b1001 "
b1001 O
b1001 f
b1001 o
b1010 #
b1010 P
b1010 e
b1010 n
b1011 $
b1011 Q
b1011 d
b1011 m
14
#5600
04
b1100 ?
b1100 c
b1100 C
#5650
b1000000010 h
b1010001 &
b1010001 T
b1010001 x
b1010001 !"
b1101110 (
b1101110 U
b1101110 y
b1101110 ~
b10001111 *
b10001111 V
b10001111 z
b10001111 }
b10110100 ,
b10110100 W
b10110100 {
b10110100 |
b1010001 i
b1010001 [
b1010001 %
b1010001 w
b1101110 j
b1101110 \
b1101110 '
b1101110 v
b10001111 k
b10001111 ]
b10001111 )
b10001111 u
b10110100 l
b10110100 ^
b10110100 +
b10110100 t
b1001 !
b1001 N
b1001 g
b1001 p
b1010 "
b1010 O
b1010 f
b1010 o
b1011 #
b1011 P
b1011 e
b1011 n
b1100 $
b1100 Q
b1100 d
b1100 m
14
#5700
04
b1101 ?
b1101 c
b1101 C
#5750
b1 3
b1 Z
11
b11000011 R
0S
b1000110010 h
10
b10 J
b1011010 &
b1011010 T
b1011010 x
b1011010 !"
b1111001 (
b1111001 U
b1111001 y
b1111001 ~
b10011100 *
b10011100 V
b10011100 z
b10011100 }
b11000001 ,
b11000001 W
b11000001 {
b11000001 |
b1011010 i
b1011010 [
b1011010 %
b1011010 w
b1111001 j
b1111001 \
b1111001 '
b1111001 v
b10011100 k
b10011100 ]
b10011100 )
b10011100 u
b11000011 l
b11000011 ^
b11000011 +
b11000011 t
b1010 !
b1010 N
b1010 g
b1010 p
b1011 "
b1011 O
b1011 f
b1011 o
b1100 #
b1100 P
b1100 e
b1100 n
b1101 $
b1101 Q
b1101 d
b1101 m
14
#5800
04
b1110 ?
b1110 c
b1110 C
#5850
b1001100010 h
b11010010 R
b1100011 &
b1100011 T
b1100011 x
b1100011 !"
b10000100 (
b10000100 U
b10000100 y
b10000100 ~
b10101001 *
b10101001 V
b10101001 z
b10101001 }
b11010000 ,
b11010000 W
b11010000 {
b11010000 |
b1100011 i
b1100011 [
b1100011 %
b1100011 w
b10000100 j
b10000100 \
b10000100 '
b10000100 v
b10101001 k
b10101001 ]
b10101001 )
b10101001 u
b11010010 l
b11010010 ^
b11010010 +
b11010010 t
b1011 !
b1011 N
b1011 g
b1011 p
b1100 "
b1100 O
b1100 f
b1100 o
b1101 #
b1101 P
b1101 e
b1101 n
b1110 $
b1110 Q
b1110 d
b1110 m
14
#5900
04
b1111 ?
b1111 c
b1111 C
#5950
01
b0 3
b0 Z
b1010010010 h
b0 R
00
b0 J
b1101100 &
b1101100 T
b1101100 x
b1101100 !"
b10001111 (
b10001111 U
b10001111 y
b10001111 ~
b10110110 *
b10110110 V
b10110110 z
b10110110 }
b11100001 ,
b11100001 W
b11100001 {
b11100001 |
b1101100 i
b1101100 [
b1101100 %
b1101100 w
b10001111 j
b10001111 \
b10001111 '
b10001111 v
b10110110 k
b10110110 ]
b10110110 )
b10110110 u
b11100001 l
b11100001 ^
b11100001 +
b11100001 t
b1100 !
b1100 N
b1100 g
b1100 p
b1101 "
b1101 O
b1101 f
b1101 o
b1110 #
b1110 P
b1110 e
b1110 n
b1111 $
b1111 Q
b1111 d
b1111 m
14
#6000
04
b10000 C
#6050
b1010110011 h
b1110101 &
b1110101 T
b1110101 x
b1110101 !"
b10011010 (
b10011010 U
b10011010 y
b10011010 ~
b11000011 *
b11000011 V
b11000011 z
b11000011 }
b1110101 i
b1110101 [
b1110101 %
b1110101 w
b10011010 j
b10011010 \
b10011010 '
b10011010 v
b11000011 k
b11000011 ]
b11000011 )
b11000011 u
b1101 !
b1101 N
b1101 g
b1101 p
b1110 "
b1110 O
b1110 f
b1110 o
b1111 #
b1111 P
b1111 e
b1111 n
14
#6100
04
#6150
b1011000111 h
b1111110 &
b1111110 T
b1111110 x
b1111110 !"
b10100101 (
b10100101 U
b10100101 y
b10100101 ~
b1111110 i
b1111110 [
b1111110 %
b1111110 w
b10100101 j
b10100101 \
b10100101 '
b10100101 v
b1110 !
b1110 N
b1110 g
b1110 p
b1111 "
b1111 O
b1111 f
b1111 o
14
#6200
04
#6250
b1011010000 h
b10000111 &
b10000111 T
b10000111 x
b10000111 !"
b10000111 i
b10000111 [
b10000111 %
b10000111 w
b1111 !
b1111 N
b1111 g
b1111 p
14
#6300
04
#6350
14
#6400
1X
b1 3
b1 Z
11
b11100001 R
1S
10
b10 J
b11100011 ,
b11100011 W
b11100011 {
b11100011 |
04
b0 ?
b0 c
1>
0=
07
b10 $"
b10 8
b10 s
b11 E
b11 A
b11 B
#6450
b0 h
b0 R
b0 &
b0 T
b0 x
b0 !"
b0 (
b0 U
b0 y
b0 ~
b0 *
b0 V
b0 z
b0 }
b10 ,
b10 W
b10 {
b10 |
b0 i
b0 [
b0 %
b0 w
b0 j
b0 \
b0 '
b0 v
b0 k
b0 ]
b0 )
b0 u
b0 l
b0 ^
b0 +
b0 t
b0 !
b0 N
b0 g
b0 p
b0 "
b0 O
b0 f
b0 o
b0 #
b0 P
b0 e
b0 n
b0 $
b0 Q
b0 d
b0 m
14
#6500
04
b0 C
0>
#6550
14
#6600
04
b1 ?
b1 c
b1 C
1=
17
#6650
0X
01
b0 3
b0 Z
0S
b1111 h
00
b0 J
b1111 ,
b1111 W
b1111 {
b1111 |
b1111 l
b1111 ^
b1111 +
b1111 t
b1 $
b1 Q
b1 d
b1 m
14
#6700
04
b10 ?
b10 c
b10 C
#6750
b101011 h
b1101 *
b1101 V
b1101 z
b1101 }
b11110 ,
b11110 W
b11110 {
b11110 |
b1101 k
b1101 ]
b1101 )
b1101 u
b11110 l
b11110 ^
b11110 +
b11110 t
b1 #
b1 P
b1 e
b1 n
b10 $
b10 Q
b10 d
b10 m
14
#6800
04
b11 ?
b11 c
b11 C
#6850
1X
b1 3
b1 Z
11
b101101 R
1S
b1010010 h
10
b10 J
b1011 (
b1011 U
b1011 y
b1011 ~
b11010 *
b11010 V
b11010 z
b11010 }
b101111 ,
b101111 W
b101111 {
b101111 |
b1011 j
b1011 \
b1011 '
b1011 v
b11010 k
b11010 ]
b11010 )
b11010 u
b101101 l
b101101 ^
b101101 +
b101101 t
b1 "
b1 O
b1 f
b1 o
b10 #
b10 P
b10 e
b10 n
b11 $
b11 Q
b11 d
b11 m
14
#6900
04
b100 ?
b100 c
b100 C
#6950
b10000010 h
b111100 R
b1001 &
b1001 T
b1001 x
b1001 !"
b10110 (
b10110 U
b10110 y
b10110 ~
b100111 *
b100111 V
b100111 z
b100111 }
b111110 ,
b111110 W
b111110 {
b111110 |
b1001 i
b1001 [
b1001 %
b1001 w
b10110 j
b10110 \
b10110 '
b10110 v
b100111 k
b100111 ]
b100111 )
b100111 u
b111100 l
b111100 ^
b111100 +
b111100 t
b1 !
b1 N
b1 g
b1 p
b10 "
b10 O
b10 f
b10 o
b11 #
b11 P
b11 e
b11 n
b100 $
b100 Q
b100 d
b100 m
14
#7000
04
b101 ?
b101 c
b101 C
#7050
0X
01
b0 3
b0 Z
0S
b10110010 h
b0 R
00
b0 J
b10010 &
b10010 T
b10010 x
b10010 !"
b100001 (
b100001 U
b100001 y
b100001 ~
b110100 *
b110100 V
b110100 z
b110100 }
b1001011 ,
b1001011 W
b1001011 {
b1001011 |
b10010 i
b10010 [
b10010 %
b10010 w
b100001 j
b100001 \
b100001 '
b100001 v
b110100 k
b110100 ]
b110100 )
b110100 u
b1001011 l
b1001011 ^
b1001011 +
b1001011 t
b10 !
b10 N
b10 g
b10 p
b11 "
b11 O
b11 f
b11 o
b100 #
b100 P
b100 e
b100 n
b101 $
b101 Q
b101 d
b101 m
14
#7100
04
b110 ?
b110 c
b110 C
#7150
b11100010 h
b11011 &
b11011 T
b11011 x
b11011 !"
b101100 (
b101100 U
b101100 y
b101100 ~
b1000001 *
b1000001 V
b1000001 z
b1000001 }
b1011010 ,
b1011010 W
b1011010 {
b1011010 |
b11011 i
b11011 [
b11011 %
b11011 w
b101100 j
b101100 \
b101100 '
b101100 v
b1000001 k
b1000001 ]
b1000001 )
b1000001 u
b1011010 l
b1011010 ^
b1011010 +
b1011010 t
b11 !
b11 N
b11 g
b11 p
b100 "
b100 O
b100 f
b100 o
b101 #
b101 P
b101 e
b101 n
b110 $
b110 Q
b110 d
b110 m
14
#7200
04
b111 ?
b111 c
b111 C
#7250
1X
b1 3
b1 Z
11
b1101001 R
1S
b100010010 h
10
b10 J
b100100 &
b100100 T
b100100 x
b100100 !"
b110111 (
b110111 U
b110111 y
b110111 ~
b1001110 *
b1001110 V
b1001110 z
b1001110 }
b1101011 ,
b1101011 W
b1101011 {
b1101011 |
b100100 i
b100100 [
b100100 %
b100100 w
b110111 j
b110111 \
b110111 '
b110111 v
b1001110 k
b1001110 ]
b1001110 )
b1001110 u
b1101001 l
b1101001 ^
b1101001 +
b1101001 t
b100 !
b100 N
b100 g
b100 p
b101 "
b101 O
b101 f
b101 o
b110 #
b110 P
b110 e
b110 n
b111 $
b111 Q
b111 d
b111 m
14
#7300
04
b1000 ?
b1000 c
b1000 C
#7350
b101000010 h
b1111000 R
b101101 &
b101101 T
b101101 x
b101101 !"
b1000010 (
b1000010 U
b1000010 y
b1000010 ~
b1011011 *
b1011011 V
b1011011 z
b1011011 }
b1111010 ,
b1111010 W
b1111010 {
b1111010 |
b101101 i
b101101 [
b101101 %
b101101 w
b1000010 j
b1000010 \
b1000010 '
b1000010 v
b1011011 k
b1011011 ]
b1011011 )
b1011011 u
b1111000 l
b1111000 ^
b1111000 +
b1111000 t
b101 !
b101 N
b101 g
b101 p
b110 "
b110 O
b110 f
b110 o
b111 #
b111 P
b111 e
b111 n
b1000 $
b1000 Q
b1000 d
b1000 m
14
#7400
04
b1001 ?
b1001 c
b1001 C
#7450
0X
01
b0 3
b0 Z
0S
b101110010 h
b0 R
00
b0 J
b110110 &
b110110 T
b110110 x
b110110 !"
b1001101 (
b1001101 U
b1001101 y
b1001101 ~
b1101000 *
b1101000 V
b1101000 z
b1101000 }
b10000111 ,
b10000111 W
b10000111 {
b10000111 |
b110110 i
b110110 [
b110110 %
b110110 w
b1001101 j
b1001101 \
b1001101 '
b1001101 v
b1101000 k
b1101000 ]
b1101000 )
b1101000 u
b10000111 l
b10000111 ^
b10000111 +
b10000111 t
b110 !
b110 N
b110 g
b110 p
b111 "
b111 O
b111 f
b111 o
b1000 #
b1000 P
b1000 e
b1000 n
b1001 $
b1001 Q
b1001 d
b1001 m
14
#7500
04
b1010 ?
b1010 c
b1010 C
#7550
b110100010 h
b111111 &
b111111 T
b111111 x
b111111 !"
b1011000 (
b1011000 U
b1011000 y
b1011000 ~
b1110101 *
b1110101 V
b1110101 z
b1110101 }
b10010110 ,
b10010110 W
b10010110 {
b10010110 |
b111111 i
b111111 [
b111111 %
b111111 w
b1011000 j
b1011000 \
b1011000 '
b1011000 v
b1110101 k
b1110101 ]
b1110101 )
b1110101 u
b10010110 l
b10010110 ^
b10010110 +
b10010110 t
b111 !
b111 N
b111 g
b111 p
b1000 "
b1000 O
b1000 f
b1000 o
b1001 #
b1001 P
b1001 e
b1001 n
b1010 $
b1010 Q
b1010 d
b1010 m
14
#7600
04
b1011 ?
b1011 c
b1011 C
#7650
1X
b1 3
b1 Z
11
b10100101 R
1S
b111010010 h
10
b10 J
b1001000 &
b1001000 T
b1001000 x
b1001000 !"
b1100011 (
b1100011 U
b1100011 y
b1100011 ~
b10000010 *
b10000010 V
b10000010 z
b10000010 }
b10100111 ,
b10100111 W
b10100111 {
b10100111 |
b1001000 i
b1001000 [
b1001000 %
b1001000 w
b1100011 j
b1100011 \
b1100011 '
b1100011 v
b10000010 k
b10000010 ]
b10000010 )
b10000010 u
b10100101 l
b10100101 ^
b10100101 +
b10100101 t
b1000 !
b1000 N
b1000 g
b1000 p
b1001 "
b1001 O
b1001 f
b1001 o
b1010 #
b1010 P
b1010 e
b1010 n
b1011 $
b1011 Q
b1011 d
b1011 m
14
#7700
04
b1100 ?
b1100 c
b1100 C
#7750
b1000000010 h
b10110100 R
b1010001 &
b1010001 T
b1010001 x
b1010001 !"
b1101110 (
b1101110 U
b1101110 y
b1101110 ~
b10001111 *
b10001111 V
b10001111 z
b10001111 }
b10110110 ,
b10110110 W
b10110110 {
b10110110 |
b1010001 i
b1010001 [
b1010001 %
b1010001 w
b1101110 j
b1101110 \
b1101110 '
b1101110 v
b10001111 k
b10001111 ]
b10001111 )
b10001111 u
b10110100 l
b10110100 ^
b10110100 +
b10110100 t
b1001 !
b1001 N
b1001 g
b1001 p
b1010 "
b1010 O
b1010 f
b1010 o
b1011 #
b1011 P
b1011 e
b1011 n
b1100 $
b1100 Q
b1100 d
b1100 m
14
#7800
04
b1101 ?
b1101 c
b1101 C
#7850
0X
01
b0 3
b0 Z
0S
b1000110010 h
b0 R
00
b0 J
b1011010 &
b1011010 T
b1011010 x
b1011010 !"
b1111001 (
b1111001 U
b1111001 y
b1111001 ~
b10011100 *
b10011100 V
b10011100 z
b10011100 }
b11000011 ,
b11000011 W
b11000011 {
b11000011 |
b1011010 i
b1011010 [
b1011010 %
b1011010 w
b1111001 j
b1111001 \
b1111001 '
b1111001 v
b10011100 k
b10011100 ]
b10011100 )
b10011100 u
b11000011 l
b11000011 ^
b11000011 +
b11000011 t
b1010 !
b1010 N
b1010 g
b1010 p
b1011 "
b1011 O
b1011 f
b1011 o
b1100 #
b1100 P
b1100 e
b1100 n
b1101 $
b1101 Q
b1101 d
b1101 m
14
#7900
04
b1110 ?
b1110 c
b1110 C
#7950
b1001100010 h
b1100011 &
b1100011 T
b1100011 x
b1100011 !"
b10000100 (
b10000100 U
b10000100 y
b10000100 ~
b10101001 *
b10101001 V
b10101001 z
b10101001 }
b11010010 ,
b11010010 W
b11010010 {
b11010010 |
b1100011 i
b1100011 [
b1100011 %
b1100011 w
b10000100 j
b10000100 \
b10000100 '
b10000100 v
b10101001 k
b10101001 ]
b10101001 )
b10101001 u
b11010010 l
b11010010 ^
b11010010 +
b11010010 t
b1011 !
b1011 N
b1011 g
b1011 p
b1100 "
b1100 O
b1100 f
b1100 o
b1101 #
b1101 P
b1101 e
b1101 n
b1110 $
b1110 Q
b1110 d
b1110 m
14
#8000
04
b1111 ?
b1111 c
b1111 C
#8050
1X
b1 3
b1 Z
11
b11100001 R
1S
b1010010010 h
10
b10 J
b1101100 &
b1101100 T
b1101100 x
b1101100 !"
b10001111 (
b10001111 U
b10001111 y
b10001111 ~
b10110110 *
b10110110 V
b10110110 z
b10110110 }
b11100011 ,
b11100011 W
b11100011 {
b11100011 |
b1101100 i
b1101100 [
b1101100 %
b1101100 w
b10001111 j
b10001111 \
b10001111 '
b10001111 v
b10110110 k
b10110110 ]
b10110110 )
b10110110 u
b11100001 l
b11100001 ^
b11100001 +
b11100001 t
b1100 !
b1100 N
b1100 g
b1100 p
b1101 "
b1101 O
b1101 f
b1101 o
b1110 #
b1110 P
b1110 e
b1110 n
b1111 $
b1111 Q
b1111 d
b1111 m
14
#8100
04
b10000 C
#8150
b1010110011 h
b1110101 &
b1110101 T
b1110101 x
b1110101 !"
b10011010 (
b10011010 U
b10011010 y
b10011010 ~
b11000011 *
b11000011 V
b11000011 z
b11000011 }
b11100011 ,
b11100011 W
b11100011 {
b11100011 |
b1110101 i
b1110101 [
b1110101 %
b1110101 w
b10011010 j
b10011010 \
b10011010 '
b10011010 v
b11000011 k
b11000011 ]
b11000011 )
b11000011 u
b1101 !
b1101 N
b1101 g
b1101 p
b1110 "
b1110 O
b1110 f
b1110 o
b1111 #
b1111 P
b1111 e
b1111 n
14
#8200
04
#8250
b1011000111 h
b1111110 &
b1111110 T
b1111110 x
b1111110 !"
b10100101 (
b10100101 U
b10100101 y
b10100101 ~
b11100011 ,
b11100011 W
b11100011 {
b11100011 |
b1111110 i
b1111110 [
b1111110 %
b1111110 w
b10100101 j
b10100101 \
b10100101 '
b10100101 v
b1110 !
b1110 N
b1110 g
b1110 p
b1111 "
b1111 O
b1111 f
b1111 o
14
#8300
04
#8350
b1011010000 h
b10000111 &
b10000111 T
b10000111 x
b10000111 !"
b11100011 ,
b11100011 W
b11100011 {
b11100011 |
b10000111 i
b10000111 [
b10000111 %
b10000111 w
b1111 !
b1111 N
b1111 g
b1111 p
14
#8400
04
#8450
14
#8500
0X
01
b0 3
b0 Z
b0 R
0S
00
b0 J
b11100001 ,
b11100001 W
b11100001 {
b11100001 |
04
b0 ?
b0 c
1>
0=
07
b10 5
b10 q
b1 $"
b10 ""
b10 @
b1 8
b1 s
b100 E
b100 A
b100 B
#8550
b0 h
b0 &
b0 T
b0 x
b0 !"
b0 (
b0 U
b0 y
b0 ~
b0 *
b0 V
b0 z
b0 }
b0 ,
b0 W
b0 {
b0 |
b0 i
b0 [
b0 %
b0 w
b0 j
b0 \
b0 '
b0 v
b0 k
b0 ]
b0 )
b0 u
b0 l
b0 ^
b0 +
b0 t
b0 !
b0 N
b0 g
b0 p
b0 "
b0 O
b0 f
b0 o
b0 #
b0 P
b0 e
b0 n
b0 $
b0 Q
b0 d
b0 m
14
#8600
04
b0 C
0>
#8650
14
#8700
04
b1 ?
b1 c
b1 C
#8750
b10 3
b10 Z
11
b1111 R
0S
b1111 h
10
b100 J
b1011 ,
b1011 W
b1011 {
b1011 |
b1111 l
b1111 ^
b1111 +
b1111 t
b1 $
b1 Q
b1 d
b1 m
14
#8800
04
b10 ?
b10 c
b10 C
1=
17
#8850
b101011 h
b11110 R
b1101 *
b1101 V
b1101 z
b1101 }
b11010 ,
b11010 W
b11010 {
b11010 |
b1101 k
b1101 ]
b1101 )
b1101 u
b11110 l
b11110 ^
b11110 +
b11110 t
b1 #
b1 P
b1 e
b1 n
b10 $
b10 Q
b10 d
b10 m
14
#8900
04
b11 ?
b11 c
b11 C
#8950
b1010010 h
b101101 R
b1011 (
b1011 U
b1011 y
b1011 ~
b11010 *
b11010 V
b11010 z
b11010 }
b101001 ,
b101001 W
b101001 {
b101001 |
b1011 j
b1011 \
b1011 '
b1011 v
b11010 k
b11010 ]
b11010 )
b11010 u
b101101 l
b101101 ^
b101101 +
b101101 t
b1 "
b1 O
b1 f
b1 o
b10 #
b10 P
b10 e
b10 n
b11 $
b11 Q
b11 d
b11 m
14
#9000
04
b100 ?
b100 c
b100 C
#9050
b10000010 h
b111100 R
b1001 &
b1001 T
b1001 x
b1001 !"
b10110 (
b10110 U
b10110 y
b10110 ~
b100111 *
b100111 V
b100111 z
b100111 }
b111000 ,
b111000 W
b111000 {
b111000 |
b1001 i
b1001 [
b1001 %
b1001 w
b10110 j
b10110 \
b10110 '
b10110 v
b100111 k
b100111 ]
b100111 )
b100111 u
b111100 l
b111100 ^
b111100 +
b111100 t
b1 !
b1 N
b1 g
b1 p
b10 "
b10 O
b10 f
b10 o
b11 #
b11 P
b11 e
b11 n
b100 $
b100 Q
b100 d
b100 m
14
#9100
04
b101 ?
b101 c
b101 C
#9150
01
b0 3
b0 Z
b10110010 h
b0 R
00
b0 J
b10010 &
b10010 T
b10010 x
b10010 !"
b100001 (
b100001 U
b100001 y
b100001 ~
b110100 *
b110100 V
b110100 z
b110100 }
b1001011 ,
b1001011 W
b1001011 {
b1001011 |
b10010 i
b10010 [
b10010 %
b10010 w
b100001 j
b100001 \
b100001 '
b100001 v
b110100 k
b110100 ]
b110100 )
b110100 u
b1001011 l
b1001011 ^
b1001011 +
b1001011 t
b10 !
b10 N
b10 g
b10 p
b11 "
b11 O
b11 f
b11 o
b100 #
b100 P
b100 e
b100 n
b101 $
b101 Q
b101 d
b101 m
14
#9200
04
b110 ?
b110 c
b110 C
#9250
b11100010 h
b11011 &
b11011 T
b11011 x
b11011 !"
b101100 (
b101100 U
b101100 y
b101100 ~
b1000001 *
b1000001 V
b1000001 z
b1000001 }
b1011010 ,
b1011010 W
b1011010 {
b1011010 |
b11011 i
b11011 [
b11011 %
b11011 w
b101100 j
b101100 \
b101100 '
b101100 v
b1000001 k
b1000001 ]
b1000001 )
b1000001 u
b1011010 l
b1011010 ^
b1011010 +
b1011010 t
b11 !
b11 N
b11 g
b11 p
b100 "
b100 O
b100 f
b100 o
b101 #
b101 P
b101 e
b101 n
b110 $
b110 Q
b110 d
b110 m
14
#9300
04
b111 ?
b111 c
b111 C
#9350
b100010010 h
b100100 &
b100100 T
b100100 x
b100100 !"
b110111 (
b110111 U
b110111 y
b110111 ~
b1001110 *
b1001110 V
b1001110 z
b1001110 }
b1101001 ,
b1101001 W
b1101001 {
b1101001 |
b100100 i
b100100 [
b100100 %
b100100 w
b110111 j
b110111 \
b110111 '
b110111 v
b1001110 k
b1001110 ]
b1001110 )
b1001110 u
b1101001 l
b1101001 ^
b1101001 +
b1101001 t
b100 !
b100 N
b100 g
b100 p
b101 "
b101 O
b101 f
b101 o
b110 #
b110 P
b110 e
b110 n
b111 $
b111 Q
b111 d
b111 m
14
#9400
04
b1000 ?
b1000 c
b1000 C
#9450
b101000010 h
b101101 &
b101101 T
b101101 x
b101101 !"
b1000010 (
b1000010 U
b1000010 y
b1000010 ~
b1011011 *
b1011011 V
b1011011 z
b1011011 }
b1111000 ,
b1111000 W
b1111000 {
b1111000 |
b101101 i
b101101 [
b101101 %
b101101 w
b1000010 j
b1000010 \
b1000010 '
b1000010 v
b1011011 k
b1011011 ]
b1011011 )
b1011011 u
b1111000 l
b1111000 ^
b1111000 +
b1111000 t
b101 !
b101 N
b101 g
b101 p
b110 "
b110 O
b110 f
b110 o
b111 #
b111 P
b111 e
b111 n
b1000 $
b1000 Q
b1000 d
b1000 m
14
#9500
04
b1001 ?
b1001 c
b1001 C
#9550
b10 3
b10 Z
11
b10000111 R
0S
b101110010 h
10
b100 J
b110110 &
b110110 T
b110110 x
b110110 !"
b1001101 (
b1001101 U
b1001101 y
b1001101 ~
b1101000 *
b1101000 V
b1101000 z
b1101000 }
b10000011 ,
b10000011 W
b10000011 {
b10000011 |
b110110 i
b110110 [
b110110 %
b110110 w
b1001101 j
b1001101 \
b1001101 '
b1001101 v
b1101000 k
b1101000 ]
b1101000 )
b1101000 u
b10000111 l
b10000111 ^
b10000111 +
b10000111 t
b110 !
b110 N
b110 g
b110 p
b111 "
b111 O
b111 f
b111 o
b1000 #
b1000 P
b1000 e
b1000 n
b1001 $
b1001 Q
b1001 d
b1001 m
14
#9600
04
b1010 ?
b1010 c
b1010 C
#9650
b110100010 h
b10010110 R
b111111 &
b111111 T
b111111 x
b111111 !"
b1011000 (
b1011000 U
b1011000 y
b1011000 ~
b1110101 *
b1110101 V
b1110101 z
b1110101 }
b10010010 ,
b10010010 W
b10010010 {
b10010010 |
b111111 i
b111111 [
b111111 %
b111111 w
b1011000 j
b1011000 \
b1011000 '
b1011000 v
b1110101 k
b1110101 ]
b1110101 )
b1110101 u
b10010110 l
b10010110 ^
b10010110 +
b10010110 t
b111 !
b111 N
b111 g
b111 p
b1000 "
b1000 O
b1000 f
b1000 o
b1001 #
b1001 P
b1001 e
b1001 n
b1010 $
b1010 Q
b1010 d
b1010 m
14
#9700
04
b1011 ?
b1011 c
b1011 C
#9750
b111010010 h
b10100101 R
b1001000 &
b1001000 T
b1001000 x
b1001000 !"
b1100011 (
b1100011 U
b1100011 y
b1100011 ~
b10000010 *
b10000010 V
b10000010 z
b10000010 }
b10100001 ,
b10100001 W
b10100001 {
b10100001 |
b1001000 i
b1001000 [
b1001000 %
b1001000 w
b1100011 j
b1100011 \
b1100011 '
b1100011 v
b10000010 k
b10000010 ]
b10000010 )
b10000010 u
b10100101 l
b10100101 ^
b10100101 +
b10100101 t
b1000 !
b1000 N
b1000 g
b1000 p
b1001 "
b1001 O
b1001 f
b1001 o
b1010 #
b1010 P
b1010 e
b1010 n
b1011 $
b1011 Q
b1011 d
b1011 m
14
#9800
04
b1100 ?
b1100 c
b1100 C
#9850
b1000000010 h
b10110100 R
b1010001 &
b1010001 T
b1010001 x
b1010001 !"
b1101110 (
b1101110 U
b1101110 y
b1101110 ~
b10001111 *
b10001111 V
b10001111 z
b10001111 }
b10110000 ,
b10110000 W
b10110000 {
b10110000 |
b1010001 i
b1010001 [
b1010001 %
b1010001 w
b1101110 j
b1101110 \
b1101110 '
b1101110 v
b10001111 k
b10001111 ]
b10001111 )
b10001111 u
b10110100 l
b10110100 ^
b10110100 +
b10110100 t
b1001 !
b1001 N
b1001 g
b1001 p
b1010 "
b1010 O
b1010 f
b1010 o
b1011 #
b1011 P
b1011 e
b1011 n
b1100 $
b1100 Q
b1100 d
b1100 m
14
#9900
04
b1101 ?
b1101 c
b1101 C
#9950
01
b0 3
b0 Z
b1000110010 h
b0 R
00
b0 J
b1011010 &
b1011010 T
b1011010 x
b1011010 !"
b1111001 (
b1111001 U
b1111001 y
b1111001 ~
b10011100 *
b10011100 V
b10011100 z
b10011100 }
b11000011 ,
b11000011 W
b11000011 {
b11000011 |
b1011010 i
b1011010 [
b1011010 %
b1011010 w
b1111001 j
b1111001 \
b1111001 '
b1111001 v
b10011100 k
b10011100 ]
b10011100 )
b10011100 u
b11000011 l
b11000011 ^
b11000011 +
b11000011 t
b1010 !
b1010 N
b1010 g
b1010 p
b1011 "
b1011 O
b1011 f
b1011 o
b1100 #
b1100 P
b1100 e
b1100 n
b1101 $
b1101 Q
b1101 d
b1101 m
14
#10000
04
b1110 ?
b1110 c
b1110 C
#10050
b1001100010 h
b1100011 &
b1100011 T
b1100011 x
b1100011 !"
b10000100 (
b10000100 U
b10000100 y
b10000100 ~
b10101001 *
b10101001 V
b10101001 z
b10101001 }
b11010010 ,
b11010010 W
b11010010 {
b11010010 |
b1100011 i
b1100011 [
b1100011 %
b1100011 w
b10000100 j
b10000100 \
b10000100 '
b10000100 v
b10101001 k
b10101001 ]
b10101001 )
b10101001 u
b11010010 l
b11010010 ^
b11010010 +
b11010010 t
b1011 !
b1011 N
b1011 g
b1011 p
b1100 "
b1100 O
b1100 f
b1100 o
b1101 #
b1101 P
b1101 e
b1101 n
b1110 $
b1110 Q
b1110 d
b1110 m
14
#10100
04
b1111 ?
b1111 c
b1111 C
#10150
b1010010010 h
b1101100 &
b1101100 T
b1101100 x
b1101100 !"
b10001111 (
b10001111 U
b10001111 y
b10001111 ~
b10110110 *
b10110110 V
b10110110 z
b10110110 }
b11100001 ,
b11100001 W
b11100001 {
b11100001 |
b1101100 i
b1101100 [
b1101100 %
b1101100 w
b10001111 j
b10001111 \
b10001111 '
b10001111 v
b10110110 k
b10110110 ]
b10110110 )
b10110110 u
b11100001 l
b11100001 ^
b11100001 +
b11100001 t
b1100 !
b1100 N
b1100 g
b1100 p
b1101 "
b1101 O
b1101 f
b1101 o
b1110 #
b1110 P
b1110 e
b1110 n
b1111 $
b1111 Q
b1111 d
b1111 m
14
#10200
04
b10000 C
#10250
b1010110011 h
b1110101 &
b1110101 T
b1110101 x
b1110101 !"
b10011010 (
b10011010 U
b10011010 y
b10011010 ~
b11000011 *
b11000011 V
b11000011 z
b11000011 }
b1110101 i
b1110101 [
b1110101 %
b1110101 w
b10011010 j
b10011010 \
b10011010 '
b10011010 v
b11000011 k
b11000011 ]
b11000011 )
b11000011 u
b1101 !
b1101 N
b1101 g
b1101 p
b1110 "
b1110 O
b1110 f
b1110 o
b1111 #
b1111 P
b1111 e
b1111 n
14
#10300
04
#10350
b1011000111 h
b1111110 &
b1111110 T
b1111110 x
b1111110 !"
b10100101 (
b10100101 U
b10100101 y
b10100101 ~
b1111110 i
b1111110 [
b1111110 %
b1111110 w
b10100101 j
b10100101 \
b10100101 '
b10100101 v
b1110 !
b1110 N
b1110 g
b1110 p
b1111 "
b1111 O
b1111 f
b1111 o
14
#10400
04
#10450
b1011010000 h
b10000111 &
b10000111 T
b10000111 x
b10000111 !"
b10000111 i
b10000111 [
b10000111 %
b10000111 w
b1111 !
b1111 N
b1111 g
b1111 p
14
#10500
04
#10550
14
#10600
1X
b10 3
b10 Z
11
b11100001 R
1S
10
b100 J
b11100101 ,
b11100101 W
b11100101 {
b11100101 |
04
b0 ?
b0 c
1>
0=
07
b10 $"
b10 8
b10 s
b101 E
b101 A
b101 B
#10650
b0 h
b0 R
b0 &
b0 T
b0 x
b0 !"
b0 (
b0 U
b0 y
b0 ~
b0 *
b0 V
b0 z
b0 }
b100 ,
b100 W
b100 {
b100 |
b0 i
b0 [
b0 %
b0 w
b0 j
b0 \
b0 '
b0 v
b0 k
b0 ]
b0 )
b0 u
b0 l
b0 ^
b0 +
b0 t
b0 !
b0 N
b0 g
b0 p
b0 "
b0 O
b0 f
b0 o
b0 #
b0 P
b0 e
b0 n
b0 $
b0 Q
b0 d
b0 m
14
#10700
04
b0 C
0>
#10750
14
#10800
04
b1 ?
b1 c
b1 C
1=
17
#10850
0X
01
b0 3
b0 Z
0S
b1111 h
00
b0 J
b1111 ,
b1111 W
b1111 {
b1111 |
b1111 l
b1111 ^
b1111 +
b1111 t
b1 $
b1 Q
b1 d
b1 m
14
#10900
04
b10 ?
b10 c
b10 C
#10950
b101011 h
b1101 *
b1101 V
b1101 z
b1101 }
b11110 ,
b11110 W
b11110 {
b11110 |
b1101 k
b1101 ]
b1101 )
b1101 u
b11110 l
b11110 ^
b11110 +
b11110 t
b1 #
b1 P
b1 e
b1 n
b10 $
b10 Q
b10 d
b10 m
14
#11000
04
b11 ?
b11 c
b11 C
#11050
b1010010 h
b1011 (
b1011 U
b1011 y
b1011 ~
b11010 *
b11010 V
b11010 z
b11010 }
b101101 ,
b101101 W
b101101 {
b101101 |
b1011 j
b1011 \
b1011 '
b1011 v
b11010 k
b11010 ]
b11010 )
b11010 u
b101101 l
b101101 ^
b101101 +
b101101 t
b1 "
b1 O
b1 f
b1 o
b10 #
b10 P
b10 e
b10 n
b11 $
b11 Q
b11 d
b11 m
14
#11100
04
b100 ?
b100 c
b100 C
#11150
b10000010 h
b1001 &
b1001 T
b1001 x
b1001 !"
b10110 (
b10110 U
b10110 y
b10110 ~
b100111 *
b100111 V
b100111 z
b100111 }
b111100 ,
b111100 W
b111100 {
b111100 |
b1001 i
b1001 [
b1001 %
b1001 w
b10110 j
b10110 \
b10110 '
b10110 v
b100111 k
b100111 ]
b100111 )
b100111 u
b111100 l
b111100 ^
b111100 +
b111100 t
b1 !
b1 N
b1 g
b1 p
b10 "
b10 O
b10 f
b10 o
b11 #
b11 P
b11 e
b11 n
b100 $
b100 Q
b100 d
b100 m
14
#11200
04
b101 ?
b101 c
b101 C
#11250
1X
b10 3
b10 Z
11
b1001011 R
1S
b10110010 h
10
b100 J
b10010 &
b10010 T
b10010 x
b10010 !"
b100001 (
b100001 U
b100001 y
b100001 ~
b110100 *
b110100 V
b110100 z
b110100 }
b1001111 ,
b1001111 W
b1001111 {
b1001111 |
b10010 i
b10010 [
b10010 %
b10010 w
b100001 j
b100001 \
b100001 '
b100001 v
b110100 k
b110100 ]
b110100 )
b110100 u
b1001011 l
b1001011 ^
b1001011 +
b1001011 t
b10 !
b10 N
b10 g
b10 p
b11 "
b11 O
b11 f
b11 o
b100 #
b100 P
b100 e
b100 n
b101 $
b101 Q
b101 d
b101 m
14
#11300
04
b110 ?
b110 c
b110 C
#11350
b11100010 h
b1011010 R
b11011 &
b11011 T
b11011 x
b11011 !"
b101100 (
b101100 U
b101100 y
b101100 ~
b1000001 *
b1000001 V
b1000001 z
b1000001 }
b1011110 ,
b1011110 W
b1011110 {
b1011110 |
b11011 i
b11011 [
b11011 %
b11011 w
b101100 j
b101100 \
b101100 '
b101100 v
b1000001 k
b1000001 ]
b1000001 )
b1000001 u
b1011010 l
b1011010 ^
b1011010 +
b1011010 t
b11 !
b11 N
b11 g
b11 p
b100 "
b100 O
b100 f
b100 o
b101 #
b101 P
b101 e
b101 n
b110 $
b110 Q
b110 d
b110 m
14
#11400
04
b111 ?
b111 c
b111 C
#11450
b100010010 h
b1101001 R
b100100 &
b100100 T
b100100 x
b100100 !"
b110111 (
b110111 U
b110111 y
b110111 ~
b1001110 *
b1001110 V
b1001110 z
b1001110 }
b1101101 ,
b1101101 W
b1101101 {
b1101101 |
b100100 i
b100100 [
b100100 %
b100100 w
b110111 j
b110111 \
b110111 '
b110111 v
b1001110 k
b1001110 ]
b1001110 )
b1001110 u
b1101001 l
b1101001 ^
b1101001 +
b1101001 t
b100 !
b100 N
b100 g
b100 p
b101 "
b101 O
b101 f
b101 o
b110 #
b110 P
b110 e
b110 n
b111 $
b111 Q
b111 d
b111 m
14
#11500
04
b1000 ?
b1000 c
b1000 C
#11550
b101000010 h
b1111000 R
b101101 &
b101101 T
b101101 x
b101101 !"
b1000010 (
b1000010 U
b1000010 y
b1000010 ~
b1011011 *
b1011011 V
b1011011 z
b1011011 }
b1111100 ,
b1111100 W
b1111100 {
b1111100 |
b101101 i
b101101 [
b101101 %
b101101 w
b1000010 j
b1000010 \
b1000010 '
b1000010 v
b1011011 k
b1011011 ]
b1011011 )
b1011011 u
b1111000 l
b1111000 ^
b1111000 +
b1111000 t
b101 !
b101 N
b101 g
b101 p
b110 "
b110 O
b110 f
b110 o
b111 #
b111 P
b111 e
b111 n
b1000 $
b1000 Q
b1000 d
b1000 m
14
#11600
04
b1001 ?
b1001 c
b1001 C
#11650
0X
01
b0 3
b0 Z
0S
b101110010 h
b0 R
00
b0 J
b110110 &
b110110 T
b110110 x
b110110 !"
b1001101 (
b1001101 U
b1001101 y
b1001101 ~
b1101000 *
b1101000 V
b1101000 z
b1101000 }
b10000111 ,
b10000111 W
b10000111 {
b10000111 |
b110110 i
b110110 [
b110110 %
b110110 w
b1001101 j
b1001101 \
b1001101 '
b1001101 v
b1101000 k
b1101000 ]
b1101000 )
b1101000 u
b10000111 l
b10000111 ^
b10000111 +
b10000111 t
b110 !
b110 N
b110 g
b110 p
b111 "
b111 O
b111 f
b111 o
b1000 #
b1000 P
b1000 e
b1000 n
b1001 $
b1001 Q
b1001 d
b1001 m
14
#11700
04
b1010 ?
b1010 c
b1010 C
#11750
b110100010 h
b111111 &
b111111 T
b111111 x
b111111 !"
b1011000 (
b1011000 U
b1011000 y
b1011000 ~
b1110101 *
b1110101 V
b1110101 z
b1110101 }
b10010110 ,
b10010110 W
b10010110 {
b10010110 |
b111111 i
b111111 [
b111111 %
b111111 w
b1011000 j
b1011000 \
b1011000 '
b1011000 v
b1110101 k
b1110101 ]
b1110101 )
b1110101 u
b10010110 l
b10010110 ^
b10010110 +
b10010110 t
b111 !
b111 N
b111 g
b111 p
b1000 "
b1000 O
b1000 f
b1000 o
b1001 #
b1001 P
b1001 e
b1001 n
b1010 $
b1010 Q
b1010 d
b1010 m
14
#11800
04
b1011 ?
b1011 c
b1011 C
#11850
b111010010 h
b1001000 &
b1001000 T
b1001000 x
b1001000 !"
b1100011 (
b1100011 U
b1100011 y
b1100011 ~
b10000010 *
b10000010 V
b10000010 z
b10000010 }
b10100101 ,
b10100101 W
b10100101 {
b10100101 |
b1001000 i
b1001000 [
b1001000 %
b1001000 w
b1100011 j
b1100011 \
b1100011 '
b1100011 v
b10000010 k
b10000010 ]
b10000010 )
b10000010 u
b10100101 l
b10100101 ^
b10100101 +
b10100101 t
b1000 !
b1000 N
b1000 g
b1000 p
b1001 "
b1001 O
b1001 f
b1001 o
b1010 #
b1010 P
b1010 e
b1010 n
b1011 $
b1011 Q
b1011 d
b1011 m
14
#11900
04
b1100 ?
b1100 c
b1100 C
#11950
b1000000010 h
b1010001 &
b1010001 T
b1010001 x
b1010001 !"
b1101110 (
b1101110 U
b1101110 y
b1101110 ~
b10001111 *
b10001111 V
b10001111 z
b10001111 }
b10110100 ,
b10110100 W
b10110100 {
b10110100 |
b1010001 i
b1010001 [
b1010001 %
b1010001 w
b1101110 j
b1101110 \
b1101110 '
b1101110 v
b10001111 k
b10001111 ]
b10001111 )
b10001111 u
b10110100 l
b10110100 ^
b10110100 +
b10110100 t
b1001 !
b1001 N
b1001 g
b1001 p
b1010 "
b1010 O
b1010 f
b1010 o
b1011 #
b1011 P
b1011 e
b1011 n
b1100 $
b1100 Q
b1100 d
b1100 m
14
#12000
04
b1101 ?
b1101 c
b1101 C
#12050
1X
b10 3
b10 Z
11
b11000011 R
1S
b1000110010 h
10
b100 J
b1011010 &
b1011010 T
b1011010 x
b1011010 !"
b1111001 (
b1111001 U
b1111001 y
b1111001 ~
b10011100 *
b10011100 V
b10011100 z
b10011100 }
b11000111 ,
b11000111 W
b11000111 {
b11000111 |
b1011010 i
b1011010 [
b1011010 %
b1011010 w
b1111001 j
b1111001 \
b1111001 '
b1111001 v
b10011100 k
b10011100 ]
b10011100 )
b10011100 u
b11000011 l
b11000011 ^
b11000011 +
b11000011 t
b1010 !
b1010 N
b1010 g
b1010 p
b1011 "
b1011 O
b1011 f
b1011 o
b1100 #
b1100 P
b1100 e
b1100 n
b1101 $
b1101 Q
b1101 d
b1101 m
14
#12100
04
b1110 ?
b1110 c
b1110 C
#12150
b1001100010 h
b11010010 R
b1100011 &
b1100011 T
b1100011 x
b1100011 !"
b10000100 (
b10000100 U
b10000100 y
b10000100 ~
b10101001 *
b10101001 V
b10101001 z
b10101001 }
b11010110 ,
b11010110 W
b11010110 {
b11010110 |
b1100011 i
b1100011 [
b1100011 %
b1100011 w
b10000100 j
b10000100 \
b10000100 '
b10000100 v
b10101001 k
b10101001 ]
b10101001 )
b10101001 u
b11010010 l
b11010010 ^
b11010010 +
b11010010 t
b1011 !
b1011 N
b1011 g
b1011 p
b1100 "
b1100 O
b1100 f
b1100 o
b1101 #
b1101 P
b1101 e
b1101 n
b1110 $
b1110 Q
b1110 d
b1110 m
14
#12200
04
b1111 ?
b1111 c
b1111 C
#12250
b1010010010 h
b11100001 R
b1101100 &
b1101100 T
b1101100 x
b1101100 !"
b10001111 (
b10001111 U
b10001111 y
b10001111 ~
b10110110 *
b10110110 V
b10110110 z
b10110110 }
b11100101 ,
b11100101 W
b11100101 {
b11100101 |
b1101100 i
b1101100 [
b1101100 %
b1101100 w
b10001111 j
b10001111 \
b10001111 '
b10001111 v
b10110110 k
b10110110 ]
b10110110 )
b10110110 u
b11100001 l
b11100001 ^
b11100001 +
b11100001 t
b1100 !
b1100 N
b1100 g
b1100 p
b1101 "
b1101 O
b1101 f
b1101 o
b1110 #
b1110 P
b1110 e
b1110 n
b1111 $
b1111 Q
b1111 d
b1111 m
14
#12300
04
b10000 C
#12350
b1010110011 h
b1110101 &
b1110101 T
b1110101 x
b1110101 !"
b10011010 (
b10011010 U
b10011010 y
b10011010 ~
b11000011 *
b11000011 V
b11000011 z
b11000011 }
b11100101 ,
b11100101 W
b11100101 {
b11100101 |
b1110101 i
b1110101 [
b1110101 %
b1110101 w
b10011010 j
b10011010 \
b10011010 '
b10011010 v
b11000011 k
b11000011 ]
b11000011 )
b11000011 u
b1101 !
b1101 N
b1101 g
b1101 p
b1110 "
b1110 O
b1110 f
b1110 o
b1111 #
b1111 P
b1111 e
b1111 n
14
#12400
04
#12450
b1011000111 h
b1111110 &
b1111110 T
b1111110 x
b1111110 !"
b10100101 (
b10100101 U
b10100101 y
b10100101 ~
b11100101 ,
b11100101 W
b11100101 {
b11100101 |
b1111110 i
b1111110 [
b1111110 %
b1111110 w
b10100101 j
b10100101 \
b10100101 '
b10100101 v
b1110 !
b1110 N
b1110 g
b1110 p
b1111 "
b1111 O
b1111 f
b1111 o
14
#12500
04
#12550
b1011010000 h
b10000111 &
b10000111 T
b10000111 x
b10000111 !"
b11100101 ,
b11100101 W
b11100101 {
b11100101 |
b10000111 i
b10000111 [
b10000111 %
b10000111 w
b1111 !
b1111 N
b1111 g
b1111 p
14
#12600
04
#12650
14
#12700
0X
01
b0 3
b0 Z
b0 R
0S
00
b0 J
b11100001 ,
b11100001 W
b11100001 {
b11100001 |
04
b0 ?
b0 c
1>
0=
07
b11 5
b11 q
b1 $"
b11 ""
b11 @
b1 8
b1 s
b110 E
b110 A
b110 B
#12750
b0 h
b0 &
b0 T
b0 x
b0 !"
b0 (
b0 U
b0 y
b0 ~
b0 *
b0 V
b0 z
b0 }
b0 ,
b0 W
b0 {
b0 |
b0 i
b0 [
b0 %
b0 w
b0 j
b0 \
b0 '
b0 v
b0 k
b0 ]
b0 )
b0 u
b0 l
b0 ^
b0 +
b0 t
b0 !
b0 N
b0 g
b0 p
b0 "
b0 O
b0 f
b0 o
b0 #
b0 P
b0 e
b0 n
b0 $
b0 Q
b0 d
b0 m
14
#12800
04
b0 C
0>
#12850
14
#12900
04
b1 ?
b1 c
b1 C
#12950
b11 3
b11 Z
11
b1111 R
0S
b1111 h
10
b1000 J
b111 ,
b111 W
b111 {
b111 |
b1111 l
b1111 ^
b1111 +
b1111 t
b1 $
b1 Q
b1 d
b1 m
14
#13000
04
b10 ?
b10 c
b10 C
1=
17
#13050
b101011 h
b11110 R
b1101 *
b1101 V
b1101 z
b1101 }
b10110 ,
b10110 W
b10110 {
b10110 |
b1101 k
b1101 ]
b1101 )
b1101 u
b11110 l
b11110 ^
b11110 +
b11110 t
b1 #
b1 P
b1 e
b1 n
b10 $
b10 Q
b10 d
b10 m
14
#13100
04
b11 ?
b11 c
b11 C
#13150
b1010010 h
b101101 R
b1011 (
b1011 U
b1011 y
b1011 ~
b11010 *
b11010 V
b11010 z
b11010 }
b100101 ,
b100101 W
b100101 {
b100101 |
b1011 j
b1011 \
b1011 '
b1011 v
b11010 k
b11010 ]
b11010 )
b11010 u
b101101 l
b101101 ^
b101101 +
b101101 t
b1 "
b1 O
b1 f
b1 o
b10 #
b10 P
b10 e
b10 n
b11 $
b11 Q
b11 d
b11 m
14
#13200
04
b100 ?
b100 c
b100 C
#13250
b10000010 h
b111100 R
b1001 &
b1001 T
b1001 x
b1001 !"
b10110 (
b10110 U
b10110 y
b10110 ~
b100111 *
b100111 V
b100111 z
b100111 }
b110100 ,
b110100 W
b110100 {
b110100 |
b1001 i
b1001 [
b1001 %
b1001 w
b10110 j
b10110 \
b10110 '
b10110 v
b100111 k
b100111 ]
b100111 )
b100111 u
b111100 l
b111100 ^
b111100 +
b111100 t
b1 !
b1 N
b1 g
b1 p
b10 "
b10 O
b10 f
b10 o
b11 #
b11 P
b11 e
b11 n
b100 $
b100 Q
b100 d
b100 m
14
#13300
04
b101 ?
b101 c
b101 C
#13350
b10110010 h
b1001011 R
b10010 &
b10010 T
b10010 x
b10010 !"
b100001 (
b100001 U
b100001 y
b100001 ~
b110100 *
b110100 V
b110100 z
b110100 }
b1000011 ,
b1000011 W
b1000011 {
b1000011 |
b10010 i
b10010 [
b10010 %
b10010 w
b100001 j
b100001 \
b100001 '
b100001 v
b110100 k
b110100 ]
b110100 )
b110100 u
b1001011 l
b1001011 ^
b1001011 +
b1001011 t
b10 !
b10 N
b10 g
b10 p
b11 "
b11 O
b11 f
b11 o
b100 #
b100 P
b100 e
b100 n
b101 $
b101 Q
b101 d
b101 m
14
#13400
04
b110 ?
b110 c
b110 C
#13450
b11100010 h
b1011010 R
b11011 &
b11011 T
b11011 x
b11011 !"
b101100 (
b101100 U
b101100 y
b101100 ~
b1000001 *
b1000001 V
b1000001 z
b1000001 }
b1010010 ,
b1010010 W
b1010010 {
b1010010 |
b11011 i
b11011 [
b11011 %
b11011 w
b101100 j
b101100 \
b101100 '
b101100 v
b1000001 k
b1000001 ]
b1000001 )
b1000001 u
b1011010 l
b1011010 ^
b1011010 +
b1011010 t
b11 !
b11 N
b11 g
b11 p
b100 "
b100 O
b100 f
b100 o
b101 #
b101 P
b101 e
b101 n
b110 $
b110 Q
b110 d
b110 m
14
#13500
04
b111 ?
b111 c
b111 C
#13550
b100010010 h
b1101001 R
b100100 &
b100100 T
b100100 x
b100100 !"
b110111 (
b110111 U
b110111 y
b110111 ~
b1001110 *
b1001110 V
b1001110 z
b1001110 }
b1100001 ,
b1100001 W
b1100001 {
b1100001 |
b100100 i
b100100 [
b100100 %
b100100 w
b110111 j
b110111 \
b110111 '
b110111 v
b1001110 k
b1001110 ]
b1001110 )
b1001110 u
b1101001 l
b1101001 ^
b1101001 +
b1101001 t
b100 !
b100 N
b100 g
b100 p
b101 "
b101 O
b101 f
b101 o
b110 #
b110 P
b110 e
b110 n
b111 $
b111 Q
b111 d
b111 m
14
#13600
04
b1000 ?
b1000 c
b1000 C
#13650
b101000010 h
b1111000 R
b101101 &
b101101 T
b101101 x
b101101 !"
b1000010 (
b1000010 U
b1000010 y
b1000010 ~
b1011011 *
b1011011 V
b1011011 z
b1011011 }
b1110000 ,
b1110000 W
b1110000 {
b1110000 |
b101101 i
b101101 [
b101101 %
b101101 w
b1000010 j
b1000010 \
b1000010 '
b1000010 v
b1011011 k
b1011011 ]
b1011011 )
b1011011 u
b1111000 l
b1111000 ^
b1111000 +
b1111000 t
b101 !
b101 N
b101 g
b101 p
b110 "
b110 O
b110 f
b110 o
b111 #
b111 P
b111 e
b111 n
b1000 $
b1000 Q
b1000 d
b1000 m
14
#13700
04
b1001 ?
b1001 c
b1001 C
#13750
01
b0 3
b0 Z
b101110010 h
b0 R
00
b0 J
b110110 &
b110110 T
b110110 x
b110110 !"
b1001101 (
b1001101 U
b1001101 y
b1001101 ~
b1101000 *
b1101000 V
b1101000 z
b1101000 }
b10000111 ,
b10000111 W
b10000111 {
b10000111 |
b110110 i
b110110 [
b110110 %
b110110 w
b1001101 j
b1001101 \
b1001101 '
b1001101 v
b1101000 k
b1101000 ]
b1101000 )
b1101000 u
b10000111 l
b10000111 ^
b10000111 +
b10000111 t
b110 !
b110 N
b110 g
b110 p
b111 "
b111 O
b111 f
b111 o
b1000 #
b1000 P
b1000 e
b1000 n
b1001 $
b1001 Q
b1001 d
b1001 m
14
#13800
04
b1010 ?
b1010 c
b1010 C
#13850
b110100010 h
b111111 &
b111111 T
b111111 x
b111111 !"
b1011000 (
b1011000 U
b1011000 y
b1011000 ~
b1110101 *
b1110101 V
b1110101 z
b1110101 }
b10010110 ,
b10010110 W
b10010110 {
b10010110 |
b111111 i
b111111 [
b111111 %
b111111 w
b1011000 j
b1011000 \
b1011000 '
b1011000 v
b1110101 k
b1110101 ]
b1110101 )
b1110101 u
b10010110 l
b10010110 ^
b10010110 +
b10010110 t
b111 !
b111 N
b111 g
b111 p
b1000 "
b1000 O
b1000 f
b1000 o
b1001 #
b1001 P
b1001 e
b1001 n
b1010 $
b1010 Q
b1010 d
b1010 m
14
#13900
04
b1011 ?
b1011 c
b1011 C
#13950
b111010010 h
b1001000 &
b1001000 T
b1001000 x
b1001000 !"
b1100011 (
b1100011 U
b1100011 y
b1100011 ~
b10000010 *
b10000010 V
b10000010 z
b10000010 }
b10100101 ,
b10100101 W
b10100101 {
b10100101 |
b1001000 i
b1001000 [
b1001000 %
b1001000 w
b1100011 j
b1100011 \
b1100011 '
b1100011 v
b10000010 k
b10000010 ]
b10000010 )
b10000010 u
b10100101 l
b10100101 ^
b10100101 +
b10100101 t
b1000 !
b1000 N
b1000 g
b1000 p
b1001 "
b1001 O
b1001 f
b1001 o
b1010 #
b1010 P
b1010 e
b1010 n
b1011 $
b1011 Q
b1011 d
b1011 m
14
#14000
04
b1100 ?
b1100 c
b1100 C
#14050
b1000000010 h
b1010001 &
b1010001 T
b1010001 x
b1010001 !"
b1101110 (
b1101110 U
b1101110 y
b1101110 ~
b10001111 *
b10001111 V
b10001111 z
b10001111 }
b10110100 ,
b10110100 W
b10110100 {
b10110100 |
b1010001 i
b1010001 [
b1010001 %
b1010001 w
b1101110 j
b1101110 \
b1101110 '
b1101110 v
b10001111 k
b10001111 ]
b10001111 )
b10001111 u
b10110100 l
b10110100 ^
b10110100 +
b10110100 t
b1001 !
b1001 N
b1001 g
b1001 p
b1010 "
b1010 O
b1010 f
b1010 o
b1011 #
b1011 P
b1011 e
b1011 n
b1100 $
b1100 Q
b1100 d
b1100 m
14
#14100
04
b1101 ?
b1101 c
b1101 C
#14150
b1000110010 h
b1011010 &
b1011010 T
b1011010 x
b1011010 !"
b1111001 (
b1111001 U
b1111001 y
b1111001 ~
b10011100 *
b10011100 V
b10011100 z
b10011100 }
b11000011 ,
b11000011 W
b11000011 {
b11000011 |
b1011010 i
b1011010 [
b1011010 %
b1011010 w
b1111001 j
b1111001 \
b1111001 '
b1111001 v
b10011100 k
b10011100 ]
b10011100 )
b10011100 u
b11000011 l
b11000011 ^
b11000011 +
b11000011 t
b1010 !
b1010 N
b1010 g
b1010 p
b1011 "
b1011 O
b1011 f
b1011 o
b1100 #
b1100 P
b1100 e
b1100 n
b1101 $
b1101 Q
b1101 d
b1101 m
14
#14200
04
b1110 ?
b1110 c
b1110 C
#14250
b1001100010 h
b1100011 &
b1100011 T
b1100011 x
b1100011 !"
b10000100 (
b10000100 U
b10000100 y
b10000100 ~
b10101001 *
b10101001 V
b10101001 z
b10101001 }
b11010010 ,
b11010010 W
b11010010 {
b11010010 |
b1100011 i
b1100011 [
b1100011 %
b1100011 w
b10000100 j
b10000100 \
b10000100 '
b10000100 v
b10101001 k
b10101001 ]
b10101001 )
b10101001 u
b11010010 l
b11010010 ^
b11010010 +
b11010010 t
b1011 !
b1011 N
b1011 g
b1011 p
b1100 "
b1100 O
b1100 f
b1100 o
b1101 #
b1101 P
b1101 e
b1101 n
b1110 $
b1110 Q
b1110 d
b1110 m
14
#14300
04
b1111 ?
b1111 c
b1111 C
#14350
b1010010010 h
b1101100 &
b1101100 T
b1101100 x
b1101100 !"
b10001111 (
b10001111 U
b10001111 y
b10001111 ~
b10110110 *
b10110110 V
b10110110 z
b10110110 }
b11100001 ,
b11100001 W
b11100001 {
b11100001 |
b1101100 i
b1101100 [
b1101100 %
b1101100 w
b10001111 j
b10001111 \
b10001111 '
b10001111 v
b10110110 k
b10110110 ]
b10110110 )
b10110110 u
b11100001 l
b11100001 ^
b11100001 +
b11100001 t
b1100 !
b1100 N
b1100 g
b1100 p
b1101 "
b1101 O
b1101 f
b1101 o
b1110 #
b1110 P
b1110 e
b1110 n
b1111 $
b1111 Q
b1111 d
b1111 m
14
#14400
04
b10000 C
#14450
b1010110011 h
b1110101 &
b1110101 T
b1110101 x
b1110101 !"
b10011010 (
b10011010 U
b10011010 y
b10011010 ~
b11000011 *
b11000011 V
b11000011 z
b11000011 }
b1110101 i
b1110101 [
b1110101 %
b1110101 w
b10011010 j
b10011010 \
b10011010 '
b10011010 v
b11000011 k
b11000011 ]
b11000011 )
b11000011 u
b1101 !
b1101 N
b1101 g
b1101 p
b1110 "
b1110 O
b1110 f
b1110 o
b1111 #
b1111 P
b1111 e
b1111 n
14
#14500
04
#14550
b1011000111 h
b1111110 &
b1111110 T
b1111110 x
b1111110 !"
b10100101 (
b10100101 U
b10100101 y
b10100101 ~
b1111110 i
b1111110 [
b1111110 %
b1111110 w
b10100101 j
b10100101 \
b10100101 '
b10100101 v
b1110 !
b1110 N
b1110 g
b1110 p
b1111 "
b1111 O
b1111 f
b1111 o
14
#14600
04
#14650
b1011010000 h
b10000111 &
b10000111 T
b10000111 x
b10000111 !"
b10000111 i
b10000111 [
b10000111 %
b10000111 w
b1111 !
b1111 N
b1111 g
b1111 p
14
#14700
04
#14750
14
#14800
1X
b11 3
b11 Z
11
b11100001 R
1S
10
b1000 J
b11101001 ,
b11101001 W
b11101001 {
b11101001 |
04
b0 ?
b0 c
1>
0=
07
b10 $"
b10 8
b10 s
b111 E
b111 A
b111 B
#14850
b0 h
b0 R
b0 &
b0 T
b0 x
b0 !"
b0 (
b0 U
b0 y
b0 ~
b0 *
b0 V
b0 z
b0 }
b1000 ,
b1000 W
b1000 {
b1000 |
b0 i
b0 [
b0 %
b0 w
b0 j
b0 \
b0 '
b0 v
b0 k
b0 ]
b0 )
b0 u
b0 l
b0 ^
b0 +
b0 t
b0 !
b0 N
b0 g
b0 p
b0 "
b0 O
b0 f
b0 o
b0 #
b0 P
b0 e
b0 n
b0 $
b0 Q
b0 d
b0 m
14
#14900
04
b0 C
0>
#14950
14
#15000
04
b1 ?
b1 c
b1 C
1=
17
#15050
0X
01
b0 3
b0 Z
0S
b1111 h
00
b0 J
b1111 ,
b1111 W
b1111 {
b1111 |
b1111 l
b1111 ^
b1111 +
b1111 t
b1 $
b1 Q
b1 d
b1 m
14
#15100
04
b10 ?
b10 c
b10 C
#15150
b101011 h
b1101 *
b1101 V
b1101 z
b1101 }
b11110 ,
b11110 W
b11110 {
b11110 |
b1101 k
b1101 ]
b1101 )
b1101 u
b11110 l
b11110 ^
b11110 +
b11110 t
b1 #
b1 P
b1 e
b1 n
b10 $
b10 Q
b10 d
b10 m
14
#15200
04
b11 ?
b11 c
b11 C
#15250
b1010010 h
b1011 (
b1011 U
b1011 y
b1011 ~
b11010 *
b11010 V
b11010 z
b11010 }
b101101 ,
b101101 W
b101101 {
b101101 |
b1011 j
b1011 \
b1011 '
b1011 v
b11010 k
b11010 ]
b11010 )
b11010 u
b101101 l
b101101 ^
b101101 +
b101101 t
b1 "
b1 O
b1 f
b1 o
b10 #
b10 P
b10 e
b10 n
b11 $
b11 Q
b11 d
b11 m
14
#15300
04
b100 ?
b100 c
b100 C
#15350
b10000010 h
b1001 &
b1001 T
b1001 x
b1001 !"
b10110 (
b10110 U
b10110 y
b10110 ~
b100111 *
b100111 V
b100111 z
b100111 }
b111100 ,
b111100 W
b111100 {
b111100 |
b1001 i
b1001 [
b1001 %
b1001 w
b10110 j
b10110 \
b10110 '
b10110 v
b100111 k
b100111 ]
b100111 )
b100111 u
b111100 l
b111100 ^
b111100 +
b111100 t
b1 !
b1 N
b1 g
b1 p
b10 "
b10 O
b10 f
b10 o
b11 #
b11 P
b11 e
b11 n
b100 $
b100 Q
b100 d
b100 m
14
#15400
04
b101 ?
b101 c
b101 C
#15450
b10110010 h
b10010 &
b10010 T
b10010 x
b10010 !"
b100001 (
b100001 U
b100001 y
b100001 ~
b110100 *
b110100 V
b110100 z
b110100 }
b1001011 ,
b1001011 W
b1001011 {
b1001011 |
b10010 i
b10010 [
b10010 %
b10010 w
b100001 j
b100001 \
b100001 '
b100001 v
b110100 k
b110100 ]
b110100 )
b110100 u
b1001011 l
b1001011 ^
b1001011 +
b1001011 t
b10 !
b10 N
b10 g
b10 p
b11 "
b11 O
b11 f
b11 o
b100 #
b100 P
b100 e
b100 n
b101 $
b101 Q
b101 d
b101 m
14
#15500
04
b110 ?
b110 c
b110 C
#15550
b11100010 h
b11011 &
b11011 T
b11011 x
b11011 !"
b101100 (
b101100 U
b101100 y
b101100 ~
b1000001 *
b1000001 V
b1000001 z
b1000001 }
b1011010 ,
b1011010 W
b1011010 {
b1011010 |
b11011 i
b11011 [
b11011 %
b11011 w
b101100 j
b101100 \
b101100 '
b101100 v
b1000001 k
b1000001 ]
b1000001 )
b1000001 u
b1011010 l
b1011010 ^
b1011010 +
b1011010 t
b11 !
b11 N
b11 g
b11 p
b100 "
b100 O
b100 f
b100 o
b101 #
b101 P
b101 e
b101 n
b110 $
b110 Q
b110 d
b110 m
14
#15600
04
b111 ?
b111 c
b111 C
#15650
b100010010 h
b100100 &
b100100 T
b100100 x
b100100 !"
b110111 (
b110111 U
b110111 y
b110111 ~
b1001110 *
b1001110 V
b1001110 z
b1001110 }
b1101001 ,
b1101001 W
b1101001 {
b1101001 |
b100100 i
b100100 [
b100100 %
b100100 w
b110111 j
b110111 \
b110111 '
b110111 v
b1001110 k
b1001110 ]
b1001110 )
b1001110 u
b1101001 l
b1101001 ^
b1101001 +
b1101001 t
b100 !
b100 N
b100 g
b100 p
b101 "
b101 O
b101 f
b101 o
b110 #
b110 P
b110 e
b110 n
b111 $
b111 Q
b111 d
b111 m
14
#15700
04
b1000 ?
b1000 c
b1000 C
#15750
b101000010 h
b101101 &
b101101 T
b101101 x
b101101 !"
b1000010 (
b1000010 U
b1000010 y
b1000010 ~
b1011011 *
b1011011 V
b1011011 z
b1011011 }
b1111000 ,
b1111000 W
b1111000 {
b1111000 |
b101101 i
b101101 [
b101101 %
b101101 w
b1000010 j
b1000010 \
b1000010 '
b1000010 v
b1011011 k
b1011011 ]
b1011011 )
b1011011 u
b1111000 l
b1111000 ^
b1111000 +
b1111000 t
b101 !
b101 N
b101 g
b101 p
b110 "
b110 O
b110 f
b110 o
b111 #
b111 P
b111 e
b111 n
b1000 $
b1000 Q
b1000 d
b1000 m
14
#15800
04
b1001 ?
b1001 c
b1001 C
#15850
1X
b11 3
b11 Z
11
b10000111 R
1S
b101110010 h
10
b1000 J
b110110 &
b110110 T
b110110 x
b110110 !"
b1001101 (
b1001101 U
b1001101 y
b1001101 ~
b1101000 *
b1101000 V
b1101000 z
b1101000 }
b10001111 ,
b10001111 W
b10001111 {
b10001111 |
b110110 i
b110110 [
b110110 %
b110110 w
b1001101 j
b1001101 \
b1001101 '
b1001101 v
b1101000 k
b1101000 ]
b1101000 )
b1101000 u
b10000111 l
b10000111 ^
b10000111 +
b10000111 t
b110 !
b110 N
b110 g
b110 p
b111 "
b111 O
b111 f
b111 o
b1000 #
b1000 P
b1000 e
b1000 n
b1001 $
b1001 Q
b1001 d
b1001 m
14
#15900
04
b1010 ?
b1010 c
b1010 C
#15950
b110100010 h
b10010110 R
b111111 &
b111111 T
b111111 x
b111111 !"
b1011000 (
b1011000 U
b1011000 y
b1011000 ~
b1110101 *
b1110101 V
b1110101 z
b1110101 }
b10011110 ,
b10011110 W
b10011110 {
b10011110 |
b111111 i
b111111 [
b111111 %
b111111 w
b1011000 j
b1011000 \
b1011000 '
b1011000 v
b1110101 k
b1110101 ]
b1110101 )
b1110101 u
b10010110 l
b10010110 ^
b10010110 +
b10010110 t
b111 !
b111 N
b111 g
b111 p
b1000 "
b1000 O
b1000 f
b1000 o
b1001 #
b1001 P
b1001 e
b1001 n
b1010 $
b1010 Q
b1010 d
b1010 m
14
#16000
04
b1011 ?
b1011 c
b1011 C
#16050
b111010010 h
b10100101 R
b1001000 &
b1001000 T
b1001000 x
b1001000 !"
b1100011 (
b1100011 U
b1100011 y
b1100011 ~
b10000010 *
b10000010 V
b10000010 z
b10000010 }
b10101101 ,
b10101101 W
b10101101 {
b10101101 |
b1001000 i
b1001000 [
b1001000 %
b1001000 w
b1100011 j
b1100011 \
b1100011 '
b1100011 v
b10000010 k
b10000010 ]
b10000010 )
b10000010 u
b10100101 l
b10100101 ^
b10100101 +
b10100101 t
b1000 !
b1000 N
b1000 g
b1000 p
b1001 "
b1001 O
b1001 f
b1001 o
b1010 #
b1010 P
b1010 e
b1010 n
b1011 $
b1011 Q
b1011 d
b1011 m
14
#16100
04
b1100 ?
b1100 c
b1100 C
#16150
b1000000010 h
b10110100 R
b1010001 &
b1010001 T
b1010001 x
b1010001 !"
b1101110 (
b1101110 U
b1101110 y
b1101110 ~
b10001111 *
b10001111 V
b10001111 z
b10001111 }
b10111100 ,
b10111100 W
b10111100 {
b10111100 |
b1010001 i
b1010001 [
b1010001 %
b1010001 w
b1101110 j
b1101110 \
b1101110 '
b1101110 v
b10001111 k
b10001111 ]
b10001111 )
b10001111 u
b10110100 l
b10110100 ^
b10110100 +
b10110100 t
b1001 !
b1001 N
b1001 g
b1001 p
b1010 "
b1010 O
b1010 f
b1010 o
b1011 #
b1011 P
b1011 e
b1011 n
b1100 $
b1100 Q
b1100 d
b1100 m
14
#16200
04
b1101 ?
b1101 c
b1101 C
#16250
b1000110010 h
b11000011 R
b1011010 &
b1011010 T
b1011010 x
b1011010 !"
b1111001 (
b1111001 U
b1111001 y
b1111001 ~
b10011100 *
b10011100 V
b10011100 z
b10011100 }
b11001011 ,
b11001011 W
b11001011 {
b11001011 |
b1011010 i
b1011010 [
b1011010 %
b1011010 w
b1111001 j
b1111001 \
b1111001 '
b1111001 v
b10011100 k
b10011100 ]
b10011100 )
b10011100 u
b11000011 l
b11000011 ^
b11000011 +
b11000011 t
b1010 !
b1010 N
b1010 g
b1010 p
b1011 "
b1011 O
b1011 f
b1011 o
b1100 #
b1100 P
b1100 e
b1100 n
b1101 $
b1101 Q
b1101 d
b1101 m
14
#16300
04
b1110 ?
b1110 c
b1110 C
#16350
b1001100010 h
b11010010 R
b1100011 &
b1100011 T
b1100011 x
b1100011 !"
b10000100 (
b10000100 U
b10000100 y
b10000100 ~
b10101001 *
b10101001 V
b10101001 z
b10101001 }
b11011010 ,
b11011010 W
b11011010 {
b11011010 |
b1100011 i
b1100011 [
b1100011 %
b1100011 w
b10000100 j
b10000100 \
b10000100 '
b10000100 v
b10101001 k
b10101001 ]
b10101001 )
b10101001 u
b11010010 l
b11010010 ^
b11010010 +
b11010010 t
b1011 !
b1011 N
b1011 g
b1011 p
b1100 "
b1100 O
b1100 f
b1100 o
b1101 #
b1101 P
b1101 e
b1101 n
b1110 $
b1110 Q
b1110 d
b1110 m
14
#16400
04
b1111 ?
b1111 c
b1111 C
#16450
b1010010010 h
b11100001 R
b1101100 &
b1101100 T
b1101100 x
b1101100 !"
b10001111 (
b10001111 U
b10001111 y
b10001111 ~
b10110110 *
b10110110 V
b10110110 z
b10110110 }
b11101001 ,
b11101001 W
b11101001 {
b11101001 |
b1101100 i
b1101100 [
b1101100 %
b1101100 w
b10001111 j
b10001111 \
b10001111 '
b10001111 v
b10110110 k
b10110110 ]
b10110110 )
b10110110 u
b11100001 l
b11100001 ^
b11100001 +
b11100001 t
b1100 !
b1100 N
b1100 g
b1100 p
b1101 "
b1101 O
b1101 f
b1101 o
b1110 #
b1110 P
b1110 e
b1110 n
b1111 $
b1111 Q
b1111 d
b1111 m
14
#16500
04
b10000 C
#16550
b1010110011 h
b1110101 &
b1110101 T
b1110101 x
b1110101 !"
b10011010 (
b10011010 U
b10011010 y
b10011010 ~
b11000011 *
b11000011 V
b11000011 z
b11000011 }
b11101001 ,
b11101001 W
b11101001 {
b11101001 |
b1110101 i
b1110101 [
b1110101 %
b1110101 w
b10011010 j
b10011010 \
b10011010 '
b10011010 v
b11000011 k
b11000011 ]
b11000011 )
b11000011 u
b1101 !
b1101 N
b1101 g
b1101 p
b1110 "
b1110 O
b1110 f
b1110 o
b1111 #
b1111 P
b1111 e
b1111 n
14
#16600
04
#16650
b1011000111 h
b1111110 &
b1111110 T
b1111110 x
b1111110 !"
b10100101 (
b10100101 U
b10100101 y
b10100101 ~
b11101001 ,
b11101001 W
b11101001 {
b11101001 |
b1111110 i
b1111110 [
b1111110 %
b1111110 w
b10100101 j
b10100101 \
b10100101 '
b10100101 v
b1110 !
b1110 N
b1110 g
b1110 p
b1111 "
b1111 O
b1111 f
b1111 o
14
#16700
04
#16750
b1011010000 h
b10000111 &
b10000111 T
b10000111 x
b10000111 !"
b11101001 ,
b11101001 W
b11101001 {
b11101001 |
b10000111 i
b10000111 [
b10000111 %
b10000111 w
b1111 !
b1111 N
b1111 g
b1111 p
14
#16800
04
#16850
14
#16900
0X
01
b0 3
b0 Z
b0 R
0S
00
b0 J
b11100001 ,
b11100001 W
b11100001 {
b11100001 |
04
b0 ?
b0 c
1>
0=
07
b100 5
b100 q
b1 $"
b100 ""
b100 @
b1 8
b1 s
b1000 E
b1000 A
b1000 B
#16950
b0 h
b0 &
b0 T
b0 x
b0 !"
b0 (
b0 U
b0 y
b0 ~
b0 *
b0 V
b0 z
b0 }
b0 ,
b0 W
b0 {
b0 |
b0 i
b0 [
b0 %
b0 w
b0 j
b0 \
b0 '
b0 v
b0 k
b0 ]
b0 )
b0 u
b0 l
b0 ^
b0 +
b0 t
b0 !
b0 N
b0 g
b0 p
b0 "
b0 O
b0 f
b0 o
b0 #
b0 P
b0 e
b0 n
b0 $
b0 Q
b0 d
b0 m
14
#17000
04
b0 C
0>
#17050
14
#17100
04
b1 ?
b1 c
b1 C
#17150
b1111 h
b1111 ,
b1111 W
b1111 {
b1111 |
b1111 l
b1111 ^
b1111 +
b1111 t
b1 $
b1 Q
b1 d
b1 m
14
#17200
04
b10 ?
b10 c
b10 C
#17250
b100 3
b100 Z
11
b11110 R
b101011 h
10
b10000 J
b1101 *
b1101 V
b1101 z
b1101 }
b1110 ,
b1110 W
b1110 {
b1110 |
b1101 k
b1101 ]
b1101 )
b1101 u
b11110 l
b11110 ^
b11110 +
b11110 t
b1 #
b1 P
b1 e
b1 n
b10 $
b10 Q
b10 d
b10 m
14
#17300
04
b11 ?
b11 c
b11 C
1=
17
#17350
01
b0 3
b0 Z
b1010010 h
b0 R
00
b0 J
b1011 (
b1011 U
b1011 y
b1011 ~
b11010 *
b11010 V
b11010 z
b11010 }
b101101 ,
b101101 W
b101101 {
b101101 |
b1011 j
b1011 \
b1011 '
b1011 v
b11010 k
b11010 ]
b11010 )
b11010 u
b101101 l
b101101 ^
b101101 +
b101101 t
b1 "
b1 O
b1 f
b1 o
b10 #
b10 P
b10 e
b10 n
b11 $
b11 Q
b11 d
b11 m
14
#17400
04
b100 ?
b100 c
b100 C
#17450
b100 3
b100 Z
11
b111100 R
b10000010 h
10
b10000 J
b1001 &
b1001 T
b1001 x
b1001 !"
b10110 (
b10110 U
b10110 y
b10110 ~
b100111 *
b100111 V
b100111 z
b100111 }
b101100 ,
b101100 W
b101100 {
b101100 |
b1001 i
b1001 [
b1001 %
b1001 w
b10110 j
b10110 \
b10110 '
b10110 v
b100111 k
b100111 ]
b100111 )
b100111 u
b111100 l
b111100 ^
b111100 +
b111100 t
b1 !
b1 N
b1 g
b1 p
b10 "
b10 O
b10 f
b10 o
b11 #
b11 P
b11 e
b11 n
b100 $
b100 Q
b100 d
b100 m
14
#17500
04
b101 ?
b101 c
b101 C
#17550
01
b0 3
b0 Z
b10110010 h
b0 R
00
b0 J
b10010 &
b10010 T
b10010 x
b10010 !"
b100001 (
b100001 U
b100001 y
b100001 ~
b110100 *
b110100 V
b110100 z
b110100 }
b1001011 ,
b1001011 W
b1001011 {
b1001011 |
b10010 i
b10010 [
b10010 %
b10010 w
b100001 j
b100001 \
b100001 '
b100001 v
b110100 k
b110100 ]
b110100 )
b110100 u
b1001011 l
b1001011 ^
b1001011 +
b1001011 t
b10 !
b10 N
b10 g
b10 p
b11 "
b11 O
b11 f
b11 o
b100 #
b100 P
b100 e
b100 n
b101 $
b101 Q
b101 d
b101 m
14
#17600
04
b110 ?
b110 c
b110 C
#17650
b100 3
b100 Z
11
b1011010 R
b11100010 h
10
b10000 J
b11011 &
b11011 T
b11011 x
b11011 !"
b101100 (
b101100 U
b101100 y
b101100 ~
b1000001 *
b1000001 V
b1000001 z
b1000001 }
b1001010 ,
b1001010 W
b1001010 {
b1001010 |
b11011 i
b11011 [
b11011 %
b11011 w
b101100 j
b101100 \
b101100 '
b101100 v
b1000001 k
b1000001 ]
b1000001 )
b1000001 u
b1011010 l
b1011010 ^
b1011010 +
b1011010 t
b11 !
b11 N
b11 g
b11 p
b100 "
b100 O
b100 f
b100 o
b101 #
b101 P
b101 e
b101 n
b110 $
b110 Q
b110 d
b110 m
14
#17700
04
b111 ?
b111 c
b111 C
#17750
01
b0 3
b0 Z
b100010010 h
b0 R
00
b0 J
b100100 &
b100100 T
b100100 x
b100100 !"
b110111 (
b110111 U
b110111 y
b110111 ~
b1001110 *
b1001110 V
b1001110 z
b1001110 }
b1101001 ,
b1101001 W
b1101001 {
b1101001 |
b100100 i
b100100 [
b100100 %
b100100 w
b110111 j
b110111 \
b110111 '
b110111 v
b1001110 k
b1001110 ]
b1001110 )
b1001110 u
b1101001 l
b1101001 ^
b1101001 +
b1101001 t
b100 !
b100 N
b100 g
b100 p
b101 "
b101 O
b101 f
b101 o
b110 #
b110 P
b110 e
b110 n
b111 $
b111 Q
b111 d
b111 m
14
#17800
04
b1000 ?
b1000 c
b1000 C
#17850
b100 3
b100 Z
11
b1111000 R
b101000010 h
10
b10000 J
b101101 &
b101101 T
b101101 x
b101101 !"
b1000010 (
b1000010 U
b1000010 y
b1000010 ~
b1011011 *
b1011011 V
b1011011 z
b1011011 }
b1101000 ,
b1101000 W
b1101000 {
b1101000 |
b101101 i
b101101 [
b101101 %
b101101 w
b1000010 j
b1000010 \
b1000010 '
b1000010 v
b1011011 k
b1011011 ]
b1011011 )
b1011011 u
b1111000 l
b1111000 ^
b1111000 +
b1111000 t
b101 !
b101 N
b101 g
b101 p
b110 "
b110 O
b110 f
b110 o
b111 #
b111 P
b111 e
b111 n
b1000 $
b1000 Q
b1000 d
b1000 m
14
#17900
04
b1001 ?
b1001 c
b1001 C
#17950
01
b0 3
b0 Z
b101110010 h
b0 R
00
b0 J
b110110 &
b110110 T
b110110 x
b110110 !"
b1001101 (
b1001101 U
b1001101 y
b1001101 ~
b1101000 *
b1101000 V
b1101000 z
b1101000 }
b10000111 ,
b10000111 W
b10000111 {
b10000111 |
b110110 i
b110110 [
b110110 %
b110110 w
b1001101 j
b1001101 \
b1001101 '
b1001101 v
b1101000 k
b1101000 ]
b1101000 )
b1101000 u
b10000111 l
b10000111 ^
b10000111 +
b10000111 t
b110 !
b110 N
b110 g
b110 p
b111 "
b111 O
b111 f
b111 o
b1000 #
b1000 P
b1000 e
b1000 n
b1001 $
b1001 Q
b1001 d
b1001 m
14
#18000
04
b1010 ?
b1010 c
b1010 C
#18050
b100 3
b100 Z
11
b10010110 R
b110100010 h
10
b10000 J
b111111 &
b111111 T
b111111 x
b111111 !"
b1011000 (
b1011000 U
b1011000 y
b1011000 ~
b1110101 *
b1110101 V
b1110101 z
b1110101 }
b10000110 ,
b10000110 W
b10000110 {
b10000110 |
b111111 i
b111111 [
b111111 %
b111111 w
b1011000 j
b1011000 \
b1011000 '
b1011000 v
b1110101 k
b1110101 ]
b1110101 )
b1110101 u
b10010110 l
b10010110 ^
b10010110 +
b10010110 t
b111 !
b111 N
b111 g
b111 p
b1000 "
b1000 O
b1000 f
b1000 o
b1001 #
b1001 P
b1001 e
b1001 n
b1010 $
b1010 Q
b1010 d
b1010 m
14
#18100
04
b1011 ?
b1011 c
b1011 C
#18150
01
b0 3
b0 Z
b111010010 h
b0 R
00
b0 J
b1001000 &
b1001000 T
b1001000 x
b1001000 !"
b1100011 (
b1100011 U
b1100011 y
b1100011 ~
b10000010 *
b10000010 V
b10000010 z
b10000010 }
b10100101 ,
b10100101 W
b10100101 {
b10100101 |
b1001000 i
b1001000 [
b1001000 %
b1001000 w
b1100011 j
b1100011 \
b1100011 '
b1100011 v
b10000010 k
b10000010 ]
b10000010 )
b10000010 u
b10100101 l
b10100101 ^
b10100101 +
b10100101 t
b1000 !
b1000 N
b1000 g
b1000 p
b1001 "
b1001 O
b1001 f
b1001 o
b1010 #
b1010 P
b1010 e
b1010 n
b1011 $
b1011 Q
b1011 d
b1011 m
14
#18200
04
b1100 ?
b1100 c
b1100 C
#18250
b100 3
b100 Z
11
b10110100 R
b1000000010 h
10
b10000 J
b1010001 &
b1010001 T
b1010001 x
b1010001 !"
b1101110 (
b1101110 U
b1101110 y
b1101110 ~
b10001111 *
b10001111 V
b10001111 z
b10001111 }
b10100100 ,
b10100100 W
b10100100 {
b10100100 |
b1010001 i
b1010001 [
b1010001 %
b1010001 w
b1101110 j
b1101110 \
b1101110 '
b1101110 v
b10001111 k
b10001111 ]
b10001111 )
b10001111 u
b10110100 l
b10110100 ^
b10110100 +
b10110100 t
b1001 !
b1001 N
b1001 g
b1001 p
b1010 "
b1010 O
b1010 f
b1010 o
b1011 #
b1011 P
b1011 e
b1011 n
b1100 $
b1100 Q
b1100 d
b1100 m
14
#18300
04
b1101 ?
b1101 c
b1101 C
#18350
01
b0 3
b0 Z
b1000110010 h
b0 R
00
b0 J
b1011010 &
b1011010 T
b1011010 x
b1011010 !"
b1111001 (
b1111001 U
b1111001 y
b1111001 ~
b10011100 *
b10011100 V
b10011100 z
b10011100 }
b11000011 ,
b11000011 W
b11000011 {
b11000011 |
b1011010 i
b1011010 [
b1011010 %
b1011010 w
b1111001 j
b1111001 \
b1111001 '
b1111001 v
b10011100 k
b10011100 ]
b10011100 )
b10011100 u
b11000011 l
b11000011 ^
b11000011 +
b11000011 t
b1010 !
b1010 N
b1010 g
b1010 p
b1011 "
b1011 O
b1011 f
b1011 o
b1100 #
b1100 P
b1100 e
b1100 n
b1101 $
b1101 Q
b1101 d
b1101 m
14
#18400
04
b1110 ?
b1110 c
b1110 C
#18450
b100 3
b100 Z
11
b11010010 R
b1001100010 h
10
b10000 J
b1100011 &
b1100011 T
b1100011 x
b1100011 !"
b10000100 (
b10000100 U
b10000100 y
b10000100 ~
b10101001 *
b10101001 V
b10101001 z
b10101001 }
b11000010 ,
b11000010 W
b11000010 {
b11000010 |
b1100011 i
b1100011 [
b1100011 %
b1100011 w
b10000100 j
b10000100 \
b10000100 '
b10000100 v
b10101001 k
b10101001 ]
b10101001 )
b10101001 u
b11010010 l
b11010010 ^
b11010010 +
b11010010 t
b1011 !
b1011 N
b1011 g
b1011 p
b1100 "
b1100 O
b1100 f
b1100 o
b1101 #
b1101 P
b1101 e
b1101 n
b1110 $
b1110 Q
b1110 d
b1110 m
14
#18500
04
b1111 ?
b1111 c
b1111 C
#18550
01
b0 3
b0 Z
b1010010010 h
b0 R
00
b0 J
b1101100 &
b1101100 T
b1101100 x
b1101100 !"
b10001111 (
b10001111 U
b10001111 y
b10001111 ~
b10110110 *
b10110110 V
b10110110 z
b10110110 }
b11100001 ,
b11100001 W
b11100001 {
b11100001 |
b1101100 i
b1101100 [
b1101100 %
b1101100 w
b10001111 j
b10001111 \
b10001111 '
b10001111 v
b10110110 k
b10110110 ]
b10110110 )
b10110110 u
b11100001 l
b11100001 ^
b11100001 +
b11100001 t
b1100 !
b1100 N
b1100 g
b1100 p
b1101 "
b1101 O
b1101 f
b1101 o
b1110 #
b1110 P
b1110 e
b1110 n
b1111 $
b1111 Q
b1111 d
b1111 m
14
#18600
04
b10000 C
#18650
b1010110011 h
b1110101 &
b1110101 T
b1110101 x
b1110101 !"
b10011010 (
b10011010 U
b10011010 y
b10011010 ~
b11000011 *
b11000011 V
b11000011 z
b11000011 }
b1110101 i
b1110101 [
b1110101 %
b1110101 w
b10011010 j
b10011010 \
b10011010 '
b10011010 v
b11000011 k
b11000011 ]
b11000011 )
b11000011 u
b1101 !
b1101 N
b1101 g
b1101 p
b1110 "
b1110 O
b1110 f
b1110 o
b1111 #
b1111 P
b1111 e
b1111 n
14
#18700
04
#18750
b1011000111 h
b1111110 &
b1111110 T
b1111110 x
b1111110 !"
b10100101 (
b10100101 U
b10100101 y
b10100101 ~
b1111110 i
b1111110 [
b1111110 %
b1111110 w
b10100101 j
b10100101 \
b10100101 '
b10100101 v
b1110 !
b1110 N
b1110 g
b1110 p
b1111 "
b1111 O
b1111 f
b1111 o
14
#18800
04
#18850
b1011010000 h
b10000111 &
b10000111 T
b10000111 x
b10000111 !"
b10000111 i
b10000111 [
b10000111 %
b10000111 w
b1111 !
b1111 N
b1111 g
b1111 p
14
#18900
04
#18950
14
#19000
1X
b100 3
b100 Z
11
b11100001 R
1S
10
b10000 J
b11110001 ,
b11110001 W
b11110001 {
b11110001 |
04
b0 ?
b0 c
1>
0=
07
b10 $"
b10 8
b10 s
b1001 E
b1001 A
b1001 B
#19050
b0 h
b0 R
b0 &
b0 T
b0 x
b0 !"
b0 (
b0 U
b0 y
b0 ~
b0 *
b0 V
b0 z
b0 }
b10000 ,
b10000 W
b10000 {
b10000 |
b0 i
b0 [
b0 %
b0 w
b0 j
b0 \
b0 '
b0 v
b0 k
b0 ]
b0 )
b0 u
b0 l
b0 ^
b0 +
b0 t
b0 !
b0 N
b0 g
b0 p
b0 "
b0 O
b0 f
b0 o
b0 #
b0 P
b0 e
b0 n
b0 $
b0 Q
b0 d
b0 m
14
#19100
04
b0 C
0>
#19150
14
#19200
04
b1 ?
b1 c
b1 C
1=
17
#19250
b1111 h
b1111 R
b11111 ,
b11111 W
b11111 {
b11111 |
b1111 l
b1111 ^
b1111 +
b1111 t
b1 $
b1 Q
b1 d
b1 m
14
#19300
04
b10 ?
b10 c
b10 C
#19350
0X
01
b0 3
b0 Z
0S
b101011 h
b0 R
00
b0 J
b1101 *
b1101 V
b1101 z
b1101 }
b11110 ,
b11110 W
b11110 {
b11110 |
b1101 k
b1101 ]
b1101 )
b1101 u
b11110 l
b11110 ^
b11110 +
b11110 t
b1 #
b1 P
b1 e
b1 n
b10 $
b10 Q
b10 d
b10 m
14
#19400
04
b11 ?
b11 c
b11 C
#19450
1X
b100 3
b100 Z
11
b101101 R
1S
b1010010 h
10
b10000 J
b1011 (
b1011 U
b1011 y
b1011 ~
b11010 *
b11010 V
b11010 z
b11010 }
b111101 ,
b111101 W
b111101 {
b111101 |
b1011 j
b1011 \
b1011 '
b1011 v
b11010 k
b11010 ]
b11010 )
b11010 u
b101101 l
b101101 ^
b101101 +
b101101 t
b1 "
b1 O
b1 f
b1 o
b10 #
b10 P
b10 e
b10 n
b11 $
b11 Q
b11 d
b11 m
14
#19500
04
b100 ?
b100 c
b100 C
#19550
0X
01
b0 3
b0 Z
0S
b10000010 h
b0 R
00
b0 J
b1001 &
b1001 T
b1001 x
b1001 !"
b10110 (
b10110 U
b10110 y
b10110 ~
b100111 *
b100111 V
b100111 z
b100111 }
b111100 ,
b111100 W
b111100 {
b111100 |
b1001 i
b1001 [
b1001 %
b1001 w
b10110 j
b10110 \
b10110 '
b10110 v
b100111 k
b100111 ]
b100111 )
b100111 u
b111100 l
b111100 ^
b111100 +
b111100 t
b1 !
b1 N
b1 g
b1 p
b10 "
b10 O
b10 f
b10 o
b11 #
b11 P
b11 e
b11 n
b100 $
b100 Q
b100 d
b100 m
14
#19600
04
b101 ?
b101 c
b101 C
#19650
1X
b100 3
b100 Z
11
b1001011 R
1S
b10110010 h
10
b10000 J
b10010 &
b10010 T
b10010 x
b10010 !"
b100001 (
b100001 U
b100001 y
b100001 ~
b110100 *
b110100 V
b110100 z
b110100 }
b1011011 ,
b1011011 W
b1011011 {
b1011011 |
b10010 i
b10010 [
b10010 %
b10010 w
b100001 j
b100001 \
b100001 '
b100001 v
b110100 k
b110100 ]
b110100 )
b110100 u
b1001011 l
b1001011 ^
b1001011 +
b1001011 t
b10 !
b10 N
b10 g
b10 p
b11 "
b11 O
b11 f
b11 o
b100 #
b100 P
b100 e
b100 n
b101 $
b101 Q
b101 d
b101 m
14
#19700
04
b110 ?
b110 c
b110 C
#19750
0X
01
b0 3
b0 Z
0S
b11100010 h
b0 R
00
b0 J
b11011 &
b11011 T
b11011 x
b11011 !"
b101100 (
b101100 U
b101100 y
b101100 ~
b1000001 *
b1000001 V
b1000001 z
b1000001 }
b1011010 ,
b1011010 W
b1011010 {
b1011010 |
b11011 i
b11011 [
b11011 %
b11011 w
b101100 j
b101100 \
b101100 '
b101100 v
b1000001 k
b1000001 ]
b1000001 )
b1000001 u
b1011010 l
b1011010 ^
b1011010 +
b1011010 t
b11 !
b11 N
b11 g
b11 p
b100 "
b100 O
b100 f
b100 o
b101 #
b101 P
b101 e
b101 n
b110 $
b110 Q
b110 d
b110 m
14
#19800
04
b111 ?
b111 c
b111 C
#19850
1X
b100 3
b100 Z
11
b1101001 R
1S
b100010010 h
10
b10000 J
b100100 &
b100100 T
b100100 x
b100100 !"
b110111 (
b110111 U
b110111 y
b110111 ~
b1001110 *
b1001110 V
b1001110 z
b1001110 }
b1111001 ,
b1111001 W
b1111001 {
b1111001 |
b100100 i
b100100 [
b100100 %
b100100 w
b110111 j
b110111 \
b110111 '
b110111 v
b1001110 k
b1001110 ]
b1001110 )
b1001110 u
b1101001 l
b1101001 ^
b1101001 +
b1101001 t
b100 !
b100 N
b100 g
b100 p
b101 "
b101 O
b101 f
b101 o
b110 #
b110 P
b110 e
b110 n
b111 $
b111 Q
b111 d
b111 m
14
#19900
04
b1000 ?
b1000 c
b1000 C
#19950
0X
01
b0 3
b0 Z
0S
b101000010 h
b0 R
00
b0 J
b101101 &
b101101 T
b101101 x
b101101 !"
b1000010 (
b1000010 U
b1000010 y
b1000010 ~
b1011011 *
b1011011 V
b1011011 z
b1011011 }
b1111000 ,
b1111000 W
b1111000 {
b1111000 |
b101101 i
b101101 [
b101101 %
b101101 w
b1000010 j
b1000010 \
b1000010 '
b1000010 v
b1011011 k
b1011011 ]
b1011011 )
b1011011 u
b1111000 l
b1111000 ^
b1111000 +
b1111000 t
b101 !
b101 N
b101 g
b101 p
b110 "
b110 O
b110 f
b110 o
b111 #
b111 P
b111 e
b111 n
b1000 $
b1000 Q
b1000 d
b1000 m
14
#20000
04
b1001 ?
b1001 c
b1001 C
#20050
1X
b100 3
b100 Z
11
b10000111 R
1S
b101110010 h
10
b10000 J
b110110 &
b110110 T
b110110 x
b110110 !"
b1001101 (
b1001101 U
b1001101 y
b1001101 ~
b1101000 *
b1101000 V
b1101000 z
b1101000 }
b10010111 ,
b10010111 W
b10010111 {
b10010111 |
b110110 i
b110110 [
b110110 %
b110110 w
b1001101 j
b1001101 \
b1001101 '
b1001101 v
b1101000 k
b1101000 ]
b1101000 )
b1101000 u
b10000111 l
b10000111 ^
b10000111 +
b10000111 t
b110 !
b110 N
b110 g
b110 p
b111 "
b111 O
b111 f
b111 o
b1000 #
b1000 P
b1000 e
b1000 n
b1001 $
b1001 Q
b1001 d
b1001 m
14
#20100
04
b1010 ?
b1010 c
b1010 C
#20150
0X
01
b0 3
b0 Z
0S
b110100010 h
b0 R
00
b0 J
b111111 &
b111111 T
b111111 x
b111111 !"
b1011000 (
b1011000 U
b1011000 y
b1011000 ~
b1110101 *
b1110101 V
b1110101 z
b1110101 }
b10010110 ,
b10010110 W
b10010110 {
b10010110 |
b111111 i
b111111 [
b111111 %
b111111 w
b1011000 j
b1011000 \
b1011000 '
b1011000 v
b1110101 k
b1110101 ]
b1110101 )
b1110101 u
b10010110 l
b10010110 ^
b10010110 +
b10010110 t
b111 !
b111 N
b111 g
b111 p
b1000 "
b1000 O
b1000 f
b1000 o
b1001 #
b1001 P
b1001 e
b1001 n
b1010 $
b1010 Q
b1010 d
b1010 m
14
#20200
04
b1011 ?
b1011 c
b1011 C
#20250
1X
b100 3
b100 Z
11
b10100101 R
1S
b111010010 h
10
b10000 J
b1001000 &
b1001000 T
b1001000 x
b1001000 !"
b1100011 (
b1100011 U
b1100011 y
b1100011 ~
b10000010 *
b10000010 V
b10000010 z
b10000010 }
b10110101 ,
b10110101 W
b10110101 {
b10110101 |
b1001000 i
b1001000 [
b1001000 %
b1001000 w
b1100011 j
b1100011 \
b1100011 '
b1100011 v
b10000010 k
b10000010 ]
b10000010 )
b10000010 u
b10100101 l
b10100101 ^
b10100101 +
b10100101 t
b1000 !
b1000 N
b1000 g
b1000 p
b1001 "
b1001 O
b1001 f
b1001 o
b1010 #
b1010 P
b1010 e
b1010 n
b1011 $
b1011 Q
b1011 d
b1011 m
14
#20300
04
b1100 ?
b1100 c
b1100 C
#20350
0X
01
b0 3
b0 Z
0S
b1000000010 h
b0 R
00
b0 J
b1010001 &
b1010001 T
b1010001 x
b1010001 !"
b1101110 (
b1101110 U
b1101110 y
b1101110 ~
b10001111 *
b10001111 V
b10001111 z
b10001111 }
b10110100 ,
b10110100 W
b10110100 {
b10110100 |
b1010001 i
b1010001 [
b1010001 %
b1010001 w
b1101110 j
b1101110 \
b1101110 '
b1101110 v
b10001111 k
b10001111 ]
b10001111 )
b10001111 u
b10110100 l
b10110100 ^
b10110100 +
b10110100 t
b1001 !
b1001 N
b1001 g
b1001 p
b1010 "
b1010 O
b1010 f
b1010 o
b1011 #
b1011 P
b1011 e
b1011 n
b1100 $
b1100 Q
b1100 d
b1100 m
14
#20400
04
b1101 ?
b1101 c
b1101 C
#20450
1X
b100 3
b100 Z
11
b11000011 R
1S
b1000110010 h
10
b10000 J
b1011010 &
b1011010 T
b1011010 x
b1011010 !"
b1111001 (
b1111001 U
b1111001 y
b1111001 ~
b10011100 *
b10011100 V
b10011100 z
b10011100 }
b11010011 ,
b11010011 W
b11010011 {
b11010011 |
b1011010 i
b1011010 [
b1011010 %
b1011010 w
b1111001 j
b1111001 \
b1111001 '
b1111001 v
b10011100 k
b10011100 ]
b10011100 )
b10011100 u
b11000011 l
b11000011 ^
b11000011 +
b11000011 t
b1010 !
b1010 N
b1010 g
b1010 p
b1011 "
b1011 O
b1011 f
b1011 o
b1100 #
b1100 P
b1100 e
b1100 n
b1101 $
b1101 Q
b1101 d
b1101 m
14
#20500
04
b1110 ?
b1110 c
b1110 C
#20550
0X
01
b0 3
b0 Z
0S
b1001100010 h
b0 R
00
b0 J
b1100011 &
b1100011 T
b1100011 x
b1100011 !"
b10000100 (
b10000100 U
b10000100 y
b10000100 ~
b10101001 *
b10101001 V
b10101001 z
b10101001 }
b11010010 ,
b11010010 W
b11010010 {
b11010010 |
b1100011 i
b1100011 [
b1100011 %
b1100011 w
b10000100 j
b10000100 \
b10000100 '
b10000100 v
b10101001 k
b10101001 ]
b10101001 )
b10101001 u
b11010010 l
b11010010 ^
b11010010 +
b11010010 t
b1011 !
b1011 N
b1011 g
b1011 p
b1100 "
b1100 O
b1100 f
b1100 o
b1101 #
b1101 P
b1101 e
b1101 n
b1110 $
b1110 Q
b1110 d
b1110 m
14
#20600
04
b1111 ?
b1111 c
b1111 C
#20650
1X
b100 3
b100 Z
11
b11100001 R
1S
b1010010010 h
10
b10000 J
b1101100 &
b1101100 T
b1101100 x
b1101100 !"
b10001111 (
b10001111 U
b10001111 y
b10001111 ~
b10110110 *
b10110110 V
b10110110 z
b10110110 }
b11110001 ,
b11110001 W
b11110001 {
b11110001 |
b1101100 i
b1101100 [
b1101100 %
b1101100 w
b10001111 j
b10001111 \
b10001111 '
b10001111 v
b10110110 k
b10110110 ]
b10110110 )
b10110110 u
b11100001 l
b11100001 ^
b11100001 +
b11100001 t
b1100 !
b1100 N
b1100 g
b1100 p
b1101 "
b1101 O
b1101 f
b1101 o
b1110 #
b1110 P
b1110 e
b1110 n
b1111 $
b1111 Q
b1111 d
b1111 m
14
#20700
04
b10000 C
#20750
b1010110011 h
b1110101 &
b1110101 T
b1110101 x
b1110101 !"
b10011010 (
b10011010 U
b10011010 y
b10011010 ~
b11000011 *
b11000011 V
b11000011 z
b11000011 }
b11110001 ,
b11110001 W
b11110001 {
b11110001 |
b1110101 i
b1110101 [
b1110101 %
b1110101 w
b10011010 j
b10011010 \
b10011010 '
b10011010 v
b11000011 k
b11000011 ]
b11000011 )
b11000011 u
b1101 !
b1101 N
b1101 g
b1101 p
b1110 "
b1110 O
b1110 f
b1110 o
b1111 #
b1111 P
b1111 e
b1111 n
14
#20800
04
#20850
b1011000111 h
b1111110 &
b1111110 T
b1111110 x
b1111110 !"
b10100101 (
b10100101 U
b10100101 y
b10100101 ~
b11110001 ,
b11110001 W
b11110001 {
b11110001 |
b1111110 i
b1111110 [
b1111110 %
b1111110 w
b10100101 j
b10100101 \
b10100101 '
b10100101 v
b1110 !
b1110 N
b1110 g
b1110 p
b1111 "
b1111 O
b1111 f
b1111 o
14
#20900
04
#20950
b1011010000 h
b10000111 &
b10000111 T
b10000111 x
b10000111 !"
b11110001 ,
b11110001 W
b11110001 {
b11110001 |
b10000111 i
b10000111 [
b10000111 %
b10000111 w
b1111 !
b1111 N
b1111 g
b1111 p
14
#21000
04
#21050
14
#21100
b101 3
b101 Z
0X
0S
b100000 J
b11000001 ,
b11000001 W
b11000001 {
b11000001 |
04
b0 ?
b0 c
1>
0=
07
b101 5
b101 q
b1 $"
b101 ""
b101 @
b1 8
b1 s
b1010 E
b1010 A
b1010 B
#21150
01
b0 3
b0 Z
b0 h
b0 R
00
b0 J
b0 &
b0 T
b0 x
b0 !"
b0 (
b0 U
b0 y
b0 ~
b0 *
b0 V
b0 z
b0 }
b0 ,
b0 W
b0 {
b0 |
b0 i
b0 [
b0 %
b0 w
b0 j
b0 \
b0 '
b0 v
b0 k
b0 ]
b0 )
b0 u
b0 l
b0 ^
b0 +
b0 t
b0 !
b0 N
b0 g
b0 p
b0 "
b0 O
b0 f
b0 o
b0 #
b0 P
b0 e
b0 n
b0 $
b0 Q
b0 d
b0 m
14
#21200
04
b0 C
0>
#21250
14
#21300
04
b1 ?
b1 c
b1 C
#21350
b1111 h
b1111 ,
b1111 W
b1111 {
b1111 |
b1111 l
b1111 ^
b1111 +
b1111 t
b1 $
b1 Q
b1 d
b1 m
14
#21400
04
b10 ?
b10 c
b10 C
#21450
b101011 h
b1101 *
b1101 V
b1101 z
b1101 }
b11110 ,
b11110 W
b11110 {
b11110 |
b1101 k
b1101 ]
b1101 )
b1101 u
b11110 l
b11110 ^
b11110 +
b11110 t
b1 #
b1 P
b1 e
b1 n
b10 $
b10 Q
b10 d
b10 m
14
#21500
04
b11 ?
b11 c
b11 C
#21550
b101 3
b101 Z
11
b101101 R
0S
b1010010 h
10
b100000 J
b1011 (
b1011 U
b1011 y
b1011 ~
b11010 *
b11010 V
b11010 z
b11010 }
b1101 ,
b1101 W
b1101 {
b1101 |
b1011 j
b1011 \
b1011 '
b1011 v
b11010 k
b11010 ]
b11010 )
b11010 u
b101101 l
b101101 ^
b101101 +
b101101 t
b1 "
b1 O
b1 f
b1 o
b10 #
b10 P
b10 e
b10 n
b11 $
b11 Q
b11 d
b11 m
14
#21600
04
b100 ?
b100 c
b100 C
1=
17
#21650
b10000010 h
b111100 R
b1001 &
b1001 T
b1001 x
b1001 !"
b10110 (
b10110 U
b10110 y
b10110 ~
b100111 *
b100111 V
b100111 z
b100111 }
b11100 ,
b11100 W
b11100 {
b11100 |
b1001 i
b1001 [
b1001 %
b1001 w
b10110 j
b10110 \
b10110 '
b10110 v
b100111 k
b100111 ]
b100111 )
b100111 u
b111100 l
b111100 ^
b111100 +
b111100 t
b1 !
b1 N
b1 g
b1 p
b10 "
b10 O
b10 f
b10 o
b11 #
b11 P
b11 e
b11 n
b100 $
b100 Q
b100 d
b100 m
14
#21700
04
b101 ?
b101 c
b101 C
#21750
01
b0 3
b0 Z
b10110010 h
b0 R
00
b0 J
b10010 &
b10010 T
b10010 x
b10010 !"
b100001 (
b100001 U
b100001 y
b100001 ~
b110100 *
b110100 V
b110100 z
b110100 }
b1001011 ,
b1001011 W
b1001011 {
b1001011 |
b10010 i
b10010 [
b10010 %
b10010 w
b100001 j
b100001 \
b100001 '
b100001 v
b110100 k
b110100 ]
b110100 )
b110100 u
b1001011 l
b1001011 ^
b1001011 +
b1001011 t
b10 !
b10 N
b10 g
b10 p
b11 "
b11 O
b11 f
b11 o
b100 #
b100 P
b100 e
b100 n
b101 $
b101 Q
b101 d
b101 m
14
#21800
04
b110 ?
b110 c
b110 C
#21850
b11100010 h
b11011 &
b11011 T
b11011 x
b11011 !"
b101100 (
b101100 U
b101100 y
b101100 ~
b1000001 *
b1000001 V
b1000001 z
b1000001 }
b1011010 ,
b1011010 W
b1011010 {
b1011010 |
b11011 i
b11011 [
b11011 %
b11011 w
b101100 j
b101100 \
b101100 '
b101100 v
b1000001 k
b1000001 ]
b1000001 )
b1000001 u
b1011010 l
b1011010 ^
b1011010 +
b1011010 t
b11 !
b11 N
b11 g
b11 p
b100 "
b100 O
b100 f
b100 o
b101 #
b101 P
b101 e
b101 n
b110 $
b110 Q
b110 d
b110 m
14
#21900
04
b111 ?
b111 c
b111 C
#21950
b101 3
b101 Z
11
b1101001 R
0S
b100010010 h
10
b100000 J
b100100 &
b100100 T
b100100 x
b100100 !"
b110111 (
b110111 U
b110111 y
b110111 ~
b1001110 *
b1001110 V
b1001110 z
b1001110 }
b1001001 ,
b1001001 W
b1001001 {
b1001001 |
b100100 i
b100100 [
b100100 %
b100100 w
b110111 j
b110111 \
b110111 '
b110111 v
b1001110 k
b1001110 ]
b1001110 )
b1001110 u
b1101001 l
b1101001 ^
b1101001 +
b1101001 t
b100 !
b100 N
b100 g
b100 p
b101 "
b101 O
b101 f
b101 o
b110 #
b110 P
b110 e
b110 n
b111 $
b111 Q
b111 d
b111 m
14
#22000
04
b1000 ?
b1000 c
b1000 C
#22050
b101000010 h
b1111000 R
b101101 &
b101101 T
b101101 x
b101101 !"
b1000010 (
b1000010 U
b1000010 y
b1000010 ~
b1011011 *
b1011011 V
b1011011 z
b1011011 }
b1011000 ,
b1011000 W
b1011000 {
b1011000 |
b101101 i
b101101 [
b101101 %
b101101 w
b1000010 j
b1000010 \
b1000010 '
b1000010 v
b1011011 k
b1011011 ]
b1011011 )
b1011011 u
b1111000 l
b1111000 ^
b1111000 +
b1111000 t
b101 !
b101 N
b101 g
b101 p
b110 "
b110 O
b110 f
b110 o
b111 #
b111 P
b111 e
b111 n
b1000 $
b1000 Q
b1000 d
b1000 m
14
#22100
04
b1001 ?
b1001 c
b1001 C
#22150
01
b0 3
b0 Z
b101110010 h
b0 R
00
b0 J
b110110 &
b110110 T
b110110 x
b110110 !"
b1001101 (
b1001101 U
b1001101 y
b1001101 ~
b1101000 *
b1101000 V
b1101000 z
b1101000 }
b10000111 ,
b10000111 W
b10000111 {
b10000111 |
b110110 i
b110110 [
b110110 %
b110110 w
b1001101 j
b1001101 \
b1001101 '
b1001101 v
b1101000 k
b1101000 ]
b1101000 )
b1101000 u
b10000111 l
b10000111 ^
b10000111 +
b10000111 t
b110 !
b110 N
b110 g
b110 p
b111 "
b111 O
b111 f
b111 o
b1000 #
b1000 P
b1000 e
b1000 n
b1001 $
b1001 Q
b1001 d
b1001 m
14
#22200
04
b1010 ?
b1010 c
b1010 C
#22250
b110100010 h
b111111 &
b111111 T
b111111 x
b111111 !"
b1011000 (
b1011000 U
b1011000 y
b1011000 ~
b1110101 *
b1110101 V
b1110101 z
b1110101 }
b10010110 ,
b10010110 W
b10010110 {
b10010110 |
b111111 i
b111111 [
b111111 %
b111111 w
b1011000 j
b1011000 \
b1011000 '
b1011000 v
b1110101 k
b1110101 ]
b1110101 )
b1110101 u
b10010110 l
b10010110 ^
b10010110 +
b10010110 t
b111 !
b111 N
b111 g
b111 p
b1000 "
b1000 O
b1000 f
b1000 o
b1001 #
b1001 P
b1001 e
b1001 n
b1010 $
b1010 Q
b1010 d
b1010 m
14
#22300
04
b1011 ?
b1011 c
b1011 C
#22350
b101 3
b101 Z
11
b10100101 R
0S
b111010010 h
10
b100000 J
b1001000 &
b1001000 T
b1001000 x
b1001000 !"
b1100011 (
b1100011 U
b1100011 y
b1100011 ~
b10000010 *
b10000010 V
b10000010 z
b10000010 }
b10000101 ,
b10000101 W
b10000101 {
b10000101 |
b1001000 i
b1001000 [
b1001000 %
b1001000 w
b1100011 j
b1100011 \
b1100011 '
b1100011 v
b10000010 k
b10000010 ]
b10000010 )
b10000010 u
b10100101 l
b10100101 ^
b10100101 +
b10100101 t
b1000 !
b1000 N
b1000 g
b1000 p
b1001 "
b1001 O
b1001 f
b1001 o
b1010 #
b1010 P
b1010 e
b1010 n
b1011 $
b1011 Q
b1011 d
b1011 m
14
#22400
04
b1100 ?
b1100 c
b1100 C
#22450
b1000000010 h
b10110100 R
b1010001 &
b1010001 T
b1010001 x
b1010001 !"
b1101110 (
b1101110 U
b1101110 y
b1101110 ~
b10001111 *
b10001111 V
b10001111 z
b10001111 }
b10010100 ,
b10010100 W
b10010100 {
b10010100 |
b1010001 i
b1010001 [
b1010001 %
b1010001 w
b1101110 j
b1101110 \
b1101110 '
b1101110 v
b10001111 k
b10001111 ]
b10001111 )
b10001111 u
b10110100 l
b10110100 ^
b10110100 +
b10110100 t
b1001 !
b1001 N
b1001 g
b1001 p
b1010 "
b1010 O
b1010 f
b1010 o
b1011 #
b1011 P
b1011 e
b1011 n
b1100 $
b1100 Q
b1100 d
b1100 m
14
#22500
04
b1101 ?
b1101 c
b1101 C
#22550
01
b0 3
b0 Z
b1000110010 h
b0 R
00
b0 J
b1011010 &
b1011010 T
b1011010 x
b1011010 !"
b1111001 (
b1111001 U
b1111001 y
b1111001 ~
b10011100 *
b10011100 V
b10011100 z
b10011100 }
b11000011 ,
b11000011 W
b11000011 {
b11000011 |
b1011010 i
b1011010 [
b1011010 %
b1011010 w
b1111001 j
b1111001 \
b1111001 '
b1111001 v
b10011100 k
b10011100 ]
b10011100 )
b10011100 u
b11000011 l
b11000011 ^
b11000011 +
b11000011 t
b1010 !
b1010 N
b1010 g
b1010 p
b1011 "
b1011 O
b1011 f
b1011 o
b1100 #
b1100 P
b1100 e
b1100 n
b1101 $
b1101 Q
b1101 d
b1101 m
14
#22600
04
b1110 ?
b1110 c
b1110 C
#22650
b1001100010 h
b1100011 &
b1100011 T
b1100011 x
b1100011 !"
b10000100 (
b10000100 U
b10000100 y
b10000100 ~
b10101001 *
b10101001 V
b10101001 z
b10101001 }
b11010010 ,
b11010010 W
b11010010 {
b11010010 |
b1100011 i
b1100011 [
b1100011 %
b1100011 w
b10000100 j
b10000100 \
b10000100 '
b10000100 v
b10101001 k
b10101001 ]
b10101001 )
b10101001 u
b11010010 l
b11010010 ^
b11010010 +
b11010010 t
b1011 !
b1011 N
b1011 g
b1011 p
b1100 "
b1100 O
b1100 f
b1100 o
b1101 #
b1101 P
b1101 e
b1101 n
b1110 $
b1110 Q
b1110 d
b1110 m
14
#22700
04
b1111 ?
b1111 c
b1111 C
#22750
b101 3
b101 Z
11
b11100001 R
0S
b1010010010 h
10
b100000 J
b1101100 &
b1101100 T
b1101100 x
b1101100 !"
b10001111 (
b10001111 U
b10001111 y
b10001111 ~
b10110110 *
b10110110 V
b10110110 z
b10110110 }
b11000001 ,
b11000001 W
b11000001 {
b11000001 |
b1101100 i
b1101100 [
b1101100 %
b1101100 w
b10001111 j
b10001111 \
b10001111 '
b10001111 v
b10110110 k
b10110110 ]
b10110110 )
b10110110 u
b11100001 l
b11100001 ^
b11100001 +
b11100001 t
b1100 !
b1100 N
b1100 g
b1100 p
b1101 "
b1101 O
b1101 f
b1101 o
b1110 #
b1110 P
b1110 e
b1110 n
b1111 $
b1111 Q
b1111 d
b1111 m
14
#22800
04
b10000 C
#22850
b1010110011 h
b1110101 &
b1110101 T
b1110101 x
b1110101 !"
b10011010 (
b10011010 U
b10011010 y
b10011010 ~
b11000011 *
b11000011 V
b11000011 z
b11000011 }
b11000001 ,
b11000001 W
b11000001 {
b11000001 |
b1110101 i
b1110101 [
b1110101 %
b1110101 w
b10011010 j
b10011010 \
b10011010 '
b10011010 v
b11000011 k
b11000011 ]
b11000011 )
b11000011 u
b1101 !
b1101 N
b1101 g
b1101 p
b1110 "
b1110 O
b1110 f
b1110 o
b1111 #
b1111 P
b1111 e
b1111 n
14
#22900
04
#22950
b1011000111 h
b1111110 &
b1111110 T
b1111110 x
b1111110 !"
b10100101 (
b10100101 U
b10100101 y
b10100101 ~
b11000001 ,
b11000001 W
b11000001 {
b11000001 |
b1111110 i
b1111110 [
b1111110 %
b1111110 w
b10100101 j
b10100101 \
b10100101 '
b10100101 v
b1110 !
b1110 N
b1110 g
b1110 p
b1111 "
b1111 O
b1111 f
b1111 o
14
#23000
04
#23050
b1011010000 h
b10000111 &
b10000111 T
b10000111 x
b10000111 !"
b11000001 ,
b11000001 W
b11000001 {
b11000001 |
b10000111 i
b10000111 [
b10000111 %
b10000111 w
b1111 !
b1111 N
b1111 g
b1111 p
14
#23100
04
#23150
14
#23200
01
b0 3
b0 Z
b0 R
00
b0 J
b11100001 ,
b11100001 W
b11100001 {
b11100001 |
04
b0 ?
b0 c
1>
0=
07
b10 $"
b10 8
b10 s
b1011 E
b1011 A
b1011 B
#23250
1X
1S
b101 3
b101 Z
11
b0 h
10
b100000 J
b0 &
b0 T
b0 x
b0 !"
b0 (
b0 U
b0 y
b0 ~
b0 *
b0 V
b0 z
b0 }
b100000 ,
b100000 W
b100000 {
b100000 |
b0 i
b0 [
b0 %
b0 w
b0 j
b0 \
b0 '
b0 v
b0 k
b0 ]
b0 )
b0 u
b0 l
b0 ^
b0 +
b0 t
b0 !
b0 N
b0 g
b0 p
b0 "
b0 O
b0 f
b0 o
b0 #
b0 P
b0 e
b0 n
b0 $
b0 Q
b0 d
b0 m
14
#23300
04
b0 C
0>
#23350
14
#23400
04
b1 ?
b1 c
b1 C
1=
17
#23450
b1111 h
b1111 R
b101111 ,
b101111 W
b101111 {
b101111 |
b1111 l
b1111 ^
b1111 +
b1111 t
b1 $
b1 Q
b1 d
b1 m
14
#23500
04
b10 ?
b10 c
b10 C
#23550
b101011 h
b11110 R
b1101 *
b1101 V
b1101 z
b1101 }
b111110 ,
b111110 W
b111110 {
b111110 |
b1101 k
b1101 ]
b1101 )
b1101 u
b11110 l
b11110 ^
b11110 +
b11110 t
b1 #
b1 P
b1 e
b1 n
b10 $
b10 Q
b10 d
b10 m
14
#23600
04
b11 ?
b11 c
b11 C
#23650
0X
01
b0 3
b0 Z
0S
b1010010 h
b0 R
00
b0 J
b1011 (
b1011 U
b1011 y
b1011 ~
b11010 *
b11010 V
b11010 z
b11010 }
b101101 ,
b101101 W
b101101 {
b101101 |
b1011 j
b1011 \
b1011 '
b1011 v
b11010 k
b11010 ]
b11010 )
b11010 u
b101101 l
b101101 ^
b101101 +
b101101 t
b1 "
b1 O
b1 f
b1 o
b10 #
b10 P
b10 e
b10 n
b11 $
b11 Q
b11 d
b11 m
14
#23700
04
b100 ?
b100 c
b100 C
#23750
b10000010 h
b1001 &
b1001 T
b1001 x
b1001 !"
b10110 (
b10110 U
b10110 y
b10110 ~
b100111 *
b100111 V
b100111 z
b100111 }
b111100 ,
b111100 W
b111100 {
b111100 |
b1001 i
b1001 [
b1001 %
b1001 w
b10110 j
b10110 \
b10110 '
b10110 v
b100111 k
b100111 ]
b100111 )
b100111 u
b111100 l
b111100 ^
b111100 +
b111100 t
b1 !
b1 N
b1 g
b1 p
b10 "
b10 O
b10 f
b10 o
b11 #
b11 P
b11 e
b11 n
b100 $
b100 Q
b100 d
b100 m
14
#23800
04
b101 ?
b101 c
b101 C
#23850
1X
b101 3
b101 Z
11
b1001011 R
1S
b10110010 h
10
b100000 J
b10010 &
b10010 T
b10010 x
b10010 !"
b100001 (
b100001 U
b100001 y
b100001 ~
b110100 *
b110100 V
b110100 z
b110100 }
b1101011 ,
b1101011 W
b1101011 {
b1101011 |
b10010 i
b10010 [
b10010 %
b10010 w
b100001 j
b100001 \
b100001 '
b100001 v
b110100 k
b110100 ]
b110100 )
b110100 u
b1001011 l
b1001011 ^
b1001011 +
b1001011 t
b10 !
b10 N
b10 g
b10 p
b11 "
b11 O
b11 f
b11 o
b100 #
b100 P
b100 e
b100 n
b101 $
b101 Q
b101 d
b101 m
14
#23900
04
b110 ?
b110 c
b110 C
#23950
b11100010 h
b1011010 R
b11011 &
b11011 T
b11011 x
b11011 !"
b101100 (
b101100 U
b101100 y
b101100 ~
b1000001 *
b1000001 V
b1000001 z
b1000001 }
b1111010 ,
b1111010 W
b1111010 {
b1111010 |
b11011 i
b11011 [
b11011 %
b11011 w
b101100 j
b101100 \
b101100 '
b101100 v
b1000001 k
b1000001 ]
b1000001 )
b1000001 u
b1011010 l
b1011010 ^
b1011010 +
b1011010 t
b11 !
b11 N
b11 g
b11 p
b100 "
b100 O
b100 f
b100 o
b101 #
b101 P
b101 e
b101 n
b110 $
b110 Q
b110 d
b110 m
14
#24000
04
b111 ?
b111 c
b111 C
#24050
0X
01
b0 3
b0 Z
0S
b100010010 h
b0 R
00
b0 J
b100100 &
b100100 T
b100100 x
b100100 !"
b110111 (
b110111 U
b110111 y
b110111 ~
b1001110 *
b1001110 V
b1001110 z
b1001110 }
b1101001 ,
b1101001 W
b1101001 {
b1101001 |
b100100 i
b100100 [
b100100 %
b100100 w
b110111 j
b110111 \
b110111 '
b110111 v
b1001110 k
b1001110 ]
b1001110 )
b1001110 u
b1101001 l
b1101001 ^
b1101001 +
b1101001 t
b100 !
b100 N
b100 g
b100 p
b101 "
b101 O
b101 f
b101 o
b110 #
b110 P
b110 e
b110 n
b111 $
b111 Q
b111 d
b111 m
14
#24100
04
b1000 ?
b1000 c
b1000 C
#24150
b101000010 h
b101101 &
b101101 T
b101101 x
b101101 !"
b1000010 (
b1000010 U
b1000010 y
b1000010 ~
b1011011 *
b1011011 V
b1011011 z
b1011011 }
b1111000 ,
b1111000 W
b1111000 {
b1111000 |
b101101 i
b101101 [
b101101 %
b101101 w
b1000010 j
b1000010 \
b1000010 '
b1000010 v
b1011011 k
b1011011 ]
b1011011 )
b1011011 u
b1111000 l
b1111000 ^
b1111000 +
b1111000 t
b101 !
b101 N
b101 g
b101 p
b110 "
b110 O
b110 f
b110 o
b111 #
b111 P
b111 e
b111 n
b1000 $
b1000 Q
b1000 d
b1000 m
14
#24200
04
b1001 ?
b1001 c
b1001 C
#24250
1X
b101 3
b101 Z
11
b10000111 R
1S
b101110010 h
10
b100000 J
b110110 &
b110110 T
b110110 x
b110110 !"
b1001101 (
b1001101 U
b1001101 y
b1001101 ~
b1101000 *
b1101000 V
b1101000 z
b1101000 }
b10100111 ,
b10100111 W
b10100111 {
b10100111 |
b110110 i
b110110 [
b110110 %
b110110 w
b1001101 j
b1001101 \
b1001101 '
b1001101 v
b1101000 k
b1101000 ]
b1101000 )
b1101000 u
b10000111 l
b10000111 ^
b10000111 +
b10000111 t
b110 !
b110 N
b110 g
b110 p
b111 "
b111 O
b111 f
b111 o
b1000 #
b1000 P
b1000 e
b1000 n
b1001 $
b1001 Q
b1001 d
b1001 m
14
#24300
04
b1010 ?
b1010 c
b1010 C
#24350
b110100010 h
b10010110 R
b111111 &
b111111 T
b111111 x
b111111 !"
b1011000 (
b1011000 U
b1011000 y
b1011000 ~
b1110101 *
b1110101 V
b1110101 z
b1110101 }
b10110110 ,
b10110110 W
b10110110 {
b10110110 |
b111111 i
b111111 [
b111111 %
b111111 w
b1011000 j
b1011000 \
b1011000 '
b1011000 v
b1110101 k
b1110101 ]
b1110101 )
b1110101 u
b10010110 l
b10010110 ^
b10010110 +
b10010110 t
b111 !
b111 N
b111 g
b111 p
b1000 "
b1000 O
b1000 f
b1000 o
b1001 #
b1001 P
b1001 e
b1001 n
b1010 $
b1010 Q
b1010 d
b1010 m
14
#24400
04
b1011 ?
b1011 c
b1011 C
#24450
0X
01
b0 3
b0 Z
0S
b111010010 h
b0 R
00
b0 J
b1001000 &
b1001000 T
b1001000 x
b1001000 !"
b1100011 (
b1100011 U
b1100011 y
b1100011 ~
b10000010 *
b10000010 V
b10000010 z
b10000010 }
b10100101 ,
b10100101 W
b10100101 {
b10100101 |
b1001000 i
b1001000 [
b1001000 %
b1001000 w
b1100011 j
b1100011 \
b1100011 '
b1100011 v
b10000010 k
b10000010 ]
b10000010 )
b10000010 u
b10100101 l
b10100101 ^
b10100101 +
b10100101 t
b1000 !
b1000 N
b1000 g
b1000 p
b1001 "
b1001 O
b1001 f
b1001 o
b1010 #
b1010 P
b1010 e
b1010 n
b1011 $
b1011 Q
b1011 d
b1011 m
14
#24500
04
b1100 ?
b1100 c
b1100 C
#24550
b1000000010 h
b1010001 &
b1010001 T
b1010001 x
b1010001 !"
b1101110 (
b1101110 U
b1101110 y
b1101110 ~
b10001111 *
b10001111 V
b10001111 z
b10001111 }
b10110100 ,
b10110100 W
b10110100 {
b10110100 |
b1010001 i
b1010001 [
b1010001 %
b1010001 w
b1101110 j
b1101110 \
b1101110 '
b1101110 v
b10001111 k
b10001111 ]
b10001111 )
b10001111 u
b10110100 l
b10110100 ^
b10110100 +
b10110100 t
b1001 !
b1001 N
b1001 g
b1001 p
b1010 "
b1010 O
b1010 f
b1010 o
b1011 #
b1011 P
b1011 e
b1011 n
b1100 $
b1100 Q
b1100 d
b1100 m
14
#24600
04
b1101 ?
b1101 c
b1101 C
#24650
1X
b101 3
b101 Z
11
b11000011 R
1S
b1000110010 h
10
b100000 J
b1011010 &
b1011010 T
b1011010 x
b1011010 !"
b1111001 (
b1111001 U
b1111001 y
b1111001 ~
b10011100 *
b10011100 V
b10011100 z
b10011100 }
b11100011 ,
b11100011 W
b11100011 {
b11100011 |
b1011010 i
b1011010 [
b1011010 %
b1011010 w
b1111001 j
b1111001 \
b1111001 '
b1111001 v
b10011100 k
b10011100 ]
b10011100 )
b10011100 u
b11000011 l
b11000011 ^
b11000011 +
b11000011 t
b1010 !
b1010 N
b1010 g
b1010 p
b1011 "
b1011 O
b1011 f
b1011 o
b1100 #
b1100 P
b1100 e
b1100 n
b1101 $
b1101 Q
b1101 d
b1101 m
14
#24700
04
b1110 ?
b1110 c
b1110 C
#24750
b1001100010 h
b11010010 R
b1100011 &
b1100011 T
b1100011 x
b1100011 !"
b10000100 (
b10000100 U
b10000100 y
b10000100 ~
b10101001 *
b10101001 V
b10101001 z
b10101001 }
b11110010 ,
b11110010 W
b11110010 {
b11110010 |
b1100011 i
b1100011 [
b1100011 %
b1100011 w
b10000100 j
b10000100 \
b10000100 '
b10000100 v
b10101001 k
b10101001 ]
b10101001 )
b10101001 u
b11010010 l
b11010010 ^
b11010010 +
b11010010 t
b1011 !
b1011 N
b1011 g
b1011 p
b1100 "
b1100 O
b1100 f
b1100 o
b1101 #
b1101 P
b1101 e
b1101 n
b1110 $
b1110 Q
b1110 d
b1110 m
14
#24800
04
b1111 ?
b1111 c
b1111 C
#24850
0X
01
b0 3
b0 Z
0S
b1010010010 h
b0 R
00
b0 J
b1101100 &
b1101100 T
b1101100 x
b1101100 !"
b10001111 (
b10001111 U
b10001111 y
b10001111 ~
b10110110 *
b10110110 V
b10110110 z
b10110110 }
b11100001 ,
b11100001 W
b11100001 {
b11100001 |
b1101100 i
b1101100 [
b1101100 %
b1101100 w
b10001111 j
b10001111 \
b10001111 '
b10001111 v
b10110110 k
b10110110 ]
b10110110 )
b10110110 u
b11100001 l
b11100001 ^
b11100001 +
b11100001 t
b1100 !
b1100 N
b1100 g
b1100 p
b1101 "
b1101 O
b1101 f
b1101 o
b1110 #
b1110 P
b1110 e
b1110 n
b1111 $
b1111 Q
b1111 d
b1111 m
14
#24900
04
b10000 C
#24950
b1010110011 h
b1110101 &
b1110101 T
b1110101 x
b1110101 !"
b10011010 (
b10011010 U
b10011010 y
b10011010 ~
b11000011 *
b11000011 V
b11000011 z
b11000011 }
b1110101 i
b1110101 [
b1110101 %
b1110101 w
b10011010 j
b10011010 \
b10011010 '
b10011010 v
b11000011 k
b11000011 ]
b11000011 )
b11000011 u
b1101 !
b1101 N
b1101 g
b1101 p
b1110 "
b1110 O
b1110 f
b1110 o
b1111 #
b1111 P
b1111 e
b1111 n
14
#25000
04
#25050
b1011000111 h
b1111110 &
b1111110 T
b1111110 x
b1111110 !"
b10100101 (
b10100101 U
b10100101 y
b10100101 ~
b1111110 i
b1111110 [
b1111110 %
b1111110 w
b10100101 j
b10100101 \
b10100101 '
b10100101 v
b1110 !
b1110 N
b1110 g
b1110 p
b1111 "
b1111 O
b1111 f
b1111 o
14
#25100
04
#25150
b1011010000 h
b10000111 &
b10000111 T
b10000111 x
b10000111 !"
b10000111 i
b10000111 [
b10000111 %
b10000111 w
b1111 !
b1111 N
b1111 g
b1111 p
14
#25200
04
#25250
14
#25300
b110 3
b110 Z
11
b11100001 R
0S
10
b1000000 J
b10100001 ,
b10100001 W
b10100001 {
b10100001 |
04
b0 ?
b0 c
1>
0=
07
b110 5
b110 q
b1 $"
b110 ""
b110 @
b1 8
b1 s
b1100 E
b1100 A
b1100 B
#25350
01
b0 3
b0 Z
b0 h
b0 R
00
b0 J
b0 &
b0 T
b0 x
b0 !"
b0 (
b0 U
b0 y
b0 ~
b0 *
b0 V
b0 z
b0 }
b0 ,
b0 W
b0 {
b0 |
b0 i
b0 [
b0 %
b0 w
b0 j
b0 \
b0 '
b0 v
b0 k
b0 ]
b0 )
b0 u
b0 l
b0 ^
b0 +
b0 t
b0 !
b0 N
b0 g
b0 p
b0 "
b0 O
b0 f
b0 o
b0 #
b0 P
b0 e
b0 n
b0 $
b0 Q
b0 d
b0 m
14
#25400
04
b0 C
0>
#25450
14
#25500
04
b1 ?
b1 c
b1 C
#25550
b1111 h
b1111 ,
b1111 W
b1111 {
b1111 |
b1111 l
b1111 ^
b1111 +
b1111 t
b1 $
b1 Q
b1 d
b1 m
14
#25600
04
b10 ?
b10 c
b10 C
#25650
b101011 h
b1101 *
b1101 V
b1101 z
b1101 }
b11110 ,
b11110 W
b11110 {
b11110 |
b1101 k
b1101 ]
b1101 )
b1101 u
b11110 l
b11110 ^
b11110 +
b11110 t
b1 #
b1 P
b1 e
b1 n
b10 $
b10 Q
b10 d
b10 m
14
#25700
04
b11 ?
b11 c
b11 C
#25750
b1010010 h
b1011 (
b1011 U
b1011 y
b1011 ~
b11010 *
b11010 V
b11010 z
b11010 }
b101101 ,
b101101 W
b101101 {
b101101 |
b1011 j
b1011 \
b1011 '
b1011 v
b11010 k
b11010 ]
b11010 )
b11010 u
b101101 l
b101101 ^
b101101 +
b101101 t
b1 "
b1 O
b1 f
b1 o
b10 #
b10 P
b10 e
b10 n
b11 $
b11 Q
b11 d
b11 m
14
#25800
04
b100 ?
b100 c
b100 C
#25850
b10000010 h
b1001 &
b1001 T
b1001 x
b1001 !"
b10110 (
b10110 U
b10110 y
b10110 ~
b100111 *
b100111 V
b100111 z
b100111 }
b111100 ,
b111100 W
b111100 {
b111100 |
b1001 i
b1001 [
b1001 %
b1001 w
b10110 j
b10110 \
b10110 '
b10110 v
b100111 k
b100111 ]
b100111 )
b100111 u
b111100 l
b111100 ^
b111100 +
b111100 t
b1 !
b1 N
b1 g
b1 p
b10 "
b10 O
b10 f
b10 o
b11 #
b11 P
b11 e
b11 n
b100 $
b100 Q
b100 d
b100 m
14
#25900
04
b101 ?
b101 c
b101 C
#25950
b110 3
b110 Z
11
b1001011 R
0S
b10110010 h
10
b1000000 J
b10010 &
b10010 T
b10010 x
b10010 !"
b100001 (
b100001 U
b100001 y
b100001 ~
b110100 *
b110100 V
b110100 z
b110100 }
b1011 ,
b1011 W
b1011 {
b1011 |
b10010 i
b10010 [
b10010 %
b10010 w
b100001 j
b100001 \
b100001 '
b100001 v
b110100 k
b110100 ]
b110100 )
b110100 u
b1001011 l
b1001011 ^
b1001011 +
b1001011 t
b10 !
b10 N
b10 g
b10 p
b11 "
b11 O
b11 f
b11 o
b100 #
b100 P
b100 e
b100 n
b101 $
b101 Q
b101 d
b101 m
14
#26000
04
b110 ?
b110 c
b110 C
1=
17
#26050
b11100010 h
b1011010 R
b11011 &
b11011 T
b11011 x
b11011 !"
b101100 (
b101100 U
b101100 y
b101100 ~
b1000001 *
b1000001 V
b1000001 z
b1000001 }
b11010 ,
b11010 W
b11010 {
b11010 |
b11011 i
b11011 [
b11011 %
b11011 w
b101100 j
b101100 \
b101100 '
b101100 v
b1000001 k
b1000001 ]
b1000001 )
b1000001 u
b1011010 l
b1011010 ^
b1011010 +
b1011010 t
b11 !
b11 N
b11 g
b11 p
b100 "
b100 O
b100 f
b100 o
b101 #
b101 P
b101 e
b101 n
b110 $
b110 Q
b110 d
b110 m
14
#26100
04
b111 ?
b111 c
b111 C
#26150
b100010010 h
b1101001 R
b100100 &
b100100 T
b100100 x
b100100 !"
b110111 (
b110111 U
b110111 y
b110111 ~
b1001110 *
b1001110 V
b1001110 z
b1001110 }
b101001 ,
b101001 W
b101001 {
b101001 |
b100100 i
b100100 [
b100100 %
b100100 w
b110111 j
b110111 \
b110111 '
b110111 v
b1001110 k
b1001110 ]
b1001110 )
b1001110 u
b1101001 l
b1101001 ^
b1101001 +
b1101001 t
b100 !
b100 N
b100 g
b100 p
b101 "
b101 O
b101 f
b101 o
b110 #
b110 P
b110 e
b110 n
b111 $
b111 Q
b111 d
b111 m
14
#26200
04
b1000 ?
b1000 c
b1000 C
#26250
b101000010 h
b1111000 R
b101101 &
b101101 T
b101101 x
b101101 !"
b1000010 (
b1000010 U
b1000010 y
b1000010 ~
b1011011 *
b1011011 V
b1011011 z
b1011011 }
b111000 ,
b111000 W
b111000 {
b111000 |
b101101 i
b101101 [
b101101 %
b101101 w
b1000010 j
b1000010 \
b1000010 '
b1000010 v
b1011011 k
b1011011 ]
b1011011 )
b1011011 u
b1111000 l
b1111000 ^
b1111000 +
b1111000 t
b101 !
b101 N
b101 g
b101 p
b110 "
b110 O
b110 f
b110 o
b111 #
b111 P
b111 e
b111 n
b1000 $
b1000 Q
b1000 d
b1000 m
14
#26300
04
b1001 ?
b1001 c
b1001 C
#26350
01
b0 3
b0 Z
b101110010 h
b0 R
00
b0 J
b110110 &
b110110 T
b110110 x
b110110 !"
b1001101 (
b1001101 U
b1001101 y
b1001101 ~
b1101000 *
b1101000 V
b1101000 z
b1101000 }
b10000111 ,
b10000111 W
b10000111 {
b10000111 |
b110110 i
b110110 [
b110110 %
b110110 w
b1001101 j
b1001101 \
b1001101 '
b1001101 v
b1101000 k
b1101000 ]
b1101000 )
b1101000 u
b10000111 l
b10000111 ^
b10000111 +
b10000111 t
b110 !
b110 N
b110 g
b110 p
b111 "
b111 O
b111 f
b111 o
b1000 #
b1000 P
b1000 e
b1000 n
b1001 $
b1001 Q
b1001 d
b1001 m
14
#26400
04
b1010 ?
b1010 c
b1010 C
#26450
b110100010 h
b111111 &
b111111 T
b111111 x
b111111 !"
b1011000 (
b1011000 U
b1011000 y
b1011000 ~
b1110101 *
b1110101 V
b1110101 z
b1110101 }
b10010110 ,
b10010110 W
b10010110 {
b10010110 |
b111111 i
b111111 [
b111111 %
b111111 w
b1011000 j
b1011000 \
b1011000 '
b1011000 v
b1110101 k
b1110101 ]
b1110101 )
b1110101 u
b10010110 l
b10010110 ^
b10010110 +
b10010110 t
b111 !
b111 N
b111 g
b111 p
b1000 "
b1000 O
b1000 f
b1000 o
b1001 #
b1001 P
b1001 e
b1001 n
b1010 $
b1010 Q
b1010 d
b1010 m
14
#26500
04
b1011 ?
b1011 c
b1011 C
#26550
b111010010 h
b1001000 &
b1001000 T
b1001000 x
b1001000 !"
b1100011 (
b1100011 U
b1100011 y
b1100011 ~
b10000010 *
b10000010 V
b10000010 z
b10000010 }
b10100101 ,
b10100101 W
b10100101 {
b10100101 |
b1001000 i
b1001000 [
b1001000 %
b1001000 w
b1100011 j
b1100011 \
b1100011 '
b1100011 v
b10000010 k
b10000010 ]
b10000010 )
b10000010 u
b10100101 l
b10100101 ^
b10100101 +
b10100101 t
b1000 !
b1000 N
b1000 g
b1000 p
b1001 "
b1001 O
b1001 f
b1001 o
b1010 #
b1010 P
b1010 e
b1010 n
b1011 $
b1011 Q
b1011 d
b1011 m
14
#26600
04
b1100 ?
b1100 c
b1100 C
#26650
b1000000010 h
b1010001 &
b1010001 T
b1010001 x
b1010001 !"
b1101110 (
b1101110 U
b1101110 y
b1101110 ~
b10001111 *
b10001111 V
b10001111 z
b10001111 }
b10110100 ,
b10110100 W
b10110100 {
b10110100 |
b1010001 i
b1010001 [
b1010001 %
b1010001 w
b1101110 j
b1101110 \
b1101110 '
b1101110 v
b10001111 k
b10001111 ]
b10001111 )
b10001111 u
b10110100 l
b10110100 ^
b10110100 +
b10110100 t
b1001 !
b1001 N
b1001 g
b1001 p
b1010 "
b1010 O
b1010 f
b1010 o
b1011 #
b1011 P
b1011 e
b1011 n
b1100 $
b1100 Q
b1100 d
b1100 m
14
#26700
04
b1101 ?
b1101 c
b1101 C
#26750
b110 3
b110 Z
11
b11000011 R
0S
b1000110010 h
10
b1000000 J
b1011010 &
b1011010 T
b1011010 x
b1011010 !"
b1111001 (
b1111001 U
b1111001 y
b1111001 ~
b10011100 *
b10011100 V
b10011100 z
b10011100 }
b10000011 ,
b10000011 W
b10000011 {
b10000011 |
b1011010 i
b1011010 [
b1011010 %
b1011010 w
b1111001 j
b1111001 \
b1111001 '
b1111001 v
b10011100 k
b10011100 ]
b10011100 )
b10011100 u
b11000011 l
b11000011 ^
b11000011 +
b11000011 t
b1010 !
b1010 N
b1010 g
b1010 p
b1011 "
b1011 O
b1011 f
b1011 o
b1100 #
b1100 P
b1100 e
b1100 n
b1101 $
b1101 Q
b1101 d
b1101 m
14
#26800
04
b1110 ?
b1110 c
b1110 C
#26850
b1001100010 h
b11010010 R
b1100011 &
b1100011 T
b1100011 x
b1100011 !"
b10000100 (
b10000100 U
b10000100 y
b10000100 ~
b10101001 *
b10101001 V
b10101001 z
b10101001 }
b10010010 ,
b10010010 W
b10010010 {
b10010010 |
b1100011 i
b1100011 [
b1100011 %
b1100011 w
b10000100 j
b10000100 \
b10000100 '
b10000100 v
b10101001 k
b10101001 ]
b10101001 )
b10101001 u
b11010010 l
b11010010 ^
b11010010 +
b11010010 t
b1011 !
b1011 N
b1011 g
b1011 p
b1100 "
b1100 O
b1100 f
b1100 o
b1101 #
b1101 P
b1101 e
b1101 n
b1110 $
b1110 Q
b1110 d
b1110 m
14
#26900
04
b1111 ?
b1111 c
b1111 C
#26950
b1010010010 h
b11100001 R
b1101100 &
b1101100 T
b1101100 x
b1101100 !"
b10001111 (
b10001111 U
b10001111 y
b10001111 ~
b10110110 *
b10110110 V
b10110110 z
b10110110 }
b10100001 ,
b10100001 W
b10100001 {
b10100001 |
b1101100 i
b1101100 [
b1101100 %
b1101100 w
b10001111 j
b10001111 \
b10001111 '
b10001111 v
b10110110 k
b10110110 ]
b10110110 )
b10110110 u
b11100001 l
b11100001 ^
b11100001 +
b11100001 t
b1100 !
b1100 N
b1100 g
b1100 p
b1101 "
b1101 O
b1101 f
b1101 o
b1110 #
b1110 P
b1110 e
b1110 n
b1111 $
b1111 Q
b1111 d
b1111 m
14
#27000
04
b10000 C
#27050
b1010110011 h
b1110101 &
b1110101 T
b1110101 x
b1110101 !"
b10011010 (
b10011010 U
b10011010 y
b10011010 ~
b11000011 *
b11000011 V
b11000011 z
b11000011 }
b10100001 ,
b10100001 W
b10100001 {
b10100001 |
b1110101 i
b1110101 [
b1110101 %
b1110101 w
b10011010 j
b10011010 \
b10011010 '
b10011010 v
b11000011 k
b11000011 ]
b11000011 )
b11000011 u
b1101 !
b1101 N
b1101 g
b1101 p
b1110 "
b1110 O
b1110 f
b1110 o
b1111 #
b1111 P
b1111 e
b1111 n
14
#27100
04
#27150
b1011000111 h
b1111110 &
b1111110 T
b1111110 x
b1111110 !"
b10100101 (
b10100101 U
b10100101 y
b10100101 ~
b10100001 ,
b10100001 W
b10100001 {
b10100001 |
b1111110 i
b1111110 [
b1111110 %
b1111110 w
b10100101 j
b10100101 \
b10100101 '
b10100101 v
b1110 !
b1110 N
b1110 g
b1110 p
b1111 "
b1111 O
b1111 f
b1111 o
14
#27200
04
#27250
b1011010000 h
b10000111 &
b10000111 T
b10000111 x
b10000111 !"
b10100001 ,
b10100001 W
b10100001 {
b10100001 |
b10000111 i
b10000111 [
b10000111 %
b10000111 w
b1111 !
b1111 N
b1111 g
b1111 p
14
#27300
04
#27350
14
#27400
01
b0 3
b0 Z
b0 R
00
b0 J
b11100001 ,
b11100001 W
b11100001 {
b11100001 |
04
b0 ?
b0 c
1>
0=
07
b10 $"
b10 8
b10 s
b1101 E
b1101 A
b1101 B
#27450
1X
1S
b110 3
b110 Z
11
b0 h
10
b1000000 J
b0 &
b0 T
b0 x
b0 !"
b0 (
b0 U
b0 y
b0 ~
b0 *
b0 V
b0 z
b0 }
b1000000 ,
b1000000 W
b1000000 {
b1000000 |
b0 i
b0 [
b0 %
b0 w
b0 j
b0 \
b0 '
b0 v
b0 k
b0 ]
b0 )
b0 u
b0 l
b0 ^
b0 +
b0 t
b0 !
b0 N
b0 g
b0 p
b0 "
b0 O
b0 f
b0 o
b0 #
b0 P
b0 e
b0 n
b0 $
b0 Q
b0 d
b0 m
14
#27500
04
b0 C
0>
#27550
14
#27600
04
b1 ?
b1 c
b1 C
1=
17
#27650
b1111 h
b1111 R
b1001111 ,
b1001111 W
b1001111 {
b1001111 |
b1111 l
b1111 ^
b1111 +
b1111 t
b1 $
b1 Q
b1 d
b1 m
14
#27700
04
b10 ?
b10 c
b10 C
#27750
b101011 h
b11110 R
b1101 *
b1101 V
b1101 z
b1101 }
b1011110 ,
b1011110 W
b1011110 {
b1011110 |
b1101 k
b1101 ]
b1101 )
b1101 u
b11110 l
b11110 ^
b11110 +
b11110 t
b1 #
b1 P
b1 e
b1 n
b10 $
b10 Q
b10 d
b10 m
14
#27800
04
b11 ?
b11 c
b11 C
#27850
b1010010 h
b101101 R
b1011 (
b1011 U
b1011 y
b1011 ~
b11010 *
b11010 V
b11010 z
b11010 }
b1101101 ,
b1101101 W
b1101101 {
b1101101 |
b1011 j
b1011 \
b1011 '
b1011 v
b11010 k
b11010 ]
b11010 )
b11010 u
b101101 l
b101101 ^
b101101 +
b101101 t
b1 "
b1 O
b1 f
b1 o
b10 #
b10 P
b10 e
b10 n
b11 $
b11 Q
b11 d
b11 m
14
#27900
04
b100 ?
b100 c
b100 C
#27950
b10000010 h
b111100 R
b1001 &
b1001 T
b1001 x
b1001 !"
b10110 (
b10110 U
b10110 y
b10110 ~
b100111 *
b100111 V
b100111 z
b100111 }
b1111100 ,
b1111100 W
b1111100 {
b1111100 |
b1001 i
b1001 [
b1001 %
b1001 w
b10110 j
b10110 \
b10110 '
b10110 v
b100111 k
b100111 ]
b100111 )
b100111 u
b111100 l
b111100 ^
b111100 +
b111100 t
b1 !
b1 N
b1 g
b1 p
b10 "
b10 O
b10 f
b10 o
b11 #
b11 P
b11 e
b11 n
b100 $
b100 Q
b100 d
b100 m
14
#28000
04
b101 ?
b101 c
b101 C
#28050
0X
01
b0 3
b0 Z
0S
b10110010 h
b0 R
00
b0 J
b10010 &
b10010 T
b10010 x
b10010 !"
b100001 (
b100001 U
b100001 y
b100001 ~
b110100 *
b110100 V
b110100 z
b110100 }
b1001011 ,
b1001011 W
b1001011 {
b1001011 |
b10010 i
b10010 [
b10010 %
b10010 w
b100001 j
b100001 \
b100001 '
b100001 v
b110100 k
b110100 ]
b110100 )
b110100 u
b1001011 l
b1001011 ^
b1001011 +
b1001011 t
b10 !
b10 N
b10 g
b10 p
b11 "
b11 O
b11 f
b11 o
b100 #
b100 P
b100 e
b100 n
b101 $
b101 Q
b101 d
b101 m
14
#28100
04
b110 ?
b110 c
b110 C
#28150
b11100010 h
b11011 &
b11011 T
b11011 x
b11011 !"
b101100 (
b101100 U
b101100 y
b101100 ~
b1000001 *
b1000001 V
b1000001 z
b1000001 }
b1011010 ,
b1011010 W
b1011010 {
b1011010 |
b11011 i
b11011 [
b11011 %
b11011 w
b101100 j
b101100 \
b101100 '
b101100 v
b1000001 k
b1000001 ]
b1000001 )
b1000001 u
b1011010 l
b1011010 ^
b1011010 +
b1011010 t
b11 !
b11 N
b11 g
b11 p
b100 "
b100 O
b100 f
b100 o
b101 #
b101 P
b101 e
b101 n
b110 $
b110 Q
b110 d
b110 m
14
#28200
04
b111 ?
b111 c
b111 C
#28250
b100010010 h
b100100 &
b100100 T
b100100 x
b100100 !"
b110111 (
b110111 U
b110111 y
b110111 ~
b1001110 *
b1001110 V
b1001110 z
b1001110 }
b1101001 ,
b1101001 W
b1101001 {
b1101001 |
b100100 i
b100100 [
b100100 %
b100100 w
b110111 j
b110111 \
b110111 '
b110111 v
b1001110 k
b1001110 ]
b1001110 )
b1001110 u
b1101001 l
b1101001 ^
b1101001 +
b1101001 t
b100 !
b100 N
b100 g
b100 p
b101 "
b101 O
b101 f
b101 o
b110 #
b110 P
b110 e
b110 n
b111 $
b111 Q
b111 d
b111 m
14
#28300
04
b1000 ?
b1000 c
b1000 C
#28350
b101000010 h
b101101 &
b101101 T
b101101 x
b101101 !"
b1000010 (
b1000010 U
b1000010 y
b1000010 ~
b1011011 *
b1011011 V
b1011011 z
b1011011 }
b1111000 ,
b1111000 W
b1111000 {
b1111000 |
b101101 i
b101101 [
b101101 %
b101101 w
b1000010 j
b1000010 \
b1000010 '
b1000010 v
b1011011 k
b1011011 ]
b1011011 )
b1011011 u
b1111000 l
b1111000 ^
b1111000 +
b1111000 t
b101 !
b101 N
b101 g
b101 p
b110 "
b110 O
b110 f
b110 o
b111 #
b111 P
b111 e
b111 n
b1000 $
b1000 Q
b1000 d
b1000 m
14
#28400
04
b1001 ?
b1001 c
b1001 C
#28450
1X
b110 3
b110 Z
11
b10000111 R
1S
b101110010 h
10
b1000000 J
b110110 &
b110110 T
b110110 x
b110110 !"
b1001101 (
b1001101 U
b1001101 y
b1001101 ~
b1101000 *
b1101000 V
b1101000 z
b1101000 }
b11000111 ,
b11000111 W
b11000111 {
b11000111 |
b110110 i
b110110 [
b110110 %
b110110 w
b1001101 j
b1001101 \
b1001101 '
b1001101 v
b1101000 k
b1101000 ]
b1101000 )
b1101000 u
b10000111 l
b10000111 ^
b10000111 +
b10000111 t
b110 !
b110 N
b110 g
b110 p
b111 "
b111 O
b111 f
b111 o
b1000 #
b1000 P
b1000 e
b1000 n
b1001 $
b1001 Q
b1001 d
b1001 m
14
#28500
04
b1010 ?
b1010 c
b1010 C
#28550
b110100010 h
b10010110 R
b111111 &
b111111 T
b111111 x
b111111 !"
b1011000 (
b1011000 U
b1011000 y
b1011000 ~
b1110101 *
b1110101 V
b1110101 z
b1110101 }
b11010110 ,
b11010110 W
b11010110 {
b11010110 |
b111111 i
b111111 [
b111111 %
b111111 w
b1011000 j
b1011000 \
b1011000 '
b1011000 v
b1110101 k
b1110101 ]
b1110101 )
b1110101 u
b10010110 l
b10010110 ^
b10010110 +
b10010110 t
b111 !
b111 N
b111 g
b111 p
b1000 "
b1000 O
b1000 f
b1000 o
b1001 #
b1001 P
b1001 e
b1001 n
b1010 $
b1010 Q
b1010 d
b1010 m
14
#28600
04
b1011 ?
b1011 c
b1011 C
#28650
b111010010 h
b10100101 R
b1001000 &
b1001000 T
b1001000 x
b1001000 !"
b1100011 (
b1100011 U
b1100011 y
b1100011 ~
b10000010 *
b10000010 V
b10000010 z
b10000010 }
b11100101 ,
b11100101 W
b11100101 {
b11100101 |
b1001000 i
b1001000 [
b1001000 %
b1001000 w
b1100011 j
b1100011 \
b1100011 '
b1100011 v
b10000010 k
b10000010 ]
b10000010 )
b10000010 u
b10100101 l
b10100101 ^
b10100101 +
b10100101 t
b1000 !
b1000 N
b1000 g
b1000 p
b1001 "
b1001 O
b1001 f
b1001 o
b1010 #
b1010 P
b1010 e
b1010 n
b1011 $
b1011 Q
b1011 d
b1011 m
14
#28700
04
b1100 ?
b1100 c
b1100 C
#28750
b1000000010 h
b10110100 R
b1010001 &
b1010001 T
b1010001 x
b1010001 !"
b1101110 (
b1101110 U
b1101110 y
b1101110 ~
b10001111 *
b10001111 V
b10001111 z
b10001111 }
b11110100 ,
b11110100 W
b11110100 {
b11110100 |
b1010001 i
b1010001 [
b1010001 %
b1010001 w
b1101110 j
b1101110 \
b1101110 '
b1101110 v
b10001111 k
b10001111 ]
b10001111 )
b10001111 u
b10110100 l
b10110100 ^
b10110100 +
b10110100 t
b1001 !
b1001 N
b1001 g
b1001 p
b1010 "
b1010 O
b1010 f
b1010 o
b1011 #
b1011 P
b1011 e
b1011 n
b1100 $
b1100 Q
b1100 d
b1100 m
14
#28800
04
b1101 ?
b1101 c
b1101 C
#28850
0X
01
b0 3
b0 Z
0S
b1000110010 h
b0 R
00
b0 J
b1011010 &
b1011010 T
b1011010 x
b1011010 !"
b1111001 (
b1111001 U
b1111001 y
b1111001 ~
b10011100 *
b10011100 V
b10011100 z
b10011100 }
b11000011 ,
b11000011 W
b11000011 {
b11000011 |
b1011010 i
b1011010 [
b1011010 %
b1011010 w
b1111001 j
b1111001 \
b1111001 '
b1111001 v
b10011100 k
b10011100 ]
b10011100 )
b10011100 u
b11000011 l
b11000011 ^
b11000011 +
b11000011 t
b1010 !
b1010 N
b1010 g
b1010 p
b1011 "
b1011 O
b1011 f
b1011 o
b1100 #
b1100 P
b1100 e
b1100 n
b1101 $
b1101 Q
b1101 d
b1101 m
14
#28900
04
b1110 ?
b1110 c
b1110 C
#28950
b1001100010 h
b1100011 &
b1100011 T
b1100011 x
b1100011 !"
b10000100 (
b10000100 U
b10000100 y
b10000100 ~
b10101001 *
b10101001 V
b10101001 z
b10101001 }
b11010010 ,
b11010010 W
b11010010 {
b11010010 |
b1100011 i
b1100011 [
b1100011 %
b1100011 w
b10000100 j
b10000100 \
b10000100 '
b10000100 v
b10101001 k
b10101001 ]
b10101001 )
b10101001 u
b11010010 l
b11010010 ^
b11010010 +
b11010010 t
b1011 !
b1011 N
b1011 g
b1011 p
b1100 "
b1100 O
b1100 f
b1100 o
b1101 #
b1101 P
b1101 e
b1101 n
b1110 $
b1110 Q
b1110 d
b1110 m
14
#29000
04
b1111 ?
b1111 c
b1111 C
#29050
b1010010010 h
b1101100 &
b1101100 T
b1101100 x
b1101100 !"
b10001111 (
b10001111 U
b10001111 y
b10001111 ~
b10110110 *
b10110110 V
b10110110 z
b10110110 }
b11100001 ,
b11100001 W
b11100001 {
b11100001 |
b1101100 i
b1101100 [
b1101100 %
b1101100 w
b10001111 j
b10001111 \
b10001111 '
b10001111 v
b10110110 k
b10110110 ]
b10110110 )
b10110110 u
b11100001 l
b11100001 ^
b11100001 +
b11100001 t
b1100 !
b1100 N
b1100 g
b1100 p
b1101 "
b1101 O
b1101 f
b1101 o
b1110 #
b1110 P
b1110 e
b1110 n
b1111 $
b1111 Q
b1111 d
b1111 m
14
#29100
04
b10000 C
#29150
b1010110011 h
b1110101 &
b1110101 T
b1110101 x
b1110101 !"
b10011010 (
b10011010 U
b10011010 y
b10011010 ~
b11000011 *
b11000011 V
b11000011 z
b11000011 }
b1110101 i
b1110101 [
b1110101 %
b1110101 w
b10011010 j
b10011010 \
b10011010 '
b10011010 v
b11000011 k
b11000011 ]
b11000011 )
b11000011 u
b1101 !
b1101 N
b1101 g
b1101 p
b1110 "
b1110 O
b1110 f
b1110 o
b1111 #
b1111 P
b1111 e
b1111 n
14
#29200
04
#29250
b1011000111 h
b1111110 &
b1111110 T
b1111110 x
b1111110 !"
b10100101 (
b10100101 U
b10100101 y
b10100101 ~
b1111110 i
b1111110 [
b1111110 %
b1111110 w
b10100101 j
b10100101 \
b10100101 '
b10100101 v
b1110 !
b1110 N
b1110 g
b1110 p
b1111 "
b1111 O
b1111 f
b1111 o
14
#29300
04
#29350
b1011010000 h
b10000111 &
b10000111 T
b10000111 x
b10000111 !"
b10000111 i
b10000111 [
b10000111 %
b10000111 w
b1111 !
b1111 N
b1111 g
b1111 p
14
#29400
04
#29450
14
#29500
b111 3
b111 Z
11
b11100001 R
0S
10
b10000000 J
b1100001 ,
b1100001 W
b1100001 {
b1100001 |
04
b0 ?
b0 c
1>
0=
07
b111 5
b111 q
b1 $"
b111 ""
b111 @
b1 8
b1 s
b1110 E
b1110 A
b1110 B
#29550
01
b0 3
b0 Z
b0 h
b0 R
00
b0 J
b0 &
b0 T
b0 x
b0 !"
b0 (
b0 U
b0 y
b0 ~
b0 *
b0 V
b0 z
b0 }
b0 ,
b0 W
b0 {
b0 |
b0 i
b0 [
b0 %
b0 w
b0 j
b0 \
b0 '
b0 v
b0 k
b0 ]
b0 )
b0 u
b0 l
b0 ^
b0 +
b0 t
b0 !
b0 N
b0 g
b0 p
b0 "
b0 O
b0 f
b0 o
b0 #
b0 P
b0 e
b0 n
b0 $
b0 Q
b0 d
b0 m
14
#29600
04
b0 C
0>
#29650
14
#29700
04
b1 ?
b1 c
b1 C
#29750
b1111 h
b1111 ,
b1111 W
b1111 {
b1111 |
b1111 l
b1111 ^
b1111 +
b1111 t
b1 $
b1 Q
b1 d
b1 m
14
#29800
04
b10 ?
b10 c
b10 C
#29850
b101011 h
b1101 *
b1101 V
b1101 z
b1101 }
b11110 ,
b11110 W
b11110 {
b11110 |
b1101 k
b1101 ]
b1101 )
b1101 u
b11110 l
b11110 ^
b11110 +
b11110 t
b1 #
b1 P
b1 e
b1 n
b10 $
b10 Q
b10 d
b10 m
14
#29900
04
b11 ?
b11 c
b11 C
#29950
b1010010 h
b1011 (
b1011 U
b1011 y
b1011 ~
b11010 *
b11010 V
b11010 z
b11010 }
b101101 ,
b101101 W
b101101 {
b101101 |
b1011 j
b1011 \
b1011 '
b1011 v
b11010 k
b11010 ]
b11010 )
b11010 u
b101101 l
b101101 ^
b101101 +
b101101 t
b1 "
b1 O
b1 f
b1 o
b10 #
b10 P
b10 e
b10 n
b11 $
b11 Q
b11 d
b11 m
14
#30000
04
b100 ?
b100 c
b100 C
#30050
b10000010 h
b1001 &
b1001 T
b1001 x
b1001 !"
b10110 (
b10110 U
b10110 y
b10110 ~
b100111 *
b100111 V
b100111 z
b100111 }
b111100 ,
b111100 W
b111100 {
b111100 |
b1001 i
b1001 [
b1001 %
b1001 w
b10110 j
b10110 \
b10110 '
b10110 v
b100111 k
b100111 ]
b100111 )
b100111 u
b111100 l
b111100 ^
b111100 +
b111100 t
b1 !
b1 N
b1 g
b1 p
b10 "
b10 O
b10 f
b10 o
b11 #
b11 P
b11 e
b11 n
b100 $
b100 Q
b100 d
b100 m
14
#30100
04
b101 ?
b101 c
b101 C
#30150
b10110010 h
b10010 &
b10010 T
b10010 x
b10010 !"
b100001 (
b100001 U
b100001 y
b100001 ~
b110100 *
b110100 V
b110100 z
b110100 }
b1001011 ,
b1001011 W
b1001011 {
b1001011 |
b10010 i
b10010 [
b10010 %
b10010 w
b100001 j
b100001 \
b100001 '
b100001 v
b110100 k
b110100 ]
b110100 )
b110100 u
b1001011 l
b1001011 ^
b1001011 +
b1001011 t
b10 !
b10 N
b10 g
b10 p
b11 "
b11 O
b11 f
b11 o
b100 #
b100 P
b100 e
b100 n
b101 $
b101 Q
b101 d
b101 m
14
#30200
04
b110 ?
b110 c
b110 C
#30250
b11100010 h
b11011 &
b11011 T
b11011 x
b11011 !"
b101100 (
b101100 U
b101100 y
b101100 ~
b1000001 *
b1000001 V
b1000001 z
b1000001 }
b1011010 ,
b1011010 W
b1011010 {
b1011010 |
b11011 i
b11011 [
b11011 %
b11011 w
b101100 j
b101100 \
b101100 '
b101100 v
b1000001 k
b1000001 ]
b1000001 )
b1000001 u
b1011010 l
b1011010 ^
b1011010 +
b1011010 t
b11 !
b11 N
b11 g
b11 p
b100 "
b100 O
b100 f
b100 o
b101 #
b101 P
b101 e
b101 n
b110 $
b110 Q
b110 d
b110 m
14
#30300
04
b111 ?
b111 c
b111 C
#30350
b100010010 h
b100100 &
b100100 T
b100100 x
b100100 !"
b110111 (
b110111 U
b110111 y
b110111 ~
b1001110 *
b1001110 V
b1001110 z
b1001110 }
b1101001 ,
b1101001 W
b1101001 {
b1101001 |
b100100 i
b100100 [
b100100 %
b100100 w
b110111 j
b110111 \
b110111 '
b110111 v
b1001110 k
b1001110 ]
b1001110 )
b1001110 u
b1101001 l
b1101001 ^
b1101001 +
b1101001 t
b100 !
b100 N
b100 g
b100 p
b101 "
b101 O
b101 f
b101 o
b110 #
b110 P
b110 e
b110 n
b111 $
b111 Q
b111 d
b111 m
14
#30400
04
b1000 ?
b1000 c
b1000 C
#30450
b101000010 h
b101101 &
b101101 T
b101101 x
b101101 !"
b1000010 (
b1000010 U
b1000010 y
b1000010 ~
b1011011 *
b1011011 V
b1011011 z
b1011011 }
b1111000 ,
b1111000 W
b1111000 {
b1111000 |
b101101 i
b101101 [
b101101 %
b101101 w
b1000010 j
b1000010 \
b1000010 '
b1000010 v
b1011011 k
b1011011 ]
b1011011 )
b1011011 u
b1111000 l
b1111000 ^
b1111000 +
b1111000 t
b101 !
b101 N
b101 g
b101 p
b110 "
b110 O
b110 f
b110 o
b111 #
b111 P
b111 e
b111 n
b1000 $
b1000 Q
b1000 d
b1000 m
14
#30500
04
b1001 ?
b1001 c
b1001 C
#30550
b111 3
b111 Z
11
b10000111 R
0S
b101110010 h
10
b10000000 J
b110110 &
b110110 T
b110110 x
b110110 !"
b1001101 (
b1001101 U
b1001101 y
b1001101 ~
b1101000 *
b1101000 V
b1101000 z
b1101000 }
b111 ,
b111 W
b111 {
b111 |
b110110 i
b110110 [
b110110 %
b110110 w
b1001101 j
b1001101 \
b1001101 '
b1001101 v
b1101000 k
b1101000 ]
b1101000 )
b1101000 u
b10000111 l
b10000111 ^
b10000111 +
b10000111 t
b110 !
b110 N
b110 g
b110 p
b111 "
b111 O
b111 f
b111 o
b1000 #
b1000 P
b1000 e
b1000 n
b1001 $
b1001 Q
b1001 d
b1001 m
14
#30600
04
b1010 ?
b1010 c
b1010 C
1=
17
#30650
b110100010 h
b10010110 R
b111111 &
b111111 T
b111111 x
b111111 !"
b1011000 (
b1011000 U
b1011000 y
b1011000 ~
b1110101 *
b1110101 V
b1110101 z
b1110101 }
b10110 ,
b10110 W
b10110 {
b10110 |
b111111 i
b111111 [
b111111 %
b111111 w
b1011000 j
b1011000 \
b1011000 '
b1011000 v
b1110101 k
b1110101 ]
b1110101 )
b1110101 u
b10010110 l
b10010110 ^
b10010110 +
b10010110 t
b111 !
b111 N
b111 g
b111 p
b1000 "
b1000 O
b1000 f
b1000 o
b1001 #
b1001 P
b1001 e
b1001 n
b1010 $
b1010 Q
b1010 d
b1010 m
14
#30700
04
b1011 ?
b1011 c
b1011 C
#30750
b111010010 h
b10100101 R
b1001000 &
b1001000 T
b1001000 x
b1001000 !"
b1100011 (
b1100011 U
b1100011 y
b1100011 ~
b10000010 *
b10000010 V
b10000010 z
b10000010 }
b100101 ,
b100101 W
b100101 {
b100101 |
b1001000 i
b1001000 [
b1001000 %
b1001000 w
b1100011 j
b1100011 \
b1100011 '
b1100011 v
b10000010 k
b10000010 ]
b10000010 )
b10000010 u
b10100101 l
b10100101 ^
b10100101 +
b10100101 t
b1000 !
b1000 N
b1000 g
b1000 p
b1001 "
b1001 O
b1001 f
b1001 o
b1010 #
b1010 P
b1010 e
b1010 n
b1011 $
b1011 Q
b1011 d
b1011 m
14
#30800
04
b1100 ?
b1100 c
b1100 C
#30850
b1000000010 h
b10110100 R
b1010001 &
b1010001 T
b1010001 x
b1010001 !"
b1101110 (
b1101110 U
b1101110 y
b1101110 ~
b10001111 *
b10001111 V
b10001111 z
b10001111 }
b110100 ,
b110100 W
b110100 {
b110100 |
b1010001 i
b1010001 [
b1010001 %
b1010001 w
b1101110 j
b1101110 \
b1101110 '
b1101110 v
b10001111 k
b10001111 ]
b10001111 )
b10001111 u
b10110100 l
b10110100 ^
b10110100 +
b10110100 t
b1001 !
b1001 N
b1001 g
b1001 p
b1010 "
b1010 O
b1010 f
b1010 o
b1011 #
b1011 P
b1011 e
b1011 n
b1100 $
b1100 Q
b1100 d
b1100 m
14
#30900
04
b1101 ?
b1101 c
b1101 C
#30950
b1000110010 h
b11000011 R
b1011010 &
b1011010 T
b1011010 x
b1011010 !"
b1111001 (
b1111001 U
b1111001 y
b1111001 ~
b10011100 *
b10011100 V
b10011100 z
b10011100 }
b1000011 ,
b1000011 W
b1000011 {
b1000011 |
b1011010 i
b1011010 [
b1011010 %
b1011010 w
b1111001 j
b1111001 \
b1111001 '
b1111001 v
b10011100 k
b10011100 ]
b10011100 )
b10011100 u
b11000011 l
b11000011 ^
b11000011 +
b11000011 t
b1010 !
b1010 N
b1010 g
b1010 p
b1011 "
b1011 O
b1011 f
b1011 o
b1100 #
b1100 P
b1100 e
b1100 n
b1101 $
b1101 Q
b1101 d
b1101 m
14
#31000
04
b1110 ?
b1110 c
b1110 C
#31050
b1001100010 h
b11010010 R
b1100011 &
b1100011 T
b1100011 x
b1100011 !"
b10000100 (
b10000100 U
b10000100 y
b10000100 ~
b10101001 *
b10101001 V
b10101001 z
b10101001 }
b1010010 ,
b1010010 W
b1010010 {
b1010010 |
b1100011 i
b1100011 [
b1100011 %
b1100011 w
b10000100 j
b10000100 \
b10000100 '
b10000100 v
b10101001 k
b10101001 ]
b10101001 )
b10101001 u
b11010010 l
b11010010 ^
b11010010 +
b11010010 t
b1011 !
b1011 N
b1011 g
b1011 p
b1100 "
b1100 O
b1100 f
b1100 o
b1101 #
b1101 P
b1101 e
b1101 n
b1110 $
b1110 Q
b1110 d
b1110 m
14
#31100
04
b1111 ?
b1111 c
b1111 C
#31150
b1010010010 h
b11100001 R
b1101100 &
b1101100 T
b1101100 x
b1101100 !"
b10001111 (
b10001111 U
b10001111 y
b10001111 ~
b10110110 *
b10110110 V
b10110110 z
b10110110 }
b1100001 ,
b1100001 W
b1100001 {
b1100001 |
b1101100 i
b1101100 [
b1101100 %
b1101100 w
b10001111 j
b10001111 \
b10001111 '
b10001111 v
b10110110 k
b10110110 ]
b10110110 )
b10110110 u
b11100001 l
b11100001 ^
b11100001 +
b11100001 t
b1100 !
b1100 N
b1100 g
b1100 p
b1101 "
b1101 O
b1101 f
b1101 o
b1110 #
b1110 P
b1110 e
b1110 n
b1111 $
b1111 Q
b1111 d
b1111 m
14
#31200
04
b10000 C
#31250
b1010110011 h
b1110101 &
b1110101 T
b1110101 x
b1110101 !"
b10011010 (
b10011010 U
b10011010 y
b10011010 ~
b11000011 *
b11000011 V
b11000011 z
b11000011 }
b1100001 ,
b1100001 W
b1100001 {
b1100001 |
b1110101 i
b1110101 [
b1110101 %
b1110101 w
b10011010 j
b10011010 \
b10011010 '
b10011010 v
b11000011 k
b11000011 ]
b11000011 )
b11000011 u
b1101 !
b1101 N
b1101 g
b1101 p
b1110 "
b1110 O
b1110 f
b1110 o
b1111 #
b1111 P
b1111 e
b1111 n
14
#31300
04
#31350
b1011000111 h
b1111110 &
b1111110 T
b1111110 x
b1111110 !"
b10100101 (
b10100101 U
b10100101 y
b10100101 ~
b1100001 ,
b1100001 W
b1100001 {
b1100001 |
b1111110 i
b1111110 [
b1111110 %
b1111110 w
b10100101 j
b10100101 \
b10100101 '
b10100101 v
b1110 !
b1110 N
b1110 g
b1110 p
b1111 "
b1111 O
b1111 f
b1111 o
14
#31400
04
#31450
b1011010000 h
b10000111 &
b10000111 T
b10000111 x
b10000111 !"
b1100001 ,
b1100001 W
b1100001 {
b1100001 |
b10000111 i
b10000111 [
b10000111 %
b10000111 w
b1111 !
b1111 N
b1111 g
b1111 p
14
#31500
04
#31550
14
#31600
01
b0 3
b0 Z
b0 R
00
b0 J
b11100001 ,
b11100001 W
b11100001 {
b11100001 |
04
b0 ?
b0 c
1>
0=
07
b10 $"
b10 8
b10 s
b1111 E
b1111 A
b1111 B
#31650
1X
1S
b111 3
b111 Z
11
b0 h
10
b10000000 J
b0 &
b0 T
b0 x
b0 !"
b0 (
b0 U
b0 y
b0 ~
b0 *
b0 V
b0 z
b0 }
b10000000 ,
b10000000 W
b10000000 {
b10000000 |
b0 i
b0 [
b0 %
b0 w
b0 j
b0 \
b0 '
b0 v
b0 k
b0 ]
b0 )
b0 u
b0 l
b0 ^
b0 +
b0 t
b0 !
b0 N
b0 g
b0 p
b0 "
b0 O
b0 f
b0 o
b0 #
b0 P
b0 e
b0 n
b0 $
b0 Q
b0 d
b0 m
14
#31700
04
b0 C
0>
#31750
14
#31800
04
b1 ?
b1 c
b1 C
1=
17
#31850
b1111 h
b1111 R
b10001111 ,
b10001111 W
b10001111 {
b10001111 |
b1111 l
b1111 ^
b1111 +
b1111 t
b1 $
b1 Q
b1 d
b1 m
14
#31900
04
b10 ?
b10 c
b10 C
#31950
b101011 h
b11110 R
b1101 *
b1101 V
b1101 z
b1101 }
b10011110 ,
b10011110 W
b10011110 {
b10011110 |
b1101 k
b1101 ]
b1101 )
b1101 u
b11110 l
b11110 ^
b11110 +
b11110 t
b1 #
b1 P
b1 e
b1 n
b10 $
b10 Q
b10 d
b10 m
14
#32000
04
b11 ?
b11 c
b11 C
#32050
b1010010 h
b101101 R
b1011 (
b1011 U
b1011 y
b1011 ~
b11010 *
b11010 V
b11010 z
b11010 }
b10101101 ,
b10101101 W
b10101101 {
b10101101 |
b1011 j
b1011 \
b1011 '
b1011 v
b11010 k
b11010 ]
b11010 )
b11010 u
b101101 l
b101101 ^
b101101 +
b101101 t
b1 "
b1 O
b1 f
b1 o
b10 #
b10 P
b10 e
b10 n
b11 $
b11 Q
b11 d
b11 m
14
#32100
04
b100 ?
b100 c
b100 C
#32150
b10000010 h
b111100 R
b1001 &
b1001 T
b1001 x
b1001 !"
b10110 (
b10110 U
b10110 y
b10110 ~
b100111 *
b100111 V
b100111 z
b100111 }
b10111100 ,
b10111100 W
b10111100 {
b10111100 |
b1001 i
b1001 [
b1001 %
b1001 w
b10110 j
b10110 \
b10110 '
b10110 v
b100111 k
b100111 ]
b100111 )
b100111 u
b111100 l
b111100 ^
b111100 +
b111100 t
b1 !
b1 N
b1 g
b1 p
b10 "
b10 O
b10 f
b10 o
b11 #
b11 P
b11 e
b11 n
b100 $
b100 Q
b100 d
b100 m
14
#32200
04
b101 ?
b101 c
b101 C
#32250
b10110010 h
b1001011 R
b10010 &
b10010 T
b10010 x
b10010 !"
b100001 (
b100001 U
b100001 y
b100001 ~
b110100 *
b110100 V
b110100 z
b110100 }
b11001011 ,
b11001011 W
b11001011 {
b11001011 |
b10010 i
b10010 [
b10010 %
b10010 w
b100001 j
b100001 \
b100001 '
b100001 v
b110100 k
b110100 ]
b110100 )
b110100 u
b1001011 l
b1001011 ^
b1001011 +
b1001011 t
b10 !
b10 N
b10 g
b10 p
b11 "
b11 O
b11 f
b11 o
b100 #
b100 P
b100 e
b100 n
b101 $
b101 Q
b101 d
b101 m
14
#32300
04
b110 ?
b110 c
b110 C
#32350
b11100010 h
b1011010 R
b11011 &
b11011 T
b11011 x
b11011 !"
b101100 (
b101100 U
b101100 y
b101100 ~
b1000001 *
b1000001 V
b1000001 z
b1000001 }
b11011010 ,
b11011010 W
b11011010 {
b11011010 |
b11011 i
b11011 [
b11011 %
b11011 w
b101100 j
b101100 \
b101100 '
b101100 v
b1000001 k
b1000001 ]
b1000001 )
b1000001 u
b1011010 l
b1011010 ^
b1011010 +
b1011010 t
b11 !
b11 N
b11 g
b11 p
b100 "
b100 O
b100 f
b100 o
b101 #
b101 P
b101 e
b101 n
b110 $
b110 Q
b110 d
b110 m
14
#32400
04
b111 ?
b111 c
b111 C
#32450
b100010010 h
b1101001 R
b100100 &
b100100 T
b100100 x
b100100 !"
b110111 (
b110111 U
b110111 y
b110111 ~
b1001110 *
b1001110 V
b1001110 z
b1001110 }
b11101001 ,
b11101001 W
b11101001 {
b11101001 |
b100100 i
b100100 [
b100100 %
b100100 w
b110111 j
b110111 \
b110111 '
b110111 v
b1001110 k
b1001110 ]
b1001110 )
b1001110 u
b1101001 l
b1101001 ^
b1101001 +
b1101001 t
b100 !
b100 N
b100 g
b100 p
b101 "
b101 O
b101 f
b101 o
b110 #
b110 P
b110 e
b110 n
b111 $
b111 Q
b111 d
b111 m
14
#32500
04
b1000 ?
b1000 c
b1000 C
#32550
b101000010 h
b1111000 R
b101101 &
b101101 T
b101101 x
b101101 !"
b1000010 (
b1000010 U
b1000010 y
b1000010 ~
b1011011 *
b1011011 V
b1011011 z
b1011011 }
b11111000 ,
b11111000 W
b11111000 {
b11111000 |
b101101 i
b101101 [
b101101 %
b101101 w
b1000010 j
b1000010 \
b1000010 '
b1000010 v
b1011011 k
b1011011 ]
b1011011 )
b1011011 u
b1111000 l
b1111000 ^
b1111000 +
b1111000 t
b101 !
b101 N
b101 g
b101 p
b110 "
b110 O
b110 f
b110 o
b111 #
b111 P
b111 e
b111 n
b1000 $
b1000 Q
b1000 d
b1000 m
14
#32600
04
b1001 ?
b1001 c
b1001 C
#32650
0X
01
b0 3
b0 Z
0S
b101110010 h
b0 R
00
b0 J
b110110 &
b110110 T
b110110 x
b110110 !"
b1001101 (
b1001101 U
b1001101 y
b1001101 ~
b1101000 *
b1101000 V
b1101000 z
b1101000 }
b10000111 ,
b10000111 W
b10000111 {
b10000111 |
b110110 i
b110110 [
b110110 %
b110110 w
b1001101 j
b1001101 \
b1001101 '
b1001101 v
b1101000 k
b1101000 ]
b1101000 )
b1101000 u
b10000111 l
b10000111 ^
b10000111 +
b10000111 t
b110 !
b110 N
b110 g
b110 p
b111 "
b111 O
b111 f
b111 o
b1000 #
b1000 P
b1000 e
b1000 n
b1001 $
b1001 Q
b1001 d
b1001 m
14
#32700
04
b1010 ?
b1010 c
b1010 C
#32750
b110100010 h
b111111 &
b111111 T
b111111 x
b111111 !"
b1011000 (
b1011000 U
b1011000 y
b1011000 ~
b1110101 *
b1110101 V
b1110101 z
b1110101 }
b10010110 ,
b10010110 W
b10010110 {
b10010110 |
b111111 i
b111111 [
b111111 %
b111111 w
b1011000 j
b1011000 \
b1011000 '
b1011000 v
b1110101 k
b1110101 ]
b1110101 )
b1110101 u
b10010110 l
b10010110 ^
b10010110 +
b10010110 t
b111 !
b111 N
b111 g
b111 p
b1000 "
b1000 O
b1000 f
b1000 o
b1001 #
b1001 P
b1001 e
b1001 n
b1010 $
b1010 Q
b1010 d
b1010 m
14
#32800
04
b1011 ?
b1011 c
b1011 C
#32850
b111010010 h
b1001000 &
b1001000 T
b1001000 x
b1001000 !"
b1100011 (
b1100011 U
b1100011 y
b1100011 ~
b10000010 *
b10000010 V
b10000010 z
b10000010 }
b10100101 ,
b10100101 W
b10100101 {
b10100101 |
b1001000 i
b1001000 [
b1001000 %
b1001000 w
b1100011 j
b1100011 \
b1100011 '
b1100011 v
b10000010 k
b10000010 ]
b10000010 )
b10000010 u
b10100101 l
b10100101 ^
b10100101 +
b10100101 t
b1000 !
b1000 N
b1000 g
b1000 p
b1001 "
b1001 O
b1001 f
b1001 o
b1010 #
b1010 P
b1010 e
b1010 n
b1011 $
b1011 Q
b1011 d
b1011 m
14
#32900
04
b1100 ?
b1100 c
b1100 C
#32950
b1000000010 h
b1010001 &
b1010001 T
b1010001 x
b1010001 !"
b1101110 (
b1101110 U
b1101110 y
b1101110 ~
b10001111 *
b10001111 V
b10001111 z
b10001111 }
b10110100 ,
b10110100 W
b10110100 {
b10110100 |
b1010001 i
b1010001 [
b1010001 %
b1010001 w
b1101110 j
b1101110 \
b1101110 '
b1101110 v
b10001111 k
b10001111 ]
b10001111 )
b10001111 u
b10110100 l
b10110100 ^
b10110100 +
b10110100 t
b1001 !
b1001 N
b1001 g
b1001 p
b1010 "
b1010 O
b1010 f
b1010 o
b1011 #
b1011 P
b1011 e
b1011 n
b1100 $
b1100 Q
b1100 d
b1100 m
14
#33000
04
b1101 ?
b1101 c
b1101 C
#33050
b1000110010 h
b1011010 &
b1011010 T
b1011010 x
b1011010 !"
b1111001 (
b1111001 U
b1111001 y
b1111001 ~
b10011100 *
b10011100 V
b10011100 z
b10011100 }
b11000011 ,
b11000011 W
b11000011 {
b11000011 |
b1011010 i
b1011010 [
b1011010 %
b1011010 w
b1111001 j
b1111001 \
b1111001 '
b1111001 v
b10011100 k
b10011100 ]
b10011100 )
b10011100 u
b11000011 l
b11000011 ^
b11000011 +
b11000011 t
b1010 !
b1010 N
b1010 g
b1010 p
b1011 "
b1011 O
b1011 f
b1011 o
b1100 #
b1100 P
b1100 e
b1100 n
b1101 $
b1101 Q
b1101 d
b1101 m
14
#33100
04
b1110 ?
b1110 c
b1110 C
#33150
b1001100010 h
b1100011 &
b1100011 T
b1100011 x
b1100011 !"
b10000100 (
b10000100 U
b10000100 y
b10000100 ~
b10101001 *
b10101001 V
b10101001 z
b10101001 }
b11010010 ,
b11010010 W
b11010010 {
b11010010 |
b1100011 i
b1100011 [
b1100011 %
b1100011 w
b10000100 j
b10000100 \
b10000100 '
b10000100 v
b10101001 k
b10101001 ]
b10101001 )
b10101001 u
b11010010 l
b11010010 ^
b11010010 +
b11010010 t
b1011 !
b1011 N
b1011 g
b1011 p
b1100 "
b1100 O
b1100 f
b1100 o
b1101 #
b1101 P
b1101 e
b1101 n
b1110 $
b1110 Q
b1110 d
b1110 m
14
#33200
04
b1111 ?
b1111 c
b1111 C
#33250
b1010010010 h
b1101100 &
b1101100 T
b1101100 x
b1101100 !"
b10001111 (
b10001111 U
b10001111 y
b10001111 ~
b10110110 *
b10110110 V
b10110110 z
b10110110 }
b11100001 ,
b11100001 W
b11100001 {
b11100001 |
b1101100 i
b1101100 [
b1101100 %
b1101100 w
b10001111 j
b10001111 \
b10001111 '
b10001111 v
b10110110 k
b10110110 ]
b10110110 )
b10110110 u
b11100001 l
b11100001 ^
b11100001 +
b11100001 t
b1100 !
b1100 N
b1100 g
b1100 p
b1101 "
b1101 O
b1101 f
b1101 o
b1110 #
b1110 P
b1110 e
b1110 n
b1111 $
b1111 Q
b1111 d
b1111 m
14
#33300
04
b10000 C
#33350
b1010110011 h
b1110101 &
b1110101 T
b1110101 x
b1110101 !"
b10011010 (
b10011010 U
b10011010 y
b10011010 ~
b11000011 *
b11000011 V
b11000011 z
b11000011 }
b1110101 i
b1110101 [
b1110101 %
b1110101 w
b10011010 j
b10011010 \
b10011010 '
b10011010 v
b11000011 k
b11000011 ]
b11000011 )
b11000011 u
b1101 !
b1101 N
b1101 g
b1101 p
b1110 "
b1110 O
b1110 f
b1110 o
b1111 #
b1111 P
b1111 e
b1111 n
14
#33400
04
#33450
b1011000111 h
b1111110 &
b1111110 T
b1111110 x
b1111110 !"
b10100101 (
b10100101 U
b10100101 y
b10100101 ~
b1111110 i
b1111110 [
b1111110 %
b1111110 w
b10100101 j
b10100101 \
b10100101 '
b10100101 v
b1110 !
b1110 N
b1110 g
b1110 p
b1111 "
b1111 O
b1111 f
b1111 o
14
#33500
04
#33550
b1011010000 h
b10000111 &
b10000111 T
b10000111 x
b10000111 !"
b10000111 i
b10000111 [
b10000111 %
b10000111 w
b1111 !
b1111 N
b1111 g
b1111 p
14
#33600
04
#33650
14
#33700
11
b1 2
b1 Y
b11000011 R
1/
b1 K
b11000010 *
b11000010 V
b11000010 z
b11000010 }
04
b0 ?
b0 c
1>
0=
07
b0 5
b0 q
b1 6
b1 r
b1 $"
b0 ""
b1 #"
b1 D
b0 @
b1 8
b1 s
b10000 E
b10000 A
b10000 B
#33750
01
b0 2
b0 Y
b0 R
0/
b0 K
b0 h
b0 &
b0 T
b0 x
b0 !"
b0 (
b0 U
b0 y
b0 ~
b0 *
b0 V
b0 z
b0 }
b0 ,
b0 W
b0 {
b0 |
b0 i
b0 [
b0 %
b0 w
b0 j
b0 \
b0 '
b0 v
b0 k
b0 ]
b0 )
b0 u
b0 l
b0 ^
b0 +
b0 t
b0 !
b0 N
b0 g
b0 p
b0 "
b0 O
b0 f
b0 o
b0 #
b0 P
b0 e
b0 n
b0 $
b0 Q
b0 d
b0 m
14
#33800
04
b0 C
0>
#33850
14
#33900
04
b1 ?
b1 c
b1 C
#33950
b1111 h
b1111 ,
b1111 W
b1111 {
b1111 |
b1111 l
b1111 ^
b1111 +
b1111 t
b1 $
b1 Q
b1 d
b1 m
14
#34000
04
b10 ?
b10 c
b10 C
#34050
11
b1 2
b1 Y
b1101 R
1/
b1 K
b101011 h
b1100 *
b1100 V
b1100 z
b1100 }
b11110 ,
b11110 W
b11110 {
b11110 |
b1101 k
b1101 ]
b1101 )
b1101 u
b11110 l
b11110 ^
b11110 +
b11110 t
b1 #
b1 P
b1 e
b1 n
b10 $
b10 Q
b10 d
b10 m
14
#34100
04
b11 ?
b11 c
b11 C
1=
17
#34150
01
b0 2
b0 Y
b0 R
0/
b0 K
b1010010 h
b1011 (
b1011 U
b1011 y
b1011 ~
b11010 *
b11010 V
b11010 z
b11010 }
b101101 ,
b101101 W
b101101 {
b101101 |
b1011 j
b1011 \
b1011 '
b1011 v
b11010 k
b11010 ]
b11010 )
b11010 u
b101101 l
b101101 ^
b101101 +
b101101 t
b1 "
b1 O
b1 f
b1 o
b10 #
b10 P
b10 e
b10 n
b11 $
b11 Q
b11 d
b11 m
14
#34200
04
b100 ?
b100 c
b100 C
#34250
11
b1 2
b1 Y
b100111 R
1/
b1 K
b10000010 h
b1001 &
b1001 T
b1001 x
b1001 !"
b10110 (
b10110 U
b10110 y
b10110 ~
b100110 *
b100110 V
b100110 z
b100110 }
b111100 ,
b111100 W
b111100 {
b111100 |
b1001 i
b1001 [
b1001 %
b1001 w
b10110 j
b10110 \
b10110 '
b10110 v
b100111 k
b100111 ]
b100111 )
b100111 u
b111100 l
b111100 ^
b111100 +
b111100 t
b1 !
b1 N
b1 g
b1 p
b10 "
b10 O
b10 f
b10 o
b11 #
b11 P
b11 e
b11 n
b100 $
b100 Q
b100 d
b100 m
14
#34300
04
b101 ?
b101 c
b101 C
#34350
01
b0 2
b0 Y
b0 R
0/
b0 K
b10110010 h
b10010 &
b10010 T
b10010 x
b10010 !"
b100001 (
b100001 U
b100001 y
b100001 ~
b110100 *
b110100 V
b110100 z
b110100 }
b1001011 ,
b1001011 W
b1001011 {
b1001011 |
b10010 i
b10010 [
b10010 %
b10010 w
b100001 j
b100001 \
b100001 '
b100001 v
b110100 k
b110100 ]
b110100 )
b110100 u
b1001011 l
b1001011 ^
b1001011 +
b1001011 t
b10 !
b10 N
b10 g
b10 p
b11 "
b11 O
b11 f
b11 o
b100 #
b100 P
b100 e
b100 n
b101 $
b101 Q
b101 d
b101 m
14
#34400
04
b110 ?
b110 c
b110 C
#34450
11
b1 2
b1 Y
b1000001 R
1/
b1 K
b11100010 h
b11011 &
b11011 T
b11011 x
b11011 !"
b101100 (
b101100 U
b101100 y
b101100 ~
b1000000 *
b1000000 V
b1000000 z
b1000000 }
b1011010 ,
b1011010 W
b1011010 {
b1011010 |
b11011 i
b11011 [
b11011 %
b11011 w
b101100 j
b101100 \
b101100 '
b101100 v
b1000001 k
b1000001 ]
b1000001 )
b1000001 u
b1011010 l
b1011010 ^
b1011010 +
b1011010 t
b11 !
b11 N
b11 g
b11 p
b100 "
b100 O
b100 f
b100 o
b101 #
b101 P
b101 e
b101 n
b110 $
b110 Q
b110 d
b110 m
14
#34500
04
b111 ?
b111 c
b111 C
#34550
01
b0 2
b0 Y
b0 R
0/
b0 K
b100010010 h
b100100 &
b100100 T
b100100 x
b100100 !"
b110111 (
b110111 U
b110111 y
b110111 ~
b1001110 *
b1001110 V
b1001110 z
b1001110 }
b1101001 ,
b1101001 W
b1101001 {
b1101001 |
b100100 i
b100100 [
b100100 %
b100100 w
b110111 j
b110111 \
b110111 '
b110111 v
b1001110 k
b1001110 ]
b1001110 )
b1001110 u
b1101001 l
b1101001 ^
b1101001 +
b1101001 t
b100 !
b100 N
b100 g
b100 p
b101 "
b101 O
b101 f
b101 o
b110 #
b110 P
b110 e
b110 n
b111 $
b111 Q
b111 d
b111 m
14
#34600
04
b1000 ?
b1000 c
b1000 C
#34650
11
b1 2
b1 Y
b1011011 R
1/
b1 K
b101000010 h
b101101 &
b101101 T
b101101 x
b101101 !"
b1000010 (
b1000010 U
b1000010 y
b1000010 ~
b1011010 *
b1011010 V
b1011010 z
b1011010 }
b1111000 ,
b1111000 W
b1111000 {
b1111000 |
b101101 i
b101101 [
b101101 %
b101101 w
b1000010 j
b1000010 \
b1000010 '
b1000010 v
b1011011 k
b1011011 ]
b1011011 )
b1011011 u
b1111000 l
b1111000 ^
b1111000 +
b1111000 t
b101 !
b101 N
b101 g
b101 p
b110 "
b110 O
b110 f
b110 o
b111 #
b111 P
b111 e
b111 n
b1000 $
b1000 Q
b1000 d
b1000 m
14
#34700
04
b1001 ?
b1001 c
b1001 C
#34750
01
b0 2
b0 Y
b0 R
0/
b0 K
b101110010 h
b110110 &
b110110 T
b110110 x
b110110 !"
b1001101 (
b1001101 U
b1001101 y
b1001101 ~
b1101000 *
b1101000 V
b1101000 z
b1101000 }
b10000111 ,
b10000111 W
b10000111 {
b10000111 |
b110110 i
b110110 [
b110110 %
b110110 w
b1001101 j
b1001101 \
b1001101 '
b1001101 v
b1101000 k
b1101000 ]
b1101000 )
b1101000 u
b10000111 l
b10000111 ^
b10000111 +
b10000111 t
b110 !
b110 N
b110 g
b110 p
b111 "
b111 O
b111 f
b111 o
b1000 #
b1000 P
b1000 e
b1000 n
b1001 $
b1001 Q
b1001 d
b1001 m
14
#34800
04
b1010 ?
b1010 c
b1010 C
#34850
11
b1 2
b1 Y
b1110101 R
1/
b1 K
b110100010 h
b111111 &
b111111 T
b111111 x
b111111 !"
b1011000 (
b1011000 U
b1011000 y
b1011000 ~
b1110100 *
b1110100 V
b1110100 z
b1110100 }
b10010110 ,
b10010110 W
b10010110 {
b10010110 |
b111111 i
b111111 [
b111111 %
b111111 w
b1011000 j
b1011000 \
b1011000 '
b1011000 v
b1110101 k
b1110101 ]
b1110101 )
b1110101 u
b10010110 l
b10010110 ^
b10010110 +
b10010110 t
b111 !
b111 N
b111 g
b111 p
b1000 "
b1000 O
b1000 f
b1000 o
b1001 #
b1001 P
b1001 e
b1001 n
b1010 $
b1010 Q
b1010 d
b1010 m
14
#34900
04
b1011 ?
b1011 c
b1011 C
#34950
01
b0 2
b0 Y
b0 R
0/
b0 K
b111010010 h
b1001000 &
b1001000 T
b1001000 x
b1001000 !"
b1100011 (
b1100011 U
b1100011 y
b1100011 ~
b10000010 *
b10000010 V
b10000010 z
b10000010 }
b10100101 ,
b10100101 W
b10100101 {
b10100101 |
b1001000 i
b1001000 [
b1001000 %
b1001000 w
b1100011 j
b1100011 \
b1100011 '
b1100011 v
b10000010 k
b10000010 ]
b10000010 )
b10000010 u
b10100101 l
b10100101 ^
b10100101 +
b10100101 t
b1000 !
b1000 N
b1000 g
b1000 p
b1001 "
b1001 O
b1001 f
b1001 o
b1010 #
b1010 P
b1010 e
b1010 n
b1011 $
b1011 Q
b1011 d
b1011 m
14
#35000
04
b1100 ?
b1100 c
b1100 C
#35050
11
b1 2
b1 Y
b10001111 R
1/
b1 K
b1000000010 h
b1010001 &
b1010001 T
b1010001 x
b1010001 !"
b1101110 (
b1101110 U
b1101110 y
b1101110 ~
b10001110 *
b10001110 V
b10001110 z
b10001110 }
b10110100 ,
b10110100 W
b10110100 {
b10110100 |
b1010001 i
b1010001 [
b1010001 %
b1010001 w
b1101110 j
b1101110 \
b1101110 '
b1101110 v
b10001111 k
b10001111 ]
b10001111 )
b10001111 u
b10110100 l
b10110100 ^
b10110100 +
b10110100 t
b1001 !
b1001 N
b1001 g
b1001 p
b1010 "
b1010 O
b1010 f
b1010 o
b1011 #
b1011 P
b1011 e
b1011 n
b1100 $
b1100 Q
b1100 d
b1100 m
14
#35100
04
b1101 ?
b1101 c
b1101 C
#35150
01
b0 2
b0 Y
b0 R
0/
b0 K
b1000110010 h
b1011010 &
b1011010 T
b1011010 x
b1011010 !"
b1111001 (
b1111001 U
b1111001 y
b1111001 ~
b10011100 *
b10011100 V
b10011100 z
b10011100 }
b11000011 ,
b11000011 W
b11000011 {
b11000011 |
b1011010 i
b1011010 [
b1011010 %
b1011010 w
b1111001 j
b1111001 \
b1111001 '
b1111001 v
b10011100 k
b10011100 ]
b10011100 )
b10011100 u
b11000011 l
b11000011 ^
b11000011 +
b11000011 t
b1010 !
b1010 N
b1010 g
b1010 p
b1011 "
b1011 O
b1011 f
b1011 o
b1100 #
b1100 P
b1100 e
b1100 n
b1101 $
b1101 Q
b1101 d
b1101 m
14
#35200
04
b1110 ?
b1110 c
b1110 C
#35250
11
b1 2
b1 Y
b10101001 R
1/
b1 K
b1001100010 h
b1100011 &
b1100011 T
b1100011 x
b1100011 !"
b10000100 (
b10000100 U
b10000100 y
b10000100 ~
b10101000 *
b10101000 V
b10101000 z
b10101000 }
b11010010 ,
b11010010 W
b11010010 {
b11010010 |
b1100011 i
b1100011 [
b1100011 %
b1100011 w
b10000100 j
b10000100 \
b10000100 '
b10000100 v
b10101001 k
b10101001 ]
b10101001 )
b10101001 u
b11010010 l
b11010010 ^
b11010010 +
b11010010 t
b1011 !
b1011 N
b1011 g
b1011 p
b1100 "
b1100 O
b1100 f
b1100 o
b1101 #
b1101 P
b1101 e
b1101 n
b1110 $
b1110 Q
b1110 d
b1110 m
14
#35300
04
b1111 ?
b1111 c
b1111 C
#35350
01
b0 2
b0 Y
b0 R
0/
b0 K
b1010010010 h
b1101100 &
b1101100 T
b1101100 x
b1101100 !"
b10001111 (
b10001111 U
b10001111 y
b10001111 ~
b10110110 *
b10110110 V
b10110110 z
b10110110 }
b11100001 ,
b11100001 W
b11100001 {
b11100001 |
b1101100 i
b1101100 [
b1101100 %
b1101100 w
b10001111 j
b10001111 \
b10001111 '
b10001111 v
b10110110 k
b10110110 ]
b10110110 )
b10110110 u
b11100001 l
b11100001 ^
b11100001 +
b11100001 t
b1100 !
b1100 N
b1100 g
b1100 p
b1101 "
b1101 O
b1101 f
b1101 o
b1110 #
b1110 P
b1110 e
b1110 n
b1111 $
b1111 Q
b1111 d
b1111 m
14
#35400
04
b10000 C
#35450
11
b1 2
b1 Y
b11000011 R
b1010110011 h
1/
b1 K
b1110101 &
b1110101 T
b1110101 x
b1110101 !"
b10011010 (
b10011010 U
b10011010 y
b10011010 ~
b11000010 *
b11000010 V
b11000010 z
b11000010 }
b1110101 i
b1110101 [
b1110101 %
b1110101 w
b10011010 j
b10011010 \
b10011010 '
b10011010 v
b11000011 k
b11000011 ]
b11000011 )
b11000011 u
b1101 !
b1101 N
b1101 g
b1101 p
b1110 "
b1110 O
b1110 f
b1110 o
b1111 #
b1111 P
b1111 e
b1111 n
14
#35500
04
#35550
b1011000111 h
b1111110 &
b1111110 T
b1111110 x
b1111110 !"
b10100101 (
b10100101 U
b10100101 y
b10100101 ~
b11000010 *
b11000010 V
b11000010 z
b11000010 }
b1111110 i
b1111110 [
b1111110 %
b1111110 w
b10100101 j
b10100101 \
b10100101 '
b10100101 v
b1110 !
b1110 N
b1110 g
b1110 p
b1111 "
b1111 O
b1111 f
b1111 o
14
#35600
04
#35650
b1011010000 h
b10000111 &
b10000111 T
b10000111 x
b10000111 !"
b11000010 *
b11000010 V
b11000010 z
b11000010 }
b10000111 i
b10000111 [
b10000111 %
b10000111 w
b1111 !
b1111 N
b1111 g
b1111 p
14
#35700
04
#35750
14
#35800
01
b0 2
b0 Y
b0 R
0/
b0 K
b11000011 *
b11000011 V
b11000011 z
b11000011 }
04
b0 ?
b0 c
1>
0=
07
b10 $"
b10 8
b10 s
b10001 E
b10001 A
b10001 B
#35850
1X
11
b1 2
b1 Y
1S
1/
b1 K
b0 h
b0 &
b0 T
b0 x
b0 !"
b0 (
b0 U
b0 y
b0 ~
b1 *
b1 V
b1 z
b1 }
b0 ,
b0 W
b0 {
b0 |
b0 i
b0 [
b0 %
b0 w
b0 j
b0 \
b0 '
b0 v
b0 k
b0 ]
b0 )
b0 u
b0 l
b0 ^
b0 +
b0 t
b0 !
b0 N
b0 g
b0 p
b0 "
b0 O
b0 f
b0 o
b0 #
b0 P
b0 e
b0 n
b0 $
b0 Q
b0 d
b0 m
14
#35900
04
b0 C
0>
#35950
14
#36000
04
b1 ?
b1 c
b1 C
1=
17
#36050
b1111 h
b1 *
b1 V
b1 z
b1 }
b1111 ,
b1111 W
b1111 {
b1111 |
b1111 l
b1111 ^
b1111 +
b1111 t
b1 $
b1 Q
b1 d
b1 m
14
#36100
04
b10 ?
b10 c
b10 C
#36150
0X
01
b0 2
b0 Y
0S
0/
b0 K
b101011 h
b1101 *
b1101 V
b1101 z
b1101 }
b11110 ,
b11110 W
b11110 {
b11110 |
b1101 k
b1101 ]
b1101 )
b1101 u
b11110 l
b11110 ^
b11110 +
b11110 t
b1 #
b1 P
b1 e
b1 n
b10 $
b10 Q
b10 d
b10 m
14
#36200
04
b11 ?
b11 c
b11 C
#36250
1X
11
b1 2
b1 Y
b11010 R
1S
1/
b1 K
b1010010 h
b1011 (
b1011 U
b1011 y
b1011 ~
b11011 *
b11011 V
b11011 z
b11011 }
b101101 ,
b101101 W
b101101 {
b101101 |
b1011 j
b1011 \
b1011 '
b1011 v
b11010 k
b11010 ]
b11010 )
b11010 u
b101101 l
b101101 ^
b101101 +
b101101 t
b1 "
b1 O
b1 f
b1 o
b10 #
b10 P
b10 e
b10 n
b11 $
b11 Q
b11 d
b11 m
14
#36300
04
b100 ?
b100 c
b100 C
#36350
0X
01
b0 2
b0 Y
0S
b0 R
0/
b0 K
b10000010 h
b1001 &
b1001 T
b1001 x
b1001 !"
b10110 (
b10110 U
b10110 y
b10110 ~
b100111 *
b100111 V
b100111 z
b100111 }
b111100 ,
b111100 W
b111100 {
b111100 |
b1001 i
b1001 [
b1001 %
b1001 w
b10110 j
b10110 \
b10110 '
b10110 v
b100111 k
b100111 ]
b100111 )
b100111 u
b111100 l
b111100 ^
b111100 +
b111100 t
b1 !
b1 N
b1 g
b1 p
b10 "
b10 O
b10 f
b10 o
b11 #
b11 P
b11 e
b11 n
b100 $
b100 Q
b100 d
b100 m
14
#36400
04
b101 ?
b101 c
b101 C
#36450
1X
11
b1 2
b1 Y
b110100 R
1S
1/
b1 K
b10110010 h
b10010 &
b10010 T
b10010 x
b10010 !"
b100001 (
b100001 U
b100001 y
b100001 ~
b110101 *
b110101 V
b110101 z
b110101 }
b1001011 ,
b1001011 W
b1001011 {
b1001011 |
b10010 i
b10010 [
b10010 %
b10010 w
b100001 j
b100001 \
b100001 '
b100001 v
b110100 k
b110100 ]
b110100 )
b110100 u
b1001011 l
b1001011 ^
b1001011 +
b1001011 t
b10 !
b10 N
b10 g
b10 p
b11 "
b11 O
b11 f
b11 o
b100 #
b100 P
b100 e
b100 n
b101 $
b101 Q
b101 d
b101 m
14
#36500
04
b110 ?
b110 c
b110 C
#36550
0X
01
b0 2
b0 Y
0S
b0 R
0/
b0 K
b11100010 h
b11011 &
b11011 T
b11011 x
b11011 !"
b101100 (
b101100 U
b101100 y
b101100 ~
b1000001 *
b1000001 V
b1000001 z
b1000001 }
b1011010 ,
b1011010 W
b1011010 {
b1011010 |
b11011 i
b11011 [
b11011 %
b11011 w
b101100 j
b101100 \
b101100 '
b101100 v
b1000001 k
b1000001 ]
b1000001 )
b1000001 u
b1011010 l
b1011010 ^
b1011010 +
b1011010 t
b11 !
b11 N
b11 g
b11 p
b100 "
b100 O
b100 f
b100 o
b101 #
b101 P
b101 e
b101 n
b110 $
b110 Q
b110 d
b110 m
14
#36600
04
b111 ?
b111 c
b111 C
#36650
1X
11
b1 2
b1 Y
b1001110 R
1S
1/
b1 K
b100010010 h
b100100 &
b100100 T
b100100 x
b100100 !"
b110111 (
b110111 U
b110111 y
b110111 ~
b1001111 *
b1001111 V
b1001111 z
b1001111 }
b1101001 ,
b1101001 W
b1101001 {
b1101001 |
b100100 i
b100100 [
b100100 %
b100100 w
b110111 j
b110111 \
b110111 '
b110111 v
b1001110 k
b1001110 ]
b1001110 )
b1001110 u
b1101001 l
b1101001 ^
b1101001 +
b1101001 t
b100 !
b100 N
b100 g
b100 p
b101 "
b101 O
b101 f
b101 o
b110 #
b110 P
b110 e
b110 n
b111 $
b111 Q
b111 d
b111 m
14
#36700
04
b1000 ?
b1000 c
b1000 C
#36750
0X
01
b0 2
b0 Y
0S
b0 R
0/
b0 K
b101000010 h
b101101 &
b101101 T
b101101 x
b101101 !"
b1000010 (
b1000010 U
b1000010 y
b1000010 ~
b1011011 *
b1011011 V
b1011011 z
b1011011 }
b1111000 ,
b1111000 W
b1111000 {
b1111000 |
b101101 i
b101101 [
b101101 %
b101101 w
b1000010 j
b1000010 \
b1000010 '
b1000010 v
b1011011 k
b1011011 ]
b1011011 )
b1011011 u
b1111000 l
b1111000 ^
b1111000 +
b1111000 t
b101 !
b101 N
b101 g
b101 p
b110 "
b110 O
b110 f
b110 o
b111 #
b111 P
b111 e
b111 n
b1000 $
b1000 Q
b1000 d
b1000 m
14
#36800
04
b1001 ?
b1001 c
b1001 C
#36850
1X
11
b1 2
b1 Y
b1101000 R
1S
1/
b1 K
b101110010 h
b110110 &
b110110 T
b110110 x
b110110 !"
b1001101 (
b1001101 U
b1001101 y
b1001101 ~
b1101001 *
b1101001 V
b1101001 z
b1101001 }
b10000111 ,
b10000111 W
b10000111 {
b10000111 |
b110110 i
b110110 [
b110110 %
b110110 w
b1001101 j
b1001101 \
b1001101 '
b1001101 v
b1101000 k
b1101000 ]
b1101000 )
b1101000 u
b10000111 l
b10000111 ^
b10000111 +
b10000111 t
b110 !
b110 N
b110 g
b110 p
b111 "
b111 O
b111 f
b111 o
b1000 #
b1000 P
b1000 e
b1000 n
b1001 $
b1001 Q
b1001 d
b1001 m
14
#36900
04
b1010 ?
b1010 c
b1010 C
#36950
0X
01
b0 2
b0 Y
0S
b0 R
0/
b0 K
b110100010 h
b111111 &
b111111 T
b111111 x
b111111 !"
b1011000 (
b1011000 U
b1011000 y
b1011000 ~
b1110101 *
b1110101 V
b1110101 z
b1110101 }
b10010110 ,
b10010110 W
b10010110 {
b10010110 |
b111111 i
b111111 [
b111111 %
b111111 w
b1011000 j
b1011000 \
b1011000 '
b1011000 v
b1110101 k
b1110101 ]
b1110101 )
b1110101 u
b10010110 l
b10010110 ^
b10010110 +
b10010110 t
b111 !
b111 N
b111 g
b111 p
b1000 "
b1000 O
b1000 f
b1000 o
b1001 #
b1001 P
b1001 e
b1001 n
b1010 $
b1010 Q
b1010 d
b1010 m
14
#37000
04
b1011 ?
b1011 c
b1011 C
#37050
1X
11
b1 2
b1 Y
b10000010 R
1S
1/
b1 K
b111010010 h
b1001000 &
b1001000 T
b1001000 x
b1001000 !"
b1100011 (
b1100011 U
b1100011 y
b1100011 ~
b10000011 *
b10000011 V
b10000011 z
b10000011 }
b10100101 ,
b10100101 W
b10100101 {
b10100101 |
b1001000 i
b1001000 [
b1001000 %
b1001000 w
b1100011 j
b1100011 \
b1100011 '
b1100011 v
b10000010 k
b10000010 ]
b10000010 )
b10000010 u
b10100101 l
b10100101 ^
b10100101 +
b10100101 t
b1000 !
b1000 N
b1000 g
b1000 p
b1001 "
b1001 O
b1001 f
b1001 o
b1010 #
b1010 P
b1010 e
b1010 n
b1011 $
b1011 Q
b1011 d
b1011 m
14
#37100
04
b1100 ?
b1100 c
b1100 C
#37150
0X
01
b0 2
b0 Y
0S
b0 R
0/
b0 K
b1000000010 h
b1010001 &
b1010001 T
b1010001 x
b1010001 !"
b1101110 (
b1101110 U
b1101110 y
b1101110 ~
b10001111 *
b10001111 V
b10001111 z
b10001111 }
b10110100 ,
b10110100 W
b10110100 {
b10110100 |
b1010001 i
b1010001 [
b1010001 %
b1010001 w
b1101110 j
b1101110 \
b1101110 '
b1101110 v
b10001111 k
b10001111 ]
b10001111 )
b10001111 u
b10110100 l
b10110100 ^
b10110100 +
b10110100 t
b1001 !
b1001 N
b1001 g
b1001 p
b1010 "
b1010 O
b1010 f
b1010 o
b1011 #
b1011 P
b1011 e
b1011 n
b1100 $
b1100 Q
b1100 d
b1100 m
14
#37200
04
b1101 ?
b1101 c
b1101 C
#37250
1X
11
b1 2
b1 Y
b10011100 R
1S
1/
b1 K
b1000110010 h
b1011010 &
b1011010 T
b1011010 x
b1011010 !"
b1111001 (
b1111001 U
b1111001 y
b1111001 ~
b10011101 *
b10011101 V
b10011101 z
b10011101 }
b11000011 ,
b11000011 W
b11000011 {
b11000011 |
b1011010 i
b1011010 [
b1011010 %
b1011010 w
b1111001 j
b1111001 \
b1111001 '
b1111001 v
b10011100 k
b10011100 ]
b10011100 )
b10011100 u
b11000011 l
b11000011 ^
b11000011 +
b11000011 t
b1010 !
b1010 N
b1010 g
b1010 p
b1011 "
b1011 O
b1011 f
b1011 o
b1100 #
b1100 P
b1100 e
b1100 n
b1101 $
b1101 Q
b1101 d
b1101 m
14
#37300
04
b1110 ?
b1110 c
b1110 C
#37350
0X
01
b0 2
b0 Y
0S
b0 R
0/
b0 K
b1001100010 h
b1100011 &
b1100011 T
b1100011 x
b1100011 !"
b10000100 (
b10000100 U
b10000100 y
b10000100 ~
b10101001 *
b10101001 V
b10101001 z
b10101001 }
b11010010 ,
b11010010 W
b11010010 {
b11010010 |
b1100011 i
b1100011 [
b1100011 %
b1100011 w
b10000100 j
b10000100 \
b10000100 '
b10000100 v
b10101001 k
b10101001 ]
b10101001 )
b10101001 u
b11010010 l
b11010010 ^
b11010010 +
b11010010 t
b1011 !
b1011 N
b1011 g
b1011 p
b1100 "
b1100 O
b1100 f
b1100 o
b1101 #
b1101 P
b1101 e
b1101 n
b1110 $
b1110 Q
b1110 d
b1110 m
14
#37400
04
b1111 ?
b1111 c
b1111 C
#37450
1X
11
b1 2
b1 Y
b10110110 R
1S
1/
b1 K
b1010010010 h
b1101100 &
b1101100 T
b1101100 x
b1101100 !"
b10001111 (
b10001111 U
b10001111 y
b10001111 ~
b10110111 *
b10110111 V
b10110111 z
b10110111 }
b11100001 ,
b11100001 W
b11100001 {
b11100001 |
b1101100 i
b1101100 [
b1101100 %
b1101100 w
b10001111 j
b10001111 \
b10001111 '
b10001111 v
b10110110 k
b10110110 ]
b10110110 )
b10110110 u
b11100001 l
b11100001 ^
b11100001 +
b11100001 t
b1100 !
b1100 N
b1100 g
b1100 p
b1101 "
b1101 O
b1101 f
b1101 o
b1110 #
b1110 P
b1110 e
b1110 n
b1111 $
b1111 Q
b1111 d
b1111 m
14
#37500
04
b10000 C
#37550
0X
01
b0 2
b0 Y
0S
b0 R
b1010110011 h
0/
b0 K
b1110101 &
b1110101 T
b1110101 x
b1110101 !"
b10011010 (
b10011010 U
b10011010 y
b10011010 ~
b11000011 *
b11000011 V
b11000011 z
b11000011 }
b1110101 i
b1110101 [
b1110101 %
b1110101 w
b10011010 j
b10011010 \
b10011010 '
b10011010 v
b11000011 k
b11000011 ]
b11000011 )
b11000011 u
b1101 !
b1101 N
b1101 g
b1101 p
b1110 "
b1110 O
b1110 f
b1110 o
b1111 #
b1111 P
b1111 e
b1111 n
14
#37600
04
#37650
b1011000111 h
b1111110 &
b1111110 T
b1111110 x
b1111110 !"
b10100101 (
b10100101 U
b10100101 y
b10100101 ~
b1111110 i
b1111110 [
b1111110 %
b1111110 w
b10100101 j
b10100101 \
b10100101 '
b10100101 v
b1110 !
b1110 N
b1110 g
b1110 p
b1111 "
b1111 O
b1111 f
b1111 o
14
#37700
04
#37750
b1011010000 h
b10000111 &
b10000111 T
b10000111 x
b10000111 !"
b10000111 i
b10000111 [
b10000111 %
b10000111 w
b1111 !
b1111 N
b1111 g
b1111 p
14
#37800
04
#37850
14
#37900
b1 3
b1 Z
11
b1 2
b1 Y
b11000011 R
0S
1/
b10 K
b11000001 *
b11000001 V
b11000001 z
b11000001 }
04
b0 ?
b0 c
1>
0=
07
b1 5
b1 q
b1 $"
b1 ""
b1 @
b1 8
b1 s
b10010 E
b10010 A
b10010 B
#37950
01
b0 2
b0 Y
b0 3
b0 Z
b0 R
0/
b0 K
b0 h
b0 &
b0 T
b0 x
b0 !"
b0 (
b0 U
b0 y
b0 ~
b0 *
b0 V
b0 z
b0 }
b0 ,
b0 W
b0 {
b0 |
b0 i
b0 [
b0 %
b0 w
b0 j
b0 \
b0 '
b0 v
b0 k
b0 ]
b0 )
b0 u
b0 l
b0 ^
b0 +
b0 t
b0 !
b0 N
b0 g
b0 p
b0 "
b0 O
b0 f
b0 o
b0 #
b0 P
b0 e
b0 n
b0 $
b0 Q
b0 d
b0 m
14
#38000
04
b0 C
0>
#38050
14
#38100
04
b1 ?
b1 c
b1 C
#38150
b1111 h
b1111 ,
b1111 W
b1111 {
b1111 |
b1111 l
b1111 ^
b1111 +
b1111 t
b1 $
b1 Q
b1 d
b1 m
14
#38200
04
b10 ?
b10 c
b10 C
#38250
b101011 h
b1101 *
b1101 V
b1101 z
b1101 }
b11110 ,
b11110 W
b11110 {
b11110 |
b1101 k
b1101 ]
b1101 )
b1101 u
b11110 l
b11110 ^
b11110 +
b11110 t
b1 #
b1 P
b1 e
b1 n
b10 $
b10 Q
b10 d
b10 m
14
#38300
04
b11 ?
b11 c
b11 C
#38350
b1 3
b1 Z
11
b1 2
b1 Y
b11010 R
1/
b10 K
b1010010 h
b1011 (
b1011 U
b1011 y
b1011 ~
b11000 *
b11000 V
b11000 z
b11000 }
b101101 ,
b101101 W
b101101 {
b101101 |
b1011 j
b1011 \
b1011 '
b1011 v
b11010 k
b11010 ]
b11010 )
b11010 u
b101101 l
b101101 ^
b101101 +
b101101 t
b1 "
b1 O
b1 f
b1 o
b10 #
b10 P
b10 e
b10 n
b11 $
b11 Q
b11 d
b11 m
14
#38400
04
b100 ?
b100 c
b100 C
1=
17
#38450
b100111 R
b10000010 h
b1001 &
b1001 T
b1001 x
b1001 !"
b10110 (
b10110 U
b10110 y
b10110 ~
b100101 *
b100101 V
b100101 z
b100101 }
b111100 ,
b111100 W
b111100 {
b111100 |
b1001 i
b1001 [
b1001 %
b1001 w
b10110 j
b10110 \
b10110 '
b10110 v
b100111 k
b100111 ]
b100111 )
b100111 u
b111100 l
b111100 ^
b111100 +
b111100 t
b1 !
b1 N
b1 g
b1 p
b10 "
b10 O
b10 f
b10 o
b11 #
b11 P
b11 e
b11 n
b100 $
b100 Q
b100 d
b100 m
14
#38500
04
b101 ?
b101 c
b101 C
#38550
01
b0 2
b0 Y
b0 3
b0 Z
b0 R
0/
b0 K
b10110010 h
b10010 &
b10010 T
b10010 x
b10010 !"
b100001 (
b100001 U
b100001 y
b100001 ~
b110100 *
b110100 V
b110100 z
b110100 }
b1001011 ,
b1001011 W
b1001011 {
b1001011 |
b10010 i
b10010 [
b10010 %
b10010 w
b100001 j
b100001 \
b100001 '
b100001 v
b110100 k
b110100 ]
b110100 )
b110100 u
b1001011 l
b1001011 ^
b1001011 +
b1001011 t
b10 !
b10 N
b10 g
b10 p
b11 "
b11 O
b11 f
b11 o
b100 #
b100 P
b100 e
b100 n
b101 $
b101 Q
b101 d
b101 m
14
#38600
04
b110 ?
b110 c
b110 C
#38650
b11100010 h
b11011 &
b11011 T
b11011 x
b11011 !"
b101100 (
b101100 U
b101100 y
b101100 ~
b1000001 *
b1000001 V
b1000001 z
b1000001 }
b1011010 ,
b1011010 W
b1011010 {
b1011010 |
b11011 i
b11011 [
b11011 %
b11011 w
b101100 j
b101100 \
b101100 '
b101100 v
b1000001 k
b1000001 ]
b1000001 )
b1000001 u
b1011010 l
b1011010 ^
b1011010 +
b1011010 t
b11 !
b11 N
b11 g
b11 p
b100 "
b100 O
b100 f
b100 o
b101 #
b101 P
b101 e
b101 n
b110 $
b110 Q
b110 d
b110 m
14
#38700
04
b111 ?
b111 c
b111 C
#38750
b1 3
b1 Z
11
b1 2
b1 Y
b1001110 R
1/
b10 K
b100010010 h
b100100 &
b100100 T
b100100 x
b100100 !"
b110111 (
b110111 U
b110111 y
b110111 ~
b1001100 *
b1001100 V
b1001100 z
b1001100 }
b1101001 ,
b1101001 W
b1101001 {
b1101001 |
b100100 i
b100100 [
b100100 %
b100100 w
b110111 j
b110111 \
b110111 '
b110111 v
b1001110 k
b1001110 ]
b1001110 )
b1001110 u
b1101001 l
b1101001 ^
b1101001 +
b1101001 t
b100 !
b100 N
b100 g
b100 p
b101 "
b101 O
b101 f
b101 o
b110 #
b110 P
b110 e
b110 n
b111 $
b111 Q
b111 d
b111 m
14
#38800
04
b1000 ?
b1000 c
b1000 C
#38850
b1011011 R
b101000010 h
b101101 &
b101101 T
b101101 x
b101101 !"
b1000010 (
b1000010 U
b1000010 y
b1000010 ~
b1011001 *
b1011001 V
b1011001 z
b1011001 }
b1111000 ,
b1111000 W
b1111000 {
b1111000 |
b101101 i
b101101 [
b101101 %
b101101 w
b1000010 j
b1000010 \
b1000010 '
b1000010 v
b1011011 k
b1011011 ]
b1011011 )
b1011011 u
b1111000 l
b1111000 ^
b1111000 +
b1111000 t
b101 !
b101 N
b101 g
b101 p
b110 "
b110 O
b110 f
b110 o
b111 #
b111 P
b111 e
b111 n
b1000 $
b1000 Q
b1000 d
b1000 m
14
#38900
04
b1001 ?
b1001 c
b1001 C
#38950
01
b0 2
b0 Y
b0 3
b0 Z
b0 R
0/
b0 K
b101110010 h
b110110 &
b110110 T
b110110 x
b110110 !"
b1001101 (
b1001101 U
b1001101 y
b1001101 ~
b1101000 *
b1101000 V
b1101000 z
b1101000 }
b10000111 ,
b10000111 W
b10000111 {
b10000111 |
b110110 i
b110110 [
b110110 %
b110110 w
b1001101 j
b1001101 \
b1001101 '
b1001101 v
b1101000 k
b1101000 ]
b1101000 )
b1101000 u
b10000111 l
b10000111 ^
b10000111 +
b10000111 t
b110 !
b110 N
b110 g
b110 p
b111 "
b111 O
b111 f
b111 o
b1000 #
b1000 P
b1000 e
b1000 n
b1001 $
b1001 Q
b1001 d
b1001 m
14
#39000
04
b1010 ?
b1010 c
b1010 C
#39050
b110100010 h
b111111 &
b111111 T
b111111 x
b111111 !"
b1011000 (
b1011000 U
b1011000 y
b1011000 ~
b1110101 *
b1110101 V
b1110101 z
b1110101 }
b10010110 ,
b10010110 W
b10010110 {
b10010110 |
b111111 i
b111111 [
b111111 %
b111111 w
b1011000 j
b1011000 \
b1011000 '
b1011000 v
b1110101 k
b1110101 ]
b1110101 )
b1110101 u
b10010110 l
b10010110 ^
b10010110 +
b10010110 t
b111 !
b111 N
b111 g
b111 p
b1000 "
b1000 O
b1000 f
b1000 o
b1001 #
b1001 P
b1001 e
b1001 n
b1010 $
b1010 Q
b1010 d
b1010 m
14
#39100
04
b1011 ?
b1011 c
b1011 C
#39150
b1 3
b1 Z
11
b1 2
b1 Y
b10000010 R
1/
b10 K
b111010010 h
b1001000 &
b1001000 T
b1001000 x
b1001000 !"
b1100011 (
b1100011 U
b1100011 y
b1100011 ~
b10000000 *
b10000000 V
b10000000 z
b10000000 }
b10100101 ,
b10100101 W
b10100101 {
b10100101 |
b1001000 i
b1001000 [
b1001000 %
b1001000 w
b1100011 j
b1100011 \
b1100011 '
b1100011 v
b10000010 k
b10000010 ]
b10000010 )
b10000010 u
b10100101 l
b10100101 ^
b10100101 +
b10100101 t
b1000 !
b1000 N
b1000 g
b1000 p
b1001 "
b1001 O
b1001 f
b1001 o
b1010 #
b1010 P
b1010 e
b1010 n
b1011 $
b1011 Q
b1011 d
b1011 m
14
#39200
04
b1100 ?
b1100 c
b1100 C
#39250
b10001111 R
b1000000010 h
b1010001 &
b1010001 T
b1010001 x
b1010001 !"
b1101110 (
b1101110 U
b1101110 y
b1101110 ~
b10001101 *
b10001101 V
b10001101 z
b10001101 }
b10110100 ,
b10110100 W
b10110100 {
b10110100 |
b1010001 i
b1010001 [
b1010001 %
b1010001 w
b1101110 j
b1101110 \
b1101110 '
b1101110 v
b10001111 k
b10001111 ]
b10001111 )
b10001111 u
b10110100 l
b10110100 ^
b10110100 +
b10110100 t
b1001 !
b1001 N
b1001 g
b1001 p
b1010 "
b1010 O
b1010 f
b1010 o
b1011 #
b1011 P
b1011 e
b1011 n
b1100 $
b1100 Q
b1100 d
b1100 m
14
#39300
04
b1101 ?
b1101 c
b1101 C
#39350
01
b0 2
b0 Y
b0 3
b0 Z
b0 R
0/
b0 K
b1000110010 h
b1011010 &
b1011010 T
b1011010 x
b1011010 !"
b1111001 (
b1111001 U
b1111001 y
b1111001 ~
b10011100 *
b10011100 V
b10011100 z
b10011100 }
b11000011 ,
b11000011 W
b11000011 {
b11000011 |
b1011010 i
b1011010 [
b1011010 %
b1011010 w
b1111001 j
b1111001 \
b1111001 '
b1111001 v
b10011100 k
b10011100 ]
b10011100 )
b10011100 u
b11000011 l
b11000011 ^
b11000011 +
b11000011 t
b1010 !
b1010 N
b1010 g
b1010 p
b1011 "
b1011 O
b1011 f
b1011 o
b1100 #
b1100 P
b1100 e
b1100 n
b1101 $
b1101 Q
b1101 d
b1101 m
14
#39400
04
b1110 ?
b1110 c
b1110 C
#39450
b1001100010 h
b1100011 &
b1100011 T
b1100011 x
b1100011 !"
b10000100 (
b10000100 U
b10000100 y
b10000100 ~
b10101001 *
b10101001 V
b10101001 z
b10101001 }
b11010010 ,
b11010010 W
b11010010 {
b11010010 |
b1100011 i
b1100011 [
b1100011 %
b1100011 w
b10000100 j
b10000100 \
b10000100 '
b10000100 v
b10101001 k
b10101001 ]
b10101001 )
b10101001 u
b11010010 l
b11010010 ^
b11010010 +
b11010010 t
b1011 !
b1011 N
b1011 g
b1011 p
b1100 "
b1100 O
b1100 f
b1100 o
b1101 #
b1101 P
b1101 e
b1101 n
b1110 $
b1110 Q
b1110 d
b1110 m
14
#39500
04
b1111 ?
b1111 c
b1111 C
#39550
b1 3
b1 Z
11
b1 2
b1 Y
b10110110 R
1/
b10 K
b1010010010 h
b1101100 &
b1101100 T
b1101100 x
b1101100 !"
b10001111 (
b10001111 U
b10001111 y
b10001111 ~
b10110100 *
b10110100 V
b10110100 z
b10110100 }
b11100001 ,
b11100001 W
b11100001 {
b11100001 |
b1101100 i
b1101100 [
b1101100 %
b1101100 w
b10001111 j
b10001111 \
b10001111 '
b10001111 v
b10110110 k
b10110110 ]
b10110110 )
b10110110 u
b11100001 l
b11100001 ^
b11100001 +
b11100001 t
b1100 !
b1100 N
b1100 g
b1100 p
b1101 "
b1101 O
b1101 f
b1101 o
b1110 #
b1110 P
b1110 e
b1110 n
b1111 $
b1111 Q
b1111 d
b1111 m
14
#39600
04
b10000 C
#39650
b11000011 R
b1010110011 h
b1110101 &
b1110101 T
b1110101 x
b1110101 !"
b10011010 (
b10011010 U
b10011010 y
b10011010 ~
b11000001 *
b11000001 V
b11000001 z
b11000001 }
b1110101 i
b1110101 [
b1110101 %
b1110101 w
b10011010 j
b10011010 \
b10011010 '
b10011010 v
b11000011 k
b11000011 ]
b11000011 )
b11000011 u
b1101 !
b1101 N
b1101 g
b1101 p
b1110 "
b1110 O
b1110 f
b1110 o
b1111 #
b1111 P
b1111 e
b1111 n
14
#39700
04
#39750
b1011000111 h
b1111110 &
b1111110 T
b1111110 x
b1111110 !"
b10100101 (
b10100101 U
b10100101 y
b10100101 ~
b11000001 *
b11000001 V
b11000001 z
b11000001 }
b1111110 i
b1111110 [
b1111110 %
b1111110 w
b10100101 j
b10100101 \
b10100101 '
b10100101 v
b1110 !
b1110 N
b1110 g
b1110 p
b1111 "
b1111 O
b1111 f
b1111 o
14
#39800
04
#39850
b1011010000 h
b10000111 &
b10000111 T
b10000111 x
b10000111 !"
b11000001 *
b11000001 V
b11000001 z
b11000001 }
b10000111 i
b10000111 [
b10000111 %
b10000111 w
b1111 !
b1111 N
b1111 g
b1111 p
14
#39900
04
#39950
14
#40000
01
b0 2
b0 Y
b0 3
b0 Z
b0 R
0/
b0 K
b11000011 *
b11000011 V
b11000011 z
b11000011 }
04
b0 ?
b0 c
1>
0=
07
b10 $"
b10 8
b10 s
b10011 E
b10011 A
b10011 B
#40050
1X
1S
b1 3
b1 Z
11
b1 2
b1 Y
1/
b10 K
b0 h
b0 &
b0 T
b0 x
b0 !"
b0 (
b0 U
b0 y
b0 ~
b10 *
b10 V
b10 z
b10 }
b0 ,
b0 W
b0 {
b0 |
b0 i
b0 [
b0 %
b0 w
b0 j
b0 \
b0 '
b0 v
b0 k
b0 ]
b0 )
b0 u
b0 l
b0 ^
b0 +
b0 t
b0 !
b0 N
b0 g
b0 p
b0 "
b0 O
b0 f
b0 o
b0 #
b0 P
b0 e
b0 n
b0 $
b0 Q
b0 d
b0 m
14
#40100
04
b0 C
0>
#40150
14
#40200
04
b1 ?
b1 c
b1 C
1=
17
#40250
b1111 h
b10 *
b10 V
b10 z
b10 }
b1111 ,
b1111 W
b1111 {
b1111 |
b1111 l
b1111 ^
b1111 +
b1111 t
b1 $
b1 Q
b1 d
b1 m
14
#40300
04
b10 ?
b10 c
b10 C
#40350
b1101 R
b101011 h
b1111 *
b1111 V
b1111 z
b1111 }
b11110 ,
b11110 W
b11110 {
b11110 |
b1101 k
b1101 ]
b1101 )
b1101 u
b11110 l
b11110 ^
b11110 +
b11110 t
b1 #
b1 P
b1 e
b1 n
b10 $
b10 Q
b10 d
b10 m
14
#40400
04
b11 ?
b11 c
b11 C
#40450
0X
01
b0 2
b0 Y
b0 3
b0 Z
0S
b0 R
0/
b0 K
b1010010 h
b1011 (
b1011 U
b1011 y
b1011 ~
b11010 *
b11010 V
b11010 z
b11010 }
b101101 ,
b101101 W
b101101 {
b101101 |
b1011 j
b1011 \
b1011 '
b1011 v
b11010 k
b11010 ]
b11010 )
b11010 u
b101101 l
b101101 ^
b101101 +
b101101 t
b1 "
b1 O
b1 f
b1 o
b10 #
b10 P
b10 e
b10 n
b11 $
b11 Q
b11 d
b11 m
14
#40500
04
b100 ?
b100 c
b100 C
#40550
b10000010 h
b1001 &
b1001 T
b1001 x
b1001 !"
b10110 (
b10110 U
b10110 y
b10110 ~
b100111 *
b100111 V
b100111 z
b100111 }
b111100 ,
b111100 W
b111100 {
b111100 |
b1001 i
b1001 [
b1001 %
b1001 w
b10110 j
b10110 \
b10110 '
b10110 v
b100111 k
b100111 ]
b100111 )
b100111 u
b111100 l
b111100 ^
b111100 +
b111100 t
b1 !
b1 N
b1 g
b1 p
b10 "
b10 O
b10 f
b10 o
b11 #
b11 P
b11 e
b11 n
b100 $
b100 Q
b100 d
b100 m
14
#40600
04
b101 ?
b101 c
b101 C
#40650
1X
1S
b1 3
b1 Z
11
b1 2
b1 Y
b110100 R
1/
b10 K
b10110010 h
b10010 &
b10010 T
b10010 x
b10010 !"
b100001 (
b100001 U
b100001 y
b100001 ~
b110110 *
b110110 V
b110110 z
b110110 }
b1001011 ,
b1001011 W
b1001011 {
b1001011 |
b10010 i
b10010 [
b10010 %
b10010 w
b100001 j
b100001 \
b100001 '
b100001 v
b110100 k
b110100 ]
b110100 )
b110100 u
b1001011 l
b1001011 ^
b1001011 +
b1001011 t
b10 !
b10 N
b10 g
b10 p
b11 "
b11 O
b11 f
b11 o
b100 #
b100 P
b100 e
b100 n
b101 $
b101 Q
b101 d
b101 m
14
#40700
04
b110 ?
b110 c
b110 C
#40750
b1000001 R
b11100010 h
b11011 &
b11011 T
b11011 x
b11011 !"
b101100 (
b101100 U
b101100 y
b101100 ~
b1000011 *
b1000011 V
b1000011 z
b1000011 }
b1011010 ,
b1011010 W
b1011010 {
b1011010 |
b11011 i
b11011 [
b11011 %
b11011 w
b101100 j
b101100 \
b101100 '
b101100 v
b1000001 k
b1000001 ]
b1000001 )
b1000001 u
b1011010 l
b1011010 ^
b1011010 +
b1011010 t
b11 !
b11 N
b11 g
b11 p
b100 "
b100 O
b100 f
b100 o
b101 #
b101 P
b101 e
b101 n
b110 $
b110 Q
b110 d
b110 m
14
#40800
04
b111 ?
b111 c
b111 C
#40850
0X
01
b0 2
b0 Y
b0 3
b0 Z
0S
b0 R
0/
b0 K
b100010010 h
b100100 &
b100100 T
b100100 x
b100100 !"
b110111 (
b110111 U
b110111 y
b110111 ~
b1001110 *
b1001110 V
b1001110 z
b1001110 }
b1101001 ,
b1101001 W
b1101001 {
b1101001 |
b100100 i
b100100 [
b100100 %
b100100 w
b110111 j
b110111 \
b110111 '
b110111 v
b1001110 k
b1001110 ]
b1001110 )
b1001110 u
b1101001 l
b1101001 ^
b1101001 +
b1101001 t
b100 !
b100 N
b100 g
b100 p
b101 "
b101 O
b101 f
b101 o
b110 #
b110 P
b110 e
b110 n
b111 $
b111 Q
b111 d
b111 m
14
#40900
04
b1000 ?
b1000 c
b1000 C
#40950
b101000010 h
b101101 &
b101101 T
b101101 x
b101101 !"
b1000010 (
b1000010 U
b1000010 y
b1000010 ~
b1011011 *
b1011011 V
b1011011 z
b1011011 }
b1111000 ,
b1111000 W
b1111000 {
b1111000 |
b101101 i
b101101 [
b101101 %
b101101 w
b1000010 j
b1000010 \
b1000010 '
b1000010 v
b1011011 k
b1011011 ]
b1011011 )
b1011011 u
b1111000 l
b1111000 ^
b1111000 +
b1111000 t
b101 !
b101 N
b101 g
b101 p
b110 "
b110 O
b110 f
b110 o
b111 #
b111 P
b111 e
b111 n
b1000 $
b1000 Q
b1000 d
b1000 m
14
#41000
04
b1001 ?
b1001 c
b1001 C
#41050
1X
1S
b1 3
b1 Z
11
b1 2
b1 Y
b1101000 R
1/
b10 K
b101110010 h
b110110 &
b110110 T
b110110 x
b110110 !"
b1001101 (
b1001101 U
b1001101 y
b1001101 ~
b1101010 *
b1101010 V
b1101010 z
b1101010 }
b10000111 ,
b10000111 W
b10000111 {
b10000111 |
b110110 i
b110110 [
b110110 %
b110110 w
b1001101 j
b1001101 \
b1001101 '
b1001101 v
b1101000 k
b1101000 ]
b1101000 )
b1101000 u
b10000111 l
b10000111 ^
b10000111 +
b10000111 t
b110 !
b110 N
b110 g
b110 p
b111 "
b111 O
b111 f
b111 o
b1000 #
b1000 P
b1000 e
b1000 n
b1001 $
b1001 Q
b1001 d
b1001 m
14
#41100
04
b1010 ?
b1010 c
b1010 C
#41150
b1110101 R
b110100010 h
b111111 &
b111111 T
b111111 x
b111111 !"
b1011000 (
b1011000 U
b1011000 y
b1011000 ~
b1110111 *
b1110111 V
b1110111 z
b1110111 }
b10010110 ,
b10010110 W
b10010110 {
b10010110 |
b111111 i
b111111 [
b111111 %
b111111 w
b1011000 j
b1011000 \
b1011000 '
b1011000 v
b1110101 k
b1110101 ]
b1110101 )
b1110101 u
b10010110 l
b10010110 ^
b10010110 +
b10010110 t
b111 !
b111 N
b111 g
b111 p
b1000 "
b1000 O
b1000 f
b1000 o
b1001 #
b1001 P
b1001 e
b1001 n
b1010 $
b1010 Q
b1010 d
b1010 m
14
#41200
04
b1011 ?
b1011 c
b1011 C
#41250
0X
01
b0 2
b0 Y
b0 3
b0 Z
0S
b0 R
0/
b0 K
b111010010 h
b1001000 &
b1001000 T
b1001000 x
b1001000 !"
b1100011 (
b1100011 U
b1100011 y
b1100011 ~
b10000010 *
b10000010 V
b10000010 z
b10000010 }
b10100101 ,
b10100101 W
b10100101 {
b10100101 |
b1001000 i
b1001000 [
b1001000 %
b1001000 w
b1100011 j
b1100011 \
b1100011 '
b1100011 v
b10000010 k
b10000010 ]
b10000010 )
b10000010 u
b10100101 l
b10100101 ^
b10100101 +
b10100101 t
b1000 !
b1000 N
b1000 g
b1000 p
b1001 "
b1001 O
b1001 f
b1001 o
b1010 #
b1010 P
b1010 e
b1010 n
b1011 $
b1011 Q
b1011 d
b1011 m
14
#41300
04
b1100 ?
b1100 c
b1100 C
#41350
b1000000010 h
b1010001 &
b1010001 T
b1010001 x
b1010001 !"
b1101110 (
b1101110 U
b1101110 y
b1101110 ~
b10001111 *
b10001111 V
b10001111 z
b10001111 }
b10110100 ,
b10110100 W
b10110100 {
b10110100 |
b1010001 i
b1010001 [
b1010001 %
b1010001 w
b1101110 j
b1101110 \
b1101110 '
b1101110 v
b10001111 k
b10001111 ]
b10001111 )
b10001111 u
b10110100 l
b10110100 ^
b10110100 +
b10110100 t
b1001 !
b1001 N
b1001 g
b1001 p
b1010 "
b1010 O
b1010 f
b1010 o
b1011 #
b1011 P
b1011 e
b1011 n
b1100 $
b1100 Q
b1100 d
b1100 m
14
#41400
04
b1101 ?
b1101 c
b1101 C
#41450
1X
1S
b1 3
b1 Z
11
b1 2
b1 Y
b10011100 R
1/
b10 K
b1000110010 h
b1011010 &
b1011010 T
b1011010 x
b1011010 !"
b1111001 (
b1111001 U
b1111001 y
b1111001 ~
b10011110 *
b10011110 V
b10011110 z
b10011110 }
b11000011 ,
b11000011 W
b11000011 {
b11000011 |
b1011010 i
b1011010 [
b1011010 %
b1011010 w
b1111001 j
b1111001 \
b1111001 '
b1111001 v
b10011100 k
b10011100 ]
b10011100 )
b10011100 u
b11000011 l
b11000011 ^
b11000011 +
b11000011 t
b1010 !
b1010 N
b1010 g
b1010 p
b1011 "
b1011 O
b1011 f
b1011 o
b1100 #
b1100 P
b1100 e
b1100 n
b1101 $
b1101 Q
b1101 d
b1101 m
14
#41500
04
b1110 ?
b1110 c
b1110 C
#41550
b10101001 R
b1001100010 h
b1100011 &
b1100011 T
b1100011 x
b1100011 !"
b10000100 (
b10000100 U
b10000100 y
b10000100 ~
b10101011 *
b10101011 V
b10101011 z
b10101011 }
b11010010 ,
b11010010 W
b11010010 {
b11010010 |
b1100011 i
b1100011 [
b1100011 %
b1100011 w
b10000100 j
b10000100 \
b10000100 '
b10000100 v
b10101001 k
b10101001 ]
b10101001 )
b10101001 u
b11010010 l
b11010010 ^
b11010010 +
b11010010 t
b1011 !
b1011 N
b1011 g
b1011 p
b1100 "
b1100 O
b1100 f
b1100 o
b1101 #
b1101 P
b1101 e
b1101 n
b1110 $
b1110 Q
b1110 d
b1110 m
14
#41600
04
b1111 ?
b1111 c
b1111 C
#41650
0X
01
b0 2
b0 Y
b0 3
b0 Z
0S
b0 R
0/
b0 K
b1010010010 h
b1101100 &
b1101100 T
b1101100 x
b1101100 !"
b10001111 (
b10001111 U
b10001111 y
b10001111 ~
b10110110 *
b10110110 V
b10110110 z
b10110110 }
b11100001 ,
b11100001 W
b11100001 {
b11100001 |
b1101100 i
b1101100 [
b1101100 %
b1101100 w
b10001111 j
b10001111 \
b10001111 '
b10001111 v
b10110110 k
b10110110 ]
b10110110 )
b10110110 u
b11100001 l
b11100001 ^
b11100001 +
b11100001 t
b1100 !
b1100 N
b1100 g
b1100 p
b1101 "
b1101 O
b1101 f
b1101 o
b1110 #
b1110 P
b1110 e
b1110 n
b1111 $
b1111 Q
b1111 d
b1111 m
14
#41700
04
b10000 C
#41750
b1010110011 h
b1110101 &
b1110101 T
b1110101 x
b1110101 !"
b10011010 (
b10011010 U
b10011010 y
b10011010 ~
b11000011 *
b11000011 V
b11000011 z
b11000011 }
b1110101 i
b1110101 [
b1110101 %
b1110101 w
b10011010 j
b10011010 \
b10011010 '
b10011010 v
b11000011 k
b11000011 ]
b11000011 )
b11000011 u
b1101 !
b1101 N
b1101 g
b1101 p
b1110 "
b1110 O
b1110 f
b1110 o
b1111 #
b1111 P
b1111 e
b1111 n
14
#41800
04
#41850
b1011000111 h
b1111110 &
b1111110 T
b1111110 x
b1111110 !"
b10100101 (
b10100101 U
b10100101 y
b10100101 ~
b1111110 i
b1111110 [
b1111110 %
b1111110 w
b10100101 j
b10100101 \
b10100101 '
b10100101 v
b1110 !
b1110 N
b1110 g
b1110 p
b1111 "
b1111 O
b1111 f
b1111 o
14
#41900
04
#41950
b1011010000 h
b10000111 &
b10000111 T
b10000111 x
b10000111 !"
b10000111 i
b10000111 [
b10000111 %
b10000111 w
b1111 !
b1111 N
b1111 g
b1111 p
14
#42000
04
#42050
14
#42100
04
b0 ?
b0 c
1>
0=
07
b10 5
b10 q
b1 $"
b10 ""
b10 @
b1 8
b1 s
b10100 E
b10100 A
b10100 B
#42150
b0 h
b0 &
b0 T
b0 x
b0 !"
b0 (
b0 U
b0 y
b0 ~
b0 *
b0 V
b0 z
b0 }
b0 ,
b0 W
b0 {
b0 |
b0 i
b0 [
b0 %
b0 w
b0 j
b0 \
b0 '
b0 v
b0 k
b0 ]
b0 )
b0 u
b0 l
b0 ^
b0 +
b0 t
b0 !
b0 N
b0 g
b0 p
b0 "
b0 O
b0 f
b0 o
b0 #
b0 P
b0 e
b0 n
b0 $
b0 Q
b0 d
b0 m
14
#42200
04
b0 C
0>
#42250
14
#42300
04
b1 ?
b1 c
b1 C
#42350
b1111 h
b1111 ,
b1111 W
b1111 {
b1111 |
b1111 l
b1111 ^
b1111 +
b1111 t
b1 $
b1 Q
b1 d
b1 m
14
#42400
04
b10 ?
b10 c
b10 C
#42450
b10 3
b10 Z
11
b1 2
b1 Y
b1101 R
0S
1/
b100 K
b101011 h
b1001 *
b1001 V
b1001 z
b1001 }
b11110 ,
b11110 W
b11110 {
b11110 |
b1101 k
b1101 ]
b1101 )
b1101 u
b11110 l
b11110 ^
b11110 +
b11110 t
b1 #
b1 P
b1 e
b1 n
b10 $
b10 Q
b10 d
b10 m
14
#42500
04
b11 ?
b11 c
b11 C
1=
17
#42550
01
b0 2
b0 Y
b0 3
b0 Z
b0 R
0/
b0 K
b1010010 h
b1011 (
b1011 U
b1011 y
b1011 ~
b11010 *
b11010 V
b11010 z
b11010 }
b101101 ,
b101101 W
b101101 {
b101101 |
b1011 j
b1011 \
b1011 '
b1011 v
b11010 k
b11010 ]
b11010 )
b11010 u
b101101 l
b101101 ^
b101101 +
b101101 t
b1 "
b1 O
b1 f
b1 o
b10 #
b10 P
b10 e
b10 n
b11 $
b11 Q
b11 d
b11 m
14
#42600
04
b100 ?
b100 c
b100 C
#42650
b10 3
b10 Z
11
b1 2
b1 Y
b100111 R
0S
1/
b100 K
b10000010 h
b1001 &
b1001 T
b1001 x
b1001 !"
b10110 (
b10110 U
b10110 y
b10110 ~
b100011 *
b100011 V
b100011 z
b100011 }
b111100 ,
b111100 W
b111100 {
b111100 |
b1001 i
b1001 [
b1001 %
b1001 w
b10110 j
b10110 \
b10110 '
b10110 v
b100111 k
b100111 ]
b100111 )
b100111 u
b111100 l
b111100 ^
b111100 +
b111100 t
b1 !
b1 N
b1 g
b1 p
b10 "
b10 O
b10 f
b10 o
b11 #
b11 P
b11 e
b11 n
b100 $
b100 Q
b100 d
b100 m
14
#42700
04
b101 ?
b101 c
b101 C
#42750
b110100 R
b10110010 h
b10010 &
b10010 T
b10010 x
b10010 !"
b100001 (
b100001 U
b100001 y
b100001 ~
b110000 *
b110000 V
b110000 z
b110000 }
b1001011 ,
b1001011 W
b1001011 {
b1001011 |
b10010 i
b10010 [
b10010 %
b10010 w
b100001 j
b100001 \
b100001 '
b100001 v
b110100 k
b110100 ]
b110100 )
b110100 u
b1001011 l
b1001011 ^
b1001011 +
b1001011 t
b10 !
b10 N
b10 g
b10 p
b11 "
b11 O
b11 f
b11 o
b100 #
b100 P
b100 e
b100 n
b101 $
b101 Q
b101 d
b101 m
14
#42800
04
b110 ?
b110 c
b110 C
#42850
01
b0 2
b0 Y
b0 3
b0 Z
b0 R
0/
b0 K
b11100010 h
b11011 &
b11011 T
b11011 x
b11011 !"
b101100 (
b101100 U
b101100 y
b101100 ~
b1000001 *
b1000001 V
b1000001 z
b1000001 }
b1011010 ,
b1011010 W
b1011010 {
b1011010 |
b11011 i
b11011 [
b11011 %
b11011 w
b101100 j
b101100 \
b101100 '
b101100 v
b1000001 k
b1000001 ]
b1000001 )
b1000001 u
b1011010 l
b1011010 ^
b1011010 +
b1011010 t
b11 !
b11 N
b11 g
b11 p
b100 "
b100 O
b100 f
b100 o
b101 #
b101 P
b101 e
b101 n
b110 $
b110 Q
b110 d
b110 m
14
#42900
04
b111 ?
b111 c
b111 C
#42950
b10 3
b10 Z
11
b1 2
b1 Y
b1001110 R
1/
b100 K
b100010010 h
b100100 &
b100100 T
b100100 x
b100100 !"
b110111 (
b110111 U
b110111 y
b110111 ~
b1001010 *
b1001010 V
b1001010 z
b1001010 }
b1101001 ,
b1101001 W
b1101001 {
b1101001 |
b100100 i
b100100 [
b100100 %
b100100 w
b110111 j
b110111 \
b110111 '
b110111 v
b1001110 k
b1001110 ]
b1001110 )
b1001110 u
b1101001 l
b1101001 ^
b1101001 +
b1101001 t
b100 !
b100 N
b100 g
b100 p
b101 "
b101 O
b101 f
b101 o
b110 #
b110 P
b110 e
b110 n
b111 $
b111 Q
b111 d
b111 m
14
#43000
04
b1000 ?
b1000 c
b1000 C
#43050
01
b0 2
b0 Y
b0 3
b0 Z
b0 R
0/
b0 K
b101000010 h
b101101 &
b101101 T
b101101 x
b101101 !"
b1000010 (
b1000010 U
b1000010 y
b1000010 ~
b1011011 *
b1011011 V
b1011011 z
b1011011 }
b1111000 ,
b1111000 W
b1111000 {
b1111000 |
b101101 i
b101101 [
b101101 %
b101101 w
b1000010 j
b1000010 \
b1000010 '
b1000010 v
b1011011 k
b1011011 ]
b1011011 )
b1011011 u
b1111000 l
b1111000 ^
b1111000 +
b1111000 t
b101 !
b101 N
b101 g
b101 p
b110 "
b110 O
b110 f
b110 o
b111 #
b111 P
b111 e
b111 n
b1000 $
b1000 Q
b1000 d
b1000 m
14
#43100
04
b1001 ?
b1001 c
b1001 C
#43150
b101110010 h
b110110 &
b110110 T
b110110 x
b110110 !"
b1001101 (
b1001101 U
b1001101 y
b1001101 ~
b1101000 *
b1101000 V
b1101000 z
b1101000 }
b10000111 ,
b10000111 W
b10000111 {
b10000111 |
b110110 i
b110110 [
b110110 %
b110110 w
b1001101 j
b1001101 \
b1001101 '
b1001101 v
b1101000 k
b1101000 ]
b1101000 )
b1101000 u
b10000111 l
b10000111 ^
b10000111 +
b10000111 t
b110 !
b110 N
b110 g
b110 p
b111 "
b111 O
b111 f
b111 o
b1000 #
b1000 P
b1000 e
b1000 n
b1001 $
b1001 Q
b1001 d
b1001 m
14
#43200
04
b1010 ?
b1010 c
b1010 C
#43250
b10 3
b10 Z
11
b1 2
b1 Y
b1110101 R
0S
1/
b100 K
b110100010 h
b111111 &
b111111 T
b111111 x
b111111 !"
b1011000 (
b1011000 U
b1011000 y
b1011000 ~
b1110001 *
b1110001 V
b1110001 z
b1110001 }
b10010110 ,
b10010110 W
b10010110 {
b10010110 |
b111111 i
b111111 [
b111111 %
b111111 w
b1011000 j
b1011000 \
b1011000 '
b1011000 v
b1110101 k
b1110101 ]
b1110101 )
b1110101 u
b10010110 l
b10010110 ^
b10010110 +
b10010110 t
b111 !
b111 N
b111 g
b111 p
b1000 "
b1000 O
b1000 f
b1000 o
b1001 #
b1001 P
b1001 e
b1001 n
b1010 $
b1010 Q
b1010 d
b1010 m
14
#43300
04
b1011 ?
b1011 c
b1011 C
#43350
01
b0 2
b0 Y
b0 3
b0 Z
b0 R
0/
b0 K
b111010010 h
b1001000 &
b1001000 T
b1001000 x
b1001000 !"
b1100011 (
b1100011 U
b1100011 y
b1100011 ~
b10000010 *
b10000010 V
b10000010 z
b10000010 }
b10100101 ,
b10100101 W
b10100101 {
b10100101 |
b1001000 i
b1001000 [
b1001000 %
b1001000 w
b1100011 j
b1100011 \
b1100011 '
b1100011 v
b10000010 k
b10000010 ]
b10000010 )
b10000010 u
b10100101 l
b10100101 ^
b10100101 +
b10100101 t
b1000 !
b1000 N
b1000 g
b1000 p
b1001 "
b1001 O
b1001 f
b1001 o
b1010 #
b1010 P
b1010 e
b1010 n
b1011 $
b1011 Q
b1011 d
b1011 m
14
#43400
04
b1100 ?
b1100 c
b1100 C
#43450
b10 3
b10 Z
11
b1 2
b1 Y
b10001111 R
0S
1/
b100 K
b1000000010 h
b1010001 &
b1010001 T
b1010001 x
b1010001 !"
b1101110 (
b1101110 U
b1101110 y
b1101110 ~
b10001011 *
b10001011 V
b10001011 z
b10001011 }
b10110100 ,
b10110100 W
b10110100 {
b10110100 |
b1010001 i
b1010001 [
b1010001 %
b1010001 w
b1101110 j
b1101110 \
b1101110 '
b1101110 v
b10001111 k
b10001111 ]
b10001111 )
b10001111 u
b10110100 l
b10110100 ^
b10110100 +
b10110100 t
b1001 !
b1001 N
b1001 g
b1001 p
b1010 "
b1010 O
b1010 f
b1010 o
b1011 #
b1011 P
b1011 e
b1011 n
b1100 $
b1100 Q
b1100 d
b1100 m
14
#43500
04
b1101 ?
b1101 c
b1101 C
#43550
b10011100 R
b1000110010 h
b1011010 &
b1011010 T
b1011010 x
b1011010 !"
b1111001 (
b1111001 U
b1111001 y
b1111001 ~
b10011000 *
b10011000 V
b10011000 z
b10011000 }
b11000011 ,
b11000011 W
b11000011 {
b11000011 |
b1011010 i
b1011010 [
b1011010 %
b1011010 w
b1111001 j
b1111001 \
b1111001 '
b1111001 v
b10011100 k
b10011100 ]
b10011100 )
b10011100 u
b11000011 l
b11000011 ^
b11000011 +
b11000011 t
b1010 !
b1010 N
b1010 g
b1010 p
b1011 "
b1011 O
b1011 f
b1011 o
b1100 #
b1100 P
b1100 e
b1100 n
b1101 $
b1101 Q
b1101 d
b1101 m
14
#43600
04
b1110 ?
b1110 c
b1110 C
#43650
01
b0 2
b0 Y
b0 3
b0 Z
b0 R
0/
b0 K
b1001100010 h
b1100011 &
b1100011 T
b1100011 x
b1100011 !"
b10000100 (
b10000100 U
b10000100 y
b10000100 ~
b10101001 *
b10101001 V
b10101001 z
b10101001 }
b11010010 ,
b11010010 W
b11010010 {
b11010010 |
b1100011 i
b1100011 [
b1100011 %
b1100011 w
b10000100 j
b10000100 \
b10000100 '
b10000100 v
b10101001 k
b10101001 ]
b10101001 )
b10101001 u
b11010010 l
b11010010 ^
b11010010 +
b11010010 t
b1011 !
b1011 N
b1011 g
b1011 p
b1100 "
b1100 O
b1100 f
b1100 o
b1101 #
b1101 P
b1101 e
b1101 n
b1110 $
b1110 Q
b1110 d
b1110 m
14
#43700
04
b1111 ?
b1111 c
b1111 C
#43750
b10 3
b10 Z
11
b1 2
b1 Y
b10110110 R
1/
b100 K
b1010010010 h
b1101100 &
b1101100 T
b1101100 x
b1101100 !"
b10001111 (
b10001111 U
b10001111 y
b10001111 ~
b10110010 *
b10110010 V
b10110010 z
b10110010 }
b11100001 ,
b11100001 W
b11100001 {
b11100001 |
b1101100 i
b1101100 [
b1101100 %
b1101100 w
b10001111 j
b10001111 \
b10001111 '
b10001111 v
b10110110 k
b10110110 ]
b10110110 )
b10110110 u
b11100001 l
b11100001 ^
b11100001 +
b11100001 t
b1100 !
b1100 N
b1100 g
b1100 p
b1101 "
b1101 O
b1101 f
b1101 o
b1110 #
b1110 P
b1110 e
b1110 n
b1111 $
b1111 Q
b1111 d
b1111 m
14
#43800
04
b10000 C
#43850
01
b0 2
b0 Y
b0 3
b0 Z
b0 R
b1010110011 h
0/
b0 K
b1110101 &
b1110101 T
b1110101 x
b1110101 !"
b10011010 (
b10011010 U
b10011010 y
b10011010 ~
b11000011 *
b11000011 V
b11000011 z
b11000011 }
b1110101 i
b1110101 [
b1110101 %
b1110101 w
b10011010 j
b10011010 \
b10011010 '
b10011010 v
b11000011 k
b11000011 ]
b11000011 )
b11000011 u
b1101 !
b1101 N
b1101 g
b1101 p
b1110 "
b1110 O
b1110 f
b1110 o
b1111 #
b1111 P
b1111 e
b1111 n
14
#43900
04
#43950
b1011000111 h
b1111110 &
b1111110 T
b1111110 x
b1111110 !"
b10100101 (
b10100101 U
b10100101 y
b10100101 ~
b1111110 i
b1111110 [
b1111110 %
b1111110 w
b10100101 j
b10100101 \
b10100101 '
b10100101 v
b1110 !
b1110 N
b1110 g
b1110 p
b1111 "
b1111 O
b1111 f
b1111 o
14
#44000
04
#44050
b1011010000 h
b10000111 &
b10000111 T
b10000111 x
b10000111 !"
b10000111 i
b10000111 [
b10000111 %
b10000111 w
b1111 !
b1111 N
b1111 g
b1111 p
14
#44100
04
#44150
14
#44200
1X
b10 3
b10 Z
11
b1 2
b1 Y
b11000011 R
1S
1/
b100 K
b11000111 *
b11000111 V
b11000111 z
b11000111 }
04
b0 ?
b0 c
1>
0=
07
b10 $"
b10 8
b10 s
b10101 E
b10101 A
b10101 B
#44250
b0 R
b0 h
b0 &
b0 T
b0 x
b0 !"
b0 (
b0 U
b0 y
b0 ~
b100 *
b100 V
b100 z
b100 }
b0 ,
b0 W
b0 {
b0 |
b0 i
b0 [
b0 %
b0 w
b0 j
b0 \
b0 '
b0 v
b0 k
b0 ]
b0 )
b0 u
b0 l
b0 ^
b0 +
b0 t
b0 !
b0 N
b0 g
b0 p
b0 "
b0 O
b0 f
b0 o
b0 #
b0 P
b0 e
b0 n
b0 $
b0 Q
b0 d
b0 m
14
#44300
04
b0 C
0>
#44350
14
#44400
04
b1 ?
b1 c
b1 C
1=
17
#44450
b1111 h
b100 *
b100 V
b100 z
b100 }
b1111 ,
b1111 W
b1111 {
b1111 |
b1111 l
b1111 ^
b1111 +
b1111 t
b1 $
b1 Q
b1 d
b1 m
14
#44500
04
b10 ?
b10 c
b10 C
#44550
0X
01
b0 2
b0 Y
b0 3
b0 Z
0S
0/
b0 K
b101011 h
b1101 *
b1101 V
b1101 z
b1101 }
b11110 ,
b11110 W
b11110 {
b11110 |
b1101 k
b1101 ]
b1101 )
b1101 u
b11110 l
b11110 ^
b11110 +
b11110 t
b1 #
b1 P
b1 e
b1 n
b10 $
b10 Q
b10 d
b10 m
14
#44600
04
b11 ?
b11 c
b11 C
#44650
1X
1S
b10 3
b10 Z
11
b1 2
b1 Y
b11010 R
1/
b100 K
b1010010 h
b1011 (
b1011 U
b1011 y
b1011 ~
b11110 *
b11110 V
b11110 z
b11110 }
b101101 ,
b101101 W
b101101 {
b101101 |
b1011 j
b1011 \
b1011 '
b1011 v
b11010 k
b11010 ]
b11010 )
b11010 u
b101101 l
b101101 ^
b101101 +
b101101 t
b1 "
b1 O
b1 f
b1 o
b10 #
b10 P
b10 e
b10 n
b11 $
b11 Q
b11 d
b11 m
14
#44700
04
b100 ?
b100 c
b100 C
#44750
0X
01
b0 2
b0 Y
b0 3
b0 Z
0S
b0 R
0/
b0 K
b10000010 h
b1001 &
b1001 T
b1001 x
b1001 !"
b10110 (
b10110 U
b10110 y
b10110 ~
b100111 *
b100111 V
b100111 z
b100111 }
b111100 ,
b111100 W
b111100 {
b111100 |
b1001 i
b1001 [
b1001 %
b1001 w
b10110 j
b10110 \
b10110 '
b10110 v
b100111 k
b100111 ]
b100111 )
b100111 u
b111100 l
b111100 ^
b111100 +
b111100 t
b1 !
b1 N
b1 g
b1 p
b10 "
b10 O
b10 f
b10 o
b11 #
b11 P
b11 e
b11 n
b100 $
b100 Q
b100 d
b100 m
14
#44800
04
b101 ?
b101 c
b101 C
#44850
b10110010 h
b10010 &
b10010 T
b10010 x
b10010 !"
b100001 (
b100001 U
b100001 y
b100001 ~
b110100 *
b110100 V
b110100 z
b110100 }
b1001011 ,
b1001011 W
b1001011 {
b1001011 |
b10010 i
b10010 [
b10010 %
b10010 w
b100001 j
b100001 \
b100001 '
b100001 v
b110100 k
b110100 ]
b110100 )
b110100 u
b1001011 l
b1001011 ^
b1001011 +
b1001011 t
b10 !
b10 N
b10 g
b10 p
b11 "
b11 O
b11 f
b11 o
b100 #
b100 P
b100 e
b100 n
b101 $
b101 Q
b101 d
b101 m
14
#44900
04
b110 ?
b110 c
b110 C
#44950
1X
b10 3
b10 Z
11
b1 2
b1 Y
b1000001 R
1S
1/
b100 K
b11100010 h
b11011 &
b11011 T
b11011 x
b11011 !"
b101100 (
b101100 U
b101100 y
b101100 ~
b1000101 *
b1000101 V
b1000101 z
b1000101 }
b1011010 ,
b1011010 W
b1011010 {
b1011010 |
b11011 i
b11011 [
b11011 %
b11011 w
b101100 j
b101100 \
b101100 '
b101100 v
b1000001 k
b1000001 ]
b1000001 )
b1000001 u
b1011010 l
b1011010 ^
b1011010 +
b1011010 t
b11 !
b11 N
b11 g
b11 p
b100 "
b100 O
b100 f
b100 o
b101 #
b101 P
b101 e
b101 n
b110 $
b110 Q
b110 d
b110 m
14
#45000
04
b111 ?
b111 c
b111 C
#45050
0X
01
b0 2
b0 Y
b0 3
b0 Z
0S
b0 R
0/
b0 K
b100010010 h
b100100 &
b100100 T
b100100 x
b100100 !"
b110111 (
b110111 U
b110111 y
b110111 ~
b1001110 *
b1001110 V
b1001110 z
b1001110 }
b1101001 ,
b1101001 W
b1101001 {
b1101001 |
b100100 i
b100100 [
b100100 %
b100100 w
b110111 j
b110111 \
b110111 '
b110111 v
b1001110 k
b1001110 ]
b1001110 )
b1001110 u
b1101001 l
b1101001 ^
b1101001 +
b1101001 t
b100 !
b100 N
b100 g
b100 p
b101 "
b101 O
b101 f
b101 o
b110 #
b110 P
b110 e
b110 n
b111 $
b111 Q
b111 d
b111 m
14
#45100
04
b1000 ?
b1000 c
b1000 C
#45150
1X
b10 3
b10 Z
11
b1 2
b1 Y
b1011011 R
1S
1/
b100 K
b101000010 h
b101101 &
b101101 T
b101101 x
b101101 !"
b1000010 (
b1000010 U
b1000010 y
b1000010 ~
b1011111 *
b1011111 V
b1011111 z
b1011111 }
b1111000 ,
b1111000 W
b1111000 {
b1111000 |
b101101 i
b101101 [
b101101 %
b101101 w
b1000010 j
b1000010 \
b1000010 '
b1000010 v
b1011011 k
b1011011 ]
b1011011 )
b1011011 u
b1111000 l
b1111000 ^
b1111000 +
b1111000 t
b101 !
b101 N
b101 g
b101 p
b110 "
b110 O
b110 f
b110 o
b111 #
b111 P
b111 e
b111 n
b1000 $
b1000 Q
b1000 d
b1000 m
14
#45200
04
b1001 ?
b1001 c
b1001 C
#45250
b1101000 R
b101110010 h
b110110 &
b110110 T
b110110 x
b110110 !"
b1001101 (
b1001101 U
b1001101 y
b1001101 ~
b1101100 *
b1101100 V
b1101100 z
b1101100 }
b10000111 ,
b10000111 W
b10000111 {
b10000111 |
b110110 i
b110110 [
b110110 %
b110110 w
b1001101 j
b1001101 \
b1001101 '
b1001101 v
b1101000 k
b1101000 ]
b1101000 )
b1101000 u
b10000111 l
b10000111 ^
b10000111 +
b10000111 t
b110 !
b110 N
b110 g
b110 p
b111 "
b111 O
b111 f
b111 o
b1000 #
b1000 P
b1000 e
b1000 n
b1001 $
b1001 Q
b1001 d
b1001 m
14
#45300
04
b1010 ?
b1010 c
b1010 C
#45350
0X
01
b0 2
b0 Y
b0 3
b0 Z
0S
b0 R
0/
b0 K
b110100010 h
b111111 &
b111111 T
b111111 x
b111111 !"
b1011000 (
b1011000 U
b1011000 y
b1011000 ~
b1110101 *
b1110101 V
b1110101 z
b1110101 }
b10010110 ,
b10010110 W
b10010110 {
b10010110 |
b111111 i
b111111 [
b111111 %
b111111 w
b1011000 j
b1011000 \
b1011000 '
b1011000 v
b1110101 k
b1110101 ]
b1110101 )
b1110101 u
b10010110 l
b10010110 ^
b10010110 +
b10010110 t
b111 !
b111 N
b111 g
b111 p
b1000 "
b1000 O
b1000 f
b1000 o
b1001 #
b1001 P
b1001 e
b1001 n
b1010 $
b1010 Q
b1010 d
b1010 m
14
#45400
04
b1011 ?
b1011 c
b1011 C
#45450
1X
1S
b10 3
b10 Z
11
b1 2
b1 Y
b10000010 R
1/
b100 K
b111010010 h
b1001000 &
b1001000 T
b1001000 x
b1001000 !"
b1100011 (
b1100011 U
b1100011 y
b1100011 ~
b10000110 *
b10000110 V
b10000110 z
b10000110 }
b10100101 ,
b10100101 W
b10100101 {
b10100101 |
b1001000 i
b1001000 [
b1001000 %
b1001000 w
b1100011 j
b1100011 \
b1100011 '
b1100011 v
b10000010 k
b10000010 ]
b10000010 )
b10000010 u
b10100101 l
b10100101 ^
b10100101 +
b10100101 t
b1000 !
b1000 N
b1000 g
b1000 p
b1001 "
b1001 O
b1001 f
b1001 o
b1010 #
b1010 P
b1010 e
b1010 n
b1011 $
b1011 Q
b1011 d
b1011 m
14
#45500
04
b1100 ?
b1100 c
b1100 C
#45550
0X
01
b0 2
b0 Y
b0 3
b0 Z
0S
b0 R
0/
b0 K
b1000000010 h
b1010001 &
b1010001 T
b1010001 x
b1010001 !"
b1101110 (
b1101110 U
b1101110 y
b1101110 ~
b10001111 *
b10001111 V
b10001111 z
b10001111 }
b10110100 ,
b10110100 W
b10110100 {
b10110100 |
b1010001 i
b1010001 [
b1010001 %
b1010001 w
b1101110 j
b1101110 \
b1101110 '
b1101110 v
b10001111 k
b10001111 ]
b10001111 )
b10001111 u
b10110100 l
b10110100 ^
b10110100 +
b10110100 t
b1001 !
b1001 N
b1001 g
b1001 p
b1010 "
b1010 O
b1010 f
b1010 o
b1011 #
b1011 P
b1011 e
b1011 n
b1100 $
b1100 Q
b1100 d
b1100 m
14
#45600
04
b1101 ?
b1101 c
b1101 C
#45650
b1000110010 h
b1011010 &
b1011010 T
b1011010 x
b1011010 !"
b1111001 (
b1111001 U
b1111001 y
b1111001 ~
b10011100 *
b10011100 V
b10011100 z
b10011100 }
b11000011 ,
b11000011 W
b11000011 {
b11000011 |
b1011010 i
b1011010 [
b1011010 %
b1011010 w
b1111001 j
b1111001 \
b1111001 '
b1111001 v
b10011100 k
b10011100 ]
b10011100 )
b10011100 u
b11000011 l
b11000011 ^
b11000011 +
b11000011 t
b1010 !
b1010 N
b1010 g
b1010 p
b1011 "
b1011 O
b1011 f
b1011 o
b1100 #
b1100 P
b1100 e
b1100 n
b1101 $
b1101 Q
b1101 d
b1101 m
14
#45700
04
b1110 ?
b1110 c
b1110 C
#45750
1X
b10 3
b10 Z
11
b1 2
b1 Y
b10101001 R
1S
1/
b100 K
b1001100010 h
b1100011 &
b1100011 T
b1100011 x
b1100011 !"
b10000100 (
b10000100 U
b10000100 y
b10000100 ~
b10101101 *
b10101101 V
b10101101 z
b10101101 }
b11010010 ,
b11010010 W
b11010010 {
b11010010 |
b1100011 i
b1100011 [
b1100011 %
b1100011 w
b10000100 j
b10000100 \
b10000100 '
b10000100 v
b10101001 k
b10101001 ]
b10101001 )
b10101001 u
b11010010 l
b11010010 ^
b11010010 +
b11010010 t
b1011 !
b1011 N
b1011 g
b1011 p
b1100 "
b1100 O
b1100 f
b1100 o
b1101 #
b1101 P
b1101 e
b1101 n
b1110 $
b1110 Q
b1110 d
b1110 m
14
#45800
04
b1111 ?
b1111 c
b1111 C
#45850
0X
01
b0 2
b0 Y
b0 3
b0 Z
0S
b0 R
0/
b0 K
b1010010010 h
b1101100 &
b1101100 T
b1101100 x
b1101100 !"
b10001111 (
b10001111 U
b10001111 y
b10001111 ~
b10110110 *
b10110110 V
b10110110 z
b10110110 }
b11100001 ,
b11100001 W
b11100001 {
b11100001 |
b1101100 i
b1101100 [
b1101100 %
b1101100 w
b10001111 j
b10001111 \
b10001111 '
b10001111 v
b10110110 k
b10110110 ]
b10110110 )
b10110110 u
b11100001 l
b11100001 ^
b11100001 +
b11100001 t
b1100 !
b1100 N
b1100 g
b1100 p
b1101 "
b1101 O
b1101 f
b1101 o
b1110 #
b1110 P
b1110 e
b1110 n
b1111 $
b1111 Q
b1111 d
b1111 m
14
#45900
04
b10000 C
#45950
1X
b10 3
b10 Z
11
b1 2
b1 Y
b11000011 R
1S
b1010110011 h
1/
b100 K
b1110101 &
b1110101 T
b1110101 x
b1110101 !"
b10011010 (
b10011010 U
b10011010 y
b10011010 ~
b11000111 *
b11000111 V
b11000111 z
b11000111 }
b1110101 i
b1110101 [
b1110101 %
b1110101 w
b10011010 j
b10011010 \
b10011010 '
b10011010 v
b11000011 k
b11000011 ]
b11000011 )
b11000011 u
b1101 !
b1101 N
b1101 g
b1101 p
b1110 "
b1110 O
b1110 f
b1110 o
b1111 #
b1111 P
b1111 e
b1111 n
14
#46000
04
#46050
b1011000111 h
b1111110 &
b1111110 T
b1111110 x
b1111110 !"
b10100101 (
b10100101 U
b10100101 y
b10100101 ~
b11000111 *
b11000111 V
b11000111 z
b11000111 }
b1111110 i
b1111110 [
b1111110 %
b1111110 w
b10100101 j
b10100101 \
b10100101 '
b10100101 v
b1110 !
b1110 N
b1110 g
b1110 p
b1111 "
b1111 O
b1111 f
b1111 o
14
#46100
04
#46150
b1011010000 h
b10000111 &
b10000111 T
b10000111 x
b10000111 !"
b11000111 *
b11000111 V
b11000111 z
b11000111 }
b10000111 i
b10000111 [
b10000111 %
b10000111 w
b1111 !
b1111 N
b1111 g
b1111 p
14
#46200
04
#46250
14
#46300
0X
01
b0 2
b0 Y
b0 3
b0 Z
b0 R
0S
0/
b0 K
b11000011 *
b11000011 V
b11000011 z
b11000011 }
04
b0 ?
b0 c
1>
0=
07
b11 5
b11 q
b1 $"
b11 ""
b11 @
b1 8
b1 s
b10110 E
b10110 A
b10110 B
#46350
b0 h
b0 &
b0 T
b0 x
b0 !"
b0 (
b0 U
b0 y
b0 ~
b0 *
b0 V
b0 z
b0 }
b0 ,
b0 W
b0 {
b0 |
b0 i
b0 [
b0 %
b0 w
b0 j
b0 \
b0 '
b0 v
b0 k
b0 ]
b0 )
b0 u
b0 l
b0 ^
b0 +
b0 t
b0 !
b0 N
b0 g
b0 p
b0 "
b0 O
b0 f
b0 o
b0 #
b0 P
b0 e
b0 n
b0 $
b0 Q
b0 d
b0 m
14
#46400
04
b0 C
0>
#46450
14
#46500
04
b1 ?
b1 c
b1 C
#46550
b1111 h
b1111 ,
b1111 W
b1111 {
b1111 |
b1111 l
b1111 ^
b1111 +
b1111 t
b1 $
b1 Q
b1 d
b1 m
14
#46600
04
b10 ?
b10 c
b10 C
#46650
b11 3
b11 Z
11
b1 2
b1 Y
b1101 R
0S
1/
b1000 K
b101011 h
b101 *
b101 V
b101 z
b101 }
b11110 ,
b11110 W
b11110 {
b11110 |
b1101 k
b1101 ]
b1101 )
b1101 u
b11110 l
b11110 ^
b11110 +
b11110 t
b1 #
b1 P
b1 e
b1 n
b10 $
b10 Q
b10 d
b10 m
14
#46700
04
b11 ?
b11 c
b11 C
1=
17
#46750
b11010 R
b1010010 h
b1011 (
b1011 U
b1011 y
b1011 ~
b10010 *
b10010 V
b10010 z
b10010 }
b101101 ,
b101101 W
b101101 {
b101101 |
b1011 j
b1011 \
b1011 '
b1011 v
b11010 k
b11010 ]
b11010 )
b11010 u
b101101 l
b101101 ^
b101101 +
b101101 t
b1 "
b1 O
b1 f
b1 o
b10 #
b10 P
b10 e
b10 n
b11 $
b11 Q
b11 d
b11 m
14
#46800
04
b100 ?
b100 c
b100 C
#46850
01
b0 2
b0 Y
b0 3
b0 Z
b0 R
0/
b0 K
b10000010 h
b1001 &
b1001 T
b1001 x
b1001 !"
b10110 (
b10110 U
b10110 y
b10110 ~
b100111 *
b100111 V
b100111 z
b100111 }
b111100 ,
b111100 W
b111100 {
b111100 |
b1001 i
b1001 [
b1001 %
b1001 w
b10110 j
b10110 \
b10110 '
b10110 v
b100111 k
b100111 ]
b100111 )
b100111 u
b111100 l
b111100 ^
b111100 +
b111100 t
b1 !
b1 N
b1 g
b1 p
b10 "
b10 O
b10 f
b10 o
b11 #
b11 P
b11 e
b11 n
b100 $
b100 Q
b100 d
b100 m
14
#46900
04
b101 ?
b101 c
b101 C
#46950
b10110010 h
b10010 &
b10010 T
b10010 x
b10010 !"
b100001 (
b100001 U
b100001 y
b100001 ~
b110100 *
b110100 V
b110100 z
b110100 }
b1001011 ,
b1001011 W
b1001011 {
b1001011 |
b10010 i
b10010 [
b10010 %
b10010 w
b100001 j
b100001 \
b100001 '
b100001 v
b110100 k
b110100 ]
b110100 )
b110100 u
b1001011 l
b1001011 ^
b1001011 +
b1001011 t
b10 !
b10 N
b10 g
b10 p
b11 "
b11 O
b11 f
b11 o
b100 #
b100 P
b100 e
b100 n
b101 $
b101 Q
b101 d
b101 m
14
#47000
04
b110 ?
b110 c
b110 C
#47050
b11100010 h
b11011 &
b11011 T
b11011 x
b11011 !"
b101100 (
b101100 U
b101100 y
b101100 ~
b1000001 *
b1000001 V
b1000001 z
b1000001 }
b1011010 ,
b1011010 W
b1011010 {
b1011010 |
b11011 i
b11011 [
b11011 %
b11011 w
b101100 j
b101100 \
b101100 '
b101100 v
b1000001 k
b1000001 ]
b1000001 )
b1000001 u
b1011010 l
b1011010 ^
b1011010 +
b1011010 t
b11 !
b11 N
b11 g
b11 p
b100 "
b100 O
b100 f
b100 o
b101 #
b101 P
b101 e
b101 n
b110 $
b110 Q
b110 d
b110 m
14
#47100
04
b111 ?
b111 c
b111 C
#47150
b11 3
b11 Z
11
b1 2
b1 Y
b1001110 R
1/
b1000 K
b100010010 h
b100100 &
b100100 T
b100100 x
b100100 !"
b110111 (
b110111 U
b110111 y
b110111 ~
b1000110 *
b1000110 V
b1000110 z
b1000110 }
b1101001 ,
b1101001 W
b1101001 {
b1101001 |
b100100 i
b100100 [
b100100 %
b100100 w
b110111 j
b110111 \
b110111 '
b110111 v
b1001110 k
b1001110 ]
b1001110 )
b1001110 u
b1101001 l
b1101001 ^
b1101001 +
b1101001 t
b100 !
b100 N
b100 g
b100 p
b101 "
b101 O
b101 f
b101 o
b110 #
b110 P
b110 e
b110 n
b111 $
b111 Q
b111 d
b111 m
14
#47200
04
b1000 ?
b1000 c
b1000 C
#47250
b1011011 R
b101000010 h
b101101 &
b101101 T
b101101 x
b101101 !"
b1000010 (
b1000010 U
b1000010 y
b1000010 ~
b1010011 *
b1010011 V
b1010011 z
b1010011 }
b1111000 ,
b1111000 W
b1111000 {
b1111000 |
b101101 i
b101101 [
b101101 %
b101101 w
b1000010 j
b1000010 \
b1000010 '
b1000010 v
b1011011 k
b1011011 ]
b1011011 )
b1011011 u
b1111000 l
b1111000 ^
b1111000 +
b1111000 t
b101 !
b101 N
b101 g
b101 p
b110 "
b110 O
b110 f
b110 o
b111 #
b111 P
b111 e
b111 n
b1000 $
b1000 Q
b1000 d
b1000 m
14
#47300
04
b1001 ?
b1001 c
b1001 C
#47350
b1101000 R
b101110010 h
b110110 &
b110110 T
b110110 x
b110110 !"
b1001101 (
b1001101 U
b1001101 y
b1001101 ~
b1100000 *
b1100000 V
b1100000 z
b1100000 }
b10000111 ,
b10000111 W
b10000111 {
b10000111 |
b110110 i
b110110 [
b110110 %
b110110 w
b1001101 j
b1001101 \
b1001101 '
b1001101 v
b1101000 k
b1101000 ]
b1101000 )
b1101000 u
b10000111 l
b10000111 ^
b10000111 +
b10000111 t
b110 !
b110 N
b110 g
b110 p
b111 "
b111 O
b111 f
b111 o
b1000 #
b1000 P
b1000 e
b1000 n
b1001 $
b1001 Q
b1001 d
b1001 m
14
#47400
04
b1010 ?
b1010 c
b1010 C
#47450
01
b0 2
b0 Y
b0 3
b0 Z
b0 R
0/
b0 K
b110100010 h
b111111 &
b111111 T
b111111 x
b111111 !"
b1011000 (
b1011000 U
b1011000 y
b1011000 ~
b1110101 *
b1110101 V
b1110101 z
b1110101 }
b10010110 ,
b10010110 W
b10010110 {
b10010110 |
b111111 i
b111111 [
b111111 %
b111111 w
b1011000 j
b1011000 \
b1011000 '
b1011000 v
b1110101 k
b1110101 ]
b1110101 )
b1110101 u
b10010110 l
b10010110 ^
b10010110 +
b10010110 t
b111 !
b111 N
b111 g
b111 p
b1000 "
b1000 O
b1000 f
b1000 o
b1001 #
b1001 P
b1001 e
b1001 n
b1010 $
b1010 Q
b1010 d
b1010 m
14
#47500
04
b1011 ?
b1011 c
b1011 C
#47550
b111010010 h
b1001000 &
b1001000 T
b1001000 x
b1001000 !"
b1100011 (
b1100011 U
b1100011 y
b1100011 ~
b10000010 *
b10000010 V
b10000010 z
b10000010 }
b10100101 ,
b10100101 W
b10100101 {
b10100101 |
b1001000 i
b1001000 [
b1001000 %
b1001000 w
b1100011 j
b1100011 \
b1100011 '
b1100011 v
b10000010 k
b10000010 ]
b10000010 )
b10000010 u
b10100101 l
b10100101 ^
b10100101 +
b10100101 t
b1000 !
b1000 N
b1000 g
b1000 p
b1001 "
b1001 O
b1001 f
b1001 o
b1010 #
b1010 P
b1010 e
b1010 n
b1011 $
b1011 Q
b1011 d
b1011 m
14
#47600
04
b1100 ?
b1100 c
b1100 C
#47650
b11 3
b11 Z
11
b1 2
b1 Y
b10001111 R
0S
1/
b1000 K
b1000000010 h
b1010001 &
b1010001 T
b1010001 x
b1010001 !"
b1101110 (
b1101110 U
b1101110 y
b1101110 ~
b10000111 *
b10000111 V
b10000111 z
b10000111 }
b10110100 ,
b10110100 W
b10110100 {
b10110100 |
b1010001 i
b1010001 [
b1010001 %
b1010001 w
b1101110 j
b1101110 \
b1101110 '
b1101110 v
b10001111 k
b10001111 ]
b10001111 )
b10001111 u
b10110100 l
b10110100 ^
b10110100 +
b10110100 t
b1001 !
b1001 N
b1001 g
b1001 p
b1010 "
b1010 O
b1010 f
b1010 o
b1011 #
b1011 P
b1011 e
b1011 n
b1100 $
b1100 Q
b1100 d
b1100 m
14
#47700
04
b1101 ?
b1101 c
b1101 C
#47750
b10011100 R
b1000110010 h
b1011010 &
b1011010 T
b1011010 x
b1011010 !"
b1111001 (
b1111001 U
b1111001 y
b1111001 ~
b10010100 *
b10010100 V
b10010100 z
b10010100 }
b11000011 ,
b11000011 W
b11000011 {
b11000011 |
b1011010 i
b1011010 [
b1011010 %
b1011010 w
b1111001 j
b1111001 \
b1111001 '
b1111001 v
b10011100 k
b10011100 ]
b10011100 )
b10011100 u
b11000011 l
b11000011 ^
b11000011 +
b11000011 t
b1010 !
b1010 N
b1010 g
b1010 p
b1011 "
b1011 O
b1011 f
b1011 o
b1100 #
b1100 P
b1100 e
b1100 n
b1101 $
b1101 Q
b1101 d
b1101 m
14
#47800
04
b1110 ?
b1110 c
b1110 C
#47850
b10101001 R
b1001100010 h
b1100011 &
b1100011 T
b1100011 x
b1100011 !"
b10000100 (
b10000100 U
b10000100 y
b10000100 ~
b10100001 *
b10100001 V
b10100001 z
b10100001 }
b11010010 ,
b11010010 W
b11010010 {
b11010010 |
b1100011 i
b1100011 [
b1100011 %
b1100011 w
b10000100 j
b10000100 \
b10000100 '
b10000100 v
b10101001 k
b10101001 ]
b10101001 )
b10101001 u
b11010010 l
b11010010 ^
b11010010 +
b11010010 t
b1011 !
b1011 N
b1011 g
b1011 p
b1100 "
b1100 O
b1100 f
b1100 o
b1101 #
b1101 P
b1101 e
b1101 n
b1110 $
b1110 Q
b1110 d
b1110 m
14
#47900
04
b1111 ?
b1111 c
b1111 C
#47950
01
b0 2
b0 Y
b0 3
b0 Z
b0 R
0/
b0 K
b1010010010 h
b1101100 &
b1101100 T
b1101100 x
b1101100 !"
b10001111 (
b10001111 U
b10001111 y
b10001111 ~
b10110110 *
b10110110 V
b10110110 z
b10110110 }
b11100001 ,
b11100001 W
b11100001 {
b11100001 |
b1101100 i
b1101100 [
b1101100 %
b1101100 w
b10001111 j
b10001111 \
b10001111 '
b10001111 v
b10110110 k
b10110110 ]
b10110110 )
b10110110 u
b11100001 l
b11100001 ^
b11100001 +
b11100001 t
b1100 !
b1100 N
b1100 g
b1100 p
b1101 "
b1101 O
b1101 f
b1101 o
b1110 #
b1110 P
b1110 e
b1110 n
b1111 $
b1111 Q
b1111 d
b1111 m
14
#48000
04
b10000 C
#48050
b1010110011 h
b1110101 &
b1110101 T
b1110101 x
b1110101 !"
b10011010 (
b10011010 U
b10011010 y
b10011010 ~
b11000011 *
b11000011 V
b11000011 z
b11000011 }
b1110101 i
b1110101 [
b1110101 %
b1110101 w
b10011010 j
b10011010 \
b10011010 '
b10011010 v
b11000011 k
b11000011 ]
b11000011 )
b11000011 u
b1101 !
b1101 N
b1101 g
b1101 p
b1110 "
b1110 O
b1110 f
b1110 o
b1111 #
b1111 P
b1111 e
b1111 n
14
#48100
04
#48150
b1011000111 h
b1111110 &
b1111110 T
b1111110 x
b1111110 !"
b10100101 (
b10100101 U
b10100101 y
b10100101 ~
b1111110 i
b1111110 [
b1111110 %
b1111110 w
b10100101 j
b10100101 \
b10100101 '
b10100101 v
b1110 !
b1110 N
b1110 g
b1110 p
b1111 "
b1111 O
b1111 f
b1111 o
14
#48200
04
#48250
b1011010000 h
b10000111 &
b10000111 T
b10000111 x
b10000111 !"
b10000111 i
b10000111 [
b10000111 %
b10000111 w
b1111 !
b1111 N
b1111 g
b1111 p
14
#48300
04
#48350
14
#48400
1X
b11 3
b11 Z
11
b1 2
b1 Y
b11000011 R
1S
1/
b1000 K
b11001011 *
b11001011 V
b11001011 z
b11001011 }
04
b0 ?
b0 c
1>
0=
07
b10 $"
b10 8
b10 s
b10111 E
b10111 A
b10111 B
#48450
b0 R
b0 h
b0 &
b0 T
b0 x
b0 !"
b0 (
b0 U
b0 y
b0 ~
b1000 *
b1000 V
b1000 z
b1000 }
b0 ,
b0 W
b0 {
b0 |
b0 i
b0 [
b0 %
b0 w
b0 j
b0 \
b0 '
b0 v
b0 k
b0 ]
b0 )
b0 u
b0 l
b0 ^
b0 +
b0 t
b0 !
b0 N
b0 g
b0 p
b0 "
b0 O
b0 f
b0 o
b0 #
b0 P
b0 e
b0 n
b0 $
b0 Q
b0 d
b0 m
14
#48500
04
b0 C
0>
#48550
14
#48600
04
b1 ?
b1 c
b1 C
1=
17
#48650
b1111 h
b1000 *
b1000 V
b1000 z
b1000 }
b1111 ,
b1111 W
b1111 {
b1111 |
b1111 l
b1111 ^
b1111 +
b1111 t
b1 $
b1 Q
b1 d
b1 m
14
#48700
04
b10 ?
b10 c
b10 C
#48750
0X
01
b0 2
b0 Y
b0 3
b0 Z
0S
0/
b0 K
b101011 h
b1101 *
b1101 V
b1101 z
b1101 }
b11110 ,
b11110 W
b11110 {
b11110 |
b1101 k
b1101 ]
b1101 )
b1101 u
b11110 l
b11110 ^
b11110 +
b11110 t
b1 #
b1 P
b1 e
b1 n
b10 $
b10 Q
b10 d
b10 m
14
#48800
04
b11 ?
b11 c
b11 C
#48850
b1010010 h
b1011 (
b1011 U
b1011 y
b1011 ~
b11010 *
b11010 V
b11010 z
b11010 }
b101101 ,
b101101 W
b101101 {
b101101 |
b1011 j
b1011 \
b1011 '
b1011 v
b11010 k
b11010 ]
b11010 )
b11010 u
b101101 l
b101101 ^
b101101 +
b101101 t
b1 "
b1 O
b1 f
b1 o
b10 #
b10 P
b10 e
b10 n
b11 $
b11 Q
b11 d
b11 m
14
#48900
04
b100 ?
b100 c
b100 C
#48950
1X
b11 3
b11 Z
11
b1 2
b1 Y
b100111 R
1S
1/
b1000 K
b10000010 h
b1001 &
b1001 T
b1001 x
b1001 !"
b10110 (
b10110 U
b10110 y
b10110 ~
b101111 *
b101111 V
b101111 z
b101111 }
b111100 ,
b111100 W
b111100 {
b111100 |
b1001 i
b1001 [
b1001 %
b1001 w
b10110 j
b10110 \
b10110 '
b10110 v
b100111 k
b100111 ]
b100111 )
b100111 u
b111100 l
b111100 ^
b111100 +
b111100 t
b1 !
b1 N
b1 g
b1 p
b10 "
b10 O
b10 f
b10 o
b11 #
b11 P
b11 e
b11 n
b100 $
b100 Q
b100 d
b100 m
14
#49000
04
b101 ?
b101 c
b101 C
#49050
b110100 R
b10110010 h
b10010 &
b10010 T
b10010 x
b10010 !"
b100001 (
b100001 U
b100001 y
b100001 ~
b111100 *
b111100 V
b111100 z
b111100 }
b1001011 ,
b1001011 W
b1001011 {
b1001011 |
b10010 i
b10010 [
b10010 %
b10010 w
b100001 j
b100001 \
b100001 '
b100001 v
b110100 k
b110100 ]
b110100 )
b110100 u
b1001011 l
b1001011 ^
b1001011 +
b1001011 t
b10 !
b10 N
b10 g
b10 p
b11 "
b11 O
b11 f
b11 o
b100 #
b100 P
b100 e
b100 n
b101 $
b101 Q
b101 d
b101 m
14
#49100
04
b110 ?
b110 c
b110 C
#49150
b1000001 R
b11100010 h
b11011 &
b11011 T
b11011 x
b11011 !"
b101100 (
b101100 U
b101100 y
b101100 ~
b1001001 *
b1001001 V
b1001001 z
b1001001 }
b1011010 ,
b1011010 W
b1011010 {
b1011010 |
b11011 i
b11011 [
b11011 %
b11011 w
b101100 j
b101100 \
b101100 '
b101100 v
b1000001 k
b1000001 ]
b1000001 )
b1000001 u
b1011010 l
b1011010 ^
b1011010 +
b1011010 t
b11 !
b11 N
b11 g
b11 p
b100 "
b100 O
b100 f
b100 o
b101 #
b101 P
b101 e
b101 n
b110 $
b110 Q
b110 d
b110 m
14
#49200
04
b111 ?
b111 c
b111 C
#49250
0X
01
b0 2
b0 Y
b0 3
b0 Z
0S
b0 R
0/
b0 K
b100010010 h
b100100 &
b100100 T
b100100 x
b100100 !"
b110111 (
b110111 U
b110111 y
b110111 ~
b1001110 *
b1001110 V
b1001110 z
b1001110 }
b1101001 ,
b1101001 W
b1101001 {
b1101001 |
b100100 i
b100100 [
b100100 %
b100100 w
b110111 j
b110111 \
b110111 '
b110111 v
b1001110 k
b1001110 ]
b1001110 )
b1001110 u
b1101001 l
b1101001 ^
b1101001 +
b1101001 t
b100 !
b100 N
b100 g
b100 p
b101 "
b101 O
b101 f
b101 o
b110 #
b110 P
b110 e
b110 n
b111 $
b111 Q
b111 d
b111 m
14
#49300
04
b1000 ?
b1000 c
b1000 C
#49350
b101000010 h
b101101 &
b101101 T
b101101 x
b101101 !"
b1000010 (
b1000010 U
b1000010 y
b1000010 ~
b1011011 *
b1011011 V
b1011011 z
b1011011 }
b1111000 ,
b1111000 W
b1111000 {
b1111000 |
b101101 i
b101101 [
b101101 %
b101101 w
b1000010 j
b1000010 \
b1000010 '
b1000010 v
b1011011 k
b1011011 ]
b1011011 )
b1011011 u
b1111000 l
b1111000 ^
b1111000 +
b1111000 t
b101 !
b101 N
b101 g
b101 p
b110 "
b110 O
b110 f
b110 o
b111 #
b111 P
b111 e
b111 n
b1000 $
b1000 Q
b1000 d
b1000 m
14
#49400
04
b1001 ?
b1001 c
b1001 C
#49450
b101110010 h
b110110 &
b110110 T
b110110 x
b110110 !"
b1001101 (
b1001101 U
b1001101 y
b1001101 ~
b1101000 *
b1101000 V
b1101000 z
b1101000 }
b10000111 ,
b10000111 W
b10000111 {
b10000111 |
b110110 i
b110110 [
b110110 %
b110110 w
b1001101 j
b1001101 \
b1001101 '
b1001101 v
b1101000 k
b1101000 ]
b1101000 )
b1101000 u
b10000111 l
b10000111 ^
b10000111 +
b10000111 t
b110 !
b110 N
b110 g
b110 p
b111 "
b111 O
b111 f
b111 o
b1000 #
b1000 P
b1000 e
b1000 n
b1001 $
b1001 Q
b1001 d
b1001 m
14
#49500
04
b1010 ?
b1010 c
b1010 C
#49550
1X
b11 3
b11 Z
11
b1 2
b1 Y
b1110101 R
1S
1/
b1000 K
b110100010 h
b111111 &
b111111 T
b111111 x
b111111 !"
b1011000 (
b1011000 U
b1011000 y
b1011000 ~
b1111101 *
b1111101 V
b1111101 z
b1111101 }
b10010110 ,
b10010110 W
b10010110 {
b10010110 |
b111111 i
b111111 [
b111111 %
b111111 w
b1011000 j
b1011000 \
b1011000 '
b1011000 v
b1110101 k
b1110101 ]
b1110101 )
b1110101 u
b10010110 l
b10010110 ^
b10010110 +
b10010110 t
b111 !
b111 N
b111 g
b111 p
b1000 "
b1000 O
b1000 f
b1000 o
b1001 #
b1001 P
b1001 e
b1001 n
b1010 $
b1010 Q
b1010 d
b1010 m
14
#49600
04
b1011 ?
b1011 c
b1011 C
#49650
b10000010 R
b111010010 h
b1001000 &
b1001000 T
b1001000 x
b1001000 !"
b1100011 (
b1100011 U
b1100011 y
b1100011 ~
b10001010 *
b10001010 V
b10001010 z
b10001010 }
b10100101 ,
b10100101 W
b10100101 {
b10100101 |
b1001000 i
b1001000 [
b1001000 %
b1001000 w
b1100011 j
b1100011 \
b1100011 '
b1100011 v
b10000010 k
b10000010 ]
b10000010 )
b10000010 u
b10100101 l
b10100101 ^
b10100101 +
b10100101 t
b1000 !
b1000 N
b1000 g
b1000 p
b1001 "
b1001 O
b1001 f
b1001 o
b1010 #
b1010 P
b1010 e
b1010 n
b1011 $
b1011 Q
b1011 d
b1011 m
14
#49700
04
b1100 ?
b1100 c
b1100 C
#49750
0X
01
b0 2
b0 Y
b0 3
b0 Z
0S
b0 R
0/
b0 K
b1000000010 h
b1010001 &
b1010001 T
b1010001 x
b1010001 !"
b1101110 (
b1101110 U
b1101110 y
b1101110 ~
b10001111 *
b10001111 V
b10001111 z
b10001111 }
b10110100 ,
b10110100 W
b10110100 {
b10110100 |
b1010001 i
b1010001 [
b1010001 %
b1010001 w
b1101110 j
b1101110 \
b1101110 '
b1101110 v
b10001111 k
b10001111 ]
b10001111 )
b10001111 u
b10110100 l
b10110100 ^
b10110100 +
b10110100 t
b1001 !
b1001 N
b1001 g
b1001 p
b1010 "
b1010 O
b1010 f
b1010 o
b1011 #
b1011 P
b1011 e
b1011 n
b1100 $
b1100 Q
b1100 d
b1100 m
14
#49800
04
b1101 ?
b1101 c
b1101 C
#49850
b1000110010 h
b1011010 &
b1011010 T
b1011010 x
b1011010 !"
b1111001 (
b1111001 U
b1111001 y
b1111001 ~
b10011100 *
b10011100 V
b10011100 z
b10011100 }
b11000011 ,
b11000011 W
b11000011 {
b11000011 |
b1011010 i
b1011010 [
b1011010 %
b1011010 w
b1111001 j
b1111001 \
b1111001 '
b1111001 v
b10011100 k
b10011100 ]
b10011100 )
b10011100 u
b11000011 l
b11000011 ^
b11000011 +
b11000011 t
b1010 !
b1010 N
b1010 g
b1010 p
b1011 "
b1011 O
b1011 f
b1011 o
b1100 #
b1100 P
b1100 e
b1100 n
b1101 $
b1101 Q
b1101 d
b1101 m
14
#49900
04
b1110 ?
b1110 c
b1110 C
#49950
b1001100010 h
b1100011 &
b1100011 T
b1100011 x
b1100011 !"
b10000100 (
b10000100 U
b10000100 y
b10000100 ~
b10101001 *
b10101001 V
b10101001 z
b10101001 }
b11010010 ,
b11010010 W
b11010010 {
b11010010 |
b1100011 i
b1100011 [
b1100011 %
b1100011 w
b10000100 j
b10000100 \
b10000100 '
b10000100 v
b10101001 k
b10101001 ]
b10101001 )
b10101001 u
b11010010 l
b11010010 ^
b11010010 +
b11010010 t
b1011 !
b1011 N
b1011 g
b1011 p
b1100 "
b1100 O
b1100 f
b1100 o
b1101 #
b1101 P
b1101 e
b1101 n
b1110 $
b1110 Q
b1110 d
b1110 m
14
#50000
04
b1111 ?
b1111 c
b1111 C
#50050
1X
1S
b11 3
b11 Z
11
b1 2
b1 Y
b10110110 R
1/
b1000 K
b1010010010 h
b1101100 &
b1101100 T
b1101100 x
b1101100 !"
b10001111 (
b10001111 U
b10001111 y
b10001111 ~
b10111110 *
b10111110 V
b10111110 z
b10111110 }
b11100001 ,
b11100001 W
b11100001 {
b11100001 |
b1101100 i
b1101100 [
b1101100 %
b1101100 w
b10001111 j
b10001111 \
b10001111 '
b10001111 v
b10110110 k
b10110110 ]
b10110110 )
b10110110 u
b11100001 l
b11100001 ^
b11100001 +
b11100001 t
b1100 !
b1100 N
b1100 g
b1100 p
b1101 "
b1101 O
b1101 f
b1101 o
b1110 #
b1110 P
b1110 e
b1110 n
b1111 $
b1111 Q
b1111 d
b1111 m
14
#50100
04
b10000 C
#50150
b11000011 R
b1010110011 h
b1110101 &
b1110101 T
b1110101 x
b1110101 !"
b10011010 (
b10011010 U
b10011010 y
b10011010 ~
b11001011 *
b11001011 V
b11001011 z
b11001011 }
b1110101 i
b1110101 [
b1110101 %
b1110101 w
b10011010 j
b10011010 \
b10011010 '
b10011010 v
b11000011 k
b11000011 ]
b11000011 )
b11000011 u
b1101 !
b1101 N
b1101 g
b1101 p
b1110 "
b1110 O
b1110 f
b1110 o
b1111 #
b1111 P
b1111 e
b1111 n
14
#50200
04
#50250
b1011000111 h
b1111110 &
b1111110 T
b1111110 x
b1111110 !"
b10100101 (
b10100101 U
b10100101 y
b10100101 ~
b11001011 *
b11001011 V
b11001011 z
b11001011 }
b1111110 i
b1111110 [
b1111110 %
b1111110 w
b10100101 j
b10100101 \
b10100101 '
b10100101 v
b1110 !
b1110 N
b1110 g
b1110 p
b1111 "
b1111 O
b1111 f
b1111 o
14
#50300
04
#50350
b1011010000 h
b10000111 &
b10000111 T
b10000111 x
b10000111 !"
b11001011 *
b11001011 V
b11001011 z
b11001011 }
b10000111 i
b10000111 [
b10000111 %
b10000111 w
b1111 !
b1111 N
b1111 g
b1111 p
14
#50400
04
#50450
14
#50500
0X
01
b0 2
b0 Y
b0 3
b0 Z
b0 R
0S
0/
b0 K
b11000011 *
b11000011 V
b11000011 z
b11000011 }
04
b0 ?
b0 c
1>
0=
07
b100 5
b100 q
b1 $"
b100 ""
b100 @
b1 8
b1 s
b11000 E
b11000 A
b11000 B
#50550
b0 h
b0 &
b0 T
b0 x
b0 !"
b0 (
b0 U
b0 y
b0 ~
b0 *
b0 V
b0 z
b0 }
b0 ,
b0 W
b0 {
b0 |
b0 i
b0 [
b0 %
b0 w
b0 j
b0 \
b0 '
b0 v
b0 k
b0 ]
b0 )
b0 u
b0 l
b0 ^
b0 +
b0 t
b0 !
b0 N
b0 g
b0 p
b0 "
b0 O
b0 f
b0 o
b0 #
b0 P
b0 e
b0 n
b0 $
b0 Q
b0 d
b0 m
14
#50600
04
b0 C
0>
#50650
14
#50700
04
b1 ?
b1 c
b1 C
#50750
b1111 h
b1111 ,
b1111 W
b1111 {
b1111 |
b1111 l
b1111 ^
b1111 +
b1111 t
b1 $
b1 Q
b1 d
b1 m
14
#50800
04
b10 ?
b10 c
b10 C
#50850
b101011 h
b1101 *
b1101 V
b1101 z
b1101 }
b11110 ,
b11110 W
b11110 {
b11110 |
b1101 k
b1101 ]
b1101 )
b1101 u
b11110 l
b11110 ^
b11110 +
b11110 t
b1 #
b1 P
b1 e
b1 n
b10 $
b10 Q
b10 d
b10 m
14
#50900
04
b11 ?
b11 c
b11 C
#50950
b100 3
b100 Z
11
b1 2
b1 Y
b11010 R
1/
b10000 K
b1010010 h
b1011 (
b1011 U
b1011 y
b1011 ~
b1010 *
b1010 V
b1010 z
b1010 }
b101101 ,
b101101 W
b101101 {
b101101 |
b1011 j
b1011 \
b1011 '
b1011 v
b11010 k
b11010 ]
b11010 )
b11010 u
b101101 l
b101101 ^
b101101 +
b101101 t
b1 "
b1 O
b1 f
b1 o
b10 #
b10 P
b10 e
b10 n
b11 $
b11 Q
b11 d
b11 m
14
#51000
04
b100 ?
b100 c
b100 C
1=
17
#51050
01
b0 2
b0 Y
b0 3
b0 Z
b0 R
0/
b0 K
b10000010 h
b1001 &
b1001 T
b1001 x
b1001 !"
b10110 (
b10110 U
b10110 y
b10110 ~
b100111 *
b100111 V
b100111 z
b100111 }
b111100 ,
b111100 W
b111100 {
b111100 |
b1001 i
b1001 [
b1001 %
b1001 w
b10110 j
b10110 \
b10110 '
b10110 v
b100111 k
b100111 ]
b100111 )
b100111 u
b111100 l
b111100 ^
b111100 +
b111100 t
b1 !
b1 N
b1 g
b1 p
b10 "
b10 O
b10 f
b10 o
b11 #
b11 P
b11 e
b11 n
b100 $
b100 Q
b100 d
b100 m
14
#51100
04
b101 ?
b101 c
b101 C
#51150
b100 3
b100 Z
11
b1 2
b1 Y
b110100 R
1/
b10000 K
b10110010 h
b10010 &
b10010 T
b10010 x
b10010 !"
b100001 (
b100001 U
b100001 y
b100001 ~
b100100 *
b100100 V
b100100 z
b100100 }
b1001011 ,
b1001011 W
b1001011 {
b1001011 |
b10010 i
b10010 [
b10010 %
b10010 w
b100001 j
b100001 \
b100001 '
b100001 v
b110100 k
b110100 ]
b110100 )
b110100 u
b1001011 l
b1001011 ^
b1001011 +
b1001011 t
b10 !
b10 N
b10 g
b10 p
b11 "
b11 O
b11 f
b11 o
b100 #
b100 P
b100 e
b100 n
b101 $
b101 Q
b101 d
b101 m
14
#51200
04
b110 ?
b110 c
b110 C
#51250
01
b0 2
b0 Y
b0 3
b0 Z
b0 R
0/
b0 K
b11100010 h
b11011 &
b11011 T
b11011 x
b11011 !"
b101100 (
b101100 U
b101100 y
b101100 ~
b1000001 *
b1000001 V
b1000001 z
b1000001 }
b1011010 ,
b1011010 W
b1011010 {
b1011010 |
b11011 i
b11011 [
b11011 %
b11011 w
b101100 j
b101100 \
b101100 '
b101100 v
b1000001 k
b1000001 ]
b1000001 )
b1000001 u
b1011010 l
b1011010 ^
b1011010 +
b1011010 t
b11 !
b11 N
b11 g
b11 p
b100 "
b100 O
b100 f
b100 o
b101 #
b101 P
b101 e
b101 n
b110 $
b110 Q
b110 d
b110 m
14
#51300
04
b111 ?
b111 c
b111 C
#51350
b100010010 h
b100100 &
b100100 T
b100100 x
b100100 !"
b110111 (
b110111 U
b110111 y
b110111 ~
b1001110 *
b1001110 V
b1001110 z
b1001110 }
b1101001 ,
b1101001 W
b1101001 {
b1101001 |
b100100 i
b100100 [
b100100 %
b100100 w
b110111 j
b110111 \
b110111 '
b110111 v
b1001110 k
b1001110 ]
b1001110 )
b1001110 u
b1101001 l
b1101001 ^
b1101001 +
b1101001 t
b100 !
b100 N
b100 g
b100 p
b101 "
b101 O
b101 f
b101 o
b110 #
b110 P
b110 e
b110 n
b111 $
b111 Q
b111 d
b111 m
14
#51400
04
b1000 ?
b1000 c
b1000 C
#51450
b100 3
b100 Z
11
b1 2
b1 Y
b1011011 R
0S
1/
b10000 K
b101000010 h
b101101 &
b101101 T
b101101 x
b101101 !"
b1000010 (
b1000010 U
b1000010 y
b1000010 ~
b1001011 *
b1001011 V
b1001011 z
b1001011 }
b1111000 ,
b1111000 W
b1111000 {
b1111000 |
b101101 i
b101101 [
b101101 %
b101101 w
b1000010 j
b1000010 \
b1000010 '
b1000010 v
b1011011 k
b1011011 ]
b1011011 )
b1011011 u
b1111000 l
b1111000 ^
b1111000 +
b1111000 t
b101 !
b101 N
b101 g
b101 p
b110 "
b110 O
b110 f
b110 o
b111 #
b111 P
b111 e
b111 n
b1000 $
b1000 Q
b1000 d
b1000 m
14
#51500
04
b1001 ?
b1001 c
b1001 C
#51550
01
b0 2
b0 Y
b0 3
b0 Z
b0 R
0/
b0 K
b101110010 h
b110110 &
b110110 T
b110110 x
b110110 !"
b1001101 (
b1001101 U
b1001101 y
b1001101 ~
b1101000 *
b1101000 V
b1101000 z
b1101000 }
b10000111 ,
b10000111 W
b10000111 {
b10000111 |
b110110 i
b110110 [
b110110 %
b110110 w
b1001101 j
b1001101 \
b1001101 '
b1001101 v
b1101000 k
b1101000 ]
b1101000 )
b1101000 u
b10000111 l
b10000111 ^
b10000111 +
b10000111 t
b110 !
b110 N
b110 g
b110 p
b111 "
b111 O
b111 f
b111 o
b1000 #
b1000 P
b1000 e
b1000 n
b1001 $
b1001 Q
b1001 d
b1001 m
14
#51600
04
b1010 ?
b1010 c
b1010 C
#51650
b100 3
b100 Z
11
b1 2
b1 Y
b1110101 R
0S
1/
b10000 K
b110100010 h
b111111 &
b111111 T
b111111 x
b111111 !"
b1011000 (
b1011000 U
b1011000 y
b1011000 ~
b1100101 *
b1100101 V
b1100101 z
b1100101 }
b10010110 ,
b10010110 W
b10010110 {
b10010110 |
b111111 i
b111111 [
b111111 %
b111111 w
b1011000 j
b1011000 \
b1011000 '
b1011000 v
b1110101 k
b1110101 ]
b1110101 )
b1110101 u
b10010110 l
b10010110 ^
b10010110 +
b10010110 t
b111 !
b111 N
b111 g
b111 p
b1000 "
b1000 O
b1000 f
b1000 o
b1001 #
b1001 P
b1001 e
b1001 n
b1010 $
b1010 Q
b1010 d
b1010 m
14
#51700
04
b1011 ?
b1011 c
b1011 C
#51750
01
b0 2
b0 Y
b0 3
b0 Z
b0 R
0/
b0 K
b111010010 h
b1001000 &
b1001000 T
b1001000 x
b1001000 !"
b1100011 (
b1100011 U
b1100011 y
b1100011 ~
b10000010 *
b10000010 V
b10000010 z
b10000010 }
b10100101 ,
b10100101 W
b10100101 {
b10100101 |
b1001000 i
b1001000 [
b1001000 %
b1001000 w
b1100011 j
b1100011 \
b1100011 '
b1100011 v
b10000010 k
b10000010 ]
b10000010 )
b10000010 u
b10100101 l
b10100101 ^
b10100101 +
b10100101 t
b1000 !
b1000 N
b1000 g
b1000 p
b1001 "
b1001 O
b1001 f
b1001 o
b1010 #
b1010 P
b1010 e
b1010 n
b1011 $
b1011 Q
b1011 d
b1011 m
14
#51800
04
b1100 ?
b1100 c
b1100 C
#51850
b1000000010 h
b1010001 &
b1010001 T
b1010001 x
b1010001 !"
b1101110 (
b1101110 U
b1101110 y
b1101110 ~
b10001111 *
b10001111 V
b10001111 z
b10001111 }
b10110100 ,
b10110100 W
b10110100 {
b10110100 |
b1010001 i
b1010001 [
b1010001 %
b1010001 w
b1101110 j
b1101110 \
b1101110 '
b1101110 v
b10001111 k
b10001111 ]
b10001111 )
b10001111 u
b10110100 l
b10110100 ^
b10110100 +
b10110100 t
b1001 !
b1001 N
b1001 g
b1001 p
b1010 "
b1010 O
b1010 f
b1010 o
b1011 #
b1011 P
b1011 e
b1011 n
b1100 $
b1100 Q
b1100 d
b1100 m
14
#51900
04
b1101 ?
b1101 c
b1101 C
#51950
b100 3
b100 Z
11
b1 2
b1 Y
b10011100 R
1/
b10000 K
b1000110010 h
b1011010 &
b1011010 T
b1011010 x
b1011010 !"
b1111001 (
b1111001 U
b1111001 y
b1111001 ~
b10001100 *
b10001100 V
b10001100 z
b10001100 }
b11000011 ,
b11000011 W
b11000011 {
b11000011 |
b1011010 i
b1011010 [
b1011010 %
b1011010 w
b1111001 j
b1111001 \
b1111001 '
b1111001 v
b10011100 k
b10011100 ]
b10011100 )
b10011100 u
b11000011 l
b11000011 ^
b11000011 +
b11000011 t
b1010 !
b1010 N
b1010 g
b1010 p
b1011 "
b1011 O
b1011 f
b1011 o
b1100 #
b1100 P
b1100 e
b1100 n
b1101 $
b1101 Q
b1101 d
b1101 m
14
#52000
04
b1110 ?
b1110 c
b1110 C
#52050
01
b0 2
b0 Y
b0 3
b0 Z
b0 R
0/
b0 K
b1001100010 h
b1100011 &
b1100011 T
b1100011 x
b1100011 !"
b10000100 (
b10000100 U
b10000100 y
b10000100 ~
b10101001 *
b10101001 V
b10101001 z
b10101001 }
b11010010 ,
b11010010 W
b11010010 {
b11010010 |
b1100011 i
b1100011 [
b1100011 %
b1100011 w
b10000100 j
b10000100 \
b10000100 '
b10000100 v
b10101001 k
b10101001 ]
b10101001 )
b10101001 u
b11010010 l
b11010010 ^
b11010010 +
b11010010 t
b1011 !
b1011 N
b1011 g
b1011 p
b1100 "
b1100 O
b1100 f
b1100 o
b1101 #
b1101 P
b1101 e
b1101 n
b1110 $
b1110 Q
b1110 d
b1110 m
14
#52100
04
b1111 ?
b1111 c
b1111 C
#52150
b100 3
b100 Z
11
b1 2
b1 Y
b10110110 R
1/
b10000 K
b1010010010 h
b1101100 &
b1101100 T
b1101100 x
b1101100 !"
b10001111 (
b10001111 U
b10001111 y
b10001111 ~
b10100110 *
b10100110 V
b10100110 z
b10100110 }
b11100001 ,
b11100001 W
b11100001 {
b11100001 |
b1101100 i
b1101100 [
b1101100 %
b1101100 w
b10001111 j
b10001111 \
b10001111 '
b10001111 v
b10110110 k
b10110110 ]
b10110110 )
b10110110 u
b11100001 l
b11100001 ^
b11100001 +
b11100001 t
b1100 !
b1100 N
b1100 g
b1100 p
b1101 "
b1101 O
b1101 f
b1101 o
b1110 #
b1110 P
b1110 e
b1110 n
b1111 $
b1111 Q
b1111 d
b1111 m
14
#52200
04
b10000 C
#52250
01
b0 2
b0 Y
b0 3
b0 Z
b0 R
b1010110011 h
0/
b0 K
b1110101 &
b1110101 T
b1110101 x
b1110101 !"
b10011010 (
b10011010 U
b10011010 y
b10011010 ~
b11000011 *
b11000011 V
b11000011 z
b11000011 }
b1110101 i
b1110101 [
b1110101 %
b1110101 w
b10011010 j
b10011010 \
b10011010 '
b10011010 v
b11000011 k
b11000011 ]
b11000011 )
b11000011 u
b1101 !
b1101 N
b1101 g
b1101 p
b1110 "
b1110 O
b1110 f
b1110 o
b1111 #
b1111 P
b1111 e
b1111 n
14
#52300
04
#52350
b1011000111 h
b1111110 &
b1111110 T
b1111110 x
b1111110 !"
b10100101 (
b10100101 U
b10100101 y
b10100101 ~
b1111110 i
b1111110 [
b1111110 %
b1111110 w
b10100101 j
b10100101 \
b10100101 '
b10100101 v
b1110 !
b1110 N
b1110 g
b1110 p
b1111 "
b1111 O
b1111 f
b1111 o
14
#52400
04
#52450
b1011010000 h
b10000111 &
b10000111 T
b10000111 x
b10000111 !"
b10000111 i
b10000111 [
b10000111 %
b10000111 w
b1111 !
b1111 N
b1111 g
b1111 p
14
#52500
04
#52550
14
#52600
1X
b100 3
b100 Z
11
b1 2
b1 Y
b11000011 R
1S
1/
b10000 K
b11010011 *
b11010011 V
b11010011 z
b11010011 }
04
b0 ?
b0 c
1>
0=
07
b10 $"
b10 8
b10 s
b11001 E
b11001 A
b11001 B
#52650
b0 R
b0 h
b0 &
b0 T
b0 x
b0 !"
b0 (
b0 U
b0 y
b0 ~
b10000 *
b10000 V
b10000 z
b10000 }
b0 ,
b0 W
b0 {
b0 |
b0 i
b0 [
b0 %
b0 w
b0 j
b0 \
b0 '
b0 v
b0 k
b0 ]
b0 )
b0 u
b0 l
b0 ^
b0 +
b0 t
b0 !
b0 N
b0 g
b0 p
b0 "
b0 O
b0 f
b0 o
b0 #
b0 P
b0 e
b0 n
b0 $
b0 Q
b0 d
b0 m
14
#52700
04
b0 C
0>
#52750
14
#52800
04
b1 ?
b1 c
b1 C
1=
17
#52850
b1111 h
b10000 *
b10000 V
b10000 z
b10000 }
b1111 ,
b1111 W
b1111 {
b1111 |
b1111 l
b1111 ^
b1111 +
b1111 t
b1 $
b1 Q
b1 d
b1 m
14
#52900
04
b10 ?
b10 c
b10 C
#52950
b1101 R
b101011 h
b11101 *
b11101 V
b11101 z
b11101 }
b11110 ,
b11110 W
b11110 {
b11110 |
b1101 k
b1101 ]
b1101 )
b1101 u
b11110 l
b11110 ^
b11110 +
b11110 t
b1 #
b1 P
b1 e
b1 n
b10 $
b10 Q
b10 d
b10 m
14
#53000
04
b11 ?
b11 c
b11 C
#53050
0X
01
b0 2
b0 Y
b0 3
b0 Z
0S
b0 R
0/
b0 K
b1010010 h
b1011 (
b1011 U
b1011 y
b1011 ~
b11010 *
b11010 V
b11010 z
b11010 }
b101101 ,
b101101 W
b101101 {
b101101 |
b1011 j
b1011 \
b1011 '
b1011 v
b11010 k
b11010 ]
b11010 )
b11010 u
b101101 l
b101101 ^
b101101 +
b101101 t
b1 "
b1 O
b1 f
b1 o
b10 #
b10 P
b10 e
b10 n
b11 $
b11 Q
b11 d
b11 m
14
#53100
04
b100 ?
b100 c
b100 C
#53150
1X
b100 3
b100 Z
11
b1 2
b1 Y
b100111 R
1S
1/
b10000 K
b10000010 h
b1001 &
b1001 T
b1001 x
b1001 !"
b10110 (
b10110 U
b10110 y
b10110 ~
b110111 *
b110111 V
b110111 z
b110111 }
b111100 ,
b111100 W
b111100 {
b111100 |
b1001 i
b1001 [
b1001 %
b1001 w
b10110 j
b10110 \
b10110 '
b10110 v
b100111 k
b100111 ]
b100111 )
b100111 u
b111100 l
b111100 ^
b111100 +
b111100 t
b1 !
b1 N
b1 g
b1 p
b10 "
b10 O
b10 f
b10 o
b11 #
b11 P
b11 e
b11 n
b100 $
b100 Q
b100 d
b100 m
14
#53200
04
b101 ?
b101 c
b101 C
#53250
0X
01
b0 2
b0 Y
b0 3
b0 Z
0S
b0 R
0/
b0 K
b10110010 h
b10010 &
b10010 T
b10010 x
b10010 !"
b100001 (
b100001 U
b100001 y
b100001 ~
b110100 *
b110100 V
b110100 z
b110100 }
b1001011 ,
b1001011 W
b1001011 {
b1001011 |
b10010 i
b10010 [
b10010 %
b10010 w
b100001 j
b100001 \
b100001 '
b100001 v
b110100 k
b110100 ]
b110100 )
b110100 u
b1001011 l
b1001011 ^
b1001011 +
b1001011 t
b10 !
b10 N
b10 g
b10 p
b11 "
b11 O
b11 f
b11 o
b100 #
b100 P
b100 e
b100 n
b101 $
b101 Q
b101 d
b101 m
14
#53300
04
b110 ?
b110 c
b110 C
#53350
1X
b100 3
b100 Z
11
b1 2
b1 Y
b1000001 R
1S
1/
b10000 K
b11100010 h
b11011 &
b11011 T
b11011 x
b11011 !"
b101100 (
b101100 U
b101100 y
b101100 ~
b1010001 *
b1010001 V
b1010001 z
b1010001 }
b1011010 ,
b1011010 W
b1011010 {
b1011010 |
b11011 i
b11011 [
b11011 %
b11011 w
b101100 j
b101100 \
b101100 '
b101100 v
b1000001 k
b1000001 ]
b1000001 )
b1000001 u
b1011010 l
b1011010 ^
b1011010 +
b1011010 t
b11 !
b11 N
b11 g
b11 p
b100 "
b100 O
b100 f
b100 o
b101 #
b101 P
b101 e
b101 n
b110 $
b110 Q
b110 d
b110 m
14
#53400
04
b111 ?
b111 c
b111 C
#53450
b1001110 R
b100010010 h
b100100 &
b100100 T
b100100 x
b100100 !"
b110111 (
b110111 U
b110111 y
b110111 ~
b1011110 *
b1011110 V
b1011110 z
b1011110 }
b1101001 ,
b1101001 W
b1101001 {
b1101001 |
b100100 i
b100100 [
b100100 %
b100100 w
b110111 j
b110111 \
b110111 '
b110111 v
b1001110 k
b1001110 ]
b1001110 )
b1001110 u
b1101001 l
b1101001 ^
b1101001 +
b1101001 t
b100 !
b100 N
b100 g
b100 p
b101 "
b101 O
b101 f
b101 o
b110 #
b110 P
b110 e
b110 n
b111 $
b111 Q
b111 d
b111 m
14
#53500
04
b1000 ?
b1000 c
b1000 C
#53550
0X
01
b0 2
b0 Y
b0 3
b0 Z
0S
b0 R
0/
b0 K
b101000010 h
b101101 &
b101101 T
b101101 x
b101101 !"
b1000010 (
b1000010 U
b1000010 y
b1000010 ~
b1011011 *
b1011011 V
b1011011 z
b1011011 }
b1111000 ,
b1111000 W
b1111000 {
b1111000 |
b101101 i
b101101 [
b101101 %
b101101 w
b1000010 j
b1000010 \
b1000010 '
b1000010 v
b1011011 k
b1011011 ]
b1011011 )
b1011011 u
b1111000 l
b1111000 ^
b1111000 +
b1111000 t
b101 !
b101 N
b101 g
b101 p
b110 "
b110 O
b110 f
b110 o
b111 #
b111 P
b111 e
b111 n
b1000 $
b1000 Q
b1000 d
b1000 m
14
#53600
04
b1001 ?
b1001 c
b1001 C
#53650
1X
1S
b100 3
b100 Z
11
b1 2
b1 Y
b1101000 R
1/
b10000 K
b101110010 h
b110110 &
b110110 T
b110110 x
b110110 !"
b1001101 (
b1001101 U
b1001101 y
b1001101 ~
b1111000 *
b1111000 V
b1111000 z
b1111000 }
b10000111 ,
b10000111 W
b10000111 {
b10000111 |
b110110 i
b110110 [
b110110 %
b110110 w
b1001101 j
b1001101 \
b1001101 '
b1001101 v
b1101000 k
b1101000 ]
b1101000 )
b1101000 u
b10000111 l
b10000111 ^
b10000111 +
b10000111 t
b110 !
b110 N
b110 g
b110 p
b111 "
b111 O
b111 f
b111 o
b1000 #
b1000 P
b1000 e
b1000 n
b1001 $
b1001 Q
b1001 d
b1001 m
14
#53700
04
b1010 ?
b1010 c
b1010 C
#53750
0X
01
b0 2
b0 Y
b0 3
b0 Z
0S
b0 R
0/
b0 K
b110100010 h
b111111 &
b111111 T
b111111 x
b111111 !"
b1011000 (
b1011000 U
b1011000 y
b1011000 ~
b1110101 *
b1110101 V
b1110101 z
b1110101 }
b10010110 ,
b10010110 W
b10010110 {
b10010110 |
b111111 i
b111111 [
b111111 %
b111111 w
b1011000 j
b1011000 \
b1011000 '
b1011000 v
b1110101 k
b1110101 ]
b1110101 )
b1110101 u
b10010110 l
b10010110 ^
b10010110 +
b10010110 t
b111 !
b111 N
b111 g
b111 p
b1000 "
b1000 O
b1000 f
b1000 o
b1001 #
b1001 P
b1001 e
b1001 n
b1010 $
b1010 Q
b1010 d
b1010 m
14
#53800
04
b1011 ?
b1011 c
b1011 C
#53850
1X
1S
b100 3
b100 Z
11
b1 2
b1 Y
b10000010 R
1/
b10000 K
b111010010 h
b1001000 &
b1001000 T
b1001000 x
b1001000 !"
b1100011 (
b1100011 U
b1100011 y
b1100011 ~
b10010010 *
b10010010 V
b10010010 z
b10010010 }
b10100101 ,
b10100101 W
b10100101 {
b10100101 |
b1001000 i
b1001000 [
b1001000 %
b1001000 w
b1100011 j
b1100011 \
b1100011 '
b1100011 v
b10000010 k
b10000010 ]
b10000010 )
b10000010 u
b10100101 l
b10100101 ^
b10100101 +
b10100101 t
b1000 !
b1000 N
b1000 g
b1000 p
b1001 "
b1001 O
b1001 f
b1001 o
b1010 #
b1010 P
b1010 e
b1010 n
b1011 $
b1011 Q
b1011 d
b1011 m
14
#53900
04
b1100 ?
b1100 c
b1100 C
#53950
b10001111 R
b1000000010 h
b1010001 &
b1010001 T
b1010001 x
b1010001 !"
b1101110 (
b1101110 U
b1101110 y
b1101110 ~
b10011111 *
b10011111 V
b10011111 z
b10011111 }
b10110100 ,
b10110100 W
b10110100 {
b10110100 |
b1010001 i
b1010001 [
b1010001 %
b1010001 w
b1101110 j
b1101110 \
b1101110 '
b1101110 v
b10001111 k
b10001111 ]
b10001111 )
b10001111 u
b10110100 l
b10110100 ^
b10110100 +
b10110100 t
b1001 !
b1001 N
b1001 g
b1001 p
b1010 "
b1010 O
b1010 f
b1010 o
b1011 #
b1011 P
b1011 e
b1011 n
b1100 $
b1100 Q
b1100 d
b1100 m
14
#54000
04
b1101 ?
b1101 c
b1101 C
#54050
0X
01
b0 2
b0 Y
b0 3
b0 Z
0S
b0 R
0/
b0 K
b1000110010 h
b1011010 &
b1011010 T
b1011010 x
b1011010 !"
b1111001 (
b1111001 U
b1111001 y
b1111001 ~
b10011100 *
b10011100 V
b10011100 z
b10011100 }
b11000011 ,
b11000011 W
b11000011 {
b11000011 |
b1011010 i
b1011010 [
b1011010 %
b1011010 w
b1111001 j
b1111001 \
b1111001 '
b1111001 v
b10011100 k
b10011100 ]
b10011100 )
b10011100 u
b11000011 l
b11000011 ^
b11000011 +
b11000011 t
b1010 !
b1010 N
b1010 g
b1010 p
b1011 "
b1011 O
b1011 f
b1011 o
b1100 #
b1100 P
b1100 e
b1100 n
b1101 $
b1101 Q
b1101 d
b1101 m
14
#54100
04
b1110 ?
b1110 c
b1110 C
#54150
1X
b100 3
b100 Z
11
b1 2
b1 Y
b10101001 R
1S
1/
b10000 K
b1001100010 h
b1100011 &
b1100011 T
b1100011 x
b1100011 !"
b10000100 (
b10000100 U
b10000100 y
b10000100 ~
b10111001 *
b10111001 V
b10111001 z
b10111001 }
b11010010 ,
b11010010 W
b11010010 {
b11010010 |
b1100011 i
b1100011 [
b1100011 %
b1100011 w
b10000100 j
b10000100 \
b10000100 '
b10000100 v
b10101001 k
b10101001 ]
b10101001 )
b10101001 u
b11010010 l
b11010010 ^
b11010010 +
b11010010 t
b1011 !
b1011 N
b1011 g
b1011 p
b1100 "
b1100 O
b1100 f
b1100 o
b1101 #
b1101 P
b1101 e
b1101 n
b1110 $
b1110 Q
b1110 d
b1110 m
14
#54200
04
b1111 ?
b1111 c
b1111 C
#54250
0X
01
b0 2
b0 Y
b0 3
b0 Z
0S
b0 R
0/
b0 K
b1010010010 h
b1101100 &
b1101100 T
b1101100 x
b1101100 !"
b10001111 (
b10001111 U
b10001111 y
b10001111 ~
b10110110 *
b10110110 V
b10110110 z
b10110110 }
b11100001 ,
b11100001 W
b11100001 {
b11100001 |
b1101100 i
b1101100 [
b1101100 %
b1101100 w
b10001111 j
b10001111 \
b10001111 '
b10001111 v
b10110110 k
b10110110 ]
b10110110 )
b10110110 u
b11100001 l
b11100001 ^
b11100001 +
b11100001 t
b1100 !
b1100 N
b1100 g
b1100 p
b1101 "
b1101 O
b1101 f
b1101 o
b1110 #
b1110 P
b1110 e
b1110 n
b1111 $
b1111 Q
b1111 d
b1111 m
14
#54300
04
b10000 C
#54350
1X
b100 3
b100 Z
11
b1 2
b1 Y
b11000011 R
1S
b1010110011 h
1/
b10000 K
b1110101 &
b1110101 T
b1110101 x
b1110101 !"
b10011010 (
b10011010 U
b10011010 y
b10011010 ~
b11010011 *
b11010011 V
b11010011 z
b11010011 }
b1110101 i
b1110101 [
b1110101 %
b1110101 w
b10011010 j
b10011010 \
b10011010 '
b10011010 v
b11000011 k
b11000011 ]
b11000011 )
b11000011 u
b1101 !
b1101 N
b1101 g
b1101 p
b1110 "
b1110 O
b1110 f
b1110 o
b1111 #
b1111 P
b1111 e
b1111 n
14
#54400
04
#54450
b1011000111 h
b1111110 &
b1111110 T
b1111110 x
b1111110 !"
b10100101 (
b10100101 U
b10100101 y
b10100101 ~
b11010011 *
b11010011 V
b11010011 z
b11010011 }
b1111110 i
b1111110 [
b1111110 %
b1111110 w
b10100101 j
b10100101 \
b10100101 '
b10100101 v
b1110 !
b1110 N
b1110 g
b1110 p
b1111 "
b1111 O
b1111 f
b1111 o
14
#54500
04
#54550
b1011010000 h
b10000111 &
b10000111 T
b10000111 x
b10000111 !"
b11010011 *
b11010011 V
b11010011 z
b11010011 }
b10000111 i
b10000111 [
b10000111 %
b10000111 w
b1111 !
b1111 N
b1111 g
b1111 p
14
#54600
04
#54650
14
#54700
0X
01
b0 2
b0 Y
b0 3
b0 Z
b0 R
0S
0/
b0 K
b11000011 *
b11000011 V
b11000011 z
b11000011 }
04
b0 ?
b0 c
1>
0=
07
b101 5
b101 q
b1 $"
b101 ""
b101 @
b1 8
b1 s
b11010 E
b11010 A
b11010 B
#54750
b0 h
b0 &
b0 T
b0 x
b0 !"
b0 (
b0 U
b0 y
b0 ~
b0 *
b0 V
b0 z
b0 }
b0 ,
b0 W
b0 {
b0 |
b0 i
b0 [
b0 %
b0 w
b0 j
b0 \
b0 '
b0 v
b0 k
b0 ]
b0 )
b0 u
b0 l
b0 ^
b0 +
b0 t
b0 !
b0 N
b0 g
b0 p
b0 "
b0 O
b0 f
b0 o
b0 #
b0 P
b0 e
b0 n
b0 $
b0 Q
b0 d
b0 m
14
#54800
04
b0 C
0>
#54850
14
#54900
04
b1 ?
b1 c
b1 C
#54950
b1111 h
b1111 ,
b1111 W
b1111 {
b1111 |
b1111 l
b1111 ^
b1111 +
b1111 t
b1 $
b1 Q
b1 d
b1 m
14
#55000
04
b10 ?
b10 c
b10 C
#55050
b101011 h
b1101 *
b1101 V
b1101 z
b1101 }
b11110 ,
b11110 W
b11110 {
b11110 |
b1101 k
b1101 ]
b1101 )
b1101 u
b11110 l
b11110 ^
b11110 +
b11110 t
b1 #
b1 P
b1 e
b1 n
b10 $
b10 Q
b10 d
b10 m
14
#55100
04
b11 ?
b11 c
b11 C
#55150
b1010010 h
b1011 (
b1011 U
b1011 y
b1011 ~
b11010 *
b11010 V
b11010 z
b11010 }
b101101 ,
b101101 W
b101101 {
b101101 |
b1011 j
b1011 \
b1011 '
b1011 v
b11010 k
b11010 ]
b11010 )
b11010 u
b101101 l
b101101 ^
b101101 +
b101101 t
b1 "
b1 O
b1 f
b1 o
b10 #
b10 P
b10 e
b10 n
b11 $
b11 Q
b11 d
b11 m
14
#55200
04
b100 ?
b100 c
b100 C
#55250
b101 3
b101 Z
11
b1 2
b1 Y
b100111 R
0S
1/
b100000 K
b10000010 h
b1001 &
b1001 T
b1001 x
b1001 !"
b10110 (
b10110 U
b10110 y
b10110 ~
b111 *
b111 V
b111 z
b111 }
b111100 ,
b111100 W
b111100 {
b111100 |
b1001 i
b1001 [
b1001 %
b1001 w
b10110 j
b10110 \
b10110 '
b10110 v
b100111 k
b100111 ]
b100111 )
b100111 u
b111100 l
b111100 ^
b111100 +
b111100 t
b1 !
b1 N
b1 g
b1 p
b10 "
b10 O
b10 f
b10 o
b11 #
b11 P
b11 e
b11 n
b100 $
b100 Q
b100 d
b100 m
14
#55300
04
b101 ?
b101 c
b101 C
1=
17
#55350
b110100 R
b10110010 h
b10010 &
b10010 T
b10010 x
b10010 !"
b100001 (
b100001 U
b100001 y
b100001 ~
b10100 *
b10100 V
b10100 z
b10100 }
b1001011 ,
b1001011 W
b1001011 {
b1001011 |
b10010 i
b10010 [
b10010 %
b10010 w
b100001 j
b100001 \
b100001 '
b100001 v
b110100 k
b110100 ]
b110100 )
b110100 u
b1001011 l
b1001011 ^
b1001011 +
b1001011 t
b10 !
b10 N
b10 g
b10 p
b11 "
b11 O
b11 f
b11 o
b100 #
b100 P
b100 e
b100 n
b101 $
b101 Q
b101 d
b101 m
14
#55400
04
b110 ?
b110 c
b110 C
#55450
01
b0 2
b0 Y
b0 3
b0 Z
b0 R
0/
b0 K
b11100010 h
b11011 &
b11011 T
b11011 x
b11011 !"
b101100 (
b101100 U
b101100 y
b101100 ~
b1000001 *
b1000001 V
b1000001 z
b1000001 }
b1011010 ,
b1011010 W
b1011010 {
b1011010 |
b11011 i
b11011 [
b11011 %
b11011 w
b101100 j
b101100 \
b101100 '
b101100 v
b1000001 k
b1000001 ]
b1000001 )
b1000001 u
b1011010 l
b1011010 ^
b1011010 +
b1011010 t
b11 !
b11 N
b11 g
b11 p
b100 "
b100 O
b100 f
b100 o
b101 #
b101 P
b101 e
b101 n
b110 $
b110 Q
b110 d
b110 m
14
#55500
04
b111 ?
b111 c
b111 C
#55550
b100010010 h
b100100 &
b100100 T
b100100 x
b100100 !"
b110111 (
b110111 U
b110111 y
b110111 ~
b1001110 *
b1001110 V
b1001110 z
b1001110 }
b1101001 ,
b1101001 W
b1101001 {
b1101001 |
b100100 i
b100100 [
b100100 %
b100100 w
b110111 j
b110111 \
b110111 '
b110111 v
b1001110 k
b1001110 ]
b1001110 )
b1001110 u
b1101001 l
b1101001 ^
b1101001 +
b1101001 t
b100 !
b100 N
b100 g
b100 p
b101 "
b101 O
b101 f
b101 o
b110 #
b110 P
b110 e
b110 n
b111 $
b111 Q
b111 d
b111 m
14
#55600
04
b1000 ?
b1000 c
b1000 C
#55650
b101000010 h
b101101 &
b101101 T
b101101 x
b101101 !"
b1000010 (
b1000010 U
b1000010 y
b1000010 ~
b1011011 *
b1011011 V
b1011011 z
b1011011 }
b1111000 ,
b1111000 W
b1111000 {
b1111000 |
b101101 i
b101101 [
b101101 %
b101101 w
b1000010 j
b1000010 \
b1000010 '
b1000010 v
b1011011 k
b1011011 ]
b1011011 )
b1011011 u
b1111000 l
b1111000 ^
b1111000 +
b1111000 t
b101 !
b101 N
b101 g
b101 p
b110 "
b110 O
b110 f
b110 o
b111 #
b111 P
b111 e
b111 n
b1000 $
b1000 Q
b1000 d
b1000 m
14
#55700
04
b1001 ?
b1001 c
b1001 C
#55750
b101 3
b101 Z
11
b1 2
b1 Y
b1101000 R
1/
b100000 K
b101110010 h
b110110 &
b110110 T
b110110 x
b110110 !"
b1001101 (
b1001101 U
b1001101 y
b1001101 ~
b1001000 *
b1001000 V
b1001000 z
b1001000 }
b10000111 ,
b10000111 W
b10000111 {
b10000111 |
b110110 i
b110110 [
b110110 %
b110110 w
b1001101 j
b1001101 \
b1001101 '
b1001101 v
b1101000 k
b1101000 ]
b1101000 )
b1101000 u
b10000111 l
b10000111 ^
b10000111 +
b10000111 t
b110 !
b110 N
b110 g
b110 p
b111 "
b111 O
b111 f
b111 o
b1000 #
b1000 P
b1000 e
b1000 n
b1001 $
b1001 Q
b1001 d
b1001 m
14
#55800
04
b1010 ?
b1010 c
b1010 C
#55850
b1110101 R
b110100010 h
b111111 &
b111111 T
b111111 x
b111111 !"
b1011000 (
b1011000 U
b1011000 y
b1011000 ~
b1010101 *
b1010101 V
b1010101 z
b1010101 }
b10010110 ,
b10010110 W
b10010110 {
b10010110 |
b111111 i
b111111 [
b111111 %
b111111 w
b1011000 j
b1011000 \
b1011000 '
b1011000 v
b1110101 k
b1110101 ]
b1110101 )
b1110101 u
b10010110 l
b10010110 ^
b10010110 +
b10010110 t
b111 !
b111 N
b111 g
b111 p
b1000 "
b1000 O
b1000 f
b1000 o
b1001 #
b1001 P
b1001 e
b1001 n
b1010 $
b1010 Q
b1010 d
b1010 m
14
#55900
04
b1011 ?
b1011 c
b1011 C
#55950
01
b0 2
b0 Y
b0 3
b0 Z
b0 R
0/
b0 K
b111010010 h
b1001000 &
b1001000 T
b1001000 x
b1001000 !"
b1100011 (
b1100011 U
b1100011 y
b1100011 ~
b10000010 *
b10000010 V
b10000010 z
b10000010 }
b10100101 ,
b10100101 W
b10100101 {
b10100101 |
b1001000 i
b1001000 [
b1001000 %
b1001000 w
b1100011 j
b1100011 \
b1100011 '
b1100011 v
b10000010 k
b10000010 ]
b10000010 )
b10000010 u
b10100101 l
b10100101 ^
b10100101 +
b10100101 t
b1000 !
b1000 N
b1000 g
b1000 p
b1001 "
b1001 O
b1001 f
b1001 o
b1010 #
b1010 P
b1010 e
b1010 n
b1011 $
b1011 Q
b1011 d
b1011 m
14
#56000
04
b1100 ?
b1100 c
b1100 C
#56050
b1000000010 h
b1010001 &
b1010001 T
b1010001 x
b1010001 !"
b1101110 (
b1101110 U
b1101110 y
b1101110 ~
b10001111 *
b10001111 V
b10001111 z
b10001111 }
b10110100 ,
b10110100 W
b10110100 {
b10110100 |
b1010001 i
b1010001 [
b1010001 %
b1010001 w
b1101110 j
b1101110 \
b1101110 '
b1101110 v
b10001111 k
b10001111 ]
b10001111 )
b10001111 u
b10110100 l
b10110100 ^
b10110100 +
b10110100 t
b1001 !
b1001 N
b1001 g
b1001 p
b1010 "
b1010 O
b1010 f
b1010 o
b1011 #
b1011 P
b1011 e
b1011 n
b1100 $
b1100 Q
b1100 d
b1100 m
14
#56100
04
b1101 ?
b1101 c
b1101 C
#56150
b1000110010 h
b1011010 &
b1011010 T
b1011010 x
b1011010 !"
b1111001 (
b1111001 U
b1111001 y
b1111001 ~
b10011100 *
b10011100 V
b10011100 z
b10011100 }
b11000011 ,
b11000011 W
b11000011 {
b11000011 |
b1011010 i
b1011010 [
b1011010 %
b1011010 w
b1111001 j
b1111001 \
b1111001 '
b1111001 v
b10011100 k
b10011100 ]
b10011100 )
b10011100 u
b11000011 l
b11000011 ^
b11000011 +
b11000011 t
b1010 !
b1010 N
b1010 g
b1010 p
b1011 "
b1011 O
b1011 f
b1011 o
b1100 #
b1100 P
b1100 e
b1100 n
b1101 $
b1101 Q
b1101 d
b1101 m
14
#56200
04
b1110 ?
b1110 c
b1110 C
#56250
b101 3
b101 Z
11
b1 2
b1 Y
b10101001 R
0S
1/
b100000 K
b1001100010 h
b1100011 &
b1100011 T
b1100011 x
b1100011 !"
b10000100 (
b10000100 U
b10000100 y
b10000100 ~
b10001001 *
b10001001 V
b10001001 z
b10001001 }
b11010010 ,
b11010010 W
b11010010 {
b11010010 |
b1100011 i
b1100011 [
b1100011 %
b1100011 w
b10000100 j
b10000100 \
b10000100 '
b10000100 v
b10101001 k
b10101001 ]
b10101001 )
b10101001 u
b11010010 l
b11010010 ^
b11010010 +
b11010010 t
b1011 !
b1011 N
b1011 g
b1011 p
b1100 "
b1100 O
b1100 f
b1100 o
b1101 #
b1101 P
b1101 e
b1101 n
b1110 $
b1110 Q
b1110 d
b1110 m
14
#56300
04
b1111 ?
b1111 c
b1111 C
#56350
b10110110 R
b1010010010 h
b1101100 &
b1101100 T
b1101100 x
b1101100 !"
b10001111 (
b10001111 U
b10001111 y
b10001111 ~
b10010110 *
b10010110 V
b10010110 z
b10010110 }
b11100001 ,
b11100001 W
b11100001 {
b11100001 |
b1101100 i
b1101100 [
b1101100 %
b1101100 w
b10001111 j
b10001111 \
b10001111 '
b10001111 v
b10110110 k
b10110110 ]
b10110110 )
b10110110 u
b11100001 l
b11100001 ^
b11100001 +
b11100001 t
b1100 !
b1100 N
b1100 g
b1100 p
b1101 "
b1101 O
b1101 f
b1101 o
b1110 #
b1110 P
b1110 e
b1110 n
b1111 $
b1111 Q
b1111 d
b1111 m
14
#56400
04
b10000 C
#56450
01
b0 2
b0 Y
b0 3
b0 Z
b0 R
b1010110011 h
0/
b0 K
b1110101 &
b1110101 T
b1110101 x
b1110101 !"
b10011010 (
b10011010 U
b10011010 y
b10011010 ~
b11000011 *
b11000011 V
b11000011 z
b11000011 }
b1110101 i
b1110101 [
b1110101 %
b1110101 w
b10011010 j
b10011010 \
b10011010 '
b10011010 v
b11000011 k
b11000011 ]
b11000011 )
b11000011 u
b1101 !
b1101 N
b1101 g
b1101 p
b1110 "
b1110 O
b1110 f
b1110 o
b1111 #
b1111 P
b1111 e
b1111 n
14
#56500
04
#56550
b1011000111 h
b1111110 &
b1111110 T
b1111110 x
b1111110 !"
b10100101 (
b10100101 U
b10100101 y
b10100101 ~
b1111110 i
b1111110 [
b1111110 %
b1111110 w
b10100101 j
b10100101 \
b10100101 '
b10100101 v
b1110 !
b1110 N
b1110 g
b1110 p
b1111 "
b1111 O
b1111 f
b1111 o
14
#56600
04
#56650
b1011010000 h
b10000111 &
b10000111 T
b10000111 x
b10000111 !"
b10000111 i
b10000111 [
b10000111 %
b10000111 w
b1111 !
b1111 N
b1111 g
b1111 p
14
#56700
04
#56750
14
#56800
1X
b101 3
b101 Z
11
b1 2
b1 Y
b11000011 R
1S
1/
b100000 K
b11100011 *
b11100011 V
b11100011 z
b11100011 }
04
b0 ?
b0 c
1>
0=
07
b10 $"
b10 8
b10 s
b11011 E
b11011 A
b11011 B
#56850
b0 R
b0 h
b0 &
b0 T
b0 x
b0 !"
b0 (
b0 U
b0 y
b0 ~
b100000 *
b100000 V
b100000 z
b100000 }
b0 ,
b0 W
b0 {
b0 |
b0 i
b0 [
b0 %
b0 w
b0 j
b0 \
b0 '
b0 v
b0 k
b0 ]
b0 )
b0 u
b0 l
b0 ^
b0 +
b0 t
b0 !
b0 N
b0 g
b0 p
b0 "
b0 O
b0 f
b0 o
b0 #
b0 P
b0 e
b0 n
b0 $
b0 Q
b0 d
b0 m
14
#56900
04
b0 C
0>
#56950
14
#57000
04
b1 ?
b1 c
b1 C
1=
17
#57050
b1111 h
b100000 *
b100000 V
b100000 z
b100000 }
b1111 ,
b1111 W
b1111 {
b1111 |
b1111 l
b1111 ^
b1111 +
b1111 t
b1 $
b1 Q
b1 d
b1 m
14
#57100
04
b10 ?
b10 c
b10 C
#57150
b1101 R
b101011 h
b101101 *
b101101 V
b101101 z
b101101 }
b11110 ,
b11110 W
b11110 {
b11110 |
b1101 k
b1101 ]
b1101 )
b1101 u
b11110 l
b11110 ^
b11110 +
b11110 t
b1 #
b1 P
b1 e
b1 n
b10 $
b10 Q
b10 d
b10 m
14
#57200
04
b11 ?
b11 c
b11 C
#57250
b11010 R
b1010010 h
b1011 (
b1011 U
b1011 y
b1011 ~
b111010 *
b111010 V
b111010 z
b111010 }
b101101 ,
b101101 W
b101101 {
b101101 |
b1011 j
b1011 \
b1011 '
b1011 v
b11010 k
b11010 ]
b11010 )
b11010 u
b101101 l
b101101 ^
b101101 +
b101101 t
b1 "
b1 O
b1 f
b1 o
b10 #
b10 P
b10 e
b10 n
b11 $
b11 Q
b11 d
b11 m
14
#57300
04
b100 ?
b100 c
b100 C
#57350
0X
01
b0 2
b0 Y
b0 3
b0 Z
0S
b0 R
0/
b0 K
b10000010 h
b1001 &
b1001 T
b1001 x
b1001 !"
b10110 (
b10110 U
b10110 y
b10110 ~
b100111 *
b100111 V
b100111 z
b100111 }
b111100 ,
b111100 W
b111100 {
b111100 |
b1001 i
b1001 [
b1001 %
b1001 w
b10110 j
b10110 \
b10110 '
b10110 v
b100111 k
b100111 ]
b100111 )
b100111 u
b111100 l
b111100 ^
b111100 +
b111100 t
b1 !
b1 N
b1 g
b1 p
b10 "
b10 O
b10 f
b10 o
b11 #
b11 P
b11 e
b11 n
b100 $
b100 Q
b100 d
b100 m
14
#57400
04
b101 ?
b101 c
b101 C
#57450
b10110010 h
b10010 &
b10010 T
b10010 x
b10010 !"
b100001 (
b100001 U
b100001 y
b100001 ~
b110100 *
b110100 V
b110100 z
b110100 }
b1001011 ,
b1001011 W
b1001011 {
b1001011 |
b10010 i
b10010 [
b10010 %
b10010 w
b100001 j
b100001 \
b100001 '
b100001 v
b110100 k
b110100 ]
b110100 )
b110100 u
b1001011 l
b1001011 ^
b1001011 +
b1001011 t
b10 !
b10 N
b10 g
b10 p
b11 "
b11 O
b11 f
b11 o
b100 #
b100 P
b100 e
b100 n
b101 $
b101 Q
b101 d
b101 m
14
#57500
04
b110 ?
b110 c
b110 C
#57550
1X
b101 3
b101 Z
11
b1 2
b1 Y
b1000001 R
1S
1/
b100000 K
b11100010 h
b11011 &
b11011 T
b11011 x
b11011 !"
b101100 (
b101100 U
b101100 y
b101100 ~
b1100001 *
b1100001 V
b1100001 z
b1100001 }
b1011010 ,
b1011010 W
b1011010 {
b1011010 |
b11011 i
b11011 [
b11011 %
b11011 w
b101100 j
b101100 \
b101100 '
b101100 v
b1000001 k
b1000001 ]
b1000001 )
b1000001 u
b1011010 l
b1011010 ^
b1011010 +
b1011010 t
b11 !
b11 N
b11 g
b11 p
b100 "
b100 O
b100 f
b100 o
b101 #
b101 P
b101 e
b101 n
b110 $
b110 Q
b110 d
b110 m
14
#57600
04
b111 ?
b111 c
b111 C
#57650
b1001110 R
b100010010 h
b100100 &
b100100 T
b100100 x
b100100 !"
b110111 (
b110111 U
b110111 y
b110111 ~
b1101110 *
b1101110 V
b1101110 z
b1101110 }
b1101001 ,
b1101001 W
b1101001 {
b1101001 |
b100100 i
b100100 [
b100100 %
b100100 w
b110111 j
b110111 \
b110111 '
b110111 v
b1001110 k
b1001110 ]
b1001110 )
b1001110 u
b1101001 l
b1101001 ^
b1101001 +
b1101001 t
b100 !
b100 N
b100 g
b100 p
b101 "
b101 O
b101 f
b101 o
b110 #
b110 P
b110 e
b110 n
b111 $
b111 Q
b111 d
b111 m
14
#57700
04
b1000 ?
b1000 c
b1000 C
#57750
b1011011 R
b101000010 h
b101101 &
b101101 T
b101101 x
b101101 !"
b1000010 (
b1000010 U
b1000010 y
b1000010 ~
b1111011 *
b1111011 V
b1111011 z
b1111011 }
b1111000 ,
b1111000 W
b1111000 {
b1111000 |
b101101 i
b101101 [
b101101 %
b101101 w
b1000010 j
b1000010 \
b1000010 '
b1000010 v
b1011011 k
b1011011 ]
b1011011 )
b1011011 u
b1111000 l
b1111000 ^
b1111000 +
b1111000 t
b101 !
b101 N
b101 g
b101 p
b110 "
b110 O
b110 f
b110 o
b111 #
b111 P
b111 e
b111 n
b1000 $
b1000 Q
b1000 d
b1000 m
14
#57800
04
b1001 ?
b1001 c
b1001 C
#57850
0X
01
b0 2
b0 Y
b0 3
b0 Z
0S
b0 R
0/
b0 K
b101110010 h
b110110 &
b110110 T
b110110 x
b110110 !"
b1001101 (
b1001101 U
b1001101 y
b1001101 ~
b1101000 *
b1101000 V
b1101000 z
b1101000 }
b10000111 ,
b10000111 W
b10000111 {
b10000111 |
b110110 i
b110110 [
b110110 %
b110110 w
b1001101 j
b1001101 \
b1001101 '
b1001101 v
b1101000 k
b1101000 ]
b1101000 )
b1101000 u
b10000111 l
b10000111 ^
b10000111 +
b10000111 t
b110 !
b110 N
b110 g
b110 p
b111 "
b111 O
b111 f
b111 o
b1000 #
b1000 P
b1000 e
b1000 n
b1001 $
b1001 Q
b1001 d
b1001 m
14
#57900
04
b1010 ?
b1010 c
b1010 C
#57950
b110100010 h
b111111 &
b111111 T
b111111 x
b111111 !"
b1011000 (
b1011000 U
b1011000 y
b1011000 ~
b1110101 *
b1110101 V
b1110101 z
b1110101 }
b10010110 ,
b10010110 W
b10010110 {
b10010110 |
b111111 i
b111111 [
b111111 %
b111111 w
b1011000 j
b1011000 \
b1011000 '
b1011000 v
b1110101 k
b1110101 ]
b1110101 )
b1110101 u
b10010110 l
b10010110 ^
b10010110 +
b10010110 t
b111 !
b111 N
b111 g
b111 p
b1000 "
b1000 O
b1000 f
b1000 o
b1001 #
b1001 P
b1001 e
b1001 n
b1010 $
b1010 Q
b1010 d
b1010 m
14
#58000
04
b1011 ?
b1011 c
b1011 C
#58050
1X
1S
b101 3
b101 Z
11
b1 2
b1 Y
b10000010 R
1/
b100000 K
b111010010 h
b1001000 &
b1001000 T
b1001000 x
b1001000 !"
b1100011 (
b1100011 U
b1100011 y
b1100011 ~
b10100010 *
b10100010 V
b10100010 z
b10100010 }
b10100101 ,
b10100101 W
b10100101 {
b10100101 |
b1001000 i
b1001000 [
b1001000 %
b1001000 w
b1100011 j
b1100011 \
b1100011 '
b1100011 v
b10000010 k
b10000010 ]
b10000010 )
b10000010 u
b10100101 l
b10100101 ^
b10100101 +
b10100101 t
b1000 !
b1000 N
b1000 g
b1000 p
b1001 "
b1001 O
b1001 f
b1001 o
b1010 #
b1010 P
b1010 e
b1010 n
b1011 $
b1011 Q
b1011 d
b1011 m
14
#58100
04
b1100 ?
b1100 c
b1100 C
#58150
b10001111 R
b1000000010 h
b1010001 &
b1010001 T
b1010001 x
b1010001 !"
b1101110 (
b1101110 U
b1101110 y
b1101110 ~
b10101111 *
b10101111 V
b10101111 z
b10101111 }
b10110100 ,
b10110100 W
b10110100 {
b10110100 |
b1010001 i
b1010001 [
b1010001 %
b1010001 w
b1101110 j
b1101110 \
b1101110 '
b1101110 v
b10001111 k
b10001111 ]
b10001111 )
b10001111 u
b10110100 l
b10110100 ^
b10110100 +
b10110100 t
b1001 !
b1001 N
b1001 g
b1001 p
b1010 "
b1010 O
b1010 f
b1010 o
b1011 #
b1011 P
b1011 e
b1011 n
b1100 $
b1100 Q
b1100 d
b1100 m
14
#58200
04
b1101 ?
b1101 c
b1101 C
#58250
b10011100 R
b1000110010 h
b1011010 &
b1011010 T
b1011010 x
b1011010 !"
b1111001 (
b1111001 U
b1111001 y
b1111001 ~
b10111100 *
b10111100 V
b10111100 z
b10111100 }
b11000011 ,
b11000011 W
b11000011 {
b11000011 |
b1011010 i
b1011010 [
b1011010 %
b1011010 w
b1111001 j
b1111001 \
b1111001 '
b1111001 v
b10011100 k
b10011100 ]
b10011100 )
b10011100 u
b11000011 l
b11000011 ^
b11000011 +
b11000011 t
b1010 !
b1010 N
b1010 g
b1010 p
b1011 "
b1011 O
b1011 f
b1011 o
b1100 #
b1100 P
b1100 e
b1100 n
b1101 $
b1101 Q
b1101 d
b1101 m
14
#58300
04
b1110 ?
b1110 c
b1110 C
#58350
0X
01
b0 2
b0 Y
b0 3
b0 Z
0S
b0 R
0/
b0 K
b1001100010 h
b1100011 &
b1100011 T
b1100011 x
b1100011 !"
b10000100 (
b10000100 U
b10000100 y
b10000100 ~
b10101001 *
b10101001 V
b10101001 z
b10101001 }
b11010010 ,
b11010010 W
b11010010 {
b11010010 |
b1100011 i
b1100011 [
b1100011 %
b1100011 w
b10000100 j
b10000100 \
b10000100 '
b10000100 v
b10101001 k
b10101001 ]
b10101001 )
b10101001 u
b11010010 l
b11010010 ^
b11010010 +
b11010010 t
b1011 !
b1011 N
b1011 g
b1011 p
b1100 "
b1100 O
b1100 f
b1100 o
b1101 #
b1101 P
b1101 e
b1101 n
b1110 $
b1110 Q
b1110 d
b1110 m
14
#58400
04
b1111 ?
b1111 c
b1111 C
#58450
b1010010010 h
b1101100 &
b1101100 T
b1101100 x
b1101100 !"
b10001111 (
b10001111 U
b10001111 y
b10001111 ~
b10110110 *
b10110110 V
b10110110 z
b10110110 }
b11100001 ,
b11100001 W
b11100001 {
b11100001 |
b1101100 i
b1101100 [
b1101100 %
b1101100 w
b10001111 j
b10001111 \
b10001111 '
b10001111 v
b10110110 k
b10110110 ]
b10110110 )
b10110110 u
b11100001 l
b11100001 ^
b11100001 +
b11100001 t
b1100 !
b1100 N
b1100 g
b1100 p
b1101 "
b1101 O
b1101 f
b1101 o
b1110 #
b1110 P
b1110 e
b1110 n
b1111 $
b1111 Q
b1111 d
b1111 m
14
#58500
04
b10000 C
#58550
1X
b101 3
b101 Z
11
b1 2
b1 Y
b11000011 R
1S
b1010110011 h
1/
b100000 K
b1110101 &
b1110101 T
b1110101 x
b1110101 !"
b10011010 (
b10011010 U
b10011010 y
b10011010 ~
b11100011 *
b11100011 V
b11100011 z
b11100011 }
b1110101 i
b1110101 [
b1110101 %
b1110101 w
b10011010 j
b10011010 \
b10011010 '
b10011010 v
b11000011 k
b11000011 ]
b11000011 )
b11000011 u
b1101 !
b1101 N
b1101 g
b1101 p
b1110 "
b1110 O
b1110 f
b1110 o
b1111 #
b1111 P
b1111 e
b1111 n
14
#58600
04
#58650
b1011000111 h
b1111110 &
b1111110 T
b1111110 x
b1111110 !"
b10100101 (
b10100101 U
b10100101 y
b10100101 ~
b11100011 *
b11100011 V
b11100011 z
b11100011 }
b1111110 i
b1111110 [
b1111110 %
b1111110 w
b10100101 j
b10100101 \
b10100101 '
b10100101 v
b1110 !
b1110 N
b1110 g
b1110 p
b1111 "
b1111 O
b1111 f
b1111 o
14
#58700
04
#58750
b1011010000 h
b10000111 &
b10000111 T
b10000111 x
b10000111 !"
b11100011 *
b11100011 V
b11100011 z
b11100011 }
b10000111 i
b10000111 [
b10000111 %
b10000111 w
b1111 !
b1111 N
b1111 g
b1111 p
14
#58800
04
#58850
14
#58900
b110 3
b110 Z
0X
0S
b1000000 K
b10000011 *
b10000011 V
b10000011 z
b10000011 }
04
b0 ?
b0 c
1>
0=
07
b110 5
b110 q
b1 $"
b110 ""
b110 @
b1 8
b1 s
b11100 E
b11100 A
b11100 B
#58950
01
b0 2
b0 Y
b0 3
b0 Z
b0 R
0/
b0 K
b0 h
b0 &
b0 T
b0 x
b0 !"
b0 (
b0 U
b0 y
b0 ~
b0 *
b0 V
b0 z
b0 }
b0 ,
b0 W
b0 {
b0 |
b0 i
b0 [
b0 %
b0 w
b0 j
b0 \
b0 '
b0 v
b0 k
b0 ]
b0 )
b0 u
b0 l
b0 ^
b0 +
b0 t
b0 !
b0 N
b0 g
b0 p
b0 "
b0 O
b0 f
b0 o
b0 #
b0 P
b0 e
b0 n
b0 $
b0 Q
b0 d
b0 m
14
#59000
04
b0 C
0>
#59050
14
#59100
04
b1 ?
b1 c
b1 C
#59150
b1111 h
b1111 ,
b1111 W
b1111 {
b1111 |
b1111 l
b1111 ^
b1111 +
b1111 t
b1 $
b1 Q
b1 d
b1 m
14
#59200
04
b10 ?
b10 c
b10 C
#59250
b101011 h
b1101 *
b1101 V
b1101 z
b1101 }
b11110 ,
b11110 W
b11110 {
b11110 |
b1101 k
b1101 ]
b1101 )
b1101 u
b11110 l
b11110 ^
b11110 +
b11110 t
b1 #
b1 P
b1 e
b1 n
b10 $
b10 Q
b10 d
b10 m
14
#59300
04
b11 ?
b11 c
b11 C
#59350
b1010010 h
b1011 (
b1011 U
b1011 y
b1011 ~
b11010 *
b11010 V
b11010 z
b11010 }
b101101 ,
b101101 W
b101101 {
b101101 |
b1011 j
b1011 \
b1011 '
b1011 v
b11010 k
b11010 ]
b11010 )
b11010 u
b101101 l
b101101 ^
b101101 +
b101101 t
b1 "
b1 O
b1 f
b1 o
b10 #
b10 P
b10 e
b10 n
b11 $
b11 Q
b11 d
b11 m
14
#59400
04
b100 ?
b100 c
b100 C
#59450
b10000010 h
b1001 &
b1001 T
b1001 x
b1001 !"
b10110 (
b10110 U
b10110 y
b10110 ~
b100111 *
b100111 V
b100111 z
b100111 }
b111100 ,
b111100 W
b111100 {
b111100 |
b1001 i
b1001 [
b1001 %
b1001 w
b10110 j
b10110 \
b10110 '
b10110 v
b100111 k
b100111 ]
b100111 )
b100111 u
b111100 l
b111100 ^
b111100 +
b111100 t
b1 !
b1 N
b1 g
b1 p
b10 "
b10 O
b10 f
b10 o
b11 #
b11 P
b11 e
b11 n
b100 $
b100 Q
b100 d
b100 m
14
#59500
04
b101 ?
b101 c
b101 C
#59550
b10110010 h
b10010 &
b10010 T
b10010 x
b10010 !"
b100001 (
b100001 U
b100001 y
b100001 ~
b110100 *
b110100 V
b110100 z
b110100 }
b1001011 ,
b1001011 W
b1001011 {
b1001011 |
b10010 i
b10010 [
b10010 %
b10010 w
b100001 j
b100001 \
b100001 '
b100001 v
b110100 k
b110100 ]
b110100 )
b110100 u
b1001011 l
b1001011 ^
b1001011 +
b1001011 t
b10 !
b10 N
b10 g
b10 p
b11 "
b11 O
b11 f
b11 o
b100 #
b100 P
b100 e
b100 n
b101 $
b101 Q
b101 d
b101 m
14
#59600
04
b110 ?
b110 c
b110 C
#59650
b110 3
b110 Z
11
b1 2
b1 Y
b1000001 R
0S
1/
b1000000 K
b11100010 h
b11011 &
b11011 T
b11011 x
b11011 !"
b101100 (
b101100 U
b101100 y
b101100 ~
b1 *
b1 V
b1 z
b1 }
b1011010 ,
b1011010 W
b1011010 {
b1011010 |
b11011 i
b11011 [
b11011 %
b11011 w
b101100 j
b101100 \
b101100 '
b101100 v
b1000001 k
b1000001 ]
b1000001 )
b1000001 u
b1011010 l
b1011010 ^
b1011010 +
b1011010 t
b11 !
b11 N
b11 g
b11 p
b100 "
b100 O
b100 f
b100 o
b101 #
b101 P
b101 e
b101 n
b110 $
b110 Q
b110 d
b110 m
14
#59700
04
b111 ?
b111 c
b111 C
1=
17
#59750
b1001110 R
b100010010 h
b100100 &
b100100 T
b100100 x
b100100 !"
b110111 (
b110111 U
b110111 y
b110111 ~
b1110 *
b1110 V
b1110 z
b1110 }
b1101001 ,
b1101001 W
b1101001 {
b1101001 |
b100100 i
b100100 [
b100100 %
b100100 w
b110111 j
b110111 \
b110111 '
b110111 v
b1001110 k
b1001110 ]
b1001110 )
b1001110 u
b1101001 l
b1101001 ^
b1101001 +
b1101001 t
b100 !
b100 N
b100 g
b100 p
b101 "
b101 O
b101 f
b101 o
b110 #
b110 P
b110 e
b110 n
b111 $
b111 Q
b111 d
b111 m
14
#59800
04
b1000 ?
b1000 c
b1000 C
#59850
b1011011 R
b101000010 h
b101101 &
b101101 T
b101101 x
b101101 !"
b1000010 (
b1000010 U
b1000010 y
b1000010 ~
b11011 *
b11011 V
b11011 z
b11011 }
b1111000 ,
b1111000 W
b1111000 {
b1111000 |
b101101 i
b101101 [
b101101 %
b101101 w
b1000010 j
b1000010 \
b1000010 '
b1000010 v
b1011011 k
b1011011 ]
b1011011 )
b1011011 u
b1111000 l
b1111000 ^
b1111000 +
b1111000 t
b101 !
b101 N
b101 g
b101 p
b110 "
b110 O
b110 f
b110 o
b111 #
b111 P
b111 e
b111 n
b1000 $
b1000 Q
b1000 d
b1000 m
14
#59900
04
b1001 ?
b1001 c
b1001 C
#59950
b1101000 R
b101110010 h
b110110 &
b110110 T
b110110 x
b110110 !"
b1001101 (
b1001101 U
b1001101 y
b1001101 ~
b101000 *
b101000 V
b101000 z
b101000 }
b10000111 ,
b10000111 W
b10000111 {
b10000111 |
b110110 i
b110110 [
b110110 %
b110110 w
b1001101 j
b1001101 \
b1001101 '
b1001101 v
b1101000 k
b1101000 ]
b1101000 )
b1101000 u
b10000111 l
b10000111 ^
b10000111 +
b10000111 t
b110 !
b110 N
b110 g
b110 p
b111 "
b111 O
b111 f
b111 o
b1000 #
b1000 P
b1000 e
b1000 n
b1001 $
b1001 Q
b1001 d
b1001 m
14
#60000
04
b1010 ?
b1010 c
b1010 C
#60050
b1110101 R
b110100010 h
b111111 &
b111111 T
b111111 x
b111111 !"
b1011000 (
b1011000 U
b1011000 y
b1011000 ~
b110101 *
b110101 V
b110101 z
b110101 }
b10010110 ,
b10010110 W
b10010110 {
b10010110 |
b111111 i
b111111 [
b111111 %
b111111 w
b1011000 j
b1011000 \
b1011000 '
b1011000 v
b1110101 k
b1110101 ]
b1110101 )
b1110101 u
b10010110 l
b10010110 ^
b10010110 +
b10010110 t
b111 !
b111 N
b111 g
b111 p
b1000 "
b1000 O
b1000 f
b1000 o
b1001 #
b1001 P
b1001 e
b1001 n
b1010 $
b1010 Q
b1010 d
b1010 m
14
#60100
04
b1011 ?
b1011 c
b1011 C
#60150
01
b0 2
b0 Y
b0 3
b0 Z
b0 R
0/
b0 K
b111010010 h
b1001000 &
b1001000 T
b1001000 x
b1001000 !"
b1100011 (
b1100011 U
b1100011 y
b1100011 ~
b10000010 *
b10000010 V
b10000010 z
b10000010 }
b10100101 ,
b10100101 W
b10100101 {
b10100101 |
b1001000 i
b1001000 [
b1001000 %
b1001000 w
b1100011 j
b1100011 \
b1100011 '
b1100011 v
b10000010 k
b10000010 ]
b10000010 )
b10000010 u
b10100101 l
b10100101 ^
b10100101 +
b10100101 t
b1000 !
b1000 N
b1000 g
b1000 p
b1001 "
b1001 O
b1001 f
b1001 o
b1010 #
b1010 P
b1010 e
b1010 n
b1011 $
b1011 Q
b1011 d
b1011 m
14
#60200
04
b1100 ?
b1100 c
b1100 C
#60250
b1000000010 h
b1010001 &
b1010001 T
b1010001 x
b1010001 !"
b1101110 (
b1101110 U
b1101110 y
b1101110 ~
b10001111 *
b10001111 V
b10001111 z
b10001111 }
b10110100 ,
b10110100 W
b10110100 {
b10110100 |
b1010001 i
b1010001 [
b1010001 %
b1010001 w
b1101110 j
b1101110 \
b1101110 '
b1101110 v
b10001111 k
b10001111 ]
b10001111 )
b10001111 u
b10110100 l
b10110100 ^
b10110100 +
b10110100 t
b1001 !
b1001 N
b1001 g
b1001 p
b1010 "
b1010 O
b1010 f
b1010 o
b1011 #
b1011 P
b1011 e
b1011 n
b1100 $
b1100 Q
b1100 d
b1100 m
14
#60300
04
b1101 ?
b1101 c
b1101 C
#60350
b1000110010 h
b1011010 &
b1011010 T
b1011010 x
b1011010 !"
b1111001 (
b1111001 U
b1111001 y
b1111001 ~
b10011100 *
b10011100 V
b10011100 z
b10011100 }
b11000011 ,
b11000011 W
b11000011 {
b11000011 |
b1011010 i
b1011010 [
b1011010 %
b1011010 w
b1111001 j
b1111001 \
b1111001 '
b1111001 v
b10011100 k
b10011100 ]
b10011100 )
b10011100 u
b11000011 l
b11000011 ^
b11000011 +
b11000011 t
b1010 !
b1010 N
b1010 g
b1010 p
b1011 "
b1011 O
b1011 f
b1011 o
b1100 #
b1100 P
b1100 e
b1100 n
b1101 $
b1101 Q
b1101 d
b1101 m
14
#60400
04
b1110 ?
b1110 c
b1110 C
#60450
b1001100010 h
b1100011 &
b1100011 T
b1100011 x
b1100011 !"
b10000100 (
b10000100 U
b10000100 y
b10000100 ~
b10101001 *
b10101001 V
b10101001 z
b10101001 }
b11010010 ,
b11010010 W
b11010010 {
b11010010 |
b1100011 i
b1100011 [
b1100011 %
b1100011 w
b10000100 j
b10000100 \
b10000100 '
b10000100 v
b10101001 k
b10101001 ]
b10101001 )
b10101001 u
b11010010 l
b11010010 ^
b11010010 +
b11010010 t
b1011 !
b1011 N
b1011 g
b1011 p
b1100 "
b1100 O
b1100 f
b1100 o
b1101 #
b1101 P
b1101 e
b1101 n
b1110 $
b1110 Q
b1110 d
b1110 m
14
#60500
04
b1111 ?
b1111 c
b1111 C
#60550
b1010010010 h
b1101100 &
b1101100 T
b1101100 x
b1101100 !"
b10001111 (
b10001111 U
b10001111 y
b10001111 ~
b10110110 *
b10110110 V
b10110110 z
b10110110 }
b11100001 ,
b11100001 W
b11100001 {
b11100001 |
b1101100 i
b1101100 [
b1101100 %
b1101100 w
b10001111 j
b10001111 \
b10001111 '
b10001111 v
b10110110 k
b10110110 ]
b10110110 )
b10110110 u
b11100001 l
b11100001 ^
b11100001 +
b11100001 t
b1100 !
b1100 N
b1100 g
b1100 p
b1101 "
b1101 O
b1101 f
b1101 o
b1110 #
b1110 P
b1110 e
b1110 n
b1111 $
b1111 Q
b1111 d
b1111 m
14
#60600
04
b10000 C
#60650
b110 3
b110 Z
11
b1 2
b1 Y
b11000011 R
0S
b1010110011 h
1/
b1000000 K
b1110101 &
b1110101 T
b1110101 x
b1110101 !"
b10011010 (
b10011010 U
b10011010 y
b10011010 ~
b10000011 *
b10000011 V
b10000011 z
b10000011 }
b1110101 i
b1110101 [
b1110101 %
b1110101 w
b10011010 j
b10011010 \
b10011010 '
b10011010 v
b11000011 k
b11000011 ]
b11000011 )
b11000011 u
b1101 !
b1101 N
b1101 g
b1101 p
b1110 "
b1110 O
b1110 f
b1110 o
b1111 #
b1111 P
b1111 e
b1111 n
14
#60700
04
#60750
b1011000111 h
b1111110 &
b1111110 T
b1111110 x
b1111110 !"
b10100101 (
b10100101 U
b10100101 y
b10100101 ~
b10000011 *
b10000011 V
b10000011 z
b10000011 }
b1111110 i
b1111110 [
b1111110 %
b1111110 w
b10100101 j
b10100101 \
b10100101 '
b10100101 v
b1110 !
b1110 N
b1110 g
b1110 p
b1111 "
b1111 O
b1111 f
b1111 o
14
#60800
04
#60850
b1011010000 h
b10000111 &
b10000111 T
b10000111 x
b10000111 !"
b10000011 *
b10000011 V
b10000011 z
b10000011 }
b10000111 i
b10000111 [
b10000111 %
b10000111 w
b1111 !
b1111 N
b1111 g
b1111 p
14
#60900
04
#60950
14
#61000
01
b0 2
b0 Y
b0 3
b0 Z
b0 R
0/
b0 K
b11000011 *
b11000011 V
b11000011 z
b11000011 }
04
b0 ?
b0 c
1>
0=
07
b10 $"
b10 8
b10 s
b11101 E
b11101 A
b11101 B
#61050
1X
1S
b110 3
b110 Z
11
b1 2
b1 Y
1/
b1000000 K
b0 h
b0 &
b0 T
b0 x
b0 !"
b0 (
b0 U
b0 y
b0 ~
b1000000 *
b1000000 V
b1000000 z
b1000000 }
b0 ,
b0 W
b0 {
b0 |
b0 i
b0 [
b0 %
b0 w
b0 j
b0 \
b0 '
b0 v
b0 k
b0 ]
b0 )
b0 u
b0 l
b0 ^
b0 +
b0 t
b0 !
b0 N
b0 g
b0 p
b0 "
b0 O
b0 f
b0 o
b0 #
b0 P
b0 e
b0 n
b0 $
b0 Q
b0 d
b0 m
14
#61100
04
b0 C
0>
#61150
14
#61200
04
b1 ?
b1 c
b1 C
1=
17
#61250
b1111 h
b1000000 *
b1000000 V
b1000000 z
b1000000 }
b1111 ,
b1111 W
b1111 {
b1111 |
b1111 l
b1111 ^
b1111 +
b1111 t
b1 $
b1 Q
b1 d
b1 m
14
#61300
04
b10 ?
b10 c
b10 C
#61350
b1101 R
b101011 h
b1001101 *
b1001101 V
b1001101 z
b1001101 }
b11110 ,
b11110 W
b11110 {
b11110 |
b1101 k
b1101 ]
b1101 )
b1101 u
b11110 l
b11110 ^
b11110 +
b11110 t
b1 #
b1 P
b1 e
b1 n
b10 $
b10 Q
b10 d
b10 m
14
#61400
04
b11 ?
b11 c
b11 C
#61450
b11010 R
b1010010 h
b1011 (
b1011 U
b1011 y
b1011 ~
b1011010 *
b1011010 V
b1011010 z
b1011010 }
b101101 ,
b101101 W
b101101 {
b101101 |
b1011 j
b1011 \
b1011 '
b1011 v
b11010 k
b11010 ]
b11010 )
b11010 u
b101101 l
b101101 ^
b101101 +
b101101 t
b1 "
b1 O
b1 f
b1 o
b10 #
b10 P
b10 e
b10 n
b11 $
b11 Q
b11 d
b11 m
14
#61500
04
b100 ?
b100 c
b100 C
#61550
b100111 R
b10000010 h
b1001 &
b1001 T
b1001 x
b1001 !"
b10110 (
b10110 U
b10110 y
b10110 ~
b1100111 *
b1100111 V
b1100111 z
b1100111 }
b111100 ,
b111100 W
b111100 {
b111100 |
b1001 i
b1001 [
b1001 %
b1001 w
b10110 j
b10110 \
b10110 '
b10110 v
b100111 k
b100111 ]
b100111 )
b100111 u
b111100 l
b111100 ^
b111100 +
b111100 t
b1 !
b1 N
b1 g
b1 p
b10 "
b10 O
b10 f
b10 o
b11 #
b11 P
b11 e
b11 n
b100 $
b100 Q
b100 d
b100 m
14
#61600
04
b101 ?
b101 c
b101 C
#61650
b110100 R
b10110010 h
b10010 &
b10010 T
b10010 x
b10010 !"
b100001 (
b100001 U
b100001 y
b100001 ~
b1110100 *
b1110100 V
b1110100 z
b1110100 }
b1001011 ,
b1001011 W
b1001011 {
b1001011 |
b10010 i
b10010 [
b10010 %
b10010 w
b100001 j
b100001 \
b100001 '
b100001 v
b110100 k
b110100 ]
b110100 )
b110100 u
b1001011 l
b1001011 ^
b1001011 +
b1001011 t
b10 !
b10 N
b10 g
b10 p
b11 "
b11 O
b11 f
b11 o
b100 #
b100 P
b100 e
b100 n
b101 $
b101 Q
b101 d
b101 m
14
#61700
04
b110 ?
b110 c
b110 C
#61750
0X
01
b0 2
b0 Y
b0 3
b0 Z
0S
b0 R
0/
b0 K
b11100010 h
b11011 &
b11011 T
b11011 x
b11011 !"
b101100 (
b101100 U
b101100 y
b101100 ~
b1000001 *
b1000001 V
b1000001 z
b1000001 }
b1011010 ,
b1011010 W
b1011010 {
b1011010 |
b11011 i
b11011 [
b11011 %
b11011 w
b101100 j
b101100 \
b101100 '
b101100 v
b1000001 k
b1000001 ]
b1000001 )
b1000001 u
b1011010 l
b1011010 ^
b1011010 +
b1011010 t
b11 !
b11 N
b11 g
b11 p
b100 "
b100 O
b100 f
b100 o
b101 #
b101 P
b101 e
b101 n
b110 $
b110 Q
b110 d
b110 m
14
#61800
04
b111 ?
b111 c
b111 C
#61850
b100010010 h
b100100 &
b100100 T
b100100 x
b100100 !"
b110111 (
b110111 U
b110111 y
b110111 ~
b1001110 *
b1001110 V
b1001110 z
b1001110 }
b1101001 ,
b1101001 W
b1101001 {
b1101001 |
b100100 i
b100100 [
b100100 %
b100100 w
b110111 j
b110111 \
b110111 '
b110111 v
b1001110 k
b1001110 ]
b1001110 )
b1001110 u
b1101001 l
b1101001 ^
b1101001 +
b1101001 t
b100 !
b100 N
b100 g
b100 p
b101 "
b101 O
b101 f
b101 o
b110 #
b110 P
b110 e
b110 n
b111 $
b111 Q
b111 d
b111 m
14
#61900
04
b1000 ?
b1000 c
b1000 C
#61950
b101000010 h
b101101 &
b101101 T
b101101 x
b101101 !"
b1000010 (
b1000010 U
b1000010 y
b1000010 ~
b1011011 *
b1011011 V
b1011011 z
b1011011 }
b1111000 ,
b1111000 W
b1111000 {
b1111000 |
b101101 i
b101101 [
b101101 %
b101101 w
b1000010 j
b1000010 \
b1000010 '
b1000010 v
b1011011 k
b1011011 ]
b1011011 )
b1011011 u
b1111000 l
b1111000 ^
b1111000 +
b1111000 t
b101 !
b101 N
b101 g
b101 p
b110 "
b110 O
b110 f
b110 o
b111 #
b111 P
b111 e
b111 n
b1000 $
b1000 Q
b1000 d
b1000 m
14
#62000
04
b1001 ?
b1001 c
b1001 C
#62050
b101110010 h
b110110 &
b110110 T
b110110 x
b110110 !"
b1001101 (
b1001101 U
b1001101 y
b1001101 ~
b1101000 *
b1101000 V
b1101000 z
b1101000 }
b10000111 ,
b10000111 W
b10000111 {
b10000111 |
b110110 i
b110110 [
b110110 %
b110110 w
b1001101 j
b1001101 \
b1001101 '
b1001101 v
b1101000 k
b1101000 ]
b1101000 )
b1101000 u
b10000111 l
b10000111 ^
b10000111 +
b10000111 t
b110 !
b110 N
b110 g
b110 p
b111 "
b111 O
b111 f
b111 o
b1000 #
b1000 P
b1000 e
b1000 n
b1001 $
b1001 Q
b1001 d
b1001 m
14
#62100
04
b1010 ?
b1010 c
b1010 C
#62150
b110100010 h
b111111 &
b111111 T
b111111 x
b111111 !"
b1011000 (
b1011000 U
b1011000 y
b1011000 ~
b1110101 *
b1110101 V
b1110101 z
b1110101 }
b10010110 ,
b10010110 W
b10010110 {
b10010110 |
b111111 i
b111111 [
b111111 %
b111111 w
b1011000 j
b1011000 \
b1011000 '
b1011000 v
b1110101 k
b1110101 ]
b1110101 )
b1110101 u
b10010110 l
b10010110 ^
b10010110 +
b10010110 t
b111 !
b111 N
b111 g
b111 p
b1000 "
b1000 O
b1000 f
b1000 o
b1001 #
b1001 P
b1001 e
b1001 n
b1010 $
b1010 Q
b1010 d
b1010 m
14
#62200
04
b1011 ?
b1011 c
b1011 C
#62250
1X
1S
b110 3
b110 Z
11
b1 2
b1 Y
b10000010 R
1/
b1000000 K
b111010010 h
b1001000 &
b1001000 T
b1001000 x
b1001000 !"
b1100011 (
b1100011 U
b1100011 y
b1100011 ~
b11000010 *
b11000010 V
b11000010 z
b11000010 }
b10100101 ,
b10100101 W
b10100101 {
b10100101 |
b1001000 i
b1001000 [
b1001000 %
b1001000 w
b1100011 j
b1100011 \
b1100011 '
b1100011 v
b10000010 k
b10000010 ]
b10000010 )
b10000010 u
b10100101 l
b10100101 ^
b10100101 +
b10100101 t
b1000 !
b1000 N
b1000 g
b1000 p
b1001 "
b1001 O
b1001 f
b1001 o
b1010 #
b1010 P
b1010 e
b1010 n
b1011 $
b1011 Q
b1011 d
b1011 m
14
#62300
04
b1100 ?
b1100 c
b1100 C
#62350
b10001111 R
b1000000010 h
b1010001 &
b1010001 T
b1010001 x
b1010001 !"
b1101110 (
b1101110 U
b1101110 y
b1101110 ~
b11001111 *
b11001111 V
b11001111 z
b11001111 }
b10110100 ,
b10110100 W
b10110100 {
b10110100 |
b1010001 i
b1010001 [
b1010001 %
b1010001 w
b1101110 j
b1101110 \
b1101110 '
b1101110 v
b10001111 k
b10001111 ]
b10001111 )
b10001111 u
b10110100 l
b10110100 ^
b10110100 +
b10110100 t
b1001 !
b1001 N
b1001 g
b1001 p
b1010 "
b1010 O
b1010 f
b1010 o
b1011 #
b1011 P
b1011 e
b1011 n
b1100 $
b1100 Q
b1100 d
b1100 m
14
#62400
04
b1101 ?
b1101 c
b1101 C
#62450
b10011100 R
b1000110010 h
b1011010 &
b1011010 T
b1011010 x
b1011010 !"
b1111001 (
b1111001 U
b1111001 y
b1111001 ~
b11011100 *
b11011100 V
b11011100 z
b11011100 }
b11000011 ,
b11000011 W
b11000011 {
b11000011 |
b1011010 i
b1011010 [
b1011010 %
b1011010 w
b1111001 j
b1111001 \
b1111001 '
b1111001 v
b10011100 k
b10011100 ]
b10011100 )
b10011100 u
b11000011 l
b11000011 ^
b11000011 +
b11000011 t
b1010 !
b1010 N
b1010 g
b1010 p
b1011 "
b1011 O
b1011 f
b1011 o
b1100 #
b1100 P
b1100 e
b1100 n
b1101 $
b1101 Q
b1101 d
b1101 m
14
#62500
04
b1110 ?
b1110 c
b1110 C
#62550
b10101001 R
b1001100010 h
b1100011 &
b1100011 T
b1100011 x
b1100011 !"
b10000100 (
b10000100 U
b10000100 y
b10000100 ~
b11101001 *
b11101001 V
b11101001 z
b11101001 }
b11010010 ,
b11010010 W
b11010010 {
b11010010 |
b1100011 i
b1100011 [
b1100011 %
b1100011 w
b10000100 j
b10000100 \
b10000100 '
b10000100 v
b10101001 k
b10101001 ]
b10101001 )
b10101001 u
b11010010 l
b11010010 ^
b11010010 +
b11010010 t
b1011 !
b1011 N
b1011 g
b1011 p
b1100 "
b1100 O
b1100 f
b1100 o
b1101 #
b1101 P
b1101 e
b1101 n
b1110 $
b1110 Q
b1110 d
b1110 m
14
#62600
04
b1111 ?
b1111 c
b1111 C
#62650
b10110110 R
b1010010010 h
b1101100 &
b1101100 T
b1101100 x
b1101100 !"
b10001111 (
b10001111 U
b10001111 y
b10001111 ~
b11110110 *
b11110110 V
b11110110 z
b11110110 }
b11100001 ,
b11100001 W
b11100001 {
b11100001 |
b1101100 i
b1101100 [
b1101100 %
b1101100 w
b10001111 j
b10001111 \
b10001111 '
b10001111 v
b10110110 k
b10110110 ]
b10110110 )
b10110110 u
b11100001 l
b11100001 ^
b11100001 +
b11100001 t
b1100 !
b1100 N
b1100 g
b1100 p
b1101 "
b1101 O
b1101 f
b1101 o
b1110 #
b1110 P
b1110 e
b1110 n
b1111 $
b1111 Q
b1111 d
b1111 m
14
#62700
04
b10000 C
#62750
0X
01
b0 2
b0 Y
b0 3
b0 Z
0S
b0 R
b1010110011 h
0/
b0 K
b1110101 &
b1110101 T
b1110101 x
b1110101 !"
b10011010 (
b10011010 U
b10011010 y
b10011010 ~
b11000011 *
b11000011 V
b11000011 z
b11000011 }
b1110101 i
b1110101 [
b1110101 %
b1110101 w
b10011010 j
b10011010 \
b10011010 '
b10011010 v
b11000011 k
b11000011 ]
b11000011 )
b11000011 u
b1101 !
b1101 N
b1101 g
b1101 p
b1110 "
b1110 O
b1110 f
b1110 o
b1111 #
b1111 P
b1111 e
b1111 n
14
#62800
04
#62850
b1011000111 h
b1111110 &
b1111110 T
b1111110 x
b1111110 !"
b10100101 (
b10100101 U
b10100101 y
b10100101 ~
b1111110 i
b1111110 [
b1111110 %
b1111110 w
b10100101 j
b10100101 \
b10100101 '
b10100101 v
b1110 !
b1110 N
b1110 g
b1110 p
b1111 "
b1111 O
b1111 f
b1111 o
14
#62900
04
#62950
b1011010000 h
b10000111 &
b10000111 T
b10000111 x
b10000111 !"
b10000111 i
b10000111 [
b10000111 %
b10000111 w
b1111 !
b1111 N
b1111 g
b1111 p
14
#63000
04
#63050
14
#63100
b111 3
b111 Z
11
b1 2
b1 Y
b11000011 R
0S
1/
b10000000 K
b1000011 *
b1000011 V
b1000011 z
b1000011 }
04
b0 ?
b0 c
1>
0=
07
b111 5
b111 q
b1 $"
b111 ""
b111 @
b1 8
b1 s
b11110 E
b11110 A
b11110 B
#63150
01
b0 2
b0 Y
b0 3
b0 Z
b0 R
0/
b0 K
b0 h
b0 &
b0 T
b0 x
b0 !"
b0 (
b0 U
b0 y
b0 ~
b0 *
b0 V
b0 z
b0 }
b0 ,
b0 W
b0 {
b0 |
b0 i
b0 [
b0 %
b0 w
b0 j
b0 \
b0 '
b0 v
b0 k
b0 ]
b0 )
b0 u
b0 l
b0 ^
b0 +
b0 t
b0 !
b0 N
b0 g
b0 p
b0 "
b0 O
b0 f
b0 o
b0 #
b0 P
b0 e
b0 n
b0 $
b0 Q
b0 d
b0 m
14
#63200
04
b0 C
0>
#63250
14
#63300
04
b1 ?
b1 c
b1 C
#63350
b1111 h
b1111 ,
b1111 W
b1111 {
b1111 |
b1111 l
b1111 ^
b1111 +
b1111 t
b1 $
b1 Q
b1 d
b1 m
14
#63400
04
b10 ?
b10 c
b10 C
#63450
b101011 h
b1101 *
b1101 V
b1101 z
b1101 }
b11110 ,
b11110 W
b11110 {
b11110 |
b1101 k
b1101 ]
b1101 )
b1101 u
b11110 l
b11110 ^
b11110 +
b11110 t
b1 #
b1 P
b1 e
b1 n
b10 $
b10 Q
b10 d
b10 m
14
#63500
04
b11 ?
b11 c
b11 C
#63550
b1010010 h
b1011 (
b1011 U
b1011 y
b1011 ~
b11010 *
b11010 V
b11010 z
b11010 }
b101101 ,
b101101 W
b101101 {
b101101 |
b1011 j
b1011 \
b1011 '
b1011 v
b11010 k
b11010 ]
b11010 )
b11010 u
b101101 l
b101101 ^
b101101 +
b101101 t
b1 "
b1 O
b1 f
b1 o
b10 #
b10 P
b10 e
b10 n
b11 $
b11 Q
b11 d
b11 m
14
#63600
04
b100 ?
b100 c
b100 C
#63650
b10000010 h
b1001 &
b1001 T
b1001 x
b1001 !"
b10110 (
b10110 U
b10110 y
b10110 ~
b100111 *
b100111 V
b100111 z
b100111 }
b111100 ,
b111100 W
b111100 {
b111100 |
b1001 i
b1001 [
b1001 %
b1001 w
b10110 j
b10110 \
b10110 '
b10110 v
b100111 k
b100111 ]
b100111 )
b100111 u
b111100 l
b111100 ^
b111100 +
b111100 t
b1 !
b1 N
b1 g
b1 p
b10 "
b10 O
b10 f
b10 o
b11 #
b11 P
b11 e
b11 n
b100 $
b100 Q
b100 d
b100 m
14
#63700
04
b101 ?
b101 c
b101 C
#63750
b10110010 h
b10010 &
b10010 T
b10010 x
b10010 !"
b100001 (
b100001 U
b100001 y
b100001 ~
b110100 *
b110100 V
b110100 z
b110100 }
b1001011 ,
b1001011 W
b1001011 {
b1001011 |
b10010 i
b10010 [
b10010 %
b10010 w
b100001 j
b100001 \
b100001 '
b100001 v
b110100 k
b110100 ]
b110100 )
b110100 u
b1001011 l
b1001011 ^
b1001011 +
b1001011 t
b10 !
b10 N
b10 g
b10 p
b11 "
b11 O
b11 f
b11 o
b100 #
b100 P
b100 e
b100 n
b101 $
b101 Q
b101 d
b101 m
14
#63800
04
b110 ?
b110 c
b110 C
#63850
b11100010 h
b11011 &
b11011 T
b11011 x
b11011 !"
b101100 (
b101100 U
b101100 y
b101100 ~
b1000001 *
b1000001 V
b1000001 z
b1000001 }
b1011010 ,
b1011010 W
b1011010 {
b1011010 |
b11011 i
b11011 [
b11011 %
b11011 w
b101100 j
b101100 \
b101100 '
b101100 v
b1000001 k
b1000001 ]
b1000001 )
b1000001 u
b1011010 l
b1011010 ^
b1011010 +
b1011010 t
b11 !
b11 N
b11 g
b11 p
b100 "
b100 O
b100 f
b100 o
b101 #
b101 P
b101 e
b101 n
b110 $
b110 Q
b110 d
b110 m
14
#63900
04
b111 ?
b111 c
b111 C
#63950
b100010010 h
b100100 &
b100100 T
b100100 x
b100100 !"
b110111 (
b110111 U
b110111 y
b110111 ~
b1001110 *
b1001110 V
b1001110 z
b1001110 }
b1101001 ,
b1101001 W
b1101001 {
b1101001 |
b100100 i
b100100 [
b100100 %
b100100 w
b110111 j
b110111 \
b110111 '
b110111 v
b1001110 k
b1001110 ]
b1001110 )
b1001110 u
b1101001 l
b1101001 ^
b1101001 +
b1101001 t
b100 !
b100 N
b100 g
b100 p
b101 "
b101 O
b101 f
b101 o
b110 #
b110 P
b110 e
b110 n
b111 $
b111 Q
b111 d
b111 m
14
#64000
04
b1000 ?
b1000 c
b1000 C
#64050
b101000010 h
b101101 &
b101101 T
b101101 x
b101101 !"
b1000010 (
b1000010 U
b1000010 y
b1000010 ~
b1011011 *
b1011011 V
b1011011 z
b1011011 }
b1111000 ,
b1111000 W
b1111000 {
b1111000 |
b101101 i
b101101 [
b101101 %
b101101 w
b1000010 j
b1000010 \
b1000010 '
b1000010 v
b1011011 k
b1011011 ]
b1011011 )
b1011011 u
b1111000 l
b1111000 ^
b1111000 +
b1111000 t
b101 !
b101 N
b101 g
b101 p
b110 "
b110 O
b110 f
b110 o
b111 #
b111 P
b111 e
b111 n
b1000 $
b1000 Q
b1000 d
b1000 m
14
#64100
04
b1001 ?
b1001 c
b1001 C
#64150
b101110010 h
b110110 &
b110110 T
b110110 x
b110110 !"
b1001101 (
b1001101 U
b1001101 y
b1001101 ~
b1101000 *
b1101000 V
b1101000 z
b1101000 }
b10000111 ,
b10000111 W
b10000111 {
b10000111 |
b110110 i
b110110 [
b110110 %
b110110 w
b1001101 j
b1001101 \
b1001101 '
b1001101 v
b1101000 k
b1101000 ]
b1101000 )
b1101000 u
b10000111 l
b10000111 ^
b10000111 +
b10000111 t
b110 !
b110 N
b110 g
b110 p
b111 "
b111 O
b111 f
b111 o
b1000 #
b1000 P
b1000 e
b1000 n
b1001 $
b1001 Q
b1001 d
b1001 m
14
#64200
04
b1010 ?
b1010 c
b1010 C
#64250
b110100010 h
b111111 &
b111111 T
b111111 x
b111111 !"
b1011000 (
b1011000 U
b1011000 y
b1011000 ~
b1110101 *
b1110101 V
b1110101 z
b1110101 }
b10010110 ,
b10010110 W
b10010110 {
b10010110 |
b111111 i
b111111 [
b111111 %
b111111 w
b1011000 j
b1011000 \
b1011000 '
b1011000 v
b1110101 k
b1110101 ]
b1110101 )
b1110101 u
b10010110 l
b10010110 ^
b10010110 +
b10010110 t
b111 !
b111 N
b111 g
b111 p
b1000 "
b1000 O
b1000 f
b1000 o
b1001 #
b1001 P
b1001 e
b1001 n
b1010 $
b1010 Q
b1010 d
b1010 m
14
#64300
04
b1011 ?
b1011 c
b1011 C
#64350
b111 3
b111 Z
11
b1 2
b1 Y
b10000010 R
1/
b10000000 K
b111010010 h
b1001000 &
b1001000 T
b1001000 x
b1001000 !"
b1100011 (
b1100011 U
b1100011 y
b1100011 ~
b10 *
b10 V
b10 z
b10 }
b10100101 ,
b10100101 W
b10100101 {
b10100101 |
b1001000 i
b1001000 [
b1001000 %
b1001000 w
b1100011 j
b1100011 \
b1100011 '
b1100011 v
b10000010 k
b10000010 ]
b10000010 )
b10000010 u
b10100101 l
b10100101 ^
b10100101 +
b10100101 t
b1000 !
b1000 N
b1000 g
b1000 p
b1001 "
b1001 O
b1001 f
b1001 o
b1010 #
b1010 P
b1010 e
b1010 n
b1011 $
b1011 Q
b1011 d
b1011 m
14
#64400
04
b1100 ?
b1100 c
b1100 C
1=
17
#64450
b10001111 R
b1000000010 h
b1010001 &
b1010001 T
b1010001 x
b1010001 !"
b1101110 (
b1101110 U
b1101110 y
b1101110 ~
b1111 *
b1111 V
b1111 z
b1111 }
b10110100 ,
b10110100 W
b10110100 {
b10110100 |
b1010001 i
b1010001 [
b1010001 %
b1010001 w
b1101110 j
b1101110 \
b1101110 '
b1101110 v
b10001111 k
b10001111 ]
b10001111 )
b10001111 u
b10110100 l
b10110100 ^
b10110100 +
b10110100 t
b1001 !
b1001 N
b1001 g
b1001 p
b1010 "
b1010 O
b1010 f
b1010 o
b1011 #
b1011 P
b1011 e
b1011 n
b1100 $
b1100 Q
b1100 d
b1100 m
14
#64500
04
b1101 ?
b1101 c
b1101 C
#64550
b10011100 R
b1000110010 h
b1011010 &
b1011010 T
b1011010 x
b1011010 !"
b1111001 (
b1111001 U
b1111001 y
b1111001 ~
b11100 *
b11100 V
b11100 z
b11100 }
b11000011 ,
b11000011 W
b11000011 {
b11000011 |
b1011010 i
b1011010 [
b1011010 %
b1011010 w
b1111001 j
b1111001 \
b1111001 '
b1111001 v
b10011100 k
b10011100 ]
b10011100 )
b10011100 u
b11000011 l
b11000011 ^
b11000011 +
b11000011 t
b1010 !
b1010 N
b1010 g
b1010 p
b1011 "
b1011 O
b1011 f
b1011 o
b1100 #
b1100 P
b1100 e
b1100 n
b1101 $
b1101 Q
b1101 d
b1101 m
14
#64600
04
b1110 ?
b1110 c
b1110 C
#64650
b10101001 R
b1001100010 h
b1100011 &
b1100011 T
b1100011 x
b1100011 !"
b10000100 (
b10000100 U
b10000100 y
b10000100 ~
b101001 *
b101001 V
b101001 z
b101001 }
b11010010 ,
b11010010 W
b11010010 {
b11010010 |
b1100011 i
b1100011 [
b1100011 %
b1100011 w
b10000100 j
b10000100 \
b10000100 '
b10000100 v
b10101001 k
b10101001 ]
b10101001 )
b10101001 u
b11010010 l
b11010010 ^
b11010010 +
b11010010 t
b1011 !
b1011 N
b1011 g
b1011 p
b1100 "
b1100 O
b1100 f
b1100 o
b1101 #
b1101 P
b1101 e
b1101 n
b1110 $
b1110 Q
b1110 d
b1110 m
14
#64700
04
b1111 ?
b1111 c
b1111 C
#64750
b10110110 R
b1010010010 h
b1101100 &
b1101100 T
b1101100 x
b1101100 !"
b10001111 (
b10001111 U
b10001111 y
b10001111 ~
b110110 *
b110110 V
b110110 z
b110110 }
b11100001 ,
b11100001 W
b11100001 {
b11100001 |
b1101100 i
b1101100 [
b1101100 %
b1101100 w
b10001111 j
b10001111 \
b10001111 '
b10001111 v
b10110110 k
b10110110 ]
b10110110 )
b10110110 u
b11100001 l
b11100001 ^
b11100001 +
b11100001 t
b1100 !
b1100 N
b1100 g
b1100 p
b1101 "
b1101 O
b1101 f
b1101 o
b1110 #
b1110 P
b1110 e
b1110 n
b1111 $
b1111 Q
b1111 d
b1111 m
14
#64800
04
b10000 C
#64850
b11000011 R
b1010110011 h
b1110101 &
b1110101 T
b1110101 x
b1110101 !"
b10011010 (
b10011010 U
b10011010 y
b10011010 ~
b1000011 *
b1000011 V
b1000011 z
b1000011 }
b1110101 i
b1110101 [
b1110101 %
b1110101 w
b10011010 j
b10011010 \
b10011010 '
b10011010 v
b11000011 k
b11000011 ]
b11000011 )
b11000011 u
b1101 !
b1101 N
b1101 g
b1101 p
b1110 "
b1110 O
b1110 f
b1110 o
b1111 #
b1111 P
b1111 e
b1111 n
14
#64900
04
#64950
b1011000111 h
b1111110 &
b1111110 T
b1111110 x
b1111110 !"
b10100101 (
b10100101 U
b10100101 y
b10100101 ~
b1000011 *
b1000011 V
b1000011 z
b1000011 }
b1111110 i
b1111110 [
b1111110 %
b1111110 w
b10100101 j
b10100101 \
b10100101 '
b10100101 v
b1110 !
b1110 N
b1110 g
b1110 p
b1111 "
b1111 O
b1111 f
b1111 o
14
#65000
04
#65050
b1011010000 h
b10000111 &
b10000111 T
b10000111 x
b10000111 !"
b1000011 *
b1000011 V
b1000011 z
b1000011 }
b10000111 i
b10000111 [
b10000111 %
b10000111 w
b1111 !
b1111 N
b1111 g
b1111 p
14
#65100
04
#65150
14
#65200
01
b0 2
b0 Y
b0 3
b0 Z
b0 R
0/
b0 K
b11000011 *
b11000011 V
b11000011 z
b11000011 }
04
b0 ?
b0 c
1>
0=
07
b10 $"
b10 8
b10 s
b11111 E
b11111 A
b11111 B
#65250
1X
1S
b111 3
b111 Z
11
b1 2
b1 Y
1/
b10000000 K
b0 h
b0 &
b0 T
b0 x
b0 !"
b0 (
b0 U
b0 y
b0 ~
b10000000 *
b10000000 V
b10000000 z
b10000000 }
b0 ,
b0 W
b0 {
b0 |
b0 i
b0 [
b0 %
b0 w
b0 j
b0 \
b0 '
b0 v
b0 k
b0 ]
b0 )
b0 u
b0 l
b0 ^
b0 +
b0 t
b0 !
b0 N
b0 g
b0 p
b0 "
b0 O
b0 f
b0 o
b0 #
b0 P
b0 e
b0 n
b0 $
b0 Q
b0 d
b0 m
14
#65300
04
b0 C
0>
#65350
14
#65400
04
b1 ?
b1 c
b1 C
1=
17
#65450
b1111 h
b10000000 *
b10000000 V
b10000000 z
b10000000 }
b1111 ,
b1111 W
b1111 {
b1111 |
b1111 l
b1111 ^
b1111 +
b1111 t
b1 $
b1 Q
b1 d
b1 m
14
#65500
04
b10 ?
b10 c
b10 C
#65550
b1101 R
b101011 h
b10001101 *
b10001101 V
b10001101 z
b10001101 }
b11110 ,
b11110 W
b11110 {
b11110 |
b1101 k
b1101 ]
b1101 )
b1101 u
b11110 l
b11110 ^
b11110 +
b11110 t
b1 #
b1 P
b1 e
b1 n
b10 $
b10 Q
b10 d
b10 m
14
#65600
04
b11 ?
b11 c
b11 C
#65650
b11010 R
b1010010 h
b1011 (
b1011 U
b1011 y
b1011 ~
b10011010 *
b10011010 V
b10011010 z
b10011010 }
b101101 ,
b101101 W
b101101 {
b101101 |
b1011 j
b1011 \
b1011 '
b1011 v
b11010 k
b11010 ]
b11010 )
b11010 u
b101101 l
b101101 ^
b101101 +
b101101 t
b1 "
b1 O
b1 f
b1 o
b10 #
b10 P
b10 e
b10 n
b11 $
b11 Q
b11 d
b11 m
14
#65700
04
b100 ?
b100 c
b100 C
#65750
b100111 R
b10000010 h
b1001 &
b1001 T
b1001 x
b1001 !"
b10110 (
b10110 U
b10110 y
b10110 ~
b10100111 *
b10100111 V
b10100111 z
b10100111 }
b111100 ,
b111100 W
b111100 {
b111100 |
b1001 i
b1001 [
b1001 %
b1001 w
b10110 j
b10110 \
b10110 '
b10110 v
b100111 k
b100111 ]
b100111 )
b100111 u
b111100 l
b111100 ^
b111100 +
b111100 t
b1 !
b1 N
b1 g
b1 p
b10 "
b10 O
b10 f
b10 o
b11 #
b11 P
b11 e
b11 n
b100 $
b100 Q
b100 d
b100 m
14
#65800
04
b101 ?
b101 c
b101 C
#65850
b110100 R
b10110010 h
b10010 &
b10010 T
b10010 x
b10010 !"
b100001 (
b100001 U
b100001 y
b100001 ~
b10110100 *
b10110100 V
b10110100 z
b10110100 }
b1001011 ,
b1001011 W
b1001011 {
b1001011 |
b10010 i
b10010 [
b10010 %
b10010 w
b100001 j
b100001 \
b100001 '
b100001 v
b110100 k
b110100 ]
b110100 )
b110100 u
b1001011 l
b1001011 ^
b1001011 +
b1001011 t
b10 !
b10 N
b10 g
b10 p
b11 "
b11 O
b11 f
b11 o
b100 #
b100 P
b100 e
b100 n
b101 $
b101 Q
b101 d
b101 m
14
#65900
04
b110 ?
b110 c
b110 C
#65950
b1000001 R
b11100010 h
b11011 &
b11011 T
b11011 x
b11011 !"
b101100 (
b101100 U
b101100 y
b101100 ~
b11000001 *
b11000001 V
b11000001 z
b11000001 }
b1011010 ,
b1011010 W
b1011010 {
b1011010 |
b11011 i
b11011 [
b11011 %
b11011 w
b101100 j
b101100 \
b101100 '
b101100 v
b1000001 k
b1000001 ]
b1000001 )
b1000001 u
b1011010 l
b1011010 ^
b1011010 +
b1011010 t
b11 !
b11 N
b11 g
b11 p
b100 "
b100 O
b100 f
b100 o
b101 #
b101 P
b101 e
b101 n
b110 $
b110 Q
b110 d
b110 m
14
#66000
04
b111 ?
b111 c
b111 C
#66050
b1001110 R
b100010010 h
b100100 &
b100100 T
b100100 x
b100100 !"
b110111 (
b110111 U
b110111 y
b110111 ~
b11001110 *
b11001110 V
b11001110 z
b11001110 }
b1101001 ,
b1101001 W
b1101001 {
b1101001 |
b100100 i
b100100 [
b100100 %
b100100 w
b110111 j
b110111 \
b110111 '
b110111 v
b1001110 k
b1001110 ]
b1001110 )
b1001110 u
b1101001 l
b1101001 ^
b1101001 +
b1101001 t
b100 !
b100 N
b100 g
b100 p
b101 "
b101 O
b101 f
b101 o
b110 #
b110 P
b110 e
b110 n
b111 $
b111 Q
b111 d
b111 m
14
#66100
04
b1000 ?
b1000 c
b1000 C
#66150
b1011011 R
b101000010 h
b101101 &
b101101 T
b101101 x
b101101 !"
b1000010 (
b1000010 U
b1000010 y
b1000010 ~
b11011011 *
b11011011 V
b11011011 z
b11011011 }
b1111000 ,
b1111000 W
b1111000 {
b1111000 |
b101101 i
b101101 [
b101101 %
b101101 w
b1000010 j
b1000010 \
b1000010 '
b1000010 v
b1011011 k
b1011011 ]
b1011011 )
b1011011 u
b1111000 l
b1111000 ^
b1111000 +
b1111000 t
b101 !
b101 N
b101 g
b101 p
b110 "
b110 O
b110 f
b110 o
b111 #
b111 P
b111 e
b111 n
b1000 $
b1000 Q
b1000 d
b1000 m
14
#66200
04
b1001 ?
b1001 c
b1001 C
#66250
b1101000 R
b101110010 h
b110110 &
b110110 T
b110110 x
b110110 !"
b1001101 (
b1001101 U
b1001101 y
b1001101 ~
b11101000 *
b11101000 V
b11101000 z
b11101000 }
b10000111 ,
b10000111 W
b10000111 {
b10000111 |
b110110 i
b110110 [
b110110 %
b110110 w
b1001101 j
b1001101 \
b1001101 '
b1001101 v
b1101000 k
b1101000 ]
b1101000 )
b1101000 u
b10000111 l
b10000111 ^
b10000111 +
b10000111 t
b110 !
b110 N
b110 g
b110 p
b111 "
b111 O
b111 f
b111 o
b1000 #
b1000 P
b1000 e
b1000 n
b1001 $
b1001 Q
b1001 d
b1001 m
14
#66300
04
b1010 ?
b1010 c
b1010 C
#66350
b1110101 R
b110100010 h
b111111 &
b111111 T
b111111 x
b111111 !"
b1011000 (
b1011000 U
b1011000 y
b1011000 ~
b11110101 *
b11110101 V
b11110101 z
b11110101 }
b10010110 ,
b10010110 W
b10010110 {
b10010110 |
b111111 i
b111111 [
b111111 %
b111111 w
b1011000 j
b1011000 \
b1011000 '
b1011000 v
b1110101 k
b1110101 ]
b1110101 )
b1110101 u
b10010110 l
b10010110 ^
b10010110 +
b10010110 t
b111 !
b111 N
b111 g
b111 p
b1000 "
b1000 O
b1000 f
b1000 o
b1001 #
b1001 P
b1001 e
b1001 n
b1010 $
b1010 Q
b1010 d
b1010 m
14
#66400
04
b1011 ?
b1011 c
b1011 C
#66450
0X
01
b0 2
b0 Y
b0 3
b0 Z
0S
b0 R
0/
b0 K
b111010010 h
b1001000 &
b1001000 T
b1001000 x
b1001000 !"
b1100011 (
b1100011 U
b1100011 y
b1100011 ~
b10000010 *
b10000010 V
b10000010 z
b10000010 }
b10100101 ,
b10100101 W
b10100101 {
b10100101 |
b1001000 i
b1001000 [
b1001000 %
b1001000 w
b1100011 j
b1100011 \
b1100011 '
b1100011 v
b10000010 k
b10000010 ]
b10000010 )
b10000010 u
b10100101 l
b10100101 ^
b10100101 +
b10100101 t
b1000 !
b1000 N
b1000 g
b1000 p
b1001 "
b1001 O
b1001 f
b1001 o
b1010 #
b1010 P
b1010 e
b1010 n
b1011 $
b1011 Q
b1011 d
b1011 m
14
#66500
04
b1100 ?
b1100 c
b1100 C
#66550
b1000000010 h
b1010001 &
b1010001 T
b1010001 x
b1010001 !"
b1101110 (
b1101110 U
b1101110 y
b1101110 ~
b10001111 *
b10001111 V
b10001111 z
b10001111 }
b10110100 ,
b10110100 W
b10110100 {
b10110100 |
b1010001 i
b1010001 [
b1010001 %
b1010001 w
b1101110 j
b1101110 \
b1101110 '
b1101110 v
b10001111 k
b10001111 ]
b10001111 )
b10001111 u
b10110100 l
b10110100 ^
b10110100 +
b10110100 t
b1001 !
b1001 N
b1001 g
b1001 p
b1010 "
b1010 O
b1010 f
b1010 o
b1011 #
b1011 P
b1011 e
b1011 n
b1100 $
b1100 Q
b1100 d
b1100 m
14
#66600
04
b1101 ?
b1101 c
b1101 C
#66650
b1000110010 h
b1011010 &
b1011010 T
b1011010 x
b1011010 !"
b1111001 (
b1111001 U
b1111001 y
b1111001 ~
b10011100 *
b10011100 V
b10011100 z
b10011100 }
b11000011 ,
b11000011 W
b11000011 {
b11000011 |
b1011010 i
b1011010 [
b1011010 %
b1011010 w
b1111001 j
b1111001 \
b1111001 '
b1111001 v
b10011100 k
b10011100 ]
b10011100 )
b10011100 u
b11000011 l
b11000011 ^
b11000011 +
b11000011 t
b1010 !
b1010 N
b1010 g
b1010 p
b1011 "
b1011 O
b1011 f
b1011 o
b1100 #
b1100 P
b1100 e
b1100 n
b1101 $
b1101 Q
b1101 d
b1101 m
14
#66700
04
b1110 ?
b1110 c
b1110 C
#66750
b1001100010 h
b1100011 &
b1100011 T
b1100011 x
b1100011 !"
b10000100 (
b10000100 U
b10000100 y
b10000100 ~
b10101001 *
b10101001 V
b10101001 z
b10101001 }
b11010010 ,
b11010010 W
b11010010 {
b11010010 |
b1100011 i
b1100011 [
b1100011 %
b1100011 w
b10000100 j
b10000100 \
b10000100 '
b10000100 v
b10101001 k
b10101001 ]
b10101001 )
b10101001 u
b11010010 l
b11010010 ^
b11010010 +
b11010010 t
b1011 !
b1011 N
b1011 g
b1011 p
b1100 "
b1100 O
b1100 f
b1100 o
b1101 #
b1101 P
b1101 e
b1101 n
b1110 $
b1110 Q
b1110 d
b1110 m
14
#66800
04
b1111 ?
b1111 c
b1111 C
#66850
b1010010010 h
b1101100 &
b1101100 T
b1101100 x
b1101100 !"
b10001111 (
b10001111 U
b10001111 y
b10001111 ~
b10110110 *
b10110110 V
b10110110 z
b10110110 }
b11100001 ,
b11100001 W
b11100001 {
b11100001 |
b1101100 i
b1101100 [
b1101100 %
b1101100 w
b10001111 j
b10001111 \
b10001111 '
b10001111 v
b10110110 k
b10110110 ]
b10110110 )
b10110110 u
b11100001 l
b11100001 ^
b11100001 +
b11100001 t
b1100 !
b1100 N
b1100 g
b1100 p
b1101 "
b1101 O
b1101 f
b1101 o
b1110 #
b1110 P
b1110 e
b1110 n
b1111 $
b1111 Q
b1111 d
b1111 m
14
#66900
04
b10000 C
#66950
b1010110011 h
b1110101 &
b1110101 T
b1110101 x
b1110101 !"
b10011010 (
b10011010 U
b10011010 y
b10011010 ~
b11000011 *
b11000011 V
b11000011 z
b11000011 }
b1110101 i
b1110101 [
b1110101 %
b1110101 w
b10011010 j
b10011010 \
b10011010 '
b10011010 v
b11000011 k
b11000011 ]
b11000011 )
b11000011 u
b1101 !
b1101 N
b1101 g
b1101 p
b1110 "
b1110 O
b1110 f
b1110 o
b1111 #
b1111 P
b1111 e
b1111 n
14
#67000
04
#67050
b1011000111 h
b1111110 &
b1111110 T
b1111110 x
b1111110 !"
b10100101 (
b10100101 U
b10100101 y
b10100101 ~
b1111110 i
b1111110 [
b1111110 %
b1111110 w
b10100101 j
b10100101 \
b10100101 '
b10100101 v
b1110 !
b1110 N
b1110 g
b1110 p
b1111 "
b1111 O
b1111 f
b1111 o
14
#67100
04
#67150
b1011010000 h
b10000111 &
b10000111 T
b10000111 x
b10000111 !"
b10000111 i
b10000111 [
b10000111 %
b10000111 w
b1111 !
b1111 N
b1111 g
b1111 p
14
#67200
04
#67250
14
#67300
b10 2
b10 Y
b10100101 R
11
1.
b1 L
b10100100 (
b10100100 U
b10100100 y
b10100100 ~
04
b0 ?
b0 c
1>
0=
07
b0 5
b0 q
b10 6
b10 r
b1 $"
b0 ""
b10 #"
b10 D
b0 @
b1 8
b1 s
b100000 E
b100000 A
b100000 B
#67350
b0 2
b0 Y
b0 R
01
0.
b0 L
b0 h
b0 &
b0 T
b0 x
b0 !"
b0 (
b0 U
b0 y
b0 ~
b0 *
b0 V
b0 z
b0 }
b0 ,
b0 W
b0 {
b0 |
b0 i
b0 [
b0 %
b0 w
b0 j
b0 \
b0 '
b0 v
b0 k
b0 ]
b0 )
b0 u
b0 l
b0 ^
b0 +
b0 t
b0 !
b0 N
b0 g
b0 p
b0 "
b0 O
b0 f
b0 o
b0 #
b0 P
b0 e
b0 n
b0 $
b0 Q
b0 d
b0 m
14
#67400
04
b0 C
0>
#67450
14
#67500
04
b1 ?
b1 c
b1 C
#67550
b1111 h
b1111 ,
b1111 W
b1111 {
b1111 |
b1111 l
b1111 ^
b1111 +
b1111 t
b1 $
b1 Q
b1 d
b1 m
14
#67600
04
b10 ?
b10 c
b10 C
#67650
b101011 h
b1101 *
b1101 V
b1101 z
b1101 }
b11110 ,
b11110 W
b11110 {
b11110 |
b1101 k
b1101 ]
b1101 )
b1101 u
b11110 l
b11110 ^
b11110 +
b11110 t
b1 #
b1 P
b1 e
b1 n
b10 $
b10 Q
b10 d
b10 m
14
#67700
04
b11 ?
b11 c
b11 C
#67750
b10 2
b10 Y
b1011 R
11
1.
b1 L
b1010010 h
b1010 (
b1010 U
b1010 y
b1010 ~
b11010 *
b11010 V
b11010 z
b11010 }
b101101 ,
b101101 W
b101101 {
b101101 |
b1011 j
b1011 \
b1011 '
b1011 v
b11010 k
b11010 ]
b11010 )
b11010 u
b101101 l
b101101 ^
b101101 +
b101101 t
b1 "
b1 O
b1 f
b1 o
b10 #
b10 P
b10 e
b10 n
b11 $
b11 Q
b11 d
b11 m
14
#67800
04
b100 ?
b100 c
b100 C
1=
17
#67850
b0 2
b0 Y
b0 R
01
0.
b0 L
b10000010 h
b1001 &
b1001 T
b1001 x
b1001 !"
b10110 (
b10110 U
b10110 y
b10110 ~
b100111 *
b100111 V
b100111 z
b100111 }
b111100 ,
b111100 W
b111100 {
b111100 |
b1001 i
b1001 [
b1001 %
b1001 w
b10110 j
b10110 \
b10110 '
b10110 v
b100111 k
b100111 ]
b100111 )
b100111 u
b111100 l
b111100 ^
b111100 +
b111100 t
b1 !
b1 N
b1 g
b1 p
b10 "
b10 O
b10 f
b10 o
b11 #
b11 P
b11 e
b11 n
b100 $
b100 Q
b100 d
b100 m
14
#67900
04
b101 ?
b101 c
b101 C
#67950
b10 2
b10 Y
b100001 R
11
1.
b1 L
b10110010 h
b10010 &
b10010 T
b10010 x
b10010 !"
b100000 (
b100000 U
b100000 y
b100000 ~
b110100 *
b110100 V
b110100 z
b110100 }
b1001011 ,
b1001011 W
b1001011 {
b1001011 |
b10010 i
b10010 [
b10010 %
b10010 w
b100001 j
b100001 \
b100001 '
b100001 v
b110100 k
b110100 ]
b110100 )
b110100 u
b1001011 l
b1001011 ^
b1001011 +
b1001011 t
b10 !
b10 N
b10 g
b10 p
b11 "
b11 O
b11 f
b11 o
b100 #
b100 P
b100 e
b100 n
b101 $
b101 Q
b101 d
b101 m
14
#68000
04
b110 ?
b110 c
b110 C
#68050
b0 2
b0 Y
b0 R
01
0.
b0 L
b11100010 h
b11011 &
b11011 T
b11011 x
b11011 !"
b101100 (
b101100 U
b101100 y
b101100 ~
b1000001 *
b1000001 V
b1000001 z
b1000001 }
b1011010 ,
b1011010 W
b1011010 {
b1011010 |
b11011 i
b11011 [
b11011 %
b11011 w
b101100 j
b101100 \
b101100 '
b101100 v
b1000001 k
b1000001 ]
b1000001 )
b1000001 u
b1011010 l
b1011010 ^
b1011010 +
b1011010 t
b11 !
b11 N
b11 g
b11 p
b100 "
b100 O
b100 f
b100 o
b101 #
b101 P
b101 e
b101 n
b110 $
b110 Q
b110 d
b110 m
14
#68100
04
b111 ?
b111 c
b111 C
#68150
b10 2
b10 Y
b110111 R
11
1.
b1 L
b100010010 h
b100100 &
b100100 T
b100100 x
b100100 !"
b110110 (
b110110 U
b110110 y
b110110 ~
b1001110 *
b1001110 V
b1001110 z
b1001110 }
b1101001 ,
b1101001 W
b1101001 {
b1101001 |
b100100 i
b100100 [
b100100 %
b100100 w
b110111 j
b110111 \
b110111 '
b110111 v
b1001110 k
b1001110 ]
b1001110 )
b1001110 u
b1101001 l
b1101001 ^
b1101001 +
b1101001 t
b100 !
b100 N
b100 g
b100 p
b101 "
b101 O
b101 f
b101 o
b110 #
b110 P
b110 e
b110 n
b111 $
b111 Q
b111 d
b111 m
14
#68200
04
b1000 ?
b1000 c
b1000 C
#68250
b0 2
b0 Y
b0 R
01
0.
b0 L
b101000010 h
b101101 &
b101101 T
b101101 x
b101101 !"
b1000010 (
b1000010 U
b1000010 y
b1000010 ~
b1011011 *
b1011011 V
b1011011 z
b1011011 }
b1111000 ,
b1111000 W
b1111000 {
b1111000 |
b101101 i
b101101 [
b101101 %
b101101 w
b1000010 j
b1000010 \
b1000010 '
b1000010 v
b1011011 k
b1011011 ]
b1011011 )
b1011011 u
b1111000 l
b1111000 ^
b1111000 +
b1111000 t
b101 !
b101 N
b101 g
b101 p
b110 "
b110 O
b110 f
b110 o
b111 #
b111 P
b111 e
b111 n
b1000 $
b1000 Q
b1000 d
b1000 m
14
#68300
04
b1001 ?
b1001 c
b1001 C
#68350
b10 2
b10 Y
b1001101 R
11
1.
b1 L
b101110010 h
b110110 &
b110110 T
b110110 x
b110110 !"
b1001100 (
b1001100 U
b1001100 y
b1001100 ~
b1101000 *
b1101000 V
b1101000 z
b1101000 }
b10000111 ,
b10000111 W
b10000111 {
b10000111 |
b110110 i
b110110 [
b110110 %
b110110 w
b1001101 j
b1001101 \
b1001101 '
b1001101 v
b1101000 k
b1101000 ]
b1101000 )
b1101000 u
b10000111 l
b10000111 ^
b10000111 +
b10000111 t
b110 !
b110 N
b110 g
b110 p
b111 "
b111 O
b111 f
b111 o
b1000 #
b1000 P
b1000 e
b1000 n
b1001 $
b1001 Q
b1001 d
b1001 m
14
#68400
04
b1010 ?
b1010 c
b1010 C
#68450
b0 2
b0 Y
b0 R
01
0.
b0 L
b110100010 h
b111111 &
b111111 T
b111111 x
b111111 !"
b1011000 (
b1011000 U
b1011000 y
b1011000 ~
b1110101 *
b1110101 V
b1110101 z
b1110101 }
b10010110 ,
b10010110 W
b10010110 {
b10010110 |
b111111 i
b111111 [
b111111 %
b111111 w
b1011000 j
b1011000 \
b1011000 '
b1011000 v
b1110101 k
b1110101 ]
b1110101 )
b1110101 u
b10010110 l
b10010110 ^
b10010110 +
b10010110 t
b111 !
b111 N
b111 g
b111 p
b1000 "
b1000 O
b1000 f
b1000 o
b1001 #
b1001 P
b1001 e
b1001 n
b1010 $
b1010 Q
b1010 d
b1010 m
14
#68500
04
b1011 ?
b1011 c
b1011 C
#68550
b10 2
b10 Y
b1100011 R
11
1.
b1 L
b111010010 h
b1001000 &
b1001000 T
b1001000 x
b1001000 !"
b1100010 (
b1100010 U
b1100010 y
b1100010 ~
b10000010 *
b10000010 V
b10000010 z
b10000010 }
b10100101 ,
b10100101 W
b10100101 {
b10100101 |
b1001000 i
b1001000 [
b1001000 %
b1001000 w
b1100011 j
b1100011 \
b1100011 '
b1100011 v
b10000010 k
b10000010 ]
b10000010 )
b10000010 u
b10100101 l
b10100101 ^
b10100101 +
b10100101 t
b1000 !
b1000 N
b1000 g
b1000 p
b1001 "
b1001 O
b1001 f
b1001 o
b1010 #
b1010 P
b1010 e
b1010 n
b1011 $
b1011 Q
b1011 d
b1011 m
14
#68600
04
b1100 ?
b1100 c
b1100 C
#68650
b0 2
b0 Y
b0 R
01
0.
b0 L
b1000000010 h
b1010001 &
b1010001 T
b1010001 x
b1010001 !"
b1101110 (
b1101110 U
b1101110 y
b1101110 ~
b10001111 *
b10001111 V
b10001111 z
b10001111 }
b10110100 ,
b10110100 W
b10110100 {
b10110100 |
b1010001 i
b1010001 [
b1010001 %
b1010001 w
b1101110 j
b1101110 \
b1101110 '
b1101110 v
b10001111 k
b10001111 ]
b10001111 )
b10001111 u
b10110100 l
b10110100 ^
b10110100 +
b10110100 t
b1001 !
b1001 N
b1001 g
b1001 p
b1010 "
b1010 O
b1010 f
b1010 o
b1011 #
b1011 P
b1011 e
b1011 n
b1100 $
b1100 Q
b1100 d
b1100 m
14
#68700
04
b1101 ?
b1101 c
b1101 C
#68750
b10 2
b10 Y
b1111001 R
11
1.
b1 L
b1000110010 h
b1011010 &
b1011010 T
b1011010 x
b1011010 !"
b1111000 (
b1111000 U
b1111000 y
b1111000 ~
b10011100 *
b10011100 V
b10011100 z
b10011100 }
b11000011 ,
b11000011 W
b11000011 {
b11000011 |
b1011010 i
b1011010 [
b1011010 %
b1011010 w
b1111001 j
b1111001 \
b1111001 '
b1111001 v
b10011100 k
b10011100 ]
b10011100 )
b10011100 u
b11000011 l
b11000011 ^
b11000011 +
b11000011 t
b1010 !
b1010 N
b1010 g
b1010 p
b1011 "
b1011 O
b1011 f
b1011 o
b1100 #
b1100 P
b1100 e
b1100 n
b1101 $
b1101 Q
b1101 d
b1101 m
14
#68800
04
b1110 ?
b1110 c
b1110 C
#68850
b0 2
b0 Y
b0 R
01
0.
b0 L
b1001100010 h
b1100011 &
b1100011 T
b1100011 x
b1100011 !"
b10000100 (
b10000100 U
b10000100 y
b10000100 ~
b10101001 *
b10101001 V
b10101001 z
b10101001 }
b11010010 ,
b11010010 W
b11010010 {
b11010010 |
b1100011 i
b1100011 [
b1100011 %
b1100011 w
b10000100 j
b10000100 \
b10000100 '
b10000100 v
b10101001 k
b10101001 ]
b10101001 )
b10101001 u
b11010010 l
b11010010 ^
b11010010 +
b11010010 t
b1011 !
b1011 N
b1011 g
b1011 p
b1100 "
b1100 O
b1100 f
b1100 o
b1101 #
b1101 P
b1101 e
b1101 n
b1110 $
b1110 Q
b1110 d
b1110 m
14
#68900
04
b1111 ?
b1111 c
b1111 C
#68950
b10 2
b10 Y
b10001111 R
11
1.
b1 L
b1010010010 h
b1101100 &
b1101100 T
b1101100 x
b1101100 !"
b10001110 (
b10001110 U
b10001110 y
b10001110 ~
b10110110 *
b10110110 V
b10110110 z
b10110110 }
b11100001 ,
b11100001 W
b11100001 {
b11100001 |
b1101100 i
b1101100 [
b1101100 %
b1101100 w
b10001111 j
b10001111 \
b10001111 '
b10001111 v
b10110110 k
b10110110 ]
b10110110 )
b10110110 u
b11100001 l
b11100001 ^
b11100001 +
b11100001 t
b1100 !
b1100 N
b1100 g
b1100 p
b1101 "
b1101 O
b1101 f
b1101 o
b1110 #
b1110 P
b1110 e
b1110 n
b1111 $
b1111 Q
b1111 d
b1111 m
14
#69000
04
b10000 C
#69050
b0 2
b0 Y
b0 R
01
0.
b0 L
b1010110011 h
b1110101 &
b1110101 T
b1110101 x
b1110101 !"
b10011010 (
b10011010 U
b10011010 y
b10011010 ~
b11000011 *
b11000011 V
b11000011 z
b11000011 }
b1110101 i
b1110101 [
b1110101 %
b1110101 w
b10011010 j
b10011010 \
b10011010 '
b10011010 v
b11000011 k
b11000011 ]
b11000011 )
b11000011 u
b1101 !
b1101 N
b1101 g
b1101 p
b1110 "
b1110 O
b1110 f
b1110 o
b1111 #
b1111 P
b1111 e
b1111 n
14
#69100
04
#69150
b10 2
b10 Y
b10100101 R
11
b1011000111 h
1.
b1 L
b1111110 &
b1111110 T
b1111110 x
b1111110 !"
b10100100 (
b10100100 U
b10100100 y
b10100100 ~
b1111110 i
b1111110 [
b1111110 %
b1111110 w
b10100101 j
b10100101 \
b10100101 '
b10100101 v
b1110 !
b1110 N
b1110 g
b1110 p
b1111 "
b1111 O
b1111 f
b1111 o
14
#69200
04
#69250
b1011010000 h
b10000111 &
b10000111 T
b10000111 x
b10000111 !"
b10100100 (
b10100100 U
b10100100 y
b10100100 ~
b10000111 i
b10000111 [
b10000111 %
b10000111 w
b1111 !
b1111 N
b1111 g
b1111 p
14
#69300
04
#69350
14
#69400
b0 2
b0 Y
b0 R
01
0.
b0 L
b10100101 (
b10100101 U
b10100101 y
b10100101 ~
04
b0 ?
b0 c
1>
0=
07
b10 $"
b10 8
b10 s
b100001 E
b100001 A
b100001 B
#69450
1X
b10 2
b10 Y
1S
11
1.
b1 L
b0 h
b0 &
b0 T
b0 x
b0 !"
b1 (
b1 U
b1 y
b1 ~
b0 *
b0 V
b0 z
b0 }
b0 ,
b0 W
b0 {
b0 |
b0 i
b0 [
b0 %
b0 w
b0 j
b0 \
b0 '
b0 v
b0 k
b0 ]
b0 )
b0 u
b0 l
b0 ^
b0 +
b0 t
b0 !
b0 N
b0 g
b0 p
b0 "
b0 O
b0 f
b0 o
b0 #
b0 P
b0 e
b0 n
b0 $
b0 Q
b0 d
b0 m
14
#69500
04
b0 C
0>
#69550
14
#69600
04
b1 ?
b1 c
b1 C
1=
17
#69650
b1111 h
b1 (
b1 U
b1 y
b1 ~
b1111 ,
b1111 W
b1111 {
b1111 |
b1111 l
b1111 ^
b1111 +
b1111 t
b1 $
b1 Q
b1 d
b1 m
14
#69700
04
b10 ?
b10 c
b10 C
#69750
b101011 h
b1 (
b1 U
b1 y
b1 ~
b1101 *
b1101 V
b1101 z
b1101 }
b11110 ,
b11110 W
b11110 {
b11110 |
b1101 k
b1101 ]
b1101 )
b1101 u
b11110 l
b11110 ^
b11110 +
b11110 t
b1 #
b1 P
b1 e
b1 n
b10 $
b10 Q
b10 d
b10 m
14
#69800
04
b11 ?
b11 c
b11 C
#69850
b0 2
b0 Y
0S
0X
01
0.
b0 L
b1010010 h
b1011 (
b1011 U
b1011 y
b1011 ~
b11010 *
b11010 V
b11010 z
b11010 }
b101101 ,
b101101 W
b101101 {
b101101 |
b1011 j
b1011 \
b1011 '
b1011 v
b11010 k
b11010 ]
b11010 )
b11010 u
b101101 l
b101101 ^
b101101 +
b101101 t
b1 "
b1 O
b1 f
b1 o
b10 #
b10 P
b10 e
b10 n
b11 $
b11 Q
b11 d
b11 m
14
#69900
04
b100 ?
b100 c
b100 C
#69950
1X
b10 2
b10 Y
b10110 R
1S
11
1.
b1 L
b10000010 h
b1001 &
b1001 T
b1001 x
b1001 !"
b10111 (
b10111 U
b10111 y
b10111 ~
b100111 *
b100111 V
b100111 z
b100111 }
b111100 ,
b111100 W
b111100 {
b111100 |
b1001 i
b1001 [
b1001 %
b1001 w
b10110 j
b10110 \
b10110 '
b10110 v
b100111 k
b100111 ]
b100111 )
b100111 u
b111100 l
b111100 ^
b111100 +
b111100 t
b1 !
b1 N
b1 g
b1 p
b10 "
b10 O
b10 f
b10 o
b11 #
b11 P
b11 e
b11 n
b100 $
b100 Q
b100 d
b100 m
14
#70000
04
b101 ?
b101 c
b101 C
#70050
b0 2
b0 Y
0S
0X
b0 R
01
0.
b0 L
b10110010 h
b10010 &
b10010 T
b10010 x
b10010 !"
b100001 (
b100001 U
b100001 y
b100001 ~
b110100 *
b110100 V
b110100 z
b110100 }
b1001011 ,
b1001011 W
b1001011 {
b1001011 |
b10010 i
b10010 [
b10010 %
b10010 w
b100001 j
b100001 \
b100001 '
b100001 v
b110100 k
b110100 ]
b110100 )
b110100 u
b1001011 l
b1001011 ^
b1001011 +
b1001011 t
b10 !
b10 N
b10 g
b10 p
b11 "
b11 O
b11 f
b11 o
b100 #
b100 P
b100 e
b100 n
b101 $
b101 Q
b101 d
b101 m
14
#70100
04
b110 ?
b110 c
b110 C
#70150
1X
b10 2
b10 Y
b101100 R
1S
11
1.
b1 L
b11100010 h
b11011 &
b11011 T
b11011 x
b11011 !"
b101101 (
b101101 U
b101101 y
b101101 ~
b1000001 *
b1000001 V
b1000001 z
b1000001 }
b1011010 ,
b1011010 W
b1011010 {
b1011010 |
b11011 i
b11011 [
b11011 %
b11011 w
b101100 j
b101100 \
b101100 '
b101100 v
b1000001 k
b1000001 ]
b1000001 )
b1000001 u
b1011010 l
b1011010 ^
b1011010 +
b1011010 t
b11 !
b11 N
b11 g
b11 p
b100 "
b100 O
b100 f
b100 o
b101 #
b101 P
b101 e
b101 n
b110 $
b110 Q
b110 d
b110 m
14
#70200
04
b111 ?
b111 c
b111 C
#70250
b0 2
b0 Y
0S
0X
b0 R
01
0.
b0 L
b100010010 h
b100100 &
b100100 T
b100100 x
b100100 !"
b110111 (
b110111 U
b110111 y
b110111 ~
b1001110 *
b1001110 V
b1001110 z
b1001110 }
b1101001 ,
b1101001 W
b1101001 {
b1101001 |
b100100 i
b100100 [
b100100 %
b100100 w
b110111 j
b110111 \
b110111 '
b110111 v
b1001110 k
b1001110 ]
b1001110 )
b1001110 u
b1101001 l
b1101001 ^
b1101001 +
b1101001 t
b100 !
b100 N
b100 g
b100 p
b101 "
b101 O
b101 f
b101 o
b110 #
b110 P
b110 e
b110 n
b111 $
b111 Q
b111 d
b111 m
14
#70300
04
b1000 ?
b1000 c
b1000 C
#70350
1X
b10 2
b10 Y
b1000010 R
1S
11
1.
b1 L
b101000010 h
b101101 &
b101101 T
b101101 x
b101101 !"
b1000011 (
b1000011 U
b1000011 y
b1000011 ~
b1011011 *
b1011011 V
b1011011 z
b1011011 }
b1111000 ,
b1111000 W
b1111000 {
b1111000 |
b101101 i
b101101 [
b101101 %
b101101 w
b1000010 j
b1000010 \
b1000010 '
b1000010 v
b1011011 k
b1011011 ]
b1011011 )
b1011011 u
b1111000 l
b1111000 ^
b1111000 +
b1111000 t
b101 !
b101 N
b101 g
b101 p
b110 "
b110 O
b110 f
b110 o
b111 #
b111 P
b111 e
b111 n
b1000 $
b1000 Q
b1000 d
b1000 m
14
#70400
04
b1001 ?
b1001 c
b1001 C
#70450
b0 2
b0 Y
0S
0X
b0 R
01
0.
b0 L
b101110010 h
b110110 &
b110110 T
b110110 x
b110110 !"
b1001101 (
b1001101 U
b1001101 y
b1001101 ~
b1101000 *
b1101000 V
b1101000 z
b1101000 }
b10000111 ,
b10000111 W
b10000111 {
b10000111 |
b110110 i
b110110 [
b110110 %
b110110 w
b1001101 j
b1001101 \
b1001101 '
b1001101 v
b1101000 k
b1101000 ]
b1101000 )
b1101000 u
b10000111 l
b10000111 ^
b10000111 +
b10000111 t
b110 !
b110 N
b110 g
b110 p
b111 "
b111 O
b111 f
b111 o
b1000 #
b1000 P
b1000 e
b1000 n
b1001 $
b1001 Q
b1001 d
b1001 m
14
#70500
04
b1010 ?
b1010 c
b1010 C
#70550
1X
b10 2
b10 Y
b1011000 R
1S
11
1.
b1 L
b110100010 h
b111111 &
b111111 T
b111111 x
b111111 !"
b1011001 (
b1011001 U
b1011001 y
b1011001 ~
b1110101 *
b1110101 V
b1110101 z
b1110101 }
b10010110 ,
b10010110 W
b10010110 {
b10010110 |
b111111 i
b111111 [
b111111 %
b111111 w
b1011000 j
b1011000 \
b1011000 '
b1011000 v
b1110101 k
b1110101 ]
b1110101 )
b1110101 u
b10010110 l
b10010110 ^
b10010110 +
b10010110 t
b111 !
b111 N
b111 g
b111 p
b1000 "
b1000 O
b1000 f
b1000 o
b1001 #
b1001 P
b1001 e
b1001 n
b1010 $
b1010 Q
b1010 d
b1010 m
14
#70600
04
b1011 ?
b1011 c
b1011 C
#70650
b0 2
b0 Y
0S
0X
b0 R
01
0.
b0 L
b111010010 h
b1001000 &
b1001000 T
b1001000 x
b1001000 !"
b1100011 (
b1100011 U
b1100011 y
b1100011 ~
b10000010 *
b10000010 V
b10000010 z
b10000010 }
b10100101 ,
b10100101 W
b10100101 {
b10100101 |
b1001000 i
b1001000 [
b1001000 %
b1001000 w
b1100011 j
b1100011 \
b1100011 '
b1100011 v
b10000010 k
b10000010 ]
b10000010 )
b10000010 u
b10100101 l
b10100101 ^
b10100101 +
b10100101 t
b1000 !
b1000 N
b1000 g
b1000 p
b1001 "
b1001 O
b1001 f
b1001 o
b1010 #
b1010 P
b1010 e
b1010 n
b1011 $
b1011 Q
b1011 d
b1011 m
14
#70700
04
b1100 ?
b1100 c
b1100 C
#70750
1X
b10 2
b10 Y
b1101110 R
1S
11
1.
b1 L
b1000000010 h
b1010001 &
b1010001 T
b1010001 x
b1010001 !"
b1101111 (
b1101111 U
b1101111 y
b1101111 ~
b10001111 *
b10001111 V
b10001111 z
b10001111 }
b10110100 ,
b10110100 W
b10110100 {
b10110100 |
b1010001 i
b1010001 [
b1010001 %
b1010001 w
b1101110 j
b1101110 \
b1101110 '
b1101110 v
b10001111 k
b10001111 ]
b10001111 )
b10001111 u
b10110100 l
b10110100 ^
b10110100 +
b10110100 t
b1001 !
b1001 N
b1001 g
b1001 p
b1010 "
b1010 O
b1010 f
b1010 o
b1011 #
b1011 P
b1011 e
b1011 n
b1100 $
b1100 Q
b1100 d
b1100 m
14
#70800
04
b1101 ?
b1101 c
b1101 C
#70850
b0 2
b0 Y
0S
0X
b0 R
01
0.
b0 L
b1000110010 h
b1011010 &
b1011010 T
b1011010 x
b1011010 !"
b1111001 (
b1111001 U
b1111001 y
b1111001 ~
b10011100 *
b10011100 V
b10011100 z
b10011100 }
b11000011 ,
b11000011 W
b11000011 {
b11000011 |
b1011010 i
b1011010 [
b1011010 %
b1011010 w
b1111001 j
b1111001 \
b1111001 '
b1111001 v
b10011100 k
b10011100 ]
b10011100 )
b10011100 u
b11000011 l
b11000011 ^
b11000011 +
b11000011 t
b1010 !
b1010 N
b1010 g
b1010 p
b1011 "
b1011 O
b1011 f
b1011 o
b1100 #
b1100 P
b1100 e
b1100 n
b1101 $
b1101 Q
b1101 d
b1101 m
14
#70900
04
b1110 ?
b1110 c
b1110 C
#70950
1X
b10 2
b10 Y
b10000100 R
1S
11
1.
b1 L
b1001100010 h
b1100011 &
b1100011 T
b1100011 x
b1100011 !"
b10000101 (
b10000101 U
b10000101 y
b10000101 ~
b10101001 *
b10101001 V
b10101001 z
b10101001 }
b11010010 ,
b11010010 W
b11010010 {
b11010010 |
b1100011 i
b1100011 [
b1100011 %
b1100011 w
b10000100 j
b10000100 \
b10000100 '
b10000100 v
b10101001 k
b10101001 ]
b10101001 )
b10101001 u
b11010010 l
b11010010 ^
b11010010 +
b11010010 t
b1011 !
b1011 N
b1011 g
b1011 p
b1100 "
b1100 O
b1100 f
b1100 o
b1101 #
b1101 P
b1101 e
b1101 n
b1110 $
b1110 Q
b1110 d
b1110 m
14
#71000
04
b1111 ?
b1111 c
b1111 C
#71050
b0 2
b0 Y
0S
0X
b0 R
01
0.
b0 L
b1010010010 h
b1101100 &
b1101100 T
b1101100 x
b1101100 !"
b10001111 (
b10001111 U
b10001111 y
b10001111 ~
b10110110 *
b10110110 V
b10110110 z
b10110110 }
b11100001 ,
b11100001 W
b11100001 {
b11100001 |
b1101100 i
b1101100 [
b1101100 %
b1101100 w
b10001111 j
b10001111 \
b10001111 '
b10001111 v
b10110110 k
b10110110 ]
b10110110 )
b10110110 u
b11100001 l
b11100001 ^
b11100001 +
b11100001 t
b1100 !
b1100 N
b1100 g
b1100 p
b1101 "
b1101 O
b1101 f
b1101 o
b1110 #
b1110 P
b1110 e
b1110 n
b1111 $
b1111 Q
b1111 d
b1111 m
14
#71100
04
b10000 C
#71150
1X
b10 2
b10 Y
b10011010 R
1S
11
1.
b1 L
b1010110011 h
b1110101 &
b1110101 T
b1110101 x
b1110101 !"
b10011011 (
b10011011 U
b10011011 y
b10011011 ~
b11000011 *
b11000011 V
b11000011 z
b11000011 }
b1110101 i
b1110101 [
b1110101 %
b1110101 w
b10011010 j
b10011010 \
b10011010 '
b10011010 v
b11000011 k
b11000011 ]
b11000011 )
b11000011 u
b1101 !
b1101 N
b1101 g
b1101 p
b1110 "
b1110 O
b1110 f
b1110 o
b1111 #
b1111 P
b1111 e
b1111 n
14
#71200
04
#71250
b0 2
b0 Y
0S
0X
b0 R
01
b1011000111 h
0.
b0 L
b1111110 &
b1111110 T
b1111110 x
b1111110 !"
b10100101 (
b10100101 U
b10100101 y
b10100101 ~
b1111110 i
b1111110 [
b1111110 %
b1111110 w
b10100101 j
b10100101 \
b10100101 '
b10100101 v
b1110 !
b1110 N
b1110 g
b1110 p
b1111 "
b1111 O
b1111 f
b1111 o
14
#71300
04
#71350
b1011010000 h
b10000111 &
b10000111 T
b10000111 x
b10000111 !"
b10000111 i
b10000111 [
b10000111 %
b10000111 w
b1111 !
b1111 N
b1111 g
b1111 p
14
#71400
04
#71450
14
#71500
04
b0 ?
b0 c
1>
0=
07
b1 5
b1 q
b1 $"
b1 ""
b1 @
b1 8
b1 s
b100010 E
b100010 A
b100010 B
#71550
b0 h
b0 &
b0 T
b0 x
b0 !"
b0 (
b0 U
b0 y
b0 ~
b0 *
b0 V
b0 z
b0 }
b0 ,
b0 W
b0 {
b0 |
b0 i
b0 [
b0 %
b0 w
b0 j
b0 \
b0 '
b0 v
b0 k
b0 ]
b0 )
b0 u
b0 l
b0 ^
b0 +
b0 t
b0 !
b0 N
b0 g
b0 p
b0 "
b0 O
b0 f
b0 o
b0 #
b0 P
b0 e
b0 n
b0 $
b0 Q
b0 d
b0 m
14
#71600
04
b0 C
0>
#71650
14
#71700
04
b1 ?
b1 c
b1 C
#71750
b1111 h
b1111 ,
b1111 W
b1111 {
b1111 |
b1111 l
b1111 ^
b1111 +
b1111 t
b1 $
b1 Q
b1 d
b1 m
14
#71800
04
b10 ?
b10 c
b10 C
#71850
b101011 h
b1101 *
b1101 V
b1101 z
b1101 }
b11110 ,
b11110 W
b11110 {
b11110 |
b1101 k
b1101 ]
b1101 )
b1101 u
b11110 l
b11110 ^
b11110 +
b11110 t
b1 #
b1 P
b1 e
b1 n
b10 $
b10 Q
b10 d
b10 m
14
#71900
04
b11 ?
b11 c
b11 C
#71950
b1 3
b1 Z
b10 2
b10 Y
b1011 R
0S
11
1.
b10 L
b1010010 h
b1001 (
b1001 U
b1001 y
b1001 ~
b11010 *
b11010 V
b11010 z
b11010 }
b101101 ,
b101101 W
b101101 {
b101101 |
b1011 j
b1011 \
b1011 '
b1011 v
b11010 k
b11010 ]
b11010 )
b11010 u
b101101 l
b101101 ^
b101101 +
b101101 t
b1 "
b1 O
b1 f
b1 o
b10 #
b10 P
b10 e
b10 n
b11 $
b11 Q
b11 d
b11 m
14
#72000
04
b100 ?
b100 c
b100 C
1=
17
#72050
b10110 R
b10000010 h
b1001 &
b1001 T
b1001 x
b1001 !"
b10100 (
b10100 U
b10100 y
b10100 ~
b100111 *
b100111 V
b100111 z
b100111 }
b111100 ,
b111100 W
b111100 {
b111100 |
b1001 i
b1001 [
b1001 %
b1001 w
b10110 j
b10110 \
b10110 '
b10110 v
b100111 k
b100111 ]
b100111 )
b100111 u
b111100 l
b111100 ^
b111100 +
b111100 t
b1 !
b1 N
b1 g
b1 p
b10 "
b10 O
b10 f
b10 o
b11 #
b11 P
b11 e
b11 n
b100 $
b100 Q
b100 d
b100 m
14
#72100
04
b101 ?
b101 c
b101 C
#72150
b0 2
b0 Y
b0 3
b0 Z
b0 R
01
0.
b0 L
b10110010 h
b10010 &
b10010 T
b10010 x
b10010 !"
b100001 (
b100001 U
b100001 y
b100001 ~
b110100 *
b110100 V
b110100 z
b110100 }
b1001011 ,
b1001011 W
b1001011 {
b1001011 |
b10010 i
b10010 [
b10010 %
b10010 w
b100001 j
b100001 \
b100001 '
b100001 v
b110100 k
b110100 ]
b110100 )
b110100 u
b1001011 l
b1001011 ^
b1001011 +
b1001011 t
b10 !
b10 N
b10 g
b10 p
b11 "
b11 O
b11 f
b11 o
b100 #
b100 P
b100 e
b100 n
b101 $
b101 Q
b101 d
b101 m
14
#72200
04
b110 ?
b110 c
b110 C
#72250
b11100010 h
b11011 &
b11011 T
b11011 x
b11011 !"
b101100 (
b101100 U
b101100 y
b101100 ~
b1000001 *
b1000001 V
b1000001 z
b1000001 }
b1011010 ,
b1011010 W
b1011010 {
b1011010 |
b11011 i
b11011 [
b11011 %
b11011 w
b101100 j
b101100 \
b101100 '
b101100 v
b1000001 k
b1000001 ]
b1000001 )
b1000001 u
b1011010 l
b1011010 ^
b1011010 +
b1011010 t
b11 !
b11 N
b11 g
b11 p
b100 "
b100 O
b100 f
b100 o
b101 #
b101 P
b101 e
b101 n
b110 $
b110 Q
b110 d
b110 m
14
#72300
04
b111 ?
b111 c
b111 C
#72350
b1 3
b1 Z
b10 2
b10 Y
b110111 R
0S
11
1.
b10 L
b100010010 h
b100100 &
b100100 T
b100100 x
b100100 !"
b110101 (
b110101 U
b110101 y
b110101 ~
b1001110 *
b1001110 V
b1001110 z
b1001110 }
b1101001 ,
b1101001 W
b1101001 {
b1101001 |
b100100 i
b100100 [
b100100 %
b100100 w
b110111 j
b110111 \
b110111 '
b110111 v
b1001110 k
b1001110 ]
b1001110 )
b1001110 u
b1101001 l
b1101001 ^
b1101001 +
b1101001 t
b100 !
b100 N
b100 g
b100 p
b101 "
b101 O
b101 f
b101 o
b110 #
b110 P
b110 e
b110 n
b111 $
b111 Q
b111 d
b111 m
14
#72400
04
b1000 ?
b1000 c
b1000 C
#72450
b1000010 R
b101000010 h
b101101 &
b101101 T
b101101 x
b101101 !"
b1000000 (
b1000000 U
b1000000 y
b1000000 ~
b1011011 *
b1011011 V
b1011011 z
b1011011 }
b1111000 ,
b1111000 W
b1111000 {
b1111000 |
b101101 i
b101101 [
b101101 %
b101101 w
b1000010 j
b1000010 \
b1000010 '
b1000010 v
b1011011 k
b1011011 ]
b1011011 )
b1011011 u
b1111000 l
b1111000 ^
b1111000 +
b1111000 t
b101 !
b101 N
b101 g
b101 p
b110 "
b110 O
b110 f
b110 o
b111 #
b111 P
b111 e
b111 n
b1000 $
b1000 Q
b1000 d
b1000 m
14
#72500
04
b1001 ?
b1001 c
b1001 C
#72550
b0 2
b0 Y
b0 3
b0 Z
b0 R
01
0.
b0 L
b101110010 h
b110110 &
b110110 T
b110110 x
b110110 !"
b1001101 (
b1001101 U
b1001101 y
b1001101 ~
b1101000 *
b1101000 V
b1101000 z
b1101000 }
b10000111 ,
b10000111 W
b10000111 {
b10000111 |
b110110 i
b110110 [
b110110 %
b110110 w
b1001101 j
b1001101 \
b1001101 '
b1001101 v
b1101000 k
b1101000 ]
b1101000 )
b1101000 u
b10000111 l
b10000111 ^
b10000111 +
b10000111 t
b110 !
b110 N
b110 g
b110 p
b111 "
b111 O
b111 f
b111 o
b1000 #
b1000 P
b1000 e
b1000 n
b1001 $
b1001 Q
b1001 d
b1001 m
14
#72600
04
b1010 ?
b1010 c
b1010 C
#72650
b110100010 h
b111111 &
b111111 T
b111111 x
b111111 !"
b1011000 (
b1011000 U
b1011000 y
b1011000 ~
b1110101 *
b1110101 V
b1110101 z
b1110101 }
b10010110 ,
b10010110 W
b10010110 {
b10010110 |
b111111 i
b111111 [
b111111 %
b111111 w
b1011000 j
b1011000 \
b1011000 '
b1011000 v
b1110101 k
b1110101 ]
b1110101 )
b1110101 u
b10010110 l
b10010110 ^
b10010110 +
b10010110 t
b111 !
b111 N
b111 g
b111 p
b1000 "
b1000 O
b1000 f
b1000 o
b1001 #
b1001 P
b1001 e
b1001 n
b1010 $
b1010 Q
b1010 d
b1010 m
14
#72700
04
b1011 ?
b1011 c
b1011 C
#72750
b1 3
b1 Z
b10 2
b10 Y
b1100011 R
0S
11
1.
b10 L
b111010010 h
b1001000 &
b1001000 T
b1001000 x
b1001000 !"
b1100001 (
b1100001 U
b1100001 y
b1100001 ~
b10000010 *
b10000010 V
b10000010 z
b10000010 }
b10100101 ,
b10100101 W
b10100101 {
b10100101 |
b1001000 i
b1001000 [
b1001000 %
b1001000 w
b1100011 j
b1100011 \
b1100011 '
b1100011 v
b10000010 k
b10000010 ]
b10000010 )
b10000010 u
b10100101 l
b10100101 ^
b10100101 +
b10100101 t
b1000 !
b1000 N
b1000 g
b1000 p
b1001 "
b1001 O
b1001 f
b1001 o
b1010 #
b1010 P
b1010 e
b1010 n
b1011 $
b1011 Q
b1011 d
b1011 m
14
#72800
04
b1100 ?
b1100 c
b1100 C
#72850
b1101110 R
b1000000010 h
b1010001 &
b1010001 T
b1010001 x
b1010001 !"
b1101100 (
b1101100 U
b1101100 y
b1101100 ~
b10001111 *
b10001111 V
b10001111 z
b10001111 }
b10110100 ,
b10110100 W
b10110100 {
b10110100 |
b1010001 i
b1010001 [
b1010001 %
b1010001 w
b1101110 j
b1101110 \
b1101110 '
b1101110 v
b10001111 k
b10001111 ]
b10001111 )
b10001111 u
b10110100 l
b10110100 ^
b10110100 +
b10110100 t
b1001 !
b1001 N
b1001 g
b1001 p
b1010 "
b1010 O
b1010 f
b1010 o
b1011 #
b1011 P
b1011 e
b1011 n
b1100 $
b1100 Q
b1100 d
b1100 m
14
#72900
04
b1101 ?
b1101 c
b1101 C
#72950
b0 2
b0 Y
b0 3
b0 Z
b0 R
01
0.
b0 L
b1000110010 h
b1011010 &
b1011010 T
b1011010 x
b1011010 !"
b1111001 (
b1111001 U
b1111001 y
b1111001 ~
b10011100 *
b10011100 V
b10011100 z
b10011100 }
b11000011 ,
b11000011 W
b11000011 {
b11000011 |
b1011010 i
b1011010 [
b1011010 %
b1011010 w
b1111001 j
b1111001 \
b1111001 '
b1111001 v
b10011100 k
b10011100 ]
b10011100 )
b10011100 u
b11000011 l
b11000011 ^
b11000011 +
b11000011 t
b1010 !
b1010 N
b1010 g
b1010 p
b1011 "
b1011 O
b1011 f
b1011 o
b1100 #
b1100 P
b1100 e
b1100 n
b1101 $
b1101 Q
b1101 d
b1101 m
14
#73000
04
b1110 ?
b1110 c
b1110 C
#73050
b1001100010 h
b1100011 &
b1100011 T
b1100011 x
b1100011 !"
b10000100 (
b10000100 U
b10000100 y
b10000100 ~
b10101001 *
b10101001 V
b10101001 z
b10101001 }
b11010010 ,
b11010010 W
b11010010 {
b11010010 |
b1100011 i
b1100011 [
b1100011 %
b1100011 w
b10000100 j
b10000100 \
b10000100 '
b10000100 v
b10101001 k
b10101001 ]
b10101001 )
b10101001 u
b11010010 l
b11010010 ^
b11010010 +
b11010010 t
b1011 !
b1011 N
b1011 g
b1011 p
b1100 "
b1100 O
b1100 f
b1100 o
b1101 #
b1101 P
b1101 e
b1101 n
b1110 $
b1110 Q
b1110 d
b1110 m
14
#73100
04
b1111 ?
b1111 c
b1111 C
#73150
b1 3
b1 Z
b10 2
b10 Y
b10001111 R
0S
11
1.
b10 L
b1010010010 h
b1101100 &
b1101100 T
b1101100 x
b1101100 !"
b10001101 (
b10001101 U
b10001101 y
b10001101 ~
b10110110 *
b10110110 V
b10110110 z
b10110110 }
b11100001 ,
b11100001 W
b11100001 {
b11100001 |
b1101100 i
b1101100 [
b1101100 %
b1101100 w
b10001111 j
b10001111 \
b10001111 '
b10001111 v
b10110110 k
b10110110 ]
b10110110 )
b10110110 u
b11100001 l
b11100001 ^
b11100001 +
b11100001 t
b1100 !
b1100 N
b1100 g
b1100 p
b1101 "
b1101 O
b1101 f
b1101 o
b1110 #
b1110 P
b1110 e
b1110 n
b1111 $
b1111 Q
b1111 d
b1111 m
14
#73200
04
b10000 C
#73250
b10011010 R
b1010110011 h
b1110101 &
b1110101 T
b1110101 x
b1110101 !"
b10011000 (
b10011000 U
b10011000 y
b10011000 ~
b11000011 *
b11000011 V
b11000011 z
b11000011 }
b1110101 i
b1110101 [
b1110101 %
b1110101 w
b10011010 j
b10011010 \
b10011010 '
b10011010 v
b11000011 k
b11000011 ]
b11000011 )
b11000011 u
b1101 !
b1101 N
b1101 g
b1101 p
b1110 "
b1110 O
b1110 f
b1110 o
b1111 #
b1111 P
b1111 e
b1111 n
14
#73300
04
#73350
b0 2
b0 Y
b0 3
b0 Z
b0 R
01
b1011000111 h
0.
b0 L
b1111110 &
b1111110 T
b1111110 x
b1111110 !"
b10100101 (
b10100101 U
b10100101 y
b10100101 ~
b1111110 i
b1111110 [
b1111110 %
b1111110 w
b10100101 j
b10100101 \
b10100101 '
b10100101 v
b1110 !
b1110 N
b1110 g
b1110 p
b1111 "
b1111 O
b1111 f
b1111 o
14
#73400
04
#73450
b1011010000 h
b10000111 &
b10000111 T
b10000111 x
b10000111 !"
b10000111 i
b10000111 [
b10000111 %
b10000111 w
b1111 !
b1111 N
b1111 g
b1111 p
14
#73500
04
#73550
14
#73600
1X
b1 3
b1 Z
b10 2
b10 Y
b10100101 R
1S
11
1.
b10 L
b10100111 (
b10100111 U
b10100111 y
b10100111 ~
04
b0 ?
b0 c
1>
0=
07
b10 $"
b10 8
b10 s
b100011 E
b100011 A
b100011 B
#73650
b0 R
b0 h
b0 &
b0 T
b0 x
b0 !"
b10 (
b10 U
b10 y
b10 ~
b0 *
b0 V
b0 z
b0 }
b0 ,
b0 W
b0 {
b0 |
b0 i
b0 [
b0 %
b0 w
b0 j
b0 \
b0 '
b0 v
b0 k
b0 ]
b0 )
b0 u
b0 l
b0 ^
b0 +
b0 t
b0 !
b0 N
b0 g
b0 p
b0 "
b0 O
b0 f
b0 o
b0 #
b0 P
b0 e
b0 n
b0 $
b0 Q
b0 d
b0 m
14
#73700
04
b0 C
0>
#73750
14
#73800
04
b1 ?
b1 c
b1 C
1=
17
#73850
b1111 h
b10 (
b10 U
b10 y
b10 ~
b1111 ,
b1111 W
b1111 {
b1111 |
b1111 l
b1111 ^
b1111 +
b1111 t
b1 $
b1 Q
b1 d
b1 m
14
#73900
04
b10 ?
b10 c
b10 C
#73950
b101011 h
b10 (
b10 U
b10 y
b10 ~
b1101 *
b1101 V
b1101 z
b1101 }
b11110 ,
b11110 W
b11110 {
b11110 |
b1101 k
b1101 ]
b1101 )
b1101 u
b11110 l
b11110 ^
b11110 +
b11110 t
b1 #
b1 P
b1 e
b1 n
b10 $
b10 Q
b10 d
b10 m
14
#74000
04
b11 ?
b11 c
b11 C
#74050
b0 2
b0 Y
b0 3
b0 Z
0S
0X
01
0.
b0 L
b1010010 h
b1011 (
b1011 U
b1011 y
b1011 ~
b11010 *
b11010 V
b11010 z
b11010 }
b101101 ,
b101101 W
b101101 {
b101101 |
b1011 j
b1011 \
b1011 '
b1011 v
b11010 k
b11010 ]
b11010 )
b11010 u
b101101 l
b101101 ^
b101101 +
b101101 t
b1 "
b1 O
b1 f
b1 o
b10 #
b10 P
b10 e
b10 n
b11 $
b11 Q
b11 d
b11 m
14
#74100
04
b100 ?
b100 c
b100 C
#74150
b10000010 h
b1001 &
b1001 T
b1001 x
b1001 !"
b10110 (
b10110 U
b10110 y
b10110 ~
b100111 *
b100111 V
b100111 z
b100111 }
b111100 ,
b111100 W
b111100 {
b111100 |
b1001 i
b1001 [
b1001 %
b1001 w
b10110 j
b10110 \
b10110 '
b10110 v
b100111 k
b100111 ]
b100111 )
b100111 u
b111100 l
b111100 ^
b111100 +
b111100 t
b1 !
b1 N
b1 g
b1 p
b10 "
b10 O
b10 f
b10 o
b11 #
b11 P
b11 e
b11 n
b100 $
b100 Q
b100 d
b100 m
14
#74200
04
b101 ?
b101 c
b101 C
#74250
1X
b1 3
b1 Z
b10 2
b10 Y
b100001 R
1S
11
1.
b10 L
b10110010 h
b10010 &
b10010 T
b10010 x
b10010 !"
b100011 (
b100011 U
b100011 y
b100011 ~
b110100 *
b110100 V
b110100 z
b110100 }
b1001011 ,
b1001011 W
b1001011 {
b1001011 |
b10010 i
b10010 [
b10010 %
b10010 w
b100001 j
b100001 \
b100001 '
b100001 v
b110100 k
b110100 ]
b110100 )
b110100 u
b1001011 l
b1001011 ^
b1001011 +
b1001011 t
b10 !
b10 N
b10 g
b10 p
b11 "
b11 O
b11 f
b11 o
b100 #
b100 P
b100 e
b100 n
b101 $
b101 Q
b101 d
b101 m
14
#74300
04
b110 ?
b110 c
b110 C
#74350
b101100 R
b11100010 h
b11011 &
b11011 T
b11011 x
b11011 !"
b101110 (
b101110 U
b101110 y
b101110 ~
b1000001 *
b1000001 V
b1000001 z
b1000001 }
b1011010 ,
b1011010 W
b1011010 {
b1011010 |
b11011 i
b11011 [
b11011 %
b11011 w
b101100 j
b101100 \
b101100 '
b101100 v
b1000001 k
b1000001 ]
b1000001 )
b1000001 u
b1011010 l
b1011010 ^
b1011010 +
b1011010 t
b11 !
b11 N
b11 g
b11 p
b100 "
b100 O
b100 f
b100 o
b101 #
b101 P
b101 e
b101 n
b110 $
b110 Q
b110 d
b110 m
14
#74400
04
b111 ?
b111 c
b111 C
#74450
b0 2
b0 Y
b0 3
b0 Z
0S
0X
b0 R
01
0.
b0 L
b100010010 h
b100100 &
b100100 T
b100100 x
b100100 !"
b110111 (
b110111 U
b110111 y
b110111 ~
b1001110 *
b1001110 V
b1001110 z
b1001110 }
b1101001 ,
b1101001 W
b1101001 {
b1101001 |
b100100 i
b100100 [
b100100 %
b100100 w
b110111 j
b110111 \
b110111 '
b110111 v
b1001110 k
b1001110 ]
b1001110 )
b1001110 u
b1101001 l
b1101001 ^
b1101001 +
b1101001 t
b100 !
b100 N
b100 g
b100 p
b101 "
b101 O
b101 f
b101 o
b110 #
b110 P
b110 e
b110 n
b111 $
b111 Q
b111 d
b111 m
14
#74500
04
b1000 ?
b1000 c
b1000 C
#74550
b101000010 h
b101101 &
b101101 T
b101101 x
b101101 !"
b1000010 (
b1000010 U
b1000010 y
b1000010 ~
b1011011 *
b1011011 V
b1011011 z
b1011011 }
b1111000 ,
b1111000 W
b1111000 {
b1111000 |
b101101 i
b101101 [
b101101 %
b101101 w
b1000010 j
b1000010 \
b1000010 '
b1000010 v
b1011011 k
b1011011 ]
b1011011 )
b1011011 u
b1111000 l
b1111000 ^
b1111000 +
b1111000 t
b101 !
b101 N
b101 g
b101 p
b110 "
b110 O
b110 f
b110 o
b111 #
b111 P
b111 e
b111 n
b1000 $
b1000 Q
b1000 d
b1000 m
14
#74600
04
b1001 ?
b1001 c
b1001 C
#74650
1X
b1 3
b1 Z
b10 2
b10 Y
b1001101 R
1S
11
1.
b10 L
b101110010 h
b110110 &
b110110 T
b110110 x
b110110 !"
b1001111 (
b1001111 U
b1001111 y
b1001111 ~
b1101000 *
b1101000 V
b1101000 z
b1101000 }
b10000111 ,
b10000111 W
b10000111 {
b10000111 |
b110110 i
b110110 [
b110110 %
b110110 w
b1001101 j
b1001101 \
b1001101 '
b1001101 v
b1101000 k
b1101000 ]
b1101000 )
b1101000 u
b10000111 l
b10000111 ^
b10000111 +
b10000111 t
b110 !
b110 N
b110 g
b110 p
b111 "
b111 O
b111 f
b111 o
b1000 #
b1000 P
b1000 e
b1000 n
b1001 $
b1001 Q
b1001 d
b1001 m
14
#74700
04
b1010 ?
b1010 c
b1010 C
#74750
b1011000 R
b110100010 h
b111111 &
b111111 T
b111111 x
b111111 !"
b1011010 (
b1011010 U
b1011010 y
b1011010 ~
b1110101 *
b1110101 V
b1110101 z
b1110101 }
b10010110 ,
b10010110 W
b10010110 {
b10010110 |
b111111 i
b111111 [
b111111 %
b111111 w
b1011000 j
b1011000 \
b1011000 '
b1011000 v
b1110101 k
b1110101 ]
b1110101 )
b1110101 u
b10010110 l
b10010110 ^
b10010110 +
b10010110 t
b111 !
b111 N
b111 g
b111 p
b1000 "
b1000 O
b1000 f
b1000 o
b1001 #
b1001 P
b1001 e
b1001 n
b1010 $
b1010 Q
b1010 d
b1010 m
14
#74800
04
b1011 ?
b1011 c
b1011 C
#74850
b0 2
b0 Y
b0 3
b0 Z
0S
0X
b0 R
01
0.
b0 L
b111010010 h
b1001000 &
b1001000 T
b1001000 x
b1001000 !"
b1100011 (
b1100011 U
b1100011 y
b1100011 ~
b10000010 *
b10000010 V
b10000010 z
b10000010 }
b10100101 ,
b10100101 W
b10100101 {
b10100101 |
b1001000 i
b1001000 [
b1001000 %
b1001000 w
b1100011 j
b1100011 \
b1100011 '
b1100011 v
b10000010 k
b10000010 ]
b10000010 )
b10000010 u
b10100101 l
b10100101 ^
b10100101 +
b10100101 t
b1000 !
b1000 N
b1000 g
b1000 p
b1001 "
b1001 O
b1001 f
b1001 o
b1010 #
b1010 P
b1010 e
b1010 n
b1011 $
b1011 Q
b1011 d
b1011 m
14
#74900
04
b1100 ?
b1100 c
b1100 C
#74950
b1000000010 h
b1010001 &
b1010001 T
b1010001 x
b1010001 !"
b1101110 (
b1101110 U
b1101110 y
b1101110 ~
b10001111 *
b10001111 V
b10001111 z
b10001111 }
b10110100 ,
b10110100 W
b10110100 {
b10110100 |
b1010001 i
b1010001 [
b1010001 %
b1010001 w
b1101110 j
b1101110 \
b1101110 '
b1101110 v
b10001111 k
b10001111 ]
b10001111 )
b10001111 u
b10110100 l
b10110100 ^
b10110100 +
b10110100 t
b1001 !
b1001 N
b1001 g
b1001 p
b1010 "
b1010 O
b1010 f
b1010 o
b1011 #
b1011 P
b1011 e
b1011 n
b1100 $
b1100 Q
b1100 d
b1100 m
14
#75000
04
b1101 ?
b1101 c
b1101 C
#75050
1X
b1 3
b1 Z
b10 2
b10 Y
b1111001 R
1S
11
1.
b10 L
b1000110010 h
b1011010 &
b1011010 T
b1011010 x
b1011010 !"
b1111011 (
b1111011 U
b1111011 y
b1111011 ~
b10011100 *
b10011100 V
b10011100 z
b10011100 }
b11000011 ,
b11000011 W
b11000011 {
b11000011 |
b1011010 i
b1011010 [
b1011010 %
b1011010 w
b1111001 j
b1111001 \
b1111001 '
b1111001 v
b10011100 k
b10011100 ]
b10011100 )
b10011100 u
b11000011 l
b11000011 ^
b11000011 +
b11000011 t
b1010 !
b1010 N
b1010 g
b1010 p
b1011 "
b1011 O
b1011 f
b1011 o
b1100 #
b1100 P
b1100 e
b1100 n
b1101 $
b1101 Q
b1101 d
b1101 m
14
#75100
04
b1110 ?
b1110 c
b1110 C
#75150
b10000100 R
b1001100010 h
b1100011 &
b1100011 T
b1100011 x
b1100011 !"
b10000110 (
b10000110 U
b10000110 y
b10000110 ~
b10101001 *
b10101001 V
b10101001 z
b10101001 }
b11010010 ,
b11010010 W
b11010010 {
b11010010 |
b1100011 i
b1100011 [
b1100011 %
b1100011 w
b10000100 j
b10000100 \
b10000100 '
b10000100 v
b10101001 k
b10101001 ]
b10101001 )
b10101001 u
b11010010 l
b11010010 ^
b11010010 +
b11010010 t
b1011 !
b1011 N
b1011 g
b1011 p
b1100 "
b1100 O
b1100 f
b1100 o
b1101 #
b1101 P
b1101 e
b1101 n
b1110 $
b1110 Q
b1110 d
b1110 m
14
#75200
04
b1111 ?
b1111 c
b1111 C
#75250
b0 2
b0 Y
b0 3
b0 Z
0S
0X
b0 R
01
0.
b0 L
b1010010010 h
b1101100 &
b1101100 T
b1101100 x
b1101100 !"
b10001111 (
b10001111 U
b10001111 y
b10001111 ~
b10110110 *
b10110110 V
b10110110 z
b10110110 }
b11100001 ,
b11100001 W
b11100001 {
b11100001 |
b1101100 i
b1101100 [
b1101100 %
b1101100 w
b10001111 j
b10001111 \
b10001111 '
b10001111 v
b10110110 k
b10110110 ]
b10110110 )
b10110110 u
b11100001 l
b11100001 ^
b11100001 +
b11100001 t
b1100 !
b1100 N
b1100 g
b1100 p
b1101 "
b1101 O
b1101 f
b1101 o
b1110 #
b1110 P
b1110 e
b1110 n
b1111 $
b1111 Q
b1111 d
b1111 m
14
#75300
04
b10000 C
#75350
b1010110011 h
b1110101 &
b1110101 T
b1110101 x
b1110101 !"
b10011010 (
b10011010 U
b10011010 y
b10011010 ~
b11000011 *
b11000011 V
b11000011 z
b11000011 }
b1110101 i
b1110101 [
b1110101 %
b1110101 w
b10011010 j
b10011010 \
b10011010 '
b10011010 v
b11000011 k
b11000011 ]
b11000011 )
b11000011 u
b1101 !
b1101 N
b1101 g
b1101 p
b1110 "
b1110 O
b1110 f
b1110 o
b1111 #
b1111 P
b1111 e
b1111 n
14
#75400
04
#75450
1X
b1 3
b1 Z
b10 2
b10 Y
b10100101 R
1S
11
b1011000111 h
1.
b10 L
b1111110 &
b1111110 T
b1111110 x
b1111110 !"
b10100111 (
b10100111 U
b10100111 y
b10100111 ~
b1111110 i
b1111110 [
b1111110 %
b1111110 w
b10100101 j
b10100101 \
b10100101 '
b10100101 v
b1110 !
b1110 N
b1110 g
b1110 p
b1111 "
b1111 O
b1111 f
b1111 o
14
#75500
04
#75550
b1011010000 h
b10000111 &
b10000111 T
b10000111 x
b10000111 !"
b10100111 (
b10100111 U
b10100111 y
b10100111 ~
b10000111 i
b10000111 [
b10000111 %
b10000111 w
b1111 !
b1111 N
b1111 g
b1111 p
14
#75600
04
#75650
14
#75700
b10 3
b10 Z
0X
0S
b100 L
b10100001 (
b10100001 U
b10100001 y
b10100001 ~
04
b0 ?
b0 c
1>
0=
07
b10 5
b10 q
b1 $"
b10 ""
b10 @
b1 8
b1 s
b100100 E
b100100 A
b100100 B
#75750
b0 2
b0 Y
b0 3
b0 Z
b0 R
01
0.
b0 L
b0 h
b0 &
b0 T
b0 x
b0 !"
b0 (
b0 U
b0 y
b0 ~
b0 *
b0 V
b0 z
b0 }
b0 ,
b0 W
b0 {
b0 |
b0 i
b0 [
b0 %
b0 w
b0 j
b0 \
b0 '
b0 v
b0 k
b0 ]
b0 )
b0 u
b0 l
b0 ^
b0 +
b0 t
b0 !
b0 N
b0 g
b0 p
b0 "
b0 O
b0 f
b0 o
b0 #
b0 P
b0 e
b0 n
b0 $
b0 Q
b0 d
b0 m
14
#75800
04
b0 C
0>
#75850
14
#75900
04
b1 ?
b1 c
b1 C
#75950
b1111 h
b1111 ,
b1111 W
b1111 {
b1111 |
b1111 l
b1111 ^
b1111 +
b1111 t
b1 $
b1 Q
b1 d
b1 m
14
#76000
04
b10 ?
b10 c
b10 C
#76050
b101011 h
b1101 *
b1101 V
b1101 z
b1101 }
b11110 ,
b11110 W
b11110 {
b11110 |
b1101 k
b1101 ]
b1101 )
b1101 u
b11110 l
b11110 ^
b11110 +
b11110 t
b1 #
b1 P
b1 e
b1 n
b10 $
b10 Q
b10 d
b10 m
14
#76100
04
b11 ?
b11 c
b11 C
#76150
b1010010 h
b1011 (
b1011 U
b1011 y
b1011 ~
b11010 *
b11010 V
b11010 z
b11010 }
b101101 ,
b101101 W
b101101 {
b101101 |
b1011 j
b1011 \
b1011 '
b1011 v
b11010 k
b11010 ]
b11010 )
b11010 u
b101101 l
b101101 ^
b101101 +
b101101 t
b1 "
b1 O
b1 f
b1 o
b10 #
b10 P
b10 e
b10 n
b11 $
b11 Q
b11 d
b11 m
14
#76200
04
b100 ?
b100 c
b100 C
#76250
b10 3
b10 Z
b10 2
b10 Y
b10110 R
11
1.
b100 L
b10000010 h
b1001 &
b1001 T
b1001 x
b1001 !"
b10010 (
b10010 U
b10010 y
b10010 ~
b100111 *
b100111 V
b100111 z
b100111 }
b111100 ,
b111100 W
b111100 {
b111100 |
b1001 i
b1001 [
b1001 %
b1001 w
b10110 j
b10110 \
b10110 '
b10110 v
b100111 k
b100111 ]
b100111 )
b100111 u
b111100 l
b111100 ^
b111100 +
b111100 t
b1 !
b1 N
b1 g
b1 p
b10 "
b10 O
b10 f
b10 o
b11 #
b11 P
b11 e
b11 n
b100 $
b100 Q
b100 d
b100 m
14
#76300
04
b101 ?
b101 c
b101 C
1=
17
#76350
b0 2
b0 Y
b0 3
b0 Z
b0 R
01
0.
b0 L
b10110010 h
b10010 &
b10010 T
b10010 x
b10010 !"
b100001 (
b100001 U
b100001 y
b100001 ~
b110100 *
b110100 V
b110100 z
b110100 }
b1001011 ,
b1001011 W
b1001011 {
b1001011 |
b10010 i
b10010 [
b10010 %
b10010 w
b100001 j
b100001 \
b100001 '
b100001 v
b110100 k
b110100 ]
b110100 )
b110100 u
b1001011 l
b1001011 ^
b1001011 +
b1001011 t
b10 !
b10 N
b10 g
b10 p
b11 "
b11 O
b11 f
b11 o
b100 #
b100 P
b100 e
b100 n
b101 $
b101 Q
b101 d
b101 m
14
#76400
04
b110 ?
b110 c
b110 C
#76450
b10 3
b10 Z
b10 2
b10 Y
b101100 R
11
1.
b100 L
b11100010 h
b11011 &
b11011 T
b11011 x
b11011 !"
b101000 (
b101000 U
b101000 y
b101000 ~
b1000001 *
b1000001 V
b1000001 z
b1000001 }
b1011010 ,
b1011010 W
b1011010 {
b1011010 |
b11011 i
b11011 [
b11011 %
b11011 w
b101100 j
b101100 \
b101100 '
b101100 v
b1000001 k
b1000001 ]
b1000001 )
b1000001 u
b1011010 l
b1011010 ^
b1011010 +
b1011010 t
b11 !
b11 N
b11 g
b11 p
b100 "
b100 O
b100 f
b100 o
b101 #
b101 P
b101 e
b101 n
b110 $
b110 Q
b110 d
b110 m
14
#76500
04
b111 ?
b111 c
b111 C
#76550
b110111 R
b100010010 h
b100100 &
b100100 T
b100100 x
b100100 !"
b110011 (
b110011 U
b110011 y
b110011 ~
b1001110 *
b1001110 V
b1001110 z
b1001110 }
b1101001 ,
b1101001 W
b1101001 {
b1101001 |
b100100 i
b100100 [
b100100 %
b100100 w
b110111 j
b110111 \
b110111 '
b110111 v
b1001110 k
b1001110 ]
b1001110 )
b1001110 u
b1101001 l
b1101001 ^
b1101001 +
b1101001 t
b100 !
b100 N
b100 g
b100 p
b101 "
b101 O
b101 f
b101 o
b110 #
b110 P
b110 e
b110 n
b111 $
b111 Q
b111 d
b111 m
14
#76600
04
b1000 ?
b1000 c
b1000 C
#76650
b0 2
b0 Y
b0 3
b0 Z
b0 R
01
0.
b0 L
b101000010 h
b101101 &
b101101 T
b101101 x
b101101 !"
b1000010 (
b1000010 U
b1000010 y
b1000010 ~
b1011011 *
b1011011 V
b1011011 z
b1011011 }
b1111000 ,
b1111000 W
b1111000 {
b1111000 |
b101101 i
b101101 [
b101101 %
b101101 w
b1000010 j
b1000010 \
b1000010 '
b1000010 v
b1011011 k
b1011011 ]
b1011011 )
b1011011 u
b1111000 l
b1111000 ^
b1111000 +
b1111000 t
b101 !
b101 N
b101 g
b101 p
b110 "
b110 O
b110 f
b110 o
b111 #
b111 P
b111 e
b111 n
b1000 $
b1000 Q
b1000 d
b1000 m
14
#76700
04
b1001 ?
b1001 c
b1001 C
#76750
b10 3
b10 Z
b10 2
b10 Y
b1001101 R
0S
11
1.
b100 L
b101110010 h
b110110 &
b110110 T
b110110 x
b110110 !"
b1001001 (
b1001001 U
b1001001 y
b1001001 ~
b1101000 *
b1101000 V
b1101000 z
b1101000 }
b10000111 ,
b10000111 W
b10000111 {
b10000111 |
b110110 i
b110110 [
b110110 %
b110110 w
b1001101 j
b1001101 \
b1001101 '
b1001101 v
b1101000 k
b1101000 ]
b1101000 )
b1101000 u
b10000111 l
b10000111 ^
b10000111 +
b10000111 t
b110 !
b110 N
b110 g
b110 p
b111 "
b111 O
b111 f
b111 o
b1000 #
b1000 P
b1000 e
b1000 n
b1001 $
b1001 Q
b1001 d
b1001 m
14
#76800
04
b1010 ?
b1010 c
b1010 C
#76850
b0 2
b0 Y
b0 3
b0 Z
b0 R
01
0.
b0 L
b110100010 h
b111111 &
b111111 T
b111111 x
b111111 !"
b1011000 (
b1011000 U
b1011000 y
b1011000 ~
b1110101 *
b1110101 V
b1110101 z
b1110101 }
b10010110 ,
b10010110 W
b10010110 {
b10010110 |
b111111 i
b111111 [
b111111 %
b111111 w
b1011000 j
b1011000 \
b1011000 '
b1011000 v
b1110101 k
b1110101 ]
b1110101 )
b1110101 u
b10010110 l
b10010110 ^
b10010110 +
b10010110 t
b111 !
b111 N
b111 g
b111 p
b1000 "
b1000 O
b1000 f
b1000 o
b1001 #
b1001 P
b1001 e
b1001 n
b1010 $
b1010 Q
b1010 d
b1010 m
14
#76900
04
b1011 ?
b1011 c
b1011 C
#76950
b111010010 h
b1001000 &
b1001000 T
b1001000 x
b1001000 !"
b1100011 (
b1100011 U
b1100011 y
b1100011 ~
b10000010 *
b10000010 V
b10000010 z
b10000010 }
b10100101 ,
b10100101 W
b10100101 {
b10100101 |
b1001000 i
b1001000 [
b1001000 %
b1001000 w
b1100011 j
b1100011 \
b1100011 '
b1100011 v
b10000010 k
b10000010 ]
b10000010 )
b10000010 u
b10100101 l
b10100101 ^
b10100101 +
b10100101 t
b1000 !
b1000 N
b1000 g
b1000 p
b1001 "
b1001 O
b1001 f
b1001 o
b1010 #
b1010 P
b1010 e
b1010 n
b1011 $
b1011 Q
b1011 d
b1011 m
14
#77000
04
b1100 ?
b1100 c
b1100 C
#77050
b10 3
b10 Z
b10 2
b10 Y
b1101110 R
11
1.
b100 L
b1000000010 h
b1010001 &
b1010001 T
b1010001 x
b1010001 !"
b1101010 (
b1101010 U
b1101010 y
b1101010 ~
b10001111 *
b10001111 V
b10001111 z
b10001111 }
b10110100 ,
b10110100 W
b10110100 {
b10110100 |
b1010001 i
b1010001 [
b1010001 %
b1010001 w
b1101110 j
b1101110 \
b1101110 '
b1101110 v
b10001111 k
b10001111 ]
b10001111 )
b10001111 u
b10110100 l
b10110100 ^
b10110100 +
b10110100 t
b1001 !
b1001 N
b1001 g
b1001 p
b1010 "
b1010 O
b1010 f
b1010 o
b1011 #
b1011 P
b1011 e
b1011 n
b1100 $
b1100 Q
b1100 d
b1100 m
14
#77100
04
b1101 ?
b1101 c
b1101 C
#77150
b0 2
b0 Y
b0 3
b0 Z
b0 R
01
0.
b0 L
b1000110010 h
b1011010 &
b1011010 T
b1011010 x
b1011010 !"
b1111001 (
b1111001 U
b1111001 y
b1111001 ~
b10011100 *
b10011100 V
b10011100 z
b10011100 }
b11000011 ,
b11000011 W
b11000011 {
b11000011 |
b1011010 i
b1011010 [
b1011010 %
b1011010 w
b1111001 j
b1111001 \
b1111001 '
b1111001 v
b10011100 k
b10011100 ]
b10011100 )
b10011100 u
b11000011 l
b11000011 ^
b11000011 +
b11000011 t
b1010 !
b1010 N
b1010 g
b1010 p
b1011 "
b1011 O
b1011 f
b1011 o
b1100 #
b1100 P
b1100 e
b1100 n
b1101 $
b1101 Q
b1101 d
b1101 m
14
#77200
04
b1110 ?
b1110 c
b1110 C
#77250
b10 3
b10 Z
b10 2
b10 Y
b10000100 R
11
1.
b100 L
b1001100010 h
b1100011 &
b1100011 T
b1100011 x
b1100011 !"
b10000000 (
b10000000 U
b10000000 y
b10000000 ~
b10101001 *
b10101001 V
b10101001 z
b10101001 }
b11010010 ,
b11010010 W
b11010010 {
b11010010 |
b1100011 i
b1100011 [
b1100011 %
b1100011 w
b10000100 j
b10000100 \
b10000100 '
b10000100 v
b10101001 k
b10101001 ]
b10101001 )
b10101001 u
b11010010 l
b11010010 ^
b11010010 +
b11010010 t
b1011 !
b1011 N
b1011 g
b1011 p
b1100 "
b1100 O
b1100 f
b1100 o
b1101 #
b1101 P
b1101 e
b1101 n
b1110 $
b1110 Q
b1110 d
b1110 m
14
#77300
04
b1111 ?
b1111 c
b1111 C
#77350
b10001111 R
b1010010010 h
b1101100 &
b1101100 T
b1101100 x
b1101100 !"
b10001011 (
b10001011 U
b10001011 y
b10001011 ~
b10110110 *
b10110110 V
b10110110 z
b10110110 }
b11100001 ,
b11100001 W
b11100001 {
b11100001 |
b1101100 i
b1101100 [
b1101100 %
b1101100 w
b10001111 j
b10001111 \
b10001111 '
b10001111 v
b10110110 k
b10110110 ]
b10110110 )
b10110110 u
b11100001 l
b11100001 ^
b11100001 +
b11100001 t
b1100 !
b1100 N
b1100 g
b1100 p
b1101 "
b1101 O
b1101 f
b1101 o
b1110 #
b1110 P
b1110 e
b1110 n
b1111 $
b1111 Q
b1111 d
b1111 m
14
#77400
04
b10000 C
#77450
b0 2
b0 Y
b0 3
b0 Z
b0 R
01
0.
b0 L
b1010110011 h
b1110101 &
b1110101 T
b1110101 x
b1110101 !"
b10011010 (
b10011010 U
b10011010 y
b10011010 ~
b11000011 *
b11000011 V
b11000011 z
b11000011 }
b1110101 i
b1110101 [
b1110101 %
b1110101 w
b10011010 j
b10011010 \
b10011010 '
b10011010 v
b11000011 k
b11000011 ]
b11000011 )
b11000011 u
b1101 !
b1101 N
b1101 g
b1101 p
b1110 "
b1110 O
b1110 f
b1110 o
b1111 #
b1111 P
b1111 e
b1111 n
14
#77500
04
#77550
b10 3
b10 Z
b10 2
b10 Y
b10100101 R
0S
11
b1011000111 h
1.
b100 L
b1111110 &
b1111110 T
b1111110 x
b1111110 !"
b10100001 (
b10100001 U
b10100001 y
b10100001 ~
b1111110 i
b1111110 [
b1111110 %
b1111110 w
b10100101 j
b10100101 \
b10100101 '
b10100101 v
b1110 !
b1110 N
b1110 g
b1110 p
b1111 "
b1111 O
b1111 f
b1111 o
14
#77600
04
#77650
b1011010000 h
b10000111 &
b10000111 T
b10000111 x
b10000111 !"
b10100001 (
b10100001 U
b10100001 y
b10100001 ~
b10000111 i
b10000111 [
b10000111 %
b10000111 w
b1111 !
b1111 N
b1111 g
b1111 p
14
#77700
04
#77750
14
#77800
b0 2
b0 Y
b0 3
b0 Z
b0 R
01
0.
b0 L
b10100101 (
b10100101 U
b10100101 y
b10100101 ~
04
b0 ?
b0 c
1>
0=
07
b10 $"
b10 8
b10 s
b100101 E
b100101 A
b100101 B
#77850
1X
1S
b10 3
b10 Z
b10 2
b10 Y
11
1.
b100 L
b0 h
b0 &
b0 T
b0 x
b0 !"
b100 (
b100 U
b100 y
b100 ~
b0 *
b0 V
b0 z
b0 }
b0 ,
b0 W
b0 {
b0 |
b0 i
b0 [
b0 %
b0 w
b0 j
b0 \
b0 '
b0 v
b0 k
b0 ]
b0 )
b0 u
b0 l
b0 ^
b0 +
b0 t
b0 !
b0 N
b0 g
b0 p
b0 "
b0 O
b0 f
b0 o
b0 #
b0 P
b0 e
b0 n
b0 $
b0 Q
b0 d
b0 m
14
#77900
04
b0 C
0>
#77950
14
#78000
04
b1 ?
b1 c
b1 C
1=
17
#78050
b1111 h
b100 (
b100 U
b100 y
b100 ~
b1111 ,
b1111 W
b1111 {
b1111 |
b1111 l
b1111 ^
b1111 +
b1111 t
b1 $
b1 Q
b1 d
b1 m
14
#78100
04
b10 ?
b10 c
b10 C
#78150
b101011 h
b100 (
b100 U
b100 y
b100 ~
b1101 *
b1101 V
b1101 z
b1101 }
b11110 ,
b11110 W
b11110 {
b11110 |
b1101 k
b1101 ]
b1101 )
b1101 u
b11110 l
b11110 ^
b11110 +
b11110 t
b1 #
b1 P
b1 e
b1 n
b10 $
b10 Q
b10 d
b10 m
14
#78200
04
b11 ?
b11 c
b11 C
#78250
b1011 R
b1010010 h
b1111 (
b1111 U
b1111 y
b1111 ~
b11010 *
b11010 V
b11010 z
b11010 }
b101101 ,
b101101 W
b101101 {
b101101 |
b1011 j
b1011 \
b1011 '
b1011 v
b11010 k
b11010 ]
b11010 )
b11010 u
b101101 l
b101101 ^
b101101 +
b101101 t
b1 "
b1 O
b1 f
b1 o
b10 #
b10 P
b10 e
b10 n
b11 $
b11 Q
b11 d
b11 m
14
#78300
04
b100 ?
b100 c
b100 C
#78350
b0 2
b0 Y
b0 3
b0 Z
0S
0X
b0 R
01
0.
b0 L
b10000010 h
b1001 &
b1001 T
b1001 x
b1001 !"
b10110 (
b10110 U
b10110 y
b10110 ~
b100111 *
b100111 V
b100111 z
b100111 }
b111100 ,
b111100 W
b111100 {
b111100 |
b1001 i
b1001 [
b1001 %
b1001 w
b10110 j
b10110 \
b10110 '
b10110 v
b100111 k
b100111 ]
b100111 )
b100111 u
b111100 l
b111100 ^
b111100 +
b111100 t
b1 !
b1 N
b1 g
b1 p
b10 "
b10 O
b10 f
b10 o
b11 #
b11 P
b11 e
b11 n
b100 $
b100 Q
b100 d
b100 m
14
#78400
04
b101 ?
b101 c
b101 C
#78450
1X
b10 3
b10 Z
b10 2
b10 Y
b100001 R
1S
11
1.
b100 L
b10110010 h
b10010 &
b10010 T
b10010 x
b10010 !"
b100101 (
b100101 U
b100101 y
b100101 ~
b110100 *
b110100 V
b110100 z
b110100 }
b1001011 ,
b1001011 W
b1001011 {
b1001011 |
b10010 i
b10010 [
b10010 %
b10010 w
b100001 j
b100001 \
b100001 '
b100001 v
b110100 k
b110100 ]
b110100 )
b110100 u
b1001011 l
b1001011 ^
b1001011 +
b1001011 t
b10 !
b10 N
b10 g
b10 p
b11 "
b11 O
b11 f
b11 o
b100 #
b100 P
b100 e
b100 n
b101 $
b101 Q
b101 d
b101 m
14
#78500
04
b110 ?
b110 c
b110 C
#78550
b0 2
b0 Y
b0 3
b0 Z
0S
0X
b0 R
01
0.
b0 L
b11100010 h
b11011 &
b11011 T
b11011 x
b11011 !"
b101100 (
b101100 U
b101100 y
b101100 ~
b1000001 *
b1000001 V
b1000001 z
b1000001 }
b1011010 ,
b1011010 W
b1011010 {
b1011010 |
b11011 i
b11011 [
b11011 %
b11011 w
b101100 j
b101100 \
b101100 '
b101100 v
b1000001 k
b1000001 ]
b1000001 )
b1000001 u
b1011010 l
b1011010 ^
b1011010 +
b1011010 t
b11 !
b11 N
b11 g
b11 p
b100 "
b100 O
b100 f
b100 o
b101 #
b101 P
b101 e
b101 n
b110 $
b110 Q
b110 d
b110 m
14
#78600
04
b111 ?
b111 c
b111 C
#78650
b100010010 h
b100100 &
b100100 T
b100100 x
b100100 !"
b110111 (
b110111 U
b110111 y
b110111 ~
b1001110 *
b1001110 V
b1001110 z
b1001110 }
b1101001 ,
b1101001 W
b1101001 {
b1101001 |
b100100 i
b100100 [
b100100 %
b100100 w
b110111 j
b110111 \
b110111 '
b110111 v
b1001110 k
b1001110 ]
b1001110 )
b1001110 u
b1101001 l
b1101001 ^
b1101001 +
b1101001 t
b100 !
b100 N
b100 g
b100 p
b101 "
b101 O
b101 f
b101 o
b110 #
b110 P
b110 e
b110 n
b111 $
b111 Q
b111 d
b111 m
14
#78700
04
b1000 ?
b1000 c
b1000 C
#78750
1X
1S
b10 3
b10 Z
b10 2
b10 Y
b1000010 R
11
1.
b100 L
b101000010 h
b101101 &
b101101 T
b101101 x
b101101 !"
b1000110 (
b1000110 U
b1000110 y
b1000110 ~
b1011011 *
b1011011 V
b1011011 z
b1011011 }
b1111000 ,
b1111000 W
b1111000 {
b1111000 |
b101101 i
b101101 [
b101101 %
b101101 w
b1000010 j
b1000010 \
b1000010 '
b1000010 v
b1011011 k
b1011011 ]
b1011011 )
b1011011 u
b1111000 l
b1111000 ^
b1111000 +
b1111000 t
b101 !
b101 N
b101 g
b101 p
b110 "
b110 O
b110 f
b110 o
b111 #
b111 P
b111 e
b111 n
b1000 $
b1000 Q
b1000 d
b1000 m
14
#78800
04
b1001 ?
b1001 c
b1001 C
#78850
b0 2
b0 Y
b0 3
b0 Z
0S
0X
b0 R
01
0.
b0 L
b101110010 h
b110110 &
b110110 T
b110110 x
b110110 !"
b1001101 (
b1001101 U
b1001101 y
b1001101 ~
b1101000 *
b1101000 V
b1101000 z
b1101000 }
b10000111 ,
b10000111 W
b10000111 {
b10000111 |
b110110 i
b110110 [
b110110 %
b110110 w
b1001101 j
b1001101 \
b1001101 '
b1001101 v
b1101000 k
b1101000 ]
b1101000 )
b1101000 u
b10000111 l
b10000111 ^
b10000111 +
b10000111 t
b110 !
b110 N
b110 g
b110 p
b111 "
b111 O
b111 f
b111 o
b1000 #
b1000 P
b1000 e
b1000 n
b1001 $
b1001 Q
b1001 d
b1001 m
14
#78900
04
b1010 ?
b1010 c
b1010 C
#78950
1X
1S
b10 3
b10 Z
b10 2
b10 Y
b1011000 R
11
1.
b100 L
b110100010 h
b111111 &
b111111 T
b111111 x
b111111 !"
b1011100 (
b1011100 U
b1011100 y
b1011100 ~
b1110101 *
b1110101 V
b1110101 z
b1110101 }
b10010110 ,
b10010110 W
b10010110 {
b10010110 |
b111111 i
b111111 [
b111111 %
b111111 w
b1011000 j
b1011000 \
b1011000 '
b1011000 v
b1110101 k
b1110101 ]
b1110101 )
b1110101 u
b10010110 l
b10010110 ^
b10010110 +
b10010110 t
b111 !
b111 N
b111 g
b111 p
b1000 "
b1000 O
b1000 f
b1000 o
b1001 #
b1001 P
b1001 e
b1001 n
b1010 $
b1010 Q
b1010 d
b1010 m
14
#79000
04
b1011 ?
b1011 c
b1011 C
#79050
b1100011 R
b111010010 h
b1001000 &
b1001000 T
b1001000 x
b1001000 !"
b1100111 (
b1100111 U
b1100111 y
b1100111 ~
b10000010 *
b10000010 V
b10000010 z
b10000010 }
b10100101 ,
b10100101 W
b10100101 {
b10100101 |
b1001000 i
b1001000 [
b1001000 %
b1001000 w
b1100011 j
b1100011 \
b1100011 '
b1100011 v
b10000010 k
b10000010 ]
b10000010 )
b10000010 u
b10100101 l
b10100101 ^
b10100101 +
b10100101 t
b1000 !
b1000 N
b1000 g
b1000 p
b1001 "
b1001 O
b1001 f
b1001 o
b1010 #
b1010 P
b1010 e
b1010 n
b1011 $
b1011 Q
b1011 d
b1011 m
14
#79100
04
b1100 ?
b1100 c
b1100 C
#79150
b0 2
b0 Y
b0 3
b0 Z
0S
0X
b0 R
01
0.
b0 L
b1000000010 h
b1010001 &
b1010001 T
b1010001 x
b1010001 !"
b1101110 (
b1101110 U
b1101110 y
b1101110 ~
b10001111 *
b10001111 V
b10001111 z
b10001111 }
b10110100 ,
b10110100 W
b10110100 {
b10110100 |
b1010001 i
b1010001 [
b1010001 %
b1010001 w
b1101110 j
b1101110 \
b1101110 '
b1101110 v
b10001111 k
b10001111 ]
b10001111 )
b10001111 u
b10110100 l
b10110100 ^
b10110100 +
b10110100 t
b1001 !
b1001 N
b1001 g
b1001 p
b1010 "
b1010 O
b1010 f
b1010 o
b1011 #
b1011 P
b1011 e
b1011 n
b1100 $
b1100 Q
b1100 d
b1100 m
14
#79200
04
b1101 ?
b1101 c
b1101 C
#79250
1X
b10 3
b10 Z
b10 2
b10 Y
b1111001 R
1S
11
1.
b100 L
b1000110010 h
b1011010 &
b1011010 T
b1011010 x
b1011010 !"
b1111101 (
b1111101 U
b1111101 y
b1111101 ~
b10011100 *
b10011100 V
b10011100 z
b10011100 }
b11000011 ,
b11000011 W
b11000011 {
b11000011 |
b1011010 i
b1011010 [
b1011010 %
b1011010 w
b1111001 j
b1111001 \
b1111001 '
b1111001 v
b10011100 k
b10011100 ]
b10011100 )
b10011100 u
b11000011 l
b11000011 ^
b11000011 +
b11000011 t
b1010 !
b1010 N
b1010 g
b1010 p
b1011 "
b1011 O
b1011 f
b1011 o
b1100 #
b1100 P
b1100 e
b1100 n
b1101 $
b1101 Q
b1101 d
b1101 m
14
#79300
04
b1110 ?
b1110 c
b1110 C
#79350
b0 2
b0 Y
b0 3
b0 Z
0S
0X
b0 R
01
0.
b0 L
b1001100010 h
b1100011 &
b1100011 T
b1100011 x
b1100011 !"
b10000100 (
b10000100 U
b10000100 y
b10000100 ~
b10101001 *
b10101001 V
b10101001 z
b10101001 }
b11010010 ,
b11010010 W
b11010010 {
b11010010 |
b1100011 i
b1100011 [
b1100011 %
b1100011 w
b10000100 j
b10000100 \
b10000100 '
b10000100 v
b10101001 k
b10101001 ]
b10101001 )
b10101001 u
b11010010 l
b11010010 ^
b11010010 +
b11010010 t
b1011 !
b1011 N
b1011 g
b1011 p
b1100 "
b1100 O
b1100 f
b1100 o
b1101 #
b1101 P
b1101 e
b1101 n
b1110 $
b1110 Q
b1110 d
b1110 m
14
#79400
04
b1111 ?
b1111 c
b1111 C
#79450
b1010010010 h
b1101100 &
b1101100 T
b1101100 x
b1101100 !"
b10001111 (
b10001111 U
b10001111 y
b10001111 ~
b10110110 *
b10110110 V
b10110110 z
b10110110 }
b11100001 ,
b11100001 W
b11100001 {
b11100001 |
b1101100 i
b1101100 [
b1101100 %
b1101100 w
b10001111 j
b10001111 \
b10001111 '
b10001111 v
b10110110 k
b10110110 ]
b10110110 )
b10110110 u
b11100001 l
b11100001 ^
b11100001 +
b11100001 t
b1100 !
b1100 N
b1100 g
b1100 p
b1101 "
b1101 O
b1101 f
b1101 o
b1110 #
b1110 P
b1110 e
b1110 n
b1111 $
b1111 Q
b1111 d
b1111 m
14
#79500
04
b10000 C
#79550
1X
1S
b10 3
b10 Z
b10 2
b10 Y
b10011010 R
11
1.
b100 L
b1010110011 h
b1110101 &
b1110101 T
b1110101 x
b1110101 !"
b10011110 (
b10011110 U
b10011110 y
b10011110 ~
b11000011 *
b11000011 V
b11000011 z
b11000011 }
b1110101 i
b1110101 [
b1110101 %
b1110101 w
b10011010 j
b10011010 \
b10011010 '
b10011010 v
b11000011 k
b11000011 ]
b11000011 )
b11000011 u
b1101 !
b1101 N
b1101 g
b1101 p
b1110 "
b1110 O
b1110 f
b1110 o
b1111 #
b1111 P
b1111 e
b1111 n
14
#79600
04
#79650
b0 2
b0 Y
b0 3
b0 Z
0S
0X
b0 R
01
b1011000111 h
0.
b0 L
b1111110 &
b1111110 T
b1111110 x
b1111110 !"
b10100101 (
b10100101 U
b10100101 y
b10100101 ~
b1111110 i
b1111110 [
b1111110 %
b1111110 w
b10100101 j
b10100101 \
b10100101 '
b10100101 v
b1110 !
b1110 N
b1110 g
b1110 p
b1111 "
b1111 O
b1111 f
b1111 o
14
#79700
04
#79750
b1011010000 h
b10000111 &
b10000111 T
b10000111 x
b10000111 !"
b10000111 i
b10000111 [
b10000111 %
b10000111 w
b1111 !
b1111 N
b1111 g
b1111 p
14
#79800
04
#79850
14
#79900
04
b0 ?
b0 c
1>
0=
07
b11 5
b11 q
b1 $"
b11 ""
b11 @
b1 8
b1 s
b100110 E
b100110 A
b100110 B
#79950
b0 h
b0 &
b0 T
b0 x
b0 !"
b0 (
b0 U
b0 y
b0 ~
b0 *
b0 V
b0 z
b0 }
b0 ,
b0 W
b0 {
b0 |
b0 i
b0 [
b0 %
b0 w
b0 j
b0 \
b0 '
b0 v
b0 k
b0 ]
b0 )
b0 u
b0 l
b0 ^
b0 +
b0 t
b0 !
b0 N
b0 g
b0 p
b0 "
b0 O
b0 f
b0 o
b0 #
b0 P
b0 e
b0 n
b0 $
b0 Q
b0 d
b0 m
14
#80000
04
b0 C
0>
#80050
14
#80100
04
b1 ?
b1 c
b1 C
#80150
b1111 h
b1111 ,
b1111 W
b1111 {
b1111 |
b1111 l
b1111 ^
b1111 +
b1111 t
b1 $
b1 Q
b1 d
b1 m
14
#80200
04
b10 ?
b10 c
b10 C
#80250
b101011 h
b1101 *
b1101 V
b1101 z
b1101 }
b11110 ,
b11110 W
b11110 {
b11110 |
b1101 k
b1101 ]
b1101 )
b1101 u
b11110 l
b11110 ^
b11110 +
b11110 t
b1 #
b1 P
b1 e
b1 n
b10 $
b10 Q
b10 d
b10 m
14
#80300
04
b11 ?
b11 c
b11 C
#80350
b11 3
b11 Z
b10 2
b10 Y
b1011 R
0S
11
1.
b1000 L
b1010010 h
b11 (
b11 U
b11 y
b11 ~
b11010 *
b11010 V
b11010 z
b11010 }
b101101 ,
b101101 W
b101101 {
b101101 |
b1011 j
b1011 \
b1011 '
b1011 v
b11010 k
b11010 ]
b11010 )
b11010 u
b101101 l
b101101 ^
b101101 +
b101101 t
b1 "
b1 O
b1 f
b1 o
b10 #
b10 P
b10 e
b10 n
b11 $
b11 Q
b11 d
b11 m
14
#80400
04
b100 ?
b100 c
b100 C
1=
17
#80450
b0 2
b0 Y
b0 3
b0 Z
b0 R
01
0.
b0 L
b10000010 h
b1001 &
b1001 T
b1001 x
b1001 !"
b10110 (
b10110 U
b10110 y
b10110 ~
b100111 *
b100111 V
b100111 z
b100111 }
b111100 ,
b111100 W
b111100 {
b111100 |
b1001 i
b1001 [
b1001 %
b1001 w
b10110 j
b10110 \
b10110 '
b10110 v
b100111 k
b100111 ]
b100111 )
b100111 u
b111100 l
b111100 ^
b111100 +
b111100 t
b1 !
b1 N
b1 g
b1 p
b10 "
b10 O
b10 f
b10 o
b11 #
b11 P
b11 e
b11 n
b100 $
b100 Q
b100 d
b100 m
14
#80500
04
b101 ?
b101 c
b101 C
#80550
b10110010 h
b10010 &
b10010 T
b10010 x
b10010 !"
b100001 (
b100001 U
b100001 y
b100001 ~
b110100 *
b110100 V
b110100 z
b110100 }
b1001011 ,
b1001011 W
b1001011 {
b1001011 |
b10010 i
b10010 [
b10010 %
b10010 w
b100001 j
b100001 \
b100001 '
b100001 v
b110100 k
b110100 ]
b110100 )
b110100 u
b1001011 l
b1001011 ^
b1001011 +
b1001011 t
b10 !
b10 N
b10 g
b10 p
b11 "
b11 O
b11 f
b11 o
b100 #
b100 P
b100 e
b100 n
b101 $
b101 Q
b101 d
b101 m
14
#80600
04
b110 ?
b110 c
b110 C
#80650
b11 3
b11 Z
b10 2
b10 Y
b101100 R
11
1.
b1000 L
b11100010 h
b11011 &
b11011 T
b11011 x
b11011 !"
b100100 (
b100100 U
b100100 y
b100100 ~
b1000001 *
b1000001 V
b1000001 z
b1000001 }
b1011010 ,
b1011010 W
b1011010 {
b1011010 |
b11011 i
b11011 [
b11011 %
b11011 w
b101100 j
b101100 \
b101100 '
b101100 v
b1000001 k
b1000001 ]
b1000001 )
b1000001 u
b1011010 l
b1011010 ^
b1011010 +
b1011010 t
b11 !
b11 N
b11 g
b11 p
b100 "
b100 O
b100 f
b100 o
b101 #
b101 P
b101 e
b101 n
b110 $
b110 Q
b110 d
b110 m
14
#80700
04
b111 ?
b111 c
b111 C
#80750
b0 2
b0 Y
b0 3
b0 Z
b0 R
01
0.
b0 L
b100010010 h
b100100 &
b100100 T
b100100 x
b100100 !"
b110111 (
b110111 U
b110111 y
b110111 ~
b1001110 *
b1001110 V
b1001110 z
b1001110 }
b1101001 ,
b1101001 W
b1101001 {
b1101001 |
b100100 i
b100100 [
b100100 %
b100100 w
b110111 j
b110111 \
b110111 '
b110111 v
b1001110 k
b1001110 ]
b1001110 )
b1001110 u
b1101001 l
b1101001 ^
b1101001 +
b1101001 t
b100 !
b100 N
b100 g
b100 p
b101 "
b101 O
b101 f
b101 o
b110 #
b110 P
b110 e
b110 n
b111 $
b111 Q
b111 d
b111 m
14
#80800
04
b1000 ?
b1000 c
b1000 C
#80850
b101000010 h
b101101 &
b101101 T
b101101 x
b101101 !"
b1000010 (
b1000010 U
b1000010 y
b1000010 ~
b1011011 *
b1011011 V
b1011011 z
b1011011 }
b1111000 ,
b1111000 W
b1111000 {
b1111000 |
b101101 i
b101101 [
b101101 %
b101101 w
b1000010 j
b1000010 \
b1000010 '
b1000010 v
b1011011 k
b1011011 ]
b1011011 )
b1011011 u
b1111000 l
b1111000 ^
b1111000 +
b1111000 t
b101 !
b101 N
b101 g
b101 p
b110 "
b110 O
b110 f
b110 o
b111 #
b111 P
b111 e
b111 n
b1000 $
b1000 Q
b1000 d
b1000 m
14
#80900
04
b1001 ?
b1001 c
b1001 C
#80950
b11 3
b11 Z
b10 2
b10 Y
b1001101 R
0S
11
1.
b1000 L
b101110010 h
b110110 &
b110110 T
b110110 x
b110110 !"
b1000101 (
b1000101 U
b1000101 y
b1000101 ~
b1101000 *
b1101000 V
b1101000 z
b1101000 }
b10000111 ,
b10000111 W
b10000111 {
b10000111 |
b110110 i
b110110 [
b110110 %
b110110 w
b1001101 j
b1001101 \
b1001101 '
b1001101 v
b1101000 k
b1101000 ]
b1101000 )
b1101000 u
b10000111 l
b10000111 ^
b10000111 +
b10000111 t
b110 !
b110 N
b110 g
b110 p
b111 "
b111 O
b111 f
b111 o
b1000 #
b1000 P
b1000 e
b1000 n
b1001 $
b1001 Q
b1001 d
b1001 m
14
#81000
04
b1010 ?
b1010 c
b1010 C
#81050
b1011000 R
b110100010 h
b111111 &
b111111 T
b111111 x
b111111 !"
b1010000 (
b1010000 U
b1010000 y
b1010000 ~
b1110101 *
b1110101 V
b1110101 z
b1110101 }
b10010110 ,
b10010110 W
b10010110 {
b10010110 |
b111111 i
b111111 [
b111111 %
b111111 w
b1011000 j
b1011000 \
b1011000 '
b1011000 v
b1110101 k
b1110101 ]
b1110101 )
b1110101 u
b10010110 l
b10010110 ^
b10010110 +
b10010110 t
b111 !
b111 N
b111 g
b111 p
b1000 "
b1000 O
b1000 f
b1000 o
b1001 #
b1001 P
b1001 e
b1001 n
b1010 $
b1010 Q
b1010 d
b1010 m
14
#81100
04
b1011 ?
b1011 c
b1011 C
#81150
b0 2
b0 Y
b0 3
b0 Z
b0 R
01
0.
b0 L
b111010010 h
b1001000 &
b1001000 T
b1001000 x
b1001000 !"
b1100011 (
b1100011 U
b1100011 y
b1100011 ~
b10000010 *
b10000010 V
b10000010 z
b10000010 }
b10100101 ,
b10100101 W
b10100101 {
b10100101 |
b1001000 i
b1001000 [
b1001000 %
b1001000 w
b1100011 j
b1100011 \
b1100011 '
b1100011 v
b10000010 k
b10000010 ]
b10000010 )
b10000010 u
b10100101 l
b10100101 ^
b10100101 +
b10100101 t
b1000 !
b1000 N
b1000 g
b1000 p
b1001 "
b1001 O
b1001 f
b1001 o
b1010 #
b1010 P
b1010 e
b1010 n
b1011 $
b1011 Q
b1011 d
b1011 m
14
#81200
04
b1100 ?
b1100 c
b1100 C
#81250
b11 3
b11 Z
b10 2
b10 Y
b1101110 R
11
1.
b1000 L
b1000000010 h
b1010001 &
b1010001 T
b1010001 x
b1010001 !"
b1100110 (
b1100110 U
b1100110 y
b1100110 ~
b10001111 *
b10001111 V
b10001111 z
b10001111 }
b10110100 ,
b10110100 W
b10110100 {
b10110100 |
b1010001 i
b1010001 [
b1010001 %
b1010001 w
b1101110 j
b1101110 \
b1101110 '
b1101110 v
b10001111 k
b10001111 ]
b10001111 )
b10001111 u
b10110100 l
b10110100 ^
b10110100 +
b10110100 t
b1001 !
b1001 N
b1001 g
b1001 p
b1010 "
b1010 O
b1010 f
b1010 o
b1011 #
b1011 P
b1011 e
b1011 n
b1100 $
b1100 Q
b1100 d
b1100 m
14
#81300
04
b1101 ?
b1101 c
b1101 C
#81350
b1111001 R
b1000110010 h
b1011010 &
b1011010 T
b1011010 x
b1011010 !"
b1110001 (
b1110001 U
b1110001 y
b1110001 ~
b10011100 *
b10011100 V
b10011100 z
b10011100 }
b11000011 ,
b11000011 W
b11000011 {
b11000011 |
b1011010 i
b1011010 [
b1011010 %
b1011010 w
b1111001 j
b1111001 \
b1111001 '
b1111001 v
b10011100 k
b10011100 ]
b10011100 )
b10011100 u
b11000011 l
b11000011 ^
b11000011 +
b11000011 t
b1010 !
b1010 N
b1010 g
b1010 p
b1011 "
b1011 O
b1011 f
b1011 o
b1100 #
b1100 P
b1100 e
b1100 n
b1101 $
b1101 Q
b1101 d
b1101 m
14
#81400
04
b1110 ?
b1110 c
b1110 C
#81450
b0 2
b0 Y
b0 3
b0 Z
b0 R
01
0.
b0 L
b1001100010 h
b1100011 &
b1100011 T
b1100011 x
b1100011 !"
b10000100 (
b10000100 U
b10000100 y
b10000100 ~
b10101001 *
b10101001 V
b10101001 z
b10101001 }
b11010010 ,
b11010010 W
b11010010 {
b11010010 |
b1100011 i
b1100011 [
b1100011 %
b1100011 w
b10000100 j
b10000100 \
b10000100 '
b10000100 v
b10101001 k
b10101001 ]
b10101001 )
b10101001 u
b11010010 l
b11010010 ^
b11010010 +
b11010010 t
b1011 !
b1011 N
b1011 g
b1011 p
b1100 "
b1100 O
b1100 f
b1100 o
b1101 #
b1101 P
b1101 e
b1101 n
b1110 $
b1110 Q
b1110 d
b1110 m
14
#81500
04
b1111 ?
b1111 c
b1111 C
#81550
b11 3
b11 Z
b10 2
b10 Y
b10001111 R
0S
11
1.
b1000 L
b1010010010 h
b1101100 &
b1101100 T
b1101100 x
b1101100 !"
b10000111 (
b10000111 U
b10000111 y
b10000111 ~
b10110110 *
b10110110 V
b10110110 z
b10110110 }
b11100001 ,
b11100001 W
b11100001 {
b11100001 |
b1101100 i
b1101100 [
b1101100 %
b1101100 w
b10001111 j
b10001111 \
b10001111 '
b10001111 v
b10110110 k
b10110110 ]
b10110110 )
b10110110 u
b11100001 l
b11100001 ^
b11100001 +
b11100001 t
b1100 !
b1100 N
b1100 g
b1100 p
b1101 "
b1101 O
b1101 f
b1101 o
b1110 #
b1110 P
b1110 e
b1110 n
b1111 $
b1111 Q
b1111 d
b1111 m
14
#81600
04
b10000 C
#81650
b10011010 R
b1010110011 h
b1110101 &
b1110101 T
b1110101 x
b1110101 !"
b10010010 (
b10010010 U
b10010010 y
b10010010 ~
b11000011 *
b11000011 V
b11000011 z
b11000011 }
b1110101 i
b1110101 [
b1110101 %
b1110101 w
b10011010 j
b10011010 \
b10011010 '
b10011010 v
b11000011 k
b11000011 ]
b11000011 )
b11000011 u
b1101 !
b1101 N
b1101 g
b1101 p
b1110 "
b1110 O
b1110 f
b1110 o
b1111 #
b1111 P
b1111 e
b1111 n
14
#81700
04
#81750
b0 2
b0 Y
b0 3
b0 Z
b0 R
01
b1011000111 h
0.
b0 L
b1111110 &
b1111110 T
b1111110 x
b1111110 !"
b10100101 (
b10100101 U
b10100101 y
b10100101 ~
b1111110 i
b1111110 [
b1111110 %
b1111110 w
b10100101 j
b10100101 \
b10100101 '
b10100101 v
b1110 !
b1110 N
b1110 g
b1110 p
b1111 "
b1111 O
b1111 f
b1111 o
14
#81800
04
#81850
b1011010000 h
b10000111 &
b10000111 T
b10000111 x
b10000111 !"
b10000111 i
b10000111 [
b10000111 %
b10000111 w
b1111 !
b1111 N
b1111 g
b1111 p
14
#81900
04
#81950
14
#82000
1X
b11 3
b11 Z
b10 2
b10 Y
b10100101 R
1S
11
1.
b1000 L
b10101101 (
b10101101 U
b10101101 y
b10101101 ~
04
b0 ?
b0 c
1>
0=
07
b10 $"
b10 8
b10 s
b100111 E
b100111 A
b100111 B
#82050
b0 R
b0 h
b0 &
b0 T
b0 x
b0 !"
b1000 (
b1000 U
b1000 y
b1000 ~
b0 *
b0 V
b0 z
b0 }
b0 ,
b0 W
b0 {
b0 |
b0 i
b0 [
b0 %
b0 w
b0 j
b0 \
b0 '
b0 v
b0 k
b0 ]
b0 )
b0 u
b0 l
b0 ^
b0 +
b0 t
b0 !
b0 N
b0 g
b0 p
b0 "
b0 O
b0 f
b0 o
b0 #
b0 P
b0 e
b0 n
b0 $
b0 Q
b0 d
b0 m
14
#82100
04
b0 C
0>
#82150
14
#82200
04
b1 ?
b1 c
b1 C
1=
17
#82250
b1111 h
b1000 (
b1000 U
b1000 y
b1000 ~
b1111 ,
b1111 W
b1111 {
b1111 |
b1111 l
b1111 ^
b1111 +
b1111 t
b1 $
b1 Q
b1 d
b1 m
14
#82300
04
b10 ?
b10 c
b10 C
#82350
b101011 h
b1000 (
b1000 U
b1000 y
b1000 ~
b1101 *
b1101 V
b1101 z
b1101 }
b11110 ,
b11110 W
b11110 {
b11110 |
b1101 k
b1101 ]
b1101 )
b1101 u
b11110 l
b11110 ^
b11110 +
b11110 t
b1 #
b1 P
b1 e
b1 n
b10 $
b10 Q
b10 d
b10 m
14
#82400
04
b11 ?
b11 c
b11 C
#82450
b0 2
b0 Y
b0 3
b0 Z
0S
0X
01
0.
b0 L
b1010010 h
b1011 (
b1011 U
b1011 y
b1011 ~
b11010 *
b11010 V
b11010 z
b11010 }
b101101 ,
b101101 W
b101101 {
b101101 |
b1011 j
b1011 \
b1011 '
b1011 v
b11010 k
b11010 ]
b11010 )
b11010 u
b101101 l
b101101 ^
b101101 +
b101101 t
b1 "
b1 O
b1 f
b1 o
b10 #
b10 P
b10 e
b10 n
b11 $
b11 Q
b11 d
b11 m
14
#82500
04
b100 ?
b100 c
b100 C
#82550
1X
1S
b11 3
b11 Z
b10 2
b10 Y
b10110 R
11
1.
b1000 L
b10000010 h
b1001 &
b1001 T
b1001 x
b1001 !"
b11110 (
b11110 U
b11110 y
b11110 ~
b100111 *
b100111 V
b100111 z
b100111 }
b111100 ,
b111100 W
b111100 {
b111100 |
b1001 i
b1001 [
b1001 %
b1001 w
b10110 j
b10110 \
b10110 '
b10110 v
b100111 k
b100111 ]
b100111 )
b100111 u
b111100 l
b111100 ^
b111100 +
b111100 t
b1 !
b1 N
b1 g
b1 p
b10 "
b10 O
b10 f
b10 o
b11 #
b11 P
b11 e
b11 n
b100 $
b100 Q
b100 d
b100 m
14
#82600
04
b101 ?
b101 c
b101 C
#82650
b100001 R
b10110010 h
b10010 &
b10010 T
b10010 x
b10010 !"
b101001 (
b101001 U
b101001 y
b101001 ~
b110100 *
b110100 V
b110100 z
b110100 }
b1001011 ,
b1001011 W
b1001011 {
b1001011 |
b10010 i
b10010 [
b10010 %
b10010 w
b100001 j
b100001 \
b100001 '
b100001 v
b110100 k
b110100 ]
b110100 )
b110100 u
b1001011 l
b1001011 ^
b1001011 +
b1001011 t
b10 !
b10 N
b10 g
b10 p
b11 "
b11 O
b11 f
b11 o
b100 #
b100 P
b100 e
b100 n
b101 $
b101 Q
b101 d
b101 m
14
#82700
04
b110 ?
b110 c
b110 C
#82750
b0 2
b0 Y
b0 3
b0 Z
0S
0X
b0 R
01
0.
b0 L
b11100010 h
b11011 &
b11011 T
b11011 x
b11011 !"
b101100 (
b101100 U
b101100 y
b101100 ~
b1000001 *
b1000001 V
b1000001 z
b1000001 }
b1011010 ,
b1011010 W
b1011010 {
b1011010 |
b11011 i
b11011 [
b11011 %
b11011 w
b101100 j
b101100 \
b101100 '
b101100 v
b1000001 k
b1000001 ]
b1000001 )
b1000001 u
b1011010 l
b1011010 ^
b1011010 +
b1011010 t
b11 !
b11 N
b11 g
b11 p
b100 "
b100 O
b100 f
b100 o
b101 #
b101 P
b101 e
b101 n
b110 $
b110 Q
b110 d
b110 m
14
#82800
04
b111 ?
b111 c
b111 C
#82850
1X
b11 3
b11 Z
b10 2
b10 Y
b110111 R
1S
11
1.
b1000 L
b100010010 h
b100100 &
b100100 T
b100100 x
b100100 !"
b111111 (
b111111 U
b111111 y
b111111 ~
b1001110 *
b1001110 V
b1001110 z
b1001110 }
b1101001 ,
b1101001 W
b1101001 {
b1101001 |
b100100 i
b100100 [
b100100 %
b100100 w
b110111 j
b110111 \
b110111 '
b110111 v
b1001110 k
b1001110 ]
b1001110 )
b1001110 u
b1101001 l
b1101001 ^
b1101001 +
b1101001 t
b100 !
b100 N
b100 g
b100 p
b101 "
b101 O
b101 f
b101 o
b110 #
b110 P
b110 e
b110 n
b111 $
b111 Q
b111 d
b111 m
14
#82900
04
b1000 ?
b1000 c
b1000 C
#82950
b1000010 R
b101000010 h
b101101 &
b101101 T
b101101 x
b101101 !"
b1001010 (
b1001010 U
b1001010 y
b1001010 ~
b1011011 *
b1011011 V
b1011011 z
b1011011 }
b1111000 ,
b1111000 W
b1111000 {
b1111000 |
b101101 i
b101101 [
b101101 %
b101101 w
b1000010 j
b1000010 \
b1000010 '
b1000010 v
b1011011 k
b1011011 ]
b1011011 )
b1011011 u
b1111000 l
b1111000 ^
b1111000 +
b1111000 t
b101 !
b101 N
b101 g
b101 p
b110 "
b110 O
b110 f
b110 o
b111 #
b111 P
b111 e
b111 n
b1000 $
b1000 Q
b1000 d
b1000 m
14
#83000
04
b1001 ?
b1001 c
b1001 C
#83050
b0 2
b0 Y
b0 3
b0 Z
0S
0X
b0 R
01
0.
b0 L
b101110010 h
b110110 &
b110110 T
b110110 x
b110110 !"
b1001101 (
b1001101 U
b1001101 y
b1001101 ~
b1101000 *
b1101000 V
b1101000 z
b1101000 }
b10000111 ,
b10000111 W
b10000111 {
b10000111 |
b110110 i
b110110 [
b110110 %
b110110 w
b1001101 j
b1001101 \
b1001101 '
b1001101 v
b1101000 k
b1101000 ]
b1101000 )
b1101000 u
b10000111 l
b10000111 ^
b10000111 +
b10000111 t
b110 !
b110 N
b110 g
b110 p
b111 "
b111 O
b111 f
b111 o
b1000 #
b1000 P
b1000 e
b1000 n
b1001 $
b1001 Q
b1001 d
b1001 m
14
#83100
04
b1010 ?
b1010 c
b1010 C
#83150
b110100010 h
b111111 &
b111111 T
b111111 x
b111111 !"
b1011000 (
b1011000 U
b1011000 y
b1011000 ~
b1110101 *
b1110101 V
b1110101 z
b1110101 }
b10010110 ,
b10010110 W
b10010110 {
b10010110 |
b111111 i
b111111 [
b111111 %
b111111 w
b1011000 j
b1011000 \
b1011000 '
b1011000 v
b1110101 k
b1110101 ]
b1110101 )
b1110101 u
b10010110 l
b10010110 ^
b10010110 +
b10010110 t
b111 !
b111 N
b111 g
b111 p
b1000 "
b1000 O
b1000 f
b1000 o
b1001 #
b1001 P
b1001 e
b1001 n
b1010 $
b1010 Q
b1010 d
b1010 m
14
#83200
04
b1011 ?
b1011 c
b1011 C
#83250
1X
b11 3
b11 Z
b10 2
b10 Y
b1100011 R
1S
11
1.
b1000 L
b111010010 h
b1001000 &
b1001000 T
b1001000 x
b1001000 !"
b1101011 (
b1101011 U
b1101011 y
b1101011 ~
b10000010 *
b10000010 V
b10000010 z
b10000010 }
b10100101 ,
b10100101 W
b10100101 {
b10100101 |
b1001000 i
b1001000 [
b1001000 %
b1001000 w
b1100011 j
b1100011 \
b1100011 '
b1100011 v
b10000010 k
b10000010 ]
b10000010 )
b10000010 u
b10100101 l
b10100101 ^
b10100101 +
b10100101 t
b1000 !
b1000 N
b1000 g
b1000 p
b1001 "
b1001 O
b1001 f
b1001 o
b1010 #
b1010 P
b1010 e
b1010 n
b1011 $
b1011 Q
b1011 d
b1011 m
14
#83300
04
b1100 ?
b1100 c
b1100 C
#83350
b0 2
b0 Y
b0 3
b0 Z
0S
0X
b0 R
01
0.
b0 L
b1000000010 h
b1010001 &
b1010001 T
b1010001 x
b1010001 !"
b1101110 (
b1101110 U
b1101110 y
b1101110 ~
b10001111 *
b10001111 V
b10001111 z
b10001111 }
b10110100 ,
b10110100 W
b10110100 {
b10110100 |
b1010001 i
b1010001 [
b1010001 %
b1010001 w
b1101110 j
b1101110 \
b1101110 '
b1101110 v
b10001111 k
b10001111 ]
b10001111 )
b10001111 u
b10110100 l
b10110100 ^
b10110100 +
b10110100 t
b1001 !
b1001 N
b1001 g
b1001 p
b1010 "
b1010 O
b1010 f
b1010 o
b1011 #
b1011 P
b1011 e
b1011 n
b1100 $
b1100 Q
b1100 d
b1100 m
14
#83400
04
b1101 ?
b1101 c
b1101 C
#83450
b1000110010 h
b1011010 &
b1011010 T
b1011010 x
b1011010 !"
b1111001 (
b1111001 U
b1111001 y
b1111001 ~
b10011100 *
b10011100 V
b10011100 z
b10011100 }
b11000011 ,
b11000011 W
b11000011 {
b11000011 |
b1011010 i
b1011010 [
b1011010 %
b1011010 w
b1111001 j
b1111001 \
b1111001 '
b1111001 v
b10011100 k
b10011100 ]
b10011100 )
b10011100 u
b11000011 l
b11000011 ^
b11000011 +
b11000011 t
b1010 !
b1010 N
b1010 g
b1010 p
b1011 "
b1011 O
b1011 f
b1011 o
b1100 #
b1100 P
b1100 e
b1100 n
b1101 $
b1101 Q
b1101 d
b1101 m
14
#83500
04
b1110 ?
b1110 c
b1110 C
#83550
1X
1S
b11 3
b11 Z
b10 2
b10 Y
b10000100 R
11
1.
b1000 L
b1001100010 h
b1100011 &
b1100011 T
b1100011 x
b1100011 !"
b10001100 (
b10001100 U
b10001100 y
b10001100 ~
b10101001 *
b10101001 V
b10101001 z
b10101001 }
b11010010 ,
b11010010 W
b11010010 {
b11010010 |
b1100011 i
b1100011 [
b1100011 %
b1100011 w
b10000100 j
b10000100 \
b10000100 '
b10000100 v
b10101001 k
b10101001 ]
b10101001 )
b10101001 u
b11010010 l
b11010010 ^
b11010010 +
b11010010 t
b1011 !
b1011 N
b1011 g
b1011 p
b1100 "
b1100 O
b1100 f
b1100 o
b1101 #
b1101 P
b1101 e
b1101 n
b1110 $
b1110 Q
b1110 d
b1110 m
14
#83600
04
b1111 ?
b1111 c
b1111 C
#83650
b0 2
b0 Y
b0 3
b0 Z
0S
0X
b0 R
01
0.
b0 L
b1010010010 h
b1101100 &
b1101100 T
b1101100 x
b1101100 !"
b10001111 (
b10001111 U
b10001111 y
b10001111 ~
b10110110 *
b10110110 V
b10110110 z
b10110110 }
b11100001 ,
b11100001 W
b11100001 {
b11100001 |
b1101100 i
b1101100 [
b1101100 %
b1101100 w
b10001111 j
b10001111 \
b10001111 '
b10001111 v
b10110110 k
b10110110 ]
b10110110 )
b10110110 u
b11100001 l
b11100001 ^
b11100001 +
b11100001 t
b1100 !
b1100 N
b1100 g
b1100 p
b1101 "
b1101 O
b1101 f
b1101 o
b1110 #
b1110 P
b1110 e
b1110 n
b1111 $
b1111 Q
b1111 d
b1111 m
14
#83700
04
b10000 C
#83750
b1010110011 h
b1110101 &
b1110101 T
b1110101 x
b1110101 !"
b10011010 (
b10011010 U
b10011010 y
b10011010 ~
b11000011 *
b11000011 V
b11000011 z
b11000011 }
b1110101 i
b1110101 [
b1110101 %
b1110101 w
b10011010 j
b10011010 \
b10011010 '
b10011010 v
b11000011 k
b11000011 ]
b11000011 )
b11000011 u
b1101 !
b1101 N
b1101 g
b1101 p
b1110 "
b1110 O
b1110 f
b1110 o
b1111 #
b1111 P
b1111 e
b1111 n
14
#83800
04
#83850
1X
b11 3
b11 Z
b10 2
b10 Y
b10100101 R
1S
11
b1011000111 h
1.
b1000 L
b1111110 &
b1111110 T
b1111110 x
b1111110 !"
b10101101 (
b10101101 U
b10101101 y
b10101101 ~
b1111110 i
b1111110 [
b1111110 %
b1111110 w
b10100101 j
b10100101 \
b10100101 '
b10100101 v
b1110 !
b1110 N
b1110 g
b1110 p
b1111 "
b1111 O
b1111 f
b1111 o
14
#83900
04
#83950
b1011010000 h
b10000111 &
b10000111 T
b10000111 x
b10000111 !"
b10101101 (
b10101101 U
b10101101 y
b10101101 ~
b10000111 i
b10000111 [
b10000111 %
b10000111 w
b1111 !
b1111 N
b1111 g
b1111 p
14
#84000
04
#84050
14
#84100
b0 2
b0 Y
b0 3
b0 Z
b0 R
0X
0S
01
0.
b0 L
b10100101 (
b10100101 U
b10100101 y
b10100101 ~
04
b0 ?
b0 c
1>
0=
07
b100 5
b100 q
b1 $"
b100 ""
b100 @
b1 8
b1 s
b101000 E
b101000 A
b101000 B
#84150
b0 h
b0 &
b0 T
b0 x
b0 !"
b0 (
b0 U
b0 y
b0 ~
b0 *
b0 V
b0 z
b0 }
b0 ,
b0 W
b0 {
b0 |
b0 i
b0 [
b0 %
b0 w
b0 j
b0 \
b0 '
b0 v
b0 k
b0 ]
b0 )
b0 u
b0 l
b0 ^
b0 +
b0 t
b0 !
b0 N
b0 g
b0 p
b0 "
b0 O
b0 f
b0 o
b0 #
b0 P
b0 e
b0 n
b0 $
b0 Q
b0 d
b0 m
14
#84200
04
b0 C
0>
#84250
14
#84300
04
b1 ?
b1 c
b1 C
#84350
b1111 h
b1111 ,
b1111 W
b1111 {
b1111 |
b1111 l
b1111 ^
b1111 +
b1111 t
b1 $
b1 Q
b1 d
b1 m
14
#84400
04
b10 ?
b10 c
b10 C
#84450
b101011 h
b1101 *
b1101 V
b1101 z
b1101 }
b11110 ,
b11110 W
b11110 {
b11110 |
b1101 k
b1101 ]
b1101 )
b1101 u
b11110 l
b11110 ^
b11110 +
b11110 t
b1 #
b1 P
b1 e
b1 n
b10 $
b10 Q
b10 d
b10 m
14
#84500
04
b11 ?
b11 c
b11 C
#84550
b1010010 h
b1011 (
b1011 U
b1011 y
b1011 ~
b11010 *
b11010 V
b11010 z
b11010 }
b101101 ,
b101101 W
b101101 {
b101101 |
b1011 j
b1011 \
b1011 '
b1011 v
b11010 k
b11010 ]
b11010 )
b11010 u
b101101 l
b101101 ^
b101101 +
b101101 t
b1 "
b1 O
b1 f
b1 o
b10 #
b10 P
b10 e
b10 n
b11 $
b11 Q
b11 d
b11 m
14
#84600
04
b100 ?
b100 c
b100 C
#84650
b100 3
b100 Z
b10 2
b10 Y
b10110 R
11
1.
b10000 L
b10000010 h
b1001 &
b1001 T
b1001 x
b1001 !"
b110 (
b110 U
b110 y
b110 ~
b100111 *
b100111 V
b100111 z
b100111 }
b111100 ,
b111100 W
b111100 {
b111100 |
b1001 i
b1001 [
b1001 %
b1001 w
b10110 j
b10110 \
b10110 '
b10110 v
b100111 k
b100111 ]
b100111 )
b100111 u
b111100 l
b111100 ^
b111100 +
b111100 t
b1 !
b1 N
b1 g
b1 p
b10 "
b10 O
b10 f
b10 o
b11 #
b11 P
b11 e
b11 n
b100 $
b100 Q
b100 d
b100 m
14
#84700
04
b101 ?
b101 c
b101 C
1=
17
#84750
b0 2
b0 Y
b0 3
b0 Z
b0 R
01
0.
b0 L
b10110010 h
b10010 &
b10010 T
b10010 x
b10010 !"
b100001 (
b100001 U
b100001 y
b100001 ~
b110100 *
b110100 V
b110100 z
b110100 }
b1001011 ,
b1001011 W
b1001011 {
b1001011 |
b10010 i
b10010 [
b10010 %
b10010 w
b100001 j
b100001 \
b100001 '
b100001 v
b110100 k
b110100 ]
b110100 )
b110100 u
b1001011 l
b1001011 ^
b1001011 +
b1001011 t
b10 !
b10 N
b10 g
b10 p
b11 "
b11 O
b11 f
b11 o
b100 #
b100 P
b100 e
b100 n
b101 $
b101 Q
b101 d
b101 m
14
#84800
04
b110 ?
b110 c
b110 C
#84850
b11100010 h
b11011 &
b11011 T
b11011 x
b11011 !"
b101100 (
b101100 U
b101100 y
b101100 ~
b1000001 *
b1000001 V
b1000001 z
b1000001 }
b1011010 ,
b1011010 W
b1011010 {
b1011010 |
b11011 i
b11011 [
b11011 %
b11011 w
b101100 j
b101100 \
b101100 '
b101100 v
b1000001 k
b1000001 ]
b1000001 )
b1000001 u
b1011010 l
b1011010 ^
b1011010 +
b1011010 t
b11 !
b11 N
b11 g
b11 p
b100 "
b100 O
b100 f
b100 o
b101 #
b101 P
b101 e
b101 n
b110 $
b110 Q
b110 d
b110 m
14
#84900
04
b111 ?
b111 c
b111 C
#84950
b100 3
b100 Z
b10 2
b10 Y
b110111 R
0S
11
1.
b10000 L
b100010010 h
b100100 &
b100100 T
b100100 x
b100100 !"
b100111 (
b100111 U
b100111 y
b100111 ~
b1001110 *
b1001110 V
b1001110 z
b1001110 }
b1101001 ,
b1101001 W
b1101001 {
b1101001 |
b100100 i
b100100 [
b100100 %
b100100 w
b110111 j
b110111 \
b110111 '
b110111 v
b1001110 k
b1001110 ]
b1001110 )
b1001110 u
b1101001 l
b1101001 ^
b1101001 +
b1101001 t
b100 !
b100 N
b100 g
b100 p
b101 "
b101 O
b101 f
b101 o
b110 #
b110 P
b110 e
b110 n
b111 $
b111 Q
b111 d
b111 m
14
#85000
04
b1000 ?
b1000 c
b1000 C
#85050
b0 2
b0 Y
b0 3
b0 Z
b0 R
01
0.
b0 L
b101000010 h
b101101 &
b101101 T
b101101 x
b101101 !"
b1000010 (
b1000010 U
b1000010 y
b1000010 ~
b1011011 *
b1011011 V
b1011011 z
b1011011 }
b1111000 ,
b1111000 W
b1111000 {
b1111000 |
b101101 i
b101101 [
b101101 %
b101101 w
b1000010 j
b1000010 \
b1000010 '
b1000010 v
b1011011 k
b1011011 ]
b1011011 )
b1011011 u
b1111000 l
b1111000 ^
b1111000 +
b1111000 t
b101 !
b101 N
b101 g
b101 p
b110 "
b110 O
b110 f
b110 o
b111 #
b111 P
b111 e
b111 n
b1000 $
b1000 Q
b1000 d
b1000 m
14
#85100
04
b1001 ?
b1001 c
b1001 C
#85150
b101110010 h
b110110 &
b110110 T
b110110 x
b110110 !"
b1001101 (
b1001101 U
b1001101 y
b1001101 ~
b1101000 *
b1101000 V
b1101000 z
b1101000 }
b10000111 ,
b10000111 W
b10000111 {
b10000111 |
b110110 i
b110110 [
b110110 %
b110110 w
b1001101 j
b1001101 \
b1001101 '
b1001101 v
b1101000 k
b1101000 ]
b1101000 )
b1101000 u
b10000111 l
b10000111 ^
b10000111 +
b10000111 t
b110 !
b110 N
b110 g
b110 p
b111 "
b111 O
b111 f
b111 o
b1000 #
b1000 P
b1000 e
b1000 n
b1001 $
b1001 Q
b1001 d
b1001 m
14
#85200
04
b1010 ?
b1010 c
b1010 C
#85250
b100 3
b100 Z
b10 2
b10 Y
b1011000 R
11
1.
b10000 L
b110100010 h
b111111 &
b111111 T
b111111 x
b111111 !"
b1001000 (
b1001000 U
b1001000 y
b1001000 ~
b1110101 *
b1110101 V
b1110101 z
b1110101 }
b10010110 ,
b10010110 W
b10010110 {
b10010110 |
b111111 i
b111111 [
b111111 %
b111111 w
b1011000 j
b1011000 \
b1011000 '
b1011000 v
b1110101 k
b1110101 ]
b1110101 )
b1110101 u
b10010110 l
b10010110 ^
b10010110 +
b10010110 t
b111 !
b111 N
b111 g
b111 p
b1000 "
b1000 O
b1000 f
b1000 o
b1001 #
b1001 P
b1001 e
b1001 n
b1010 $
b1010 Q
b1010 d
b1010 m
14
#85300
04
b1011 ?
b1011 c
b1011 C
#85350
b0 2
b0 Y
b0 3
b0 Z
b0 R
01
0.
b0 L
b111010010 h
b1001000 &
b1001000 T
b1001000 x
b1001000 !"
b1100011 (
b1100011 U
b1100011 y
b1100011 ~
b10000010 *
b10000010 V
b10000010 z
b10000010 }
b10100101 ,
b10100101 W
b10100101 {
b10100101 |
b1001000 i
b1001000 [
b1001000 %
b1001000 w
b1100011 j
b1100011 \
b1100011 '
b1100011 v
b10000010 k
b10000010 ]
b10000010 )
b10000010 u
b10100101 l
b10100101 ^
b10100101 +
b10100101 t
b1000 !
b1000 N
b1000 g
b1000 p
b1001 "
b1001 O
b1001 f
b1001 o
b1010 #
b1010 P
b1010 e
b1010 n
b1011 $
b1011 Q
b1011 d
b1011 m
14
#85400
04
b1100 ?
b1100 c
b1100 C
#85450
b1000000010 h
b1010001 &
b1010001 T
b1010001 x
b1010001 !"
b1101110 (
b1101110 U
b1101110 y
b1101110 ~
b10001111 *
b10001111 V
b10001111 z
b10001111 }
b10110100 ,
b10110100 W
b10110100 {
b10110100 |
b1010001 i
b1010001 [
b1010001 %
b1010001 w
b1101110 j
b1101110 \
b1101110 '
b1101110 v
b10001111 k
b10001111 ]
b10001111 )
b10001111 u
b10110100 l
b10110100 ^
b10110100 +
b10110100 t
b1001 !
b1001 N
b1001 g
b1001 p
b1010 "
b1010 O
b1010 f
b1010 o
b1011 #
b1011 P
b1011 e
b1011 n
b1100 $
b1100 Q
b1100 d
b1100 m
14
#85500
04
b1101 ?
b1101 c
b1101 C
#85550
b100 3
b100 Z
b10 2
b10 Y
b1111001 R
0S
11
1.
b10000 L
b1000110010 h
b1011010 &
b1011010 T
b1011010 x
b1011010 !"
b1101001 (
b1101001 U
b1101001 y
b1101001 ~
b10011100 *
b10011100 V
b10011100 z
b10011100 }
b11000011 ,
b11000011 W
b11000011 {
b11000011 |
b1011010 i
b1011010 [
b1011010 %
b1011010 w
b1111001 j
b1111001 \
b1111001 '
b1111001 v
b10011100 k
b10011100 ]
b10011100 )
b10011100 u
b11000011 l
b11000011 ^
b11000011 +
b11000011 t
b1010 !
b1010 N
b1010 g
b1010 p
b1011 "
b1011 O
b1011 f
b1011 o
b1100 #
b1100 P
b1100 e
b1100 n
b1101 $
b1101 Q
b1101 d
b1101 m
14
#85600
04
b1110 ?
b1110 c
b1110 C
#85650
b0 2
b0 Y
b0 3
b0 Z
b0 R
01
0.
b0 L
b1001100010 h
b1100011 &
b1100011 T
b1100011 x
b1100011 !"
b10000100 (
b10000100 U
b10000100 y
b10000100 ~
b10101001 *
b10101001 V
b10101001 z
b10101001 }
b11010010 ,
b11010010 W
b11010010 {
b11010010 |
b1100011 i
b1100011 [
b1100011 %
b1100011 w
b10000100 j
b10000100 \
b10000100 '
b10000100 v
b10101001 k
b10101001 ]
b10101001 )
b10101001 u
b11010010 l
b11010010 ^
b11010010 +
b11010010 t
b1011 !
b1011 N
b1011 g
b1011 p
b1100 "
b1100 O
b1100 f
b1100 o
b1101 #
b1101 P
b1101 e
b1101 n
b1110 $
b1110 Q
b1110 d
b1110 m
14
#85700
04
b1111 ?
b1111 c
b1111 C
#85750
b1010010010 h
b1101100 &
b1101100 T
b1101100 x
b1101100 !"
b10001111 (
b10001111 U
b10001111 y
b10001111 ~
b10110110 *
b10110110 V
b10110110 z
b10110110 }
b11100001 ,
b11100001 W
b11100001 {
b11100001 |
b1101100 i
b1101100 [
b1101100 %
b1101100 w
b10001111 j
b10001111 \
b10001111 '
b10001111 v
b10110110 k
b10110110 ]
b10110110 )
b10110110 u
b11100001 l
b11100001 ^
b11100001 +
b11100001 t
b1100 !
b1100 N
b1100 g
b1100 p
b1101 "
b1101 O
b1101 f
b1101 o
b1110 #
b1110 P
b1110 e
b1110 n
b1111 $
b1111 Q
b1111 d
b1111 m
14
#85800
04
b10000 C
#85850
b100 3
b100 Z
b10 2
b10 Y
b10011010 R
11
1.
b10000 L
b1010110011 h
b1110101 &
b1110101 T
b1110101 x
b1110101 !"
b10001010 (
b10001010 U
b10001010 y
b10001010 ~
b11000011 *
b11000011 V
b11000011 z
b11000011 }
b1110101 i
b1110101 [
b1110101 %
b1110101 w
b10011010 j
b10011010 \
b10011010 '
b10011010 v
b11000011 k
b11000011 ]
b11000011 )
b11000011 u
b1101 !
b1101 N
b1101 g
b1101 p
b1110 "
b1110 O
b1110 f
b1110 o
b1111 #
b1111 P
b1111 e
b1111 n
14
#85900
04
#85950
b0 2
b0 Y
b0 3
b0 Z
b0 R
01
b1011000111 h
0.
b0 L
b1111110 &
b1111110 T
b1111110 x
b1111110 !"
b10100101 (
b10100101 U
b10100101 y
b10100101 ~
b1111110 i
b1111110 [
b1111110 %
b1111110 w
b10100101 j
b10100101 \
b10100101 '
b10100101 v
b1110 !
b1110 N
b1110 g
b1110 p
b1111 "
b1111 O
b1111 f
b1111 o
14
#86000
04
#86050
b1011010000 h
b10000111 &
b10000111 T
b10000111 x
b10000111 !"
b10000111 i
b10000111 [
b10000111 %
b10000111 w
b1111 !
b1111 N
b1111 g
b1111 p
14
#86100
04
#86150
14
#86200
1X
b100 3
b100 Z
b10 2
b10 Y
b10100101 R
1S
11
1.
b10000 L
b10110101 (
b10110101 U
b10110101 y
b10110101 ~
04
b0 ?
b0 c
1>
0=
07
b10 $"
b10 8
b10 s
b101001 E
b101001 A
b101001 B
#86250
b0 R
b0 h
b0 &
b0 T
b0 x
b0 !"
b10000 (
b10000 U
b10000 y
b10000 ~
b0 *
b0 V
b0 z
b0 }
b0 ,
b0 W
b0 {
b0 |
b0 i
b0 [
b0 %
b0 w
b0 j
b0 \
b0 '
b0 v
b0 k
b0 ]
b0 )
b0 u
b0 l
b0 ^
b0 +
b0 t
b0 !
b0 N
b0 g
b0 p
b0 "
b0 O
b0 f
b0 o
b0 #
b0 P
b0 e
b0 n
b0 $
b0 Q
b0 d
b0 m
14
#86300
04
b0 C
0>
#86350
14
#86400
04
b1 ?
b1 c
b1 C
1=
17
#86450
b1111 h
b10000 (
b10000 U
b10000 y
b10000 ~
b1111 ,
b1111 W
b1111 {
b1111 |
b1111 l
b1111 ^
b1111 +
b1111 t
b1 $
b1 Q
b1 d
b1 m
14
#86500
04
b10 ?
b10 c
b10 C
#86550
b101011 h
b10000 (
b10000 U
b10000 y
b10000 ~
b1101 *
b1101 V
b1101 z
b1101 }
b11110 ,
b11110 W
b11110 {
b11110 |
b1101 k
b1101 ]
b1101 )
b1101 u
b11110 l
b11110 ^
b11110 +
b11110 t
b1 #
b1 P
b1 e
b1 n
b10 $
b10 Q
b10 d
b10 m
14
#86600
04
b11 ?
b11 c
b11 C
#86650
b1011 R
b1010010 h
b11011 (
b11011 U
b11011 y
b11011 ~
b11010 *
b11010 V
b11010 z
b11010 }
b101101 ,
b101101 W
b101101 {
b101101 |
b1011 j
b1011 \
b1011 '
b1011 v
b11010 k
b11010 ]
b11010 )
b11010 u
b101101 l
b101101 ^
b101101 +
b101101 t
b1 "
b1 O
b1 f
b1 o
b10 #
b10 P
b10 e
b10 n
b11 $
b11 Q
b11 d
b11 m
14
#86700
04
b100 ?
b100 c
b100 C
#86750
b0 2
b0 Y
b0 3
b0 Z
0S
0X
b0 R
01
0.
b0 L
b10000010 h
b1001 &
b1001 T
b1001 x
b1001 !"
b10110 (
b10110 U
b10110 y
b10110 ~
b100111 *
b100111 V
b100111 z
b100111 }
b111100 ,
b111100 W
b111100 {
b111100 |
b1001 i
b1001 [
b1001 %
b1001 w
b10110 j
b10110 \
b10110 '
b10110 v
b100111 k
b100111 ]
b100111 )
b100111 u
b111100 l
b111100 ^
b111100 +
b111100 t
b1 !
b1 N
b1 g
b1 p
b10 "
b10 O
b10 f
b10 o
b11 #
b11 P
b11 e
b11 n
b100 $
b100 Q
b100 d
b100 m
14
#86800
04
b101 ?
b101 c
b101 C
#86850
1X
b100 3
b100 Z
b10 2
b10 Y
b100001 R
1S
11
1.
b10000 L
b10110010 h
b10010 &
b10010 T
b10010 x
b10010 !"
b110001 (
b110001 U
b110001 y
b110001 ~
b110100 *
b110100 V
b110100 z
b110100 }
b1001011 ,
b1001011 W
b1001011 {
b1001011 |
b10010 i
b10010 [
b10010 %
b10010 w
b100001 j
b100001 \
b100001 '
b100001 v
b110100 k
b110100 ]
b110100 )
b110100 u
b1001011 l
b1001011 ^
b1001011 +
b1001011 t
b10 !
b10 N
b10 g
b10 p
b11 "
b11 O
b11 f
b11 o
b100 #
b100 P
b100 e
b100 n
b101 $
b101 Q
b101 d
b101 m
14
#86900
04
b110 ?
b110 c
b110 C
#86950
b101100 R
b11100010 h
b11011 &
b11011 T
b11011 x
b11011 !"
b111100 (
b111100 U
b111100 y
b111100 ~
b1000001 *
b1000001 V
b1000001 z
b1000001 }
b1011010 ,
b1011010 W
b1011010 {
b1011010 |
b11011 i
b11011 [
b11011 %
b11011 w
b101100 j
b101100 \
b101100 '
b101100 v
b1000001 k
b1000001 ]
b1000001 )
b1000001 u
b1011010 l
b1011010 ^
b1011010 +
b1011010 t
b11 !
b11 N
b11 g
b11 p
b100 "
b100 O
b100 f
b100 o
b101 #
b101 P
b101 e
b101 n
b110 $
b110 Q
b110 d
b110 m
14
#87000
04
b111 ?
b111 c
b111 C
#87050
b0 2
b0 Y
b0 3
b0 Z
0S
0X
b0 R
01
0.
b0 L
b100010010 h
b100100 &
b100100 T
b100100 x
b100100 !"
b110111 (
b110111 U
b110111 y
b110111 ~
b1001110 *
b1001110 V
b1001110 z
b1001110 }
b1101001 ,
b1101001 W
b1101001 {
b1101001 |
b100100 i
b100100 [
b100100 %
b100100 w
b110111 j
b110111 \
b110111 '
b110111 v
b1001110 k
b1001110 ]
b1001110 )
b1001110 u
b1101001 l
b1101001 ^
b1101001 +
b1101001 t
b100 !
b100 N
b100 g
b100 p
b101 "
b101 O
b101 f
b101 o
b110 #
b110 P
b110 e
b110 n
b111 $
b111 Q
b111 d
b111 m
14
#87100
04
b1000 ?
b1000 c
b1000 C
#87150
1X
1S
b100 3
b100 Z
b10 2
b10 Y
b1000010 R
11
1.
b10000 L
b101000010 h
b101101 &
b101101 T
b101101 x
b101101 !"
b1010010 (
b1010010 U
b1010010 y
b1010010 ~
b1011011 *
b1011011 V
b1011011 z
b1011011 }
b1111000 ,
b1111000 W
b1111000 {
b1111000 |
b101101 i
b101101 [
b101101 %
b101101 w
b1000010 j
b1000010 \
b1000010 '
b1000010 v
b1011011 k
b1011011 ]
b1011011 )
b1011011 u
b1111000 l
b1111000 ^
b1111000 +
b1111000 t
b101 !
b101 N
b101 g
b101 p
b110 "
b110 O
b110 f
b110 o
b111 #
b111 P
b111 e
b111 n
b1000 $
b1000 Q
b1000 d
b1000 m
14
#87200
04
b1001 ?
b1001 c
b1001 C
#87250
b1001101 R
b101110010 h
b110110 &
b110110 T
b110110 x
b110110 !"
b1011101 (
b1011101 U
b1011101 y
b1011101 ~
b1101000 *
b1101000 V
b1101000 z
b1101000 }
b10000111 ,
b10000111 W
b10000111 {
b10000111 |
b110110 i
b110110 [
b110110 %
b110110 w
b1001101 j
b1001101 \
b1001101 '
b1001101 v
b1101000 k
b1101000 ]
b1101000 )
b1101000 u
b10000111 l
b10000111 ^
b10000111 +
b10000111 t
b110 !
b110 N
b110 g
b110 p
b111 "
b111 O
b111 f
b111 o
b1000 #
b1000 P
b1000 e
b1000 n
b1001 $
b1001 Q
b1001 d
b1001 m
14
#87300
04
b1010 ?
b1010 c
b1010 C
#87350
b0 2
b0 Y
b0 3
b0 Z
0S
0X
b0 R
01
0.
b0 L
b110100010 h
b111111 &
b111111 T
b111111 x
b111111 !"
b1011000 (
b1011000 U
b1011000 y
b1011000 ~
b1110101 *
b1110101 V
b1110101 z
b1110101 }
b10010110 ,
b10010110 W
b10010110 {
b10010110 |
b111111 i
b111111 [
b111111 %
b111111 w
b1011000 j
b1011000 \
b1011000 '
b1011000 v
b1110101 k
b1110101 ]
b1110101 )
b1110101 u
b10010110 l
b10010110 ^
b10010110 +
b10010110 t
b111 !
b111 N
b111 g
b111 p
b1000 "
b1000 O
b1000 f
b1000 o
b1001 #
b1001 P
b1001 e
b1001 n
b1010 $
b1010 Q
b1010 d
b1010 m
14
#87400
04
b1011 ?
b1011 c
b1011 C
#87450
1X
b100 3
b100 Z
b10 2
b10 Y
b1100011 R
1S
11
1.
b10000 L
b111010010 h
b1001000 &
b1001000 T
b1001000 x
b1001000 !"
b1110011 (
b1110011 U
b1110011 y
b1110011 ~
b10000010 *
b10000010 V
b10000010 z
b10000010 }
b10100101 ,
b10100101 W
b10100101 {
b10100101 |
b1001000 i
b1001000 [
b1001000 %
b1001000 w
b1100011 j
b1100011 \
b1100011 '
b1100011 v
b10000010 k
b10000010 ]
b10000010 )
b10000010 u
b10100101 l
b10100101 ^
b10100101 +
b10100101 t
b1000 !
b1000 N
b1000 g
b1000 p
b1001 "
b1001 O
b1001 f
b1001 o
b1010 #
b1010 P
b1010 e
b1010 n
b1011 $
b1011 Q
b1011 d
b1011 m
14
#87500
04
b1100 ?
b1100 c
b1100 C
#87550
b1101110 R
b1000000010 h
b1010001 &
b1010001 T
b1010001 x
b1010001 !"
b1111110 (
b1111110 U
b1111110 y
b1111110 ~
b10001111 *
b10001111 V
b10001111 z
b10001111 }
b10110100 ,
b10110100 W
b10110100 {
b10110100 |
b1010001 i
b1010001 [
b1010001 %
b1010001 w
b1101110 j
b1101110 \
b1101110 '
b1101110 v
b10001111 k
b10001111 ]
b10001111 )
b10001111 u
b10110100 l
b10110100 ^
b10110100 +
b10110100 t
b1001 !
b1001 N
b1001 g
b1001 p
b1010 "
b1010 O
b1010 f
b1010 o
b1011 #
b1011 P
b1011 e
b1011 n
b1100 $
b1100 Q
b1100 d
b1100 m
14
#87600
04
b1101 ?
b1101 c
b1101 C
#87650
b0 2
b0 Y
b0 3
b0 Z
0S
0X
b0 R
01
0.
b0 L
b1000110010 h
b1011010 &
b1011010 T
b1011010 x
b1011010 !"
b1111001 (
b1111001 U
b1111001 y
b1111001 ~
b10011100 *
b10011100 V
b10011100 z
b10011100 }
b11000011 ,
b11000011 W
b11000011 {
b11000011 |
b1011010 i
b1011010 [
b1011010 %
b1011010 w
b1111001 j
b1111001 \
b1111001 '
b1111001 v
b10011100 k
b10011100 ]
b10011100 )
b10011100 u
b11000011 l
b11000011 ^
b11000011 +
b11000011 t
b1010 !
b1010 N
b1010 g
b1010 p
b1011 "
b1011 O
b1011 f
b1011 o
b1100 #
b1100 P
b1100 e
b1100 n
b1101 $
b1101 Q
b1101 d
b1101 m
14
#87700
04
b1110 ?
b1110 c
b1110 C
#87750
1X
1S
b100 3
b100 Z
b10 2
b10 Y
b10000100 R
11
1.
b10000 L
b1001100010 h
b1100011 &
b1100011 T
b1100011 x
b1100011 !"
b10010100 (
b10010100 U
b10010100 y
b10010100 ~
b10101001 *
b10101001 V
b10101001 z
b10101001 }
b11010010 ,
b11010010 W
b11010010 {
b11010010 |
b1100011 i
b1100011 [
b1100011 %
b1100011 w
b10000100 j
b10000100 \
b10000100 '
b10000100 v
b10101001 k
b10101001 ]
b10101001 )
b10101001 u
b11010010 l
b11010010 ^
b11010010 +
b11010010 t
b1011 !
b1011 N
b1011 g
b1011 p
b1100 "
b1100 O
b1100 f
b1100 o
b1101 #
b1101 P
b1101 e
b1101 n
b1110 $
b1110 Q
b1110 d
b1110 m
14
#87800
04
b1111 ?
b1111 c
b1111 C
#87850
b10001111 R
b1010010010 h
b1101100 &
b1101100 T
b1101100 x
b1101100 !"
b10011111 (
b10011111 U
b10011111 y
b10011111 ~
b10110110 *
b10110110 V
b10110110 z
b10110110 }
b11100001 ,
b11100001 W
b11100001 {
b11100001 |
b1101100 i
b1101100 [
b1101100 %
b1101100 w
b10001111 j
b10001111 \
b10001111 '
b10001111 v
b10110110 k
b10110110 ]
b10110110 )
b10110110 u
b11100001 l
b11100001 ^
b11100001 +
b11100001 t
b1100 !
b1100 N
b1100 g
b1100 p
b1101 "
b1101 O
b1101 f
b1101 o
b1110 #
b1110 P
b1110 e
b1110 n
b1111 $
b1111 Q
b1111 d
b1111 m
14
#87900
04
b10000 C
#87950
b0 2
b0 Y
b0 3
b0 Z
0S
0X
b0 R
01
0.
b0 L
b1010110011 h
b1110101 &
b1110101 T
b1110101 x
b1110101 !"
b10011010 (
b10011010 U
b10011010 y
b10011010 ~
b11000011 *
b11000011 V
b11000011 z
b11000011 }
b1110101 i
b1110101 [
b1110101 %
b1110101 w
b10011010 j
b10011010 \
b10011010 '
b10011010 v
b11000011 k
b11000011 ]
b11000011 )
b11000011 u
b1101 !
b1101 N
b1101 g
b1101 p
b1110 "
b1110 O
b1110 f
b1110 o
b1111 #
b1111 P
b1111 e
b1111 n
14
#88000
04
#88050
1X
b100 3
b100 Z
b10 2
b10 Y
b10100101 R
1S
11
b1011000111 h
1.
b10000 L
b1111110 &
b1111110 T
b1111110 x
b1111110 !"
b10110101 (
b10110101 U
b10110101 y
b10110101 ~
b1111110 i
b1111110 [
b1111110 %
b1111110 w
b10100101 j
b10100101 \
b10100101 '
b10100101 v
b1110 !
b1110 N
b1110 g
b1110 p
b1111 "
b1111 O
b1111 f
b1111 o
14
#88100
04
#88150
b1011010000 h
b10000111 &
b10000111 T
b10000111 x
b10000111 !"
b10110101 (
b10110101 U
b10110101 y
b10110101 ~
b10000111 i
b10000111 [
b10000111 %
b10000111 w
b1111 !
b1111 N
b1111 g
b1111 p
14
#88200
04
#88250
14
#88300
b101 3
b101 Z
0X
0S
b100000 L
b10000101 (
b10000101 U
b10000101 y
b10000101 ~
04
b0 ?
b0 c
1>
0=
07
b101 5
b101 q
b1 $"
b101 ""
b101 @
b1 8
b1 s
b101010 E
b101010 A
b101010 B
#88350
b0 2
b0 Y
b0 3
b0 Z
b0 R
01
0.
b0 L
b0 h
b0 &
b0 T
b0 x
b0 !"
b0 (
b0 U
b0 y
b0 ~
b0 *
b0 V
b0 z
b0 }
b0 ,
b0 W
b0 {
b0 |
b0 i
b0 [
b0 %
b0 w
b0 j
b0 \
b0 '
b0 v
b0 k
b0 ]
b0 )
b0 u
b0 l
b0 ^
b0 +
b0 t
b0 !
b0 N
b0 g
b0 p
b0 "
b0 O
b0 f
b0 o
b0 #
b0 P
b0 e
b0 n
b0 $
b0 Q
b0 d
b0 m
14
#88400
04
b0 C
0>
#88450
14
#88500
04
b1 ?
b1 c
b1 C
#88550
b1111 h
b1111 ,
b1111 W
b1111 {
b1111 |
b1111 l
b1111 ^
b1111 +
b1111 t
b1 $
b1 Q
b1 d
b1 m
14
#88600
04
b10 ?
b10 c
b10 C
#88650
b101011 h
b1101 *
b1101 V
b1101 z
b1101 }
b11110 ,
b11110 W
b11110 {
b11110 |
b1101 k
b1101 ]
b1101 )
b1101 u
b11110 l
b11110 ^
b11110 +
b11110 t
b1 #
b1 P
b1 e
b1 n
b10 $
b10 Q
b10 d
b10 m
14
#88700
04
b11 ?
b11 c
b11 C
#88750
b1010010 h
b1011 (
b1011 U
b1011 y
b1011 ~
b11010 *
b11010 V
b11010 z
b11010 }
b101101 ,
b101101 W
b101101 {
b101101 |
b1011 j
b1011 \
b1011 '
b1011 v
b11010 k
b11010 ]
b11010 )
b11010 u
b101101 l
b101101 ^
b101101 +
b101101 t
b1 "
b1 O
b1 f
b1 o
b10 #
b10 P
b10 e
b10 n
b11 $
b11 Q
b11 d
b11 m
14
#88800
04
b100 ?
b100 c
b100 C
#88850
b10000010 h
b1001 &
b1001 T
b1001 x
b1001 !"
b10110 (
b10110 U
b10110 y
b10110 ~
b100111 *
b100111 V
b100111 z
b100111 }
b111100 ,
b111100 W
b111100 {
b111100 |
b1001 i
b1001 [
b1001 %
b1001 w
b10110 j
b10110 \
b10110 '
b10110 v
b100111 k
b100111 ]
b100111 )
b100111 u
b111100 l
b111100 ^
b111100 +
b111100 t
b1 !
b1 N
b1 g
b1 p
b10 "
b10 O
b10 f
b10 o
b11 #
b11 P
b11 e
b11 n
b100 $
b100 Q
b100 d
b100 m
14
#88900
04
b101 ?
b101 c
b101 C
#88950
b101 3
b101 Z
b10 2
b10 Y
b100001 R
0S
11
1.
b100000 L
b10110010 h
b10010 &
b10010 T
b10010 x
b10010 !"
b1 (
b1 U
b1 y
b1 ~
b110100 *
b110100 V
b110100 z
b110100 }
b1001011 ,
b1001011 W
b1001011 {
b1001011 |
b10010 i
b10010 [
b10010 %
b10010 w
b100001 j
b100001 \
b100001 '
b100001 v
b110100 k
b110100 ]
b110100 )
b110100 u
b1001011 l
b1001011 ^
b1001011 +
b1001011 t
b10 !
b10 N
b10 g
b10 p
b11 "
b11 O
b11 f
b11 o
b100 #
b100 P
b100 e
b100 n
b101 $
b101 Q
b101 d
b101 m
14
#89000
04
b110 ?
b110 c
b110 C
1=
17
#89050
b101100 R
b11100010 h
b11011 &
b11011 T
b11011 x
b11011 !"
b1100 (
b1100 U
b1100 y
b1100 ~
b1000001 *
b1000001 V
b1000001 z
b1000001 }
b1011010 ,
b1011010 W
b1011010 {
b1011010 |
b11011 i
b11011 [
b11011 %
b11011 w
b101100 j
b101100 \
b101100 '
b101100 v
b1000001 k
b1000001 ]
b1000001 )
b1000001 u
b1011010 l
b1011010 ^
b1011010 +
b1011010 t
b11 !
b11 N
b11 g
b11 p
b100 "
b100 O
b100 f
b100 o
b101 #
b101 P
b101 e
b101 n
b110 $
b110 Q
b110 d
b110 m
14
#89100
04
b111 ?
b111 c
b111 C
#89150
b110111 R
b100010010 h
b100100 &
b100100 T
b100100 x
b100100 !"
b10111 (
b10111 U
b10111 y
b10111 ~
b1001110 *
b1001110 V
b1001110 z
b1001110 }
b1101001 ,
b1101001 W
b1101001 {
b1101001 |
b100100 i
b100100 [
b100100 %
b100100 w
b110111 j
b110111 \
b110111 '
b110111 v
b1001110 k
b1001110 ]
b1001110 )
b1001110 u
b1101001 l
b1101001 ^
b1101001 +
b1101001 t
b100 !
b100 N
b100 g
b100 p
b101 "
b101 O
b101 f
b101 o
b110 #
b110 P
b110 e
b110 n
b111 $
b111 Q
b111 d
b111 m
14
#89200
04
b1000 ?
b1000 c
b1000 C
#89250
b0 2
b0 Y
b0 3
b0 Z
b0 R
01
0.
b0 L
b101000010 h
b101101 &
b101101 T
b101101 x
b101101 !"
b1000010 (
b1000010 U
b1000010 y
b1000010 ~
b1011011 *
b1011011 V
b1011011 z
b1011011 }
b1111000 ,
b1111000 W
b1111000 {
b1111000 |
b101101 i
b101101 [
b101101 %
b101101 w
b1000010 j
b1000010 \
b1000010 '
b1000010 v
b1011011 k
b1011011 ]
b1011011 )
b1011011 u
b1111000 l
b1111000 ^
b1111000 +
b1111000 t
b101 !
b101 N
b101 g
b101 p
b110 "
b110 O
b110 f
b110 o
b111 #
b111 P
b111 e
b111 n
b1000 $
b1000 Q
b1000 d
b1000 m
14
#89300
04
b1001 ?
b1001 c
b1001 C
#89350
b101110010 h
b110110 &
b110110 T
b110110 x
b110110 !"
b1001101 (
b1001101 U
b1001101 y
b1001101 ~
b1101000 *
b1101000 V
b1101000 z
b1101000 }
b10000111 ,
b10000111 W
b10000111 {
b10000111 |
b110110 i
b110110 [
b110110 %
b110110 w
b1001101 j
b1001101 \
b1001101 '
b1001101 v
b1101000 k
b1101000 ]
b1101000 )
b1101000 u
b10000111 l
b10000111 ^
b10000111 +
b10000111 t
b110 !
b110 N
b110 g
b110 p
b111 "
b111 O
b111 f
b111 o
b1000 #
b1000 P
b1000 e
b1000 n
b1001 $
b1001 Q
b1001 d
b1001 m
14
#89400
04
b1010 ?
b1010 c
b1010 C
#89450
b110100010 h
b111111 &
b111111 T
b111111 x
b111111 !"
b1011000 (
b1011000 U
b1011000 y
b1011000 ~
b1110101 *
b1110101 V
b1110101 z
b1110101 }
b10010110 ,
b10010110 W
b10010110 {
b10010110 |
b111111 i
b111111 [
b111111 %
b111111 w
b1011000 j
b1011000 \
b1011000 '
b1011000 v
b1110101 k
b1110101 ]
b1110101 )
b1110101 u
b10010110 l
b10010110 ^
b10010110 +
b10010110 t
b111 !
b111 N
b111 g
b111 p
b1000 "
b1000 O
b1000 f
b1000 o
b1001 #
b1001 P
b1001 e
b1001 n
b1010 $
b1010 Q
b1010 d
b1010 m
14
#89500
04
b1011 ?
b1011 c
b1011 C
#89550
b101 3
b101 Z
b10 2
b10 Y
b1100011 R
0S
11
1.
b100000 L
b111010010 h
b1001000 &
b1001000 T
b1001000 x
b1001000 !"
b1000011 (
b1000011 U
b1000011 y
b1000011 ~
b10000010 *
b10000010 V
b10000010 z
b10000010 }
b10100101 ,
b10100101 W
b10100101 {
b10100101 |
b1001000 i
b1001000 [
b1001000 %
b1001000 w
b1100011 j
b1100011 \
b1100011 '
b1100011 v
b10000010 k
b10000010 ]
b10000010 )
b10000010 u
b10100101 l
b10100101 ^
b10100101 +
b10100101 t
b1000 !
b1000 N
b1000 g
b1000 p
b1001 "
b1001 O
b1001 f
b1001 o
b1010 #
b1010 P
b1010 e
b1010 n
b1011 $
b1011 Q
b1011 d
b1011 m
14
#89600
04
b1100 ?
b1100 c
b1100 C
#89650
b1101110 R
b1000000010 h
b1010001 &
b1010001 T
b1010001 x
b1010001 !"
b1001110 (
b1001110 U
b1001110 y
b1001110 ~
b10001111 *
b10001111 V
b10001111 z
b10001111 }
b10110100 ,
b10110100 W
b10110100 {
b10110100 |
b1010001 i
b1010001 [
b1010001 %
b1010001 w
b1101110 j
b1101110 \
b1101110 '
b1101110 v
b10001111 k
b10001111 ]
b10001111 )
b10001111 u
b10110100 l
b10110100 ^
b10110100 +
b10110100 t
b1001 !
b1001 N
b1001 g
b1001 p
b1010 "
b1010 O
b1010 f
b1010 o
b1011 #
b1011 P
b1011 e
b1011 n
b1100 $
b1100 Q
b1100 d
b1100 m
14
#89700
04
b1101 ?
b1101 c
b1101 C
#89750
b1111001 R
b1000110010 h
b1011010 &
b1011010 T
b1011010 x
b1011010 !"
b1011001 (
b1011001 U
b1011001 y
b1011001 ~
b10011100 *
b10011100 V
b10011100 z
b10011100 }
b11000011 ,
b11000011 W
b11000011 {
b11000011 |
b1011010 i
b1011010 [
b1011010 %
b1011010 w
b1111001 j
b1111001 \
b1111001 '
b1111001 v
b10011100 k
b10011100 ]
b10011100 )
b10011100 u
b11000011 l
b11000011 ^
b11000011 +
b11000011 t
b1010 !
b1010 N
b1010 g
b1010 p
b1011 "
b1011 O
b1011 f
b1011 o
b1100 #
b1100 P
b1100 e
b1100 n
b1101 $
b1101 Q
b1101 d
b1101 m
14
#89800
04
b1110 ?
b1110 c
b1110 C
#89850
b0 2
b0 Y
b0 3
b0 Z
b0 R
01
0.
b0 L
b1001100010 h
b1100011 &
b1100011 T
b1100011 x
b1100011 !"
b10000100 (
b10000100 U
b10000100 y
b10000100 ~
b10101001 *
b10101001 V
b10101001 z
b10101001 }
b11010010 ,
b11010010 W
b11010010 {
b11010010 |
b1100011 i
b1100011 [
b1100011 %
b1100011 w
b10000100 j
b10000100 \
b10000100 '
b10000100 v
b10101001 k
b10101001 ]
b10101001 )
b10101001 u
b11010010 l
b11010010 ^
b11010010 +
b11010010 t
b1011 !
b1011 N
b1011 g
b1011 p
b1100 "
b1100 O
b1100 f
b1100 o
b1101 #
b1101 P
b1101 e
b1101 n
b1110 $
b1110 Q
b1110 d
b1110 m
14
#89900
04
b1111 ?
b1111 c
b1111 C
#89950
b1010010010 h
b1101100 &
b1101100 T
b1101100 x
b1101100 !"
b10001111 (
b10001111 U
b10001111 y
b10001111 ~
b10110110 *
b10110110 V
b10110110 z
b10110110 }
b11100001 ,
b11100001 W
b11100001 {
b11100001 |
b1101100 i
b1101100 [
b1101100 %
b1101100 w
b10001111 j
b10001111 \
b10001111 '
b10001111 v
b10110110 k
b10110110 ]
b10110110 )
b10110110 u
b11100001 l
b11100001 ^
b11100001 +
b11100001 t
b1100 !
b1100 N
b1100 g
b1100 p
b1101 "
b1101 O
b1101 f
b1101 o
b1110 #
b1110 P
b1110 e
b1110 n
b1111 $
b1111 Q
b1111 d
b1111 m
14
#90000
04
b10000 C
#90050
b1010110011 h
b1110101 &
b1110101 T
b1110101 x
b1110101 !"
b10011010 (
b10011010 U
b10011010 y
b10011010 ~
b11000011 *
b11000011 V
b11000011 z
b11000011 }
b1110101 i
b1110101 [
b1110101 %
b1110101 w
b10011010 j
b10011010 \
b10011010 '
b10011010 v
b11000011 k
b11000011 ]
b11000011 )
b11000011 u
b1101 !
b1101 N
b1101 g
b1101 p
b1110 "
b1110 O
b1110 f
b1110 o
b1111 #
b1111 P
b1111 e
b1111 n
14
#90100
04
#90150
b101 3
b101 Z
b10 2
b10 Y
b10100101 R
0S
11
b1011000111 h
1.
b100000 L
b1111110 &
b1111110 T
b1111110 x
b1111110 !"
b10000101 (
b10000101 U
b10000101 y
b10000101 ~
b1111110 i
b1111110 [
b1111110 %
b1111110 w
b10100101 j
b10100101 \
b10100101 '
b10100101 v
b1110 !
b1110 N
b1110 g
b1110 p
b1111 "
b1111 O
b1111 f
b1111 o
14
#90200
04
#90250
b1011010000 h
b10000111 &
b10000111 T
b10000111 x
b10000111 !"
b10000101 (
b10000101 U
b10000101 y
b10000101 ~
b10000111 i
b10000111 [
b10000111 %
b10000111 w
b1111 !
b1111 N
b1111 g
b1111 p
14
#90300
04
#90350
14
#90400
b0 2
b0 Y
b0 3
b0 Z
b0 R
01
0.
b0 L
b10100101 (
b10100101 U
b10100101 y
b10100101 ~
04
b0 ?
b0 c
1>
0=
07
b10 $"
b10 8
b10 s
b101011 E
b101011 A
b101011 B
#90450
1X
1S
b101 3
b101 Z
b10 2
b10 Y
11
1.
b100000 L
b0 h
b0 &
b0 T
b0 x
b0 !"
b100000 (
b100000 U
b100000 y
b100000 ~
b0 *
b0 V
b0 z
b0 }
b0 ,
b0 W
b0 {
b0 |
b0 i
b0 [
b0 %
b0 w
b0 j
b0 \
b0 '
b0 v
b0 k
b0 ]
b0 )
b0 u
b0 l
b0 ^
b0 +
b0 t
b0 !
b0 N
b0 g
b0 p
b0 "
b0 O
b0 f
b0 o
b0 #
b0 P
b0 e
b0 n
b0 $
b0 Q
b0 d
b0 m
14
#90500
04
b0 C
0>
#90550
14
#90600
04
b1 ?
b1 c
b1 C
1=
17
#90650
b1111 h
b100000 (
b100000 U
b100000 y
b100000 ~
b1111 ,
b1111 W
b1111 {
b1111 |
b1111 l
b1111 ^
b1111 +
b1111 t
b1 $
b1 Q
b1 d
b1 m
14
#90700
04
b10 ?
b10 c
b10 C
#90750
b101011 h
b100000 (
b100000 U
b100000 y
b100000 ~
b1101 *
b1101 V
b1101 z
b1101 }
b11110 ,
b11110 W
b11110 {
b11110 |
b1101 k
b1101 ]
b1101 )
b1101 u
b11110 l
b11110 ^
b11110 +
b11110 t
b1 #
b1 P
b1 e
b1 n
b10 $
b10 Q
b10 d
b10 m
14
#90800
04
b11 ?
b11 c
b11 C
#90850
b1011 R
b1010010 h
b101011 (
b101011 U
b101011 y
b101011 ~
b11010 *
b11010 V
b11010 z
b11010 }
b101101 ,
b101101 W
b101101 {
b101101 |
b1011 j
b1011 \
b1011 '
b1011 v
b11010 k
b11010 ]
b11010 )
b11010 u
b101101 l
b101101 ^
b101101 +
b101101 t
b1 "
b1 O
b1 f
b1 o
b10 #
b10 P
b10 e
b10 n
b11 $
b11 Q
b11 d
b11 m
14
#90900
04
b100 ?
b100 c
b100 C
#90950
b10110 R
b10000010 h
b1001 &
b1001 T
b1001 x
b1001 !"
b110110 (
b110110 U
b110110 y
b110110 ~
b100111 *
b100111 V
b100111 z
b100111 }
b111100 ,
b111100 W
b111100 {
b111100 |
b1001 i
b1001 [
b1001 %
b1001 w
b10110 j
b10110 \
b10110 '
b10110 v
b100111 k
b100111 ]
b100111 )
b100111 u
b111100 l
b111100 ^
b111100 +
b111100 t
b1 !
b1 N
b1 g
b1 p
b10 "
b10 O
b10 f
b10 o
b11 #
b11 P
b11 e
b11 n
b100 $
b100 Q
b100 d
b100 m
14
#91000
04
b101 ?
b101 c
b101 C
#91050
b0 2
b0 Y
b0 3
b0 Z
0S
0X
b0 R
01
0.
b0 L
b10110010 h
b10010 &
b10010 T
b10010 x
b10010 !"
b100001 (
b100001 U
b100001 y
b100001 ~
b110100 *
b110100 V
b110100 z
b110100 }
b1001011 ,
b1001011 W
b1001011 {
b1001011 |
b10010 i
b10010 [
b10010 %
b10010 w
b100001 j
b100001 \
b100001 '
b100001 v
b110100 k
b110100 ]
b110100 )
b110100 u
b1001011 l
b1001011 ^
b1001011 +
b1001011 t
b10 !
b10 N
b10 g
b10 p
b11 "
b11 O
b11 f
b11 o
b100 #
b100 P
b100 e
b100 n
b101 $
b101 Q
b101 d
b101 m
14
#91100
04
b110 ?
b110 c
b110 C
#91150
b11100010 h
b11011 &
b11011 T
b11011 x
b11011 !"
b101100 (
b101100 U
b101100 y
b101100 ~
b1000001 *
b1000001 V
b1000001 z
b1000001 }
b1011010 ,
b1011010 W
b1011010 {
b1011010 |
b11011 i
b11011 [
b11011 %
b11011 w
b101100 j
b101100 \
b101100 '
b101100 v
b1000001 k
b1000001 ]
b1000001 )
b1000001 u
b1011010 l
b1011010 ^
b1011010 +
b1011010 t
b11 !
b11 N
b11 g
b11 p
b100 "
b100 O
b100 f
b100 o
b101 #
b101 P
b101 e
b101 n
b110 $
b110 Q
b110 d
b110 m
14
#91200
04
b111 ?
b111 c
b111 C
#91250
b100010010 h
b100100 &
b100100 T
b100100 x
b100100 !"
b110111 (
b110111 U
b110111 y
b110111 ~
b1001110 *
b1001110 V
b1001110 z
b1001110 }
b1101001 ,
b1101001 W
b1101001 {
b1101001 |
b100100 i
b100100 [
b100100 %
b100100 w
b110111 j
b110111 \
b110111 '
b110111 v
b1001110 k
b1001110 ]
b1001110 )
b1001110 u
b1101001 l
b1101001 ^
b1101001 +
b1101001 t
b100 !
b100 N
b100 g
b100 p
b101 "
b101 O
b101 f
b101 o
b110 #
b110 P
b110 e
b110 n
b111 $
b111 Q
b111 d
b111 m
14
#91300
04
b1000 ?
b1000 c
b1000 C
#91350
1X
1S
b101 3
b101 Z
b10 2
b10 Y
b1000010 R
11
1.
b100000 L
b101000010 h
b101101 &
b101101 T
b101101 x
b101101 !"
b1100010 (
b1100010 U
b1100010 y
b1100010 ~
b1011011 *
b1011011 V
b1011011 z
b1011011 }
b1111000 ,
b1111000 W
b1111000 {
b1111000 |
b101101 i
b101101 [
b101101 %
b101101 w
b1000010 j
b1000010 \
b1000010 '
b1000010 v
b1011011 k
b1011011 ]
b1011011 )
b1011011 u
b1111000 l
b1111000 ^
b1111000 +
b1111000 t
b101 !
b101 N
b101 g
b101 p
b110 "
b110 O
b110 f
b110 o
b111 #
b111 P
b111 e
b111 n
b1000 $
b1000 Q
b1000 d
b1000 m
14
#91400
04
b1001 ?
b1001 c
b1001 C
#91450
b1001101 R
b101110010 h
b110110 &
b110110 T
b110110 x
b110110 !"
b1101101 (
b1101101 U
b1101101 y
b1101101 ~
b1101000 *
b1101000 V
b1101000 z
b1101000 }
b10000111 ,
b10000111 W
b10000111 {
b10000111 |
b110110 i
b110110 [
b110110 %
b110110 w
b1001101 j
b1001101 \
b1001101 '
b1001101 v
b1101000 k
b1101000 ]
b1101000 )
b1101000 u
b10000111 l
b10000111 ^
b10000111 +
b10000111 t
b110 !
b110 N
b110 g
b110 p
b111 "
b111 O
b111 f
b111 o
b1000 #
b1000 P
b1000 e
b1000 n
b1001 $
b1001 Q
b1001 d
b1001 m
14
#91500
04
b1010 ?
b1010 c
b1010 C
#91550
b1011000 R
b110100010 h
b111111 &
b111111 T
b111111 x
b111111 !"
b1111000 (
b1111000 U
b1111000 y
b1111000 ~
b1110101 *
b1110101 V
b1110101 z
b1110101 }
b10010110 ,
b10010110 W
b10010110 {
b10010110 |
b111111 i
b111111 [
b111111 %
b111111 w
b1011000 j
b1011000 \
b1011000 '
b1011000 v
b1110101 k
b1110101 ]
b1110101 )
b1110101 u
b10010110 l
b10010110 ^
b10010110 +
b10010110 t
b111 !
b111 N
b111 g
b111 p
b1000 "
b1000 O
b1000 f
b1000 o
b1001 #
b1001 P
b1001 e
b1001 n
b1010 $
b1010 Q
b1010 d
b1010 m
14
#91600
04
b1011 ?
b1011 c
b1011 C
#91650
b0 2
b0 Y
b0 3
b0 Z
0S
0X
b0 R
01
0.
b0 L
b111010010 h
b1001000 &
b1001000 T
b1001000 x
b1001000 !"
b1100011 (
b1100011 U
b1100011 y
b1100011 ~
b10000010 *
b10000010 V
b10000010 z
b10000010 }
b10100101 ,
b10100101 W
b10100101 {
b10100101 |
b1001000 i
b1001000 [
b1001000 %
b1001000 w
b1100011 j
b1100011 \
b1100011 '
b1100011 v
b10000010 k
b10000010 ]
b10000010 )
b10000010 u
b10100101 l
b10100101 ^
b10100101 +
b10100101 t
b1000 !
b1000 N
b1000 g
b1000 p
b1001 "
b1001 O
b1001 f
b1001 o
b1010 #
b1010 P
b1010 e
b1010 n
b1011 $
b1011 Q
b1011 d
b1011 m
14
#91700
04
b1100 ?
b1100 c
b1100 C
#91750
b1000000010 h
b1010001 &
b1010001 T
b1010001 x
b1010001 !"
b1101110 (
b1101110 U
b1101110 y
b1101110 ~
b10001111 *
b10001111 V
b10001111 z
b10001111 }
b10110100 ,
b10110100 W
b10110100 {
b10110100 |
b1010001 i
b1010001 [
b1010001 %
b1010001 w
b1101110 j
b1101110 \
b1101110 '
b1101110 v
b10001111 k
b10001111 ]
b10001111 )
b10001111 u
b10110100 l
b10110100 ^
b10110100 +
b10110100 t
b1001 !
b1001 N
b1001 g
b1001 p
b1010 "
b1010 O
b1010 f
b1010 o
b1011 #
b1011 P
b1011 e
b1011 n
b1100 $
b1100 Q
b1100 d
b1100 m
14
#91800
04
b1101 ?
b1101 c
b1101 C
#91850
b1000110010 h
b1011010 &
b1011010 T
b1011010 x
b1011010 !"
b1111001 (
b1111001 U
b1111001 y
b1111001 ~
b10011100 *
b10011100 V
b10011100 z
b10011100 }
b11000011 ,
b11000011 W
b11000011 {
b11000011 |
b1011010 i
b1011010 [
b1011010 %
b1011010 w
b1111001 j
b1111001 \
b1111001 '
b1111001 v
b10011100 k
b10011100 ]
b10011100 )
b10011100 u
b11000011 l
b11000011 ^
b11000011 +
b11000011 t
b1010 !
b1010 N
b1010 g
b1010 p
b1011 "
b1011 O
b1011 f
b1011 o
b1100 #
b1100 P
b1100 e
b1100 n
b1101 $
b1101 Q
b1101 d
b1101 m
14
#91900
04
b1110 ?
b1110 c
b1110 C
#91950
1X
1S
b101 3
b101 Z
b10 2
b10 Y
b10000100 R
11
1.
b100000 L
b1001100010 h
b1100011 &
b1100011 T
b1100011 x
b1100011 !"
b10100100 (
b10100100 U
b10100100 y
b10100100 ~
b10101001 *
b10101001 V
b10101001 z
b10101001 }
b11010010 ,
b11010010 W
b11010010 {
b11010010 |
b1100011 i
b1100011 [
b1100011 %
b1100011 w
b10000100 j
b10000100 \
b10000100 '
b10000100 v
b10101001 k
b10101001 ]
b10101001 )
b10101001 u
b11010010 l
b11010010 ^
b11010010 +
b11010010 t
b1011 !
b1011 N
b1011 g
b1011 p
b1100 "
b1100 O
b1100 f
b1100 o
b1101 #
b1101 P
b1101 e
b1101 n
b1110 $
b1110 Q
b1110 d
b1110 m
14
#92000
04
b1111 ?
b1111 c
b1111 C
#92050
b10001111 R
b1010010010 h
b1101100 &
b1101100 T
b1101100 x
b1101100 !"
b10101111 (
b10101111 U
b10101111 y
b10101111 ~
b10110110 *
b10110110 V
b10110110 z
b10110110 }
b11100001 ,
b11100001 W
b11100001 {
b11100001 |
b1101100 i
b1101100 [
b1101100 %
b1101100 w
b10001111 j
b10001111 \
b10001111 '
b10001111 v
b10110110 k
b10110110 ]
b10110110 )
b10110110 u
b11100001 l
b11100001 ^
b11100001 +
b11100001 t
b1100 !
b1100 N
b1100 g
b1100 p
b1101 "
b1101 O
b1101 f
b1101 o
b1110 #
b1110 P
b1110 e
b1110 n
b1111 $
b1111 Q
b1111 d
b1111 m
14
#92100
04
b10000 C
#92150
b10011010 R
b1010110011 h
b1110101 &
b1110101 T
b1110101 x
b1110101 !"
b10111010 (
b10111010 U
b10111010 y
b10111010 ~
b11000011 *
b11000011 V
b11000011 z
b11000011 }
b1110101 i
b1110101 [
b1110101 %
b1110101 w
b10011010 j
b10011010 \
b10011010 '
b10011010 v
b11000011 k
b11000011 ]
b11000011 )
b11000011 u
b1101 !
b1101 N
b1101 g
b1101 p
b1110 "
b1110 O
b1110 f
b1110 o
b1111 #
b1111 P
b1111 e
b1111 n
14
#92200
04
#92250
b0 2
b0 Y
b0 3
b0 Z
0S
0X
b0 R
01
b1011000111 h
0.
b0 L
b1111110 &
b1111110 T
b1111110 x
b1111110 !"
b10100101 (
b10100101 U
b10100101 y
b10100101 ~
b1111110 i
b1111110 [
b1111110 %
b1111110 w
b10100101 j
b10100101 \
b10100101 '
b10100101 v
b1110 !
b1110 N
b1110 g
b1110 p
b1111 "
b1111 O
b1111 f
b1111 o
14
#92300
04
#92350
b1011010000 h
b10000111 &
b10000111 T
b10000111 x
b10000111 !"
b10000111 i
b10000111 [
b10000111 %
b10000111 w
b1111 !
b1111 N
b1111 g
b1111 p
14
#92400
04
#92450
14
#92500
04
b0 ?
b0 c
1>
0=
07
b110 5
b110 q
b1 $"
b110 ""
b110 @
b1 8
b1 s
b101100 E
b101100 A
b101100 B
#92550
b0 h
b0 &
b0 T
b0 x
b0 !"
b0 (
b0 U
b0 y
b0 ~
b0 *
b0 V
b0 z
b0 }
b0 ,
b0 W
b0 {
b0 |
b0 i
b0 [
b0 %
b0 w
b0 j
b0 \
b0 '
b0 v
b0 k
b0 ]
b0 )
b0 u
b0 l
b0 ^
b0 +
b0 t
b0 !
b0 N
b0 g
b0 p
b0 "
b0 O
b0 f
b0 o
b0 #
b0 P
b0 e
b0 n
b0 $
b0 Q
b0 d
b0 m
14
#92600
04
b0 C
0>
#92650
14
#92700
04
b1 ?
b1 c
b1 C
#92750
b1111 h
b1111 ,
b1111 W
b1111 {
b1111 |
b1111 l
b1111 ^
b1111 +
b1111 t
b1 $
b1 Q
b1 d
b1 m
14
#92800
04
b10 ?
b10 c
b10 C
#92850
b101011 h
b1101 *
b1101 V
b1101 z
b1101 }
b11110 ,
b11110 W
b11110 {
b11110 |
b1101 k
b1101 ]
b1101 )
b1101 u
b11110 l
b11110 ^
b11110 +
b11110 t
b1 #
b1 P
b1 e
b1 n
b10 $
b10 Q
b10 d
b10 m
14
#92900
04
b11 ?
b11 c
b11 C
#92950
b1010010 h
b1011 (
b1011 U
b1011 y
b1011 ~
b11010 *
b11010 V
b11010 z
b11010 }
b101101 ,
b101101 W
b101101 {
b101101 |
b1011 j
b1011 \
b1011 '
b1011 v
b11010 k
b11010 ]
b11010 )
b11010 u
b101101 l
b101101 ^
b101101 +
b101101 t
b1 "
b1 O
b1 f
b1 o
b10 #
b10 P
b10 e
b10 n
b11 $
b11 Q
b11 d
b11 m
14
#93000
04
b100 ?
b100 c
b100 C
#93050
b10000010 h
b1001 &
b1001 T
b1001 x
b1001 !"
b10110 (
b10110 U
b10110 y
b10110 ~
b100111 *
b100111 V
b100111 z
b100111 }
b111100 ,
b111100 W
b111100 {
b111100 |
b1001 i
b1001 [
b1001 %
b1001 w
b10110 j
b10110 \
b10110 '
b10110 v
b100111 k
b100111 ]
b100111 )
b100111 u
b111100 l
b111100 ^
b111100 +
b111100 t
b1 !
b1 N
b1 g
b1 p
b10 "
b10 O
b10 f
b10 o
b11 #
b11 P
b11 e
b11 n
b100 $
b100 Q
b100 d
b100 m
14
#93100
04
b101 ?
b101 c
b101 C
#93150
b10110010 h
b10010 &
b10010 T
b10010 x
b10010 !"
b100001 (
b100001 U
b100001 y
b100001 ~
b110100 *
b110100 V
b110100 z
b110100 }
b1001011 ,
b1001011 W
b1001011 {
b1001011 |
b10010 i
b10010 [
b10010 %
b10010 w
b100001 j
b100001 \
b100001 '
b100001 v
b110100 k
b110100 ]
b110100 )
b110100 u
b1001011 l
b1001011 ^
b1001011 +
b1001011 t
b10 !
b10 N
b10 g
b10 p
b11 "
b11 O
b11 f
b11 o
b100 #
b100 P
b100 e
b100 n
b101 $
b101 Q
b101 d
b101 m
14
#93200
04
b110 ?
b110 c
b110 C
#93250
b11100010 h
b11011 &
b11011 T
b11011 x
b11011 !"
b101100 (
b101100 U
b101100 y
b101100 ~
b1000001 *
b1000001 V
b1000001 z
b1000001 }
b1011010 ,
b1011010 W
b1011010 {
b1011010 |
b11011 i
b11011 [
b11011 %
b11011 w
b101100 j
b101100 \
b101100 '
b101100 v
b1000001 k
b1000001 ]
b1000001 )
b1000001 u
b1011010 l
b1011010 ^
b1011010 +
b1011010 t
b11 !
b11 N
b11 g
b11 p
b100 "
b100 O
b100 f
b100 o
b101 #
b101 P
b101 e
b101 n
b110 $
b110 Q
b110 d
b110 m
14
#93300
04
b111 ?
b111 c
b111 C
#93350
b100010010 h
b100100 &
b100100 T
b100100 x
b100100 !"
b110111 (
b110111 U
b110111 y
b110111 ~
b1001110 *
b1001110 V
b1001110 z
b1001110 }
b1101001 ,
b1101001 W
b1101001 {
b1101001 |
b100100 i
b100100 [
b100100 %
b100100 w
b110111 j
b110111 \
b110111 '
b110111 v
b1001110 k
b1001110 ]
b1001110 )
b1001110 u
b1101001 l
b1101001 ^
b1101001 +
b1101001 t
b100 !
b100 N
b100 g
b100 p
b101 "
b101 O
b101 f
b101 o
b110 #
b110 P
b110 e
b110 n
b111 $
b111 Q
b111 d
b111 m
14
#93400
04
b1000 ?
b1000 c
b1000 C
#93450
b110 3
b110 Z
b10 2
b10 Y
b1000010 R
11
1.
b1000000 L
b101000010 h
b101101 &
b101101 T
b101101 x
b101101 !"
b10 (
b10 U
b10 y
b10 ~
b1011011 *
b1011011 V
b1011011 z
b1011011 }
b1111000 ,
b1111000 W
b1111000 {
b1111000 |
b101101 i
b101101 [
b101101 %
b101101 w
b1000010 j
b1000010 \
b1000010 '
b1000010 v
b1011011 k
b1011011 ]
b1011011 )
b1011011 u
b1111000 l
b1111000 ^
b1111000 +
b1111000 t
b101 !
b101 N
b101 g
b101 p
b110 "
b110 O
b110 f
b110 o
b111 #
b111 P
b111 e
b111 n
b1000 $
b1000 Q
b1000 d
b1000 m
14
#93500
04
b1001 ?
b1001 c
b1001 C
1=
17
#93550
b1001101 R
b101110010 h
b110110 &
b110110 T
b110110 x
b110110 !"
b1101 (
b1101 U
b1101 y
b1101 ~
b1101000 *
b1101000 V
b1101000 z
b1101000 }
b10000111 ,
b10000111 W
b10000111 {
b10000111 |
b110110 i
b110110 [
b110110 %
b110110 w
b1001101 j
b1001101 \
b1001101 '
b1001101 v
b1101000 k
b1101000 ]
b1101000 )
b1101000 u
b10000111 l
b10000111 ^
b10000111 +
b10000111 t
b110 !
b110 N
b110 g
b110 p
b111 "
b111 O
b111 f
b111 o
b1000 #
b1000 P
b1000 e
b1000 n
b1001 $
b1001 Q
b1001 d
b1001 m
14
#93600
04
b1010 ?
b1010 c
b1010 C
#93650
b1011000 R
b110100010 h
b111111 &
b111111 T
b111111 x
b111111 !"
b11000 (
b11000 U
b11000 y
b11000 ~
b1110101 *
b1110101 V
b1110101 z
b1110101 }
b10010110 ,
b10010110 W
b10010110 {
b10010110 |
b111111 i
b111111 [
b111111 %
b111111 w
b1011000 j
b1011000 \
b1011000 '
b1011000 v
b1110101 k
b1110101 ]
b1110101 )
b1110101 u
b10010110 l
b10010110 ^
b10010110 +
b10010110 t
b111 !
b111 N
b111 g
b111 p
b1000 "
b1000 O
b1000 f
b1000 o
b1001 #
b1001 P
b1001 e
b1001 n
b1010 $
b1010 Q
b1010 d
b1010 m
14
#93700
04
b1011 ?
b1011 c
b1011 C
#93750
b1100011 R
b111010010 h
b1001000 &
b1001000 T
b1001000 x
b1001000 !"
b100011 (
b100011 U
b100011 y
b100011 ~
b10000010 *
b10000010 V
b10000010 z
b10000010 }
b10100101 ,
b10100101 W
b10100101 {
b10100101 |
b1001000 i
b1001000 [
b1001000 %
b1001000 w
b1100011 j
b1100011 \
b1100011 '
b1100011 v
b10000010 k
b10000010 ]
b10000010 )
b10000010 u
b10100101 l
b10100101 ^
b10100101 +
b10100101 t
b1000 !
b1000 N
b1000 g
b1000 p
b1001 "
b1001 O
b1001 f
b1001 o
b1010 #
b1010 P
b1010 e
b1010 n
b1011 $
b1011 Q
b1011 d
b1011 m
14
#93800
04
b1100 ?
b1100 c
b1100 C
#93850
b1101110 R
b1000000010 h
b1010001 &
b1010001 T
b1010001 x
b1010001 !"
b101110 (
b101110 U
b101110 y
b101110 ~
b10001111 *
b10001111 V
b10001111 z
b10001111 }
b10110100 ,
b10110100 W
b10110100 {
b10110100 |
b1010001 i
b1010001 [
b1010001 %
b1010001 w
b1101110 j
b1101110 \
b1101110 '
b1101110 v
b10001111 k
b10001111 ]
b10001111 )
b10001111 u
b10110100 l
b10110100 ^
b10110100 +
b10110100 t
b1001 !
b1001 N
b1001 g
b1001 p
b1010 "
b1010 O
b1010 f
b1010 o
b1011 #
b1011 P
b1011 e
b1011 n
b1100 $
b1100 Q
b1100 d
b1100 m
14
#93900
04
b1101 ?
b1101 c
b1101 C
#93950
b1111001 R
b1000110010 h
b1011010 &
b1011010 T
b1011010 x
b1011010 !"
b111001 (
b111001 U
b111001 y
b111001 ~
b10011100 *
b10011100 V
b10011100 z
b10011100 }
b11000011 ,
b11000011 W
b11000011 {
b11000011 |
b1011010 i
b1011010 [
b1011010 %
b1011010 w
b1111001 j
b1111001 \
b1111001 '
b1111001 v
b10011100 k
b10011100 ]
b10011100 )
b10011100 u
b11000011 l
b11000011 ^
b11000011 +
b11000011 t
b1010 !
b1010 N
b1010 g
b1010 p
b1011 "
b1011 O
b1011 f
b1011 o
b1100 #
b1100 P
b1100 e
b1100 n
b1101 $
b1101 Q
b1101 d
b1101 m
14
#94000
04
b1110 ?
b1110 c
b1110 C
#94050
b0 2
b0 Y
b0 3
b0 Z
b0 R
01
0.
b0 L
b1001100010 h
b1100011 &
b1100011 T
b1100011 x
b1100011 !"
b10000100 (
b10000100 U
b10000100 y
b10000100 ~
b10101001 *
b10101001 V
b10101001 z
b10101001 }
b11010010 ,
b11010010 W
b11010010 {
b11010010 |
b1100011 i
b1100011 [
b1100011 %
b1100011 w
b10000100 j
b10000100 \
b10000100 '
b10000100 v
b10101001 k
b10101001 ]
b10101001 )
b10101001 u
b11010010 l
b11010010 ^
b11010010 +
b11010010 t
b1011 !
b1011 N
b1011 g
b1011 p
b1100 "
b1100 O
b1100 f
b1100 o
b1101 #
b1101 P
b1101 e
b1101 n
b1110 $
b1110 Q
b1110 d
b1110 m
14
#94100
04
b1111 ?
b1111 c
b1111 C
#94150
b1010010010 h
b1101100 &
b1101100 T
b1101100 x
b1101100 !"
b10001111 (
b10001111 U
b10001111 y
b10001111 ~
b10110110 *
b10110110 V
b10110110 z
b10110110 }
b11100001 ,
b11100001 W
b11100001 {
b11100001 |
b1101100 i
b1101100 [
b1101100 %
b1101100 w
b10001111 j
b10001111 \
b10001111 '
b10001111 v
b10110110 k
b10110110 ]
b10110110 )
b10110110 u
b11100001 l
b11100001 ^
b11100001 +
b11100001 t
b1100 !
b1100 N
b1100 g
b1100 p
b1101 "
b1101 O
b1101 f
b1101 o
b1110 #
b1110 P
b1110 e
b1110 n
b1111 $
b1111 Q
b1111 d
b1111 m
14
#94200
04
b10000 C
#94250
b1010110011 h
b1110101 &
b1110101 T
b1110101 x
b1110101 !"
b10011010 (
b10011010 U
b10011010 y
b10011010 ~
b11000011 *
b11000011 V
b11000011 z
b11000011 }
b1110101 i
b1110101 [
b1110101 %
b1110101 w
b10011010 j
b10011010 \
b10011010 '
b10011010 v
b11000011 k
b11000011 ]
b11000011 )
b11000011 u
b1101 !
b1101 N
b1101 g
b1101 p
b1110 "
b1110 O
b1110 f
b1110 o
b1111 #
b1111 P
b1111 e
b1111 n
14
#94300
04
#94350
b1011000111 h
b1111110 &
b1111110 T
b1111110 x
b1111110 !"
b10100101 (
b10100101 U
b10100101 y
b10100101 ~
b1111110 i
b1111110 [
b1111110 %
b1111110 w
b10100101 j
b10100101 \
b10100101 '
b10100101 v
b1110 !
b1110 N
b1110 g
b1110 p
b1111 "
b1111 O
b1111 f
b1111 o
14
#94400
04
#94450
b1011010000 h
b10000111 &
b10000111 T
b10000111 x
b10000111 !"
b10000111 i
b10000111 [
b10000111 %
b10000111 w
b1111 !
b1111 N
b1111 g
b1111 p
14
#94500
04
#94550
14
#94600
1X
b110 3
b110 Z
b10 2
b10 Y
b10100101 R
1S
11
1.
b1000000 L
b11100101 (
b11100101 U
b11100101 y
b11100101 ~
04
b0 ?
b0 c
1>
0=
07
b10 $"
b10 8
b10 s
b101101 E
b101101 A
b101101 B
#94650
b0 R
b0 h
b0 &
b0 T
b0 x
b0 !"
b1000000 (
b1000000 U
b1000000 y
b1000000 ~
b0 *
b0 V
b0 z
b0 }
b0 ,
b0 W
b0 {
b0 |
b0 i
b0 [
b0 %
b0 w
b0 j
b0 \
b0 '
b0 v
b0 k
b0 ]
b0 )
b0 u
b0 l
b0 ^
b0 +
b0 t
b0 !
b0 N
b0 g
b0 p
b0 "
b0 O
b0 f
b0 o
b0 #
b0 P
b0 e
b0 n
b0 $
b0 Q
b0 d
b0 m
14
#94700
04
b0 C
0>
#94750
14
#94800
04
b1 ?
b1 c
b1 C
1=
17
#94850
b1111 h
b1000000 (
b1000000 U
b1000000 y
b1000000 ~
b1111 ,
b1111 W
b1111 {
b1111 |
b1111 l
b1111 ^
b1111 +
b1111 t
b1 $
b1 Q
b1 d
b1 m
14
#94900
04
b10 ?
b10 c
b10 C
#94950
b101011 h
b1000000 (
b1000000 U
b1000000 y
b1000000 ~
b1101 *
b1101 V
b1101 z
b1101 }
b11110 ,
b11110 W
b11110 {
b11110 |
b1101 k
b1101 ]
b1101 )
b1101 u
b11110 l
b11110 ^
b11110 +
b11110 t
b1 #
b1 P
b1 e
b1 n
b10 $
b10 Q
b10 d
b10 m
14
#95000
04
b11 ?
b11 c
b11 C
#95050
b1011 R
b1010010 h
b1001011 (
b1001011 U
b1001011 y
b1001011 ~
b11010 *
b11010 V
b11010 z
b11010 }
b101101 ,
b101101 W
b101101 {
b101101 |
b1011 j
b1011 \
b1011 '
b1011 v
b11010 k
b11010 ]
b11010 )
b11010 u
b101101 l
b101101 ^
b101101 +
b101101 t
b1 "
b1 O
b1 f
b1 o
b10 #
b10 P
b10 e
b10 n
b11 $
b11 Q
b11 d
b11 m
14
#95100
04
b100 ?
b100 c
b100 C
#95150
b10110 R
b10000010 h
b1001 &
b1001 T
b1001 x
b1001 !"
b1010110 (
b1010110 U
b1010110 y
b1010110 ~
b100111 *
b100111 V
b100111 z
b100111 }
b111100 ,
b111100 W
b111100 {
b111100 |
b1001 i
b1001 [
b1001 %
b1001 w
b10110 j
b10110 \
b10110 '
b10110 v
b100111 k
b100111 ]
b100111 )
b100111 u
b111100 l
b111100 ^
b111100 +
b111100 t
b1 !
b1 N
b1 g
b1 p
b10 "
b10 O
b10 f
b10 o
b11 #
b11 P
b11 e
b11 n
b100 $
b100 Q
b100 d
b100 m
14
#95200
04
b101 ?
b101 c
b101 C
#95250
b100001 R
b10110010 h
b10010 &
b10010 T
b10010 x
b10010 !"
b1100001 (
b1100001 U
b1100001 y
b1100001 ~
b110100 *
b110100 V
b110100 z
b110100 }
b1001011 ,
b1001011 W
b1001011 {
b1001011 |
b10010 i
b10010 [
b10010 %
b10010 w
b100001 j
b100001 \
b100001 '
b100001 v
b110100 k
b110100 ]
b110100 )
b110100 u
b1001011 l
b1001011 ^
b1001011 +
b1001011 t
b10 !
b10 N
b10 g
b10 p
b11 "
b11 O
b11 f
b11 o
b100 #
b100 P
b100 e
b100 n
b101 $
b101 Q
b101 d
b101 m
14
#95300
04
b110 ?
b110 c
b110 C
#95350
b101100 R
b11100010 h
b11011 &
b11011 T
b11011 x
b11011 !"
b1101100 (
b1101100 U
b1101100 y
b1101100 ~
b1000001 *
b1000001 V
b1000001 z
b1000001 }
b1011010 ,
b1011010 W
b1011010 {
b1011010 |
b11011 i
b11011 [
b11011 %
b11011 w
b101100 j
b101100 \
b101100 '
b101100 v
b1000001 k
b1000001 ]
b1000001 )
b1000001 u
b1011010 l
b1011010 ^
b1011010 +
b1011010 t
b11 !
b11 N
b11 g
b11 p
b100 "
b100 O
b100 f
b100 o
b101 #
b101 P
b101 e
b101 n
b110 $
b110 Q
b110 d
b110 m
14
#95400
04
b111 ?
b111 c
b111 C
#95450
b110111 R
b100010010 h
b100100 &
b100100 T
b100100 x
b100100 !"
b1110111 (
b1110111 U
b1110111 y
b1110111 ~
b1001110 *
b1001110 V
b1001110 z
b1001110 }
b1101001 ,
b1101001 W
b1101001 {
b1101001 |
b100100 i
b100100 [
b100100 %
b100100 w
b110111 j
b110111 \
b110111 '
b110111 v
b1001110 k
b1001110 ]
b1001110 )
b1001110 u
b1101001 l
b1101001 ^
b1101001 +
b1101001 t
b100 !
b100 N
b100 g
b100 p
b101 "
b101 O
b101 f
b101 o
b110 #
b110 P
b110 e
b110 n
b111 $
b111 Q
b111 d
b111 m
14
#95500
04
b1000 ?
b1000 c
b1000 C
#95550
b0 2
b0 Y
b0 3
b0 Z
0S
0X
b0 R
01
0.
b0 L
b101000010 h
b101101 &
b101101 T
b101101 x
b101101 !"
b1000010 (
b1000010 U
b1000010 y
b1000010 ~
b1011011 *
b1011011 V
b1011011 z
b1011011 }
b1111000 ,
b1111000 W
b1111000 {
b1111000 |
b101101 i
b101101 [
b101101 %
b101101 w
b1000010 j
b1000010 \
b1000010 '
b1000010 v
b1011011 k
b1011011 ]
b1011011 )
b1011011 u
b1111000 l
b1111000 ^
b1111000 +
b1111000 t
b101 !
b101 N
b101 g
b101 p
b110 "
b110 O
b110 f
b110 o
b111 #
b111 P
b111 e
b111 n
b1000 $
b1000 Q
b1000 d
b1000 m
14
#95600
04
b1001 ?
b1001 c
b1001 C
#95650
b101110010 h
b110110 &
b110110 T
b110110 x
b110110 !"
b1001101 (
b1001101 U
b1001101 y
b1001101 ~
b1101000 *
b1101000 V
b1101000 z
b1101000 }
b10000111 ,
b10000111 W
b10000111 {
b10000111 |
b110110 i
b110110 [
b110110 %
b110110 w
b1001101 j
b1001101 \
b1001101 '
b1001101 v
b1101000 k
b1101000 ]
b1101000 )
b1101000 u
b10000111 l
b10000111 ^
b10000111 +
b10000111 t
b110 !
b110 N
b110 g
b110 p
b111 "
b111 O
b111 f
b111 o
b1000 #
b1000 P
b1000 e
b1000 n
b1001 $
b1001 Q
b1001 d
b1001 m
14
#95700
04
b1010 ?
b1010 c
b1010 C
#95750
b110100010 h
b111111 &
b111111 T
b111111 x
b111111 !"
b1011000 (
b1011000 U
b1011000 y
b1011000 ~
b1110101 *
b1110101 V
b1110101 z
b1110101 }
b10010110 ,
b10010110 W
b10010110 {
b10010110 |
b111111 i
b111111 [
b111111 %
b111111 w
b1011000 j
b1011000 \
b1011000 '
b1011000 v
b1110101 k
b1110101 ]
b1110101 )
b1110101 u
b10010110 l
b10010110 ^
b10010110 +
b10010110 t
b111 !
b111 N
b111 g
b111 p
b1000 "
b1000 O
b1000 f
b1000 o
b1001 #
b1001 P
b1001 e
b1001 n
b1010 $
b1010 Q
b1010 d
b1010 m
14
#95800
04
b1011 ?
b1011 c
b1011 C
#95850
b111010010 h
b1001000 &
b1001000 T
b1001000 x
b1001000 !"
b1100011 (
b1100011 U
b1100011 y
b1100011 ~
b10000010 *
b10000010 V
b10000010 z
b10000010 }
b10100101 ,
b10100101 W
b10100101 {
b10100101 |
b1001000 i
b1001000 [
b1001000 %
b1001000 w
b1100011 j
b1100011 \
b1100011 '
b1100011 v
b10000010 k
b10000010 ]
b10000010 )
b10000010 u
b10100101 l
b10100101 ^
b10100101 +
b10100101 t
b1000 !
b1000 N
b1000 g
b1000 p
b1001 "
b1001 O
b1001 f
b1001 o
b1010 #
b1010 P
b1010 e
b1010 n
b1011 $
b1011 Q
b1011 d
b1011 m
14
#95900
04
b1100 ?
b1100 c
b1100 C
#95950
b1000000010 h
b1010001 &
b1010001 T
b1010001 x
b1010001 !"
b1101110 (
b1101110 U
b1101110 y
b1101110 ~
b10001111 *
b10001111 V
b10001111 z
b10001111 }
b10110100 ,
b10110100 W
b10110100 {
b10110100 |
b1010001 i
b1010001 [
b1010001 %
b1010001 w
b1101110 j
b1101110 \
b1101110 '
b1101110 v
b10001111 k
b10001111 ]
b10001111 )
b10001111 u
b10110100 l
b10110100 ^
b10110100 +
b10110100 t
b1001 !
b1001 N
b1001 g
b1001 p
b1010 "
b1010 O
b1010 f
b1010 o
b1011 #
b1011 P
b1011 e
b1011 n
b1100 $
b1100 Q
b1100 d
b1100 m
14
#96000
04
b1101 ?
b1101 c
b1101 C
#96050
b1000110010 h
b1011010 &
b1011010 T
b1011010 x
b1011010 !"
b1111001 (
b1111001 U
b1111001 y
b1111001 ~
b10011100 *
b10011100 V
b10011100 z
b10011100 }
b11000011 ,
b11000011 W
b11000011 {
b11000011 |
b1011010 i
b1011010 [
b1011010 %
b1011010 w
b1111001 j
b1111001 \
b1111001 '
b1111001 v
b10011100 k
b10011100 ]
b10011100 )
b10011100 u
b11000011 l
b11000011 ^
b11000011 +
b11000011 t
b1010 !
b1010 N
b1010 g
b1010 p
b1011 "
b1011 O
b1011 f
b1011 o
b1100 #
b1100 P
b1100 e
b1100 n
b1101 $
b1101 Q
b1101 d
b1101 m
14
#96100
04
b1110 ?
b1110 c
b1110 C
#96150
1X
1S
b110 3
b110 Z
b10 2
b10 Y
b10000100 R
11
1.
b1000000 L
b1001100010 h
b1100011 &
b1100011 T
b1100011 x
b1100011 !"
b11000100 (
b11000100 U
b11000100 y
b11000100 ~
b10101001 *
b10101001 V
b10101001 z
b10101001 }
b11010010 ,
b11010010 W
b11010010 {
b11010010 |
b1100011 i
b1100011 [
b1100011 %
b1100011 w
b10000100 j
b10000100 \
b10000100 '
b10000100 v
b10101001 k
b10101001 ]
b10101001 )
b10101001 u
b11010010 l
b11010010 ^
b11010010 +
b11010010 t
b1011 !
b1011 N
b1011 g
b1011 p
b1100 "
b1100 O
b1100 f
b1100 o
b1101 #
b1101 P
b1101 e
b1101 n
b1110 $
b1110 Q
b1110 d
b1110 m
14
#96200
04
b1111 ?
b1111 c
b1111 C
#96250
b10001111 R
b1010010010 h
b1101100 &
b1101100 T
b1101100 x
b1101100 !"
b11001111 (
b11001111 U
b11001111 y
b11001111 ~
b10110110 *
b10110110 V
b10110110 z
b10110110 }
b11100001 ,
b11100001 W
b11100001 {
b11100001 |
b1101100 i
b1101100 [
b1101100 %
b1101100 w
b10001111 j
b10001111 \
b10001111 '
b10001111 v
b10110110 k
b10110110 ]
b10110110 )
b10110110 u
b11100001 l
b11100001 ^
b11100001 +
b11100001 t
b1100 !
b1100 N
b1100 g
b1100 p
b1101 "
b1101 O
b1101 f
b1101 o
b1110 #
b1110 P
b1110 e
b1110 n
b1111 $
b1111 Q
b1111 d
b1111 m
14
#96300
04
b10000 C
#96350
b10011010 R
b1010110011 h
b1110101 &
b1110101 T
b1110101 x
b1110101 !"
b11011010 (
b11011010 U
b11011010 y
b11011010 ~
b11000011 *
b11000011 V
b11000011 z
b11000011 }
b1110101 i
b1110101 [
b1110101 %
b1110101 w
b10011010 j
b10011010 \
b10011010 '
b10011010 v
b11000011 k
b11000011 ]
b11000011 )
b11000011 u
b1101 !
b1101 N
b1101 g
b1101 p
b1110 "
b1110 O
b1110 f
b1110 o
b1111 #
b1111 P
b1111 e
b1111 n
14
#96400
04
#96450
b10100101 R
b1011000111 h
b1111110 &
b1111110 T
b1111110 x
b1111110 !"
b11100101 (
b11100101 U
b11100101 y
b11100101 ~
b1111110 i
b1111110 [
b1111110 %
b1111110 w
b10100101 j
b10100101 \
b10100101 '
b10100101 v
b1110 !
b1110 N
b1110 g
b1110 p
b1111 "
b1111 O
b1111 f
b1111 o
14
#96500
04
#96550
b1011010000 h
b10000111 &
b10000111 T
b10000111 x
b10000111 !"
b11100101 (
b11100101 U
b11100101 y
b11100101 ~
b10000111 i
b10000111 [
b10000111 %
b10000111 w
b1111 !
b1111 N
b1111 g
b1111 p
14
#96600
04
#96650
14
#96700
b111 3
b111 Z
0X
0S
b10000000 L
b100101 (
b100101 U
b100101 y
b100101 ~
04
b0 ?
b0 c
1>
0=
07
b111 5
b111 q
b1 $"
b111 ""
b111 @
b1 8
b1 s
b101110 E
b101110 A
b101110 B
#96750
b0 2
b0 Y
b0 3
b0 Z
b0 R
01
0.
b0 L
b0 h
b0 &
b0 T
b0 x
b0 !"
b0 (
b0 U
b0 y
b0 ~
b0 *
b0 V
b0 z
b0 }
b0 ,
b0 W
b0 {
b0 |
b0 i
b0 [
b0 %
b0 w
b0 j
b0 \
b0 '
b0 v
b0 k
b0 ]
b0 )
b0 u
b0 l
b0 ^
b0 +
b0 t
b0 !
b0 N
b0 g
b0 p
b0 "
b0 O
b0 f
b0 o
b0 #
b0 P
b0 e
b0 n
b0 $
b0 Q
b0 d
b0 m
14
#96800
04
b0 C
0>
#96850
14
#96900
04
b1 ?
b1 c
b1 C
#96950
b1111 h
b1111 ,
b1111 W
b1111 {
b1111 |
b1111 l
b1111 ^
b1111 +
b1111 t
b1 $
b1 Q
b1 d
b1 m
14
#97000
04
b10 ?
b10 c
b10 C
#97050
b101011 h
b1101 *
b1101 V
b1101 z
b1101 }
b11110 ,
b11110 W
b11110 {
b11110 |
b1101 k
b1101 ]
b1101 )
b1101 u
b11110 l
b11110 ^
b11110 +
b11110 t
b1 #
b1 P
b1 e
b1 n
b10 $
b10 Q
b10 d
b10 m
14
#97100
04
b11 ?
b11 c
b11 C
#97150
b1010010 h
b1011 (
b1011 U
b1011 y
b1011 ~
b11010 *
b11010 V
b11010 z
b11010 }
b101101 ,
b101101 W
b101101 {
b101101 |
b1011 j
b1011 \
b1011 '
b1011 v
b11010 k
b11010 ]
b11010 )
b11010 u
b101101 l
b101101 ^
b101101 +
b101101 t
b1 "
b1 O
b1 f
b1 o
b10 #
b10 P
b10 e
b10 n
b11 $
b11 Q
b11 d
b11 m
14
#97200
04
b100 ?
b100 c
b100 C
#97250
b10000010 h
b1001 &
b1001 T
b1001 x
b1001 !"
b10110 (
b10110 U
b10110 y
b10110 ~
b100111 *
b100111 V
b100111 z
b100111 }
b111100 ,
b111100 W
b111100 {
b111100 |
b1001 i
b1001 [
b1001 %
b1001 w
b10110 j
b10110 \
b10110 '
b10110 v
b100111 k
b100111 ]
b100111 )
b100111 u
b111100 l
b111100 ^
b111100 +
b111100 t
b1 !
b1 N
b1 g
b1 p
b10 "
b10 O
b10 f
b10 o
b11 #
b11 P
b11 e
b11 n
b100 $
b100 Q
b100 d
b100 m
14
#97300
04
b101 ?
b101 c
b101 C
#97350
b10110010 h
b10010 &
b10010 T
b10010 x
b10010 !"
b100001 (
b100001 U
b100001 y
b100001 ~
b110100 *
b110100 V
b110100 z
b110100 }
b1001011 ,
b1001011 W
b1001011 {
b1001011 |
b10010 i
b10010 [
b10010 %
b10010 w
b100001 j
b100001 \
b100001 '
b100001 v
b110100 k
b110100 ]
b110100 )
b110100 u
b1001011 l
b1001011 ^
b1001011 +
b1001011 t
b10 !
b10 N
b10 g
b10 p
b11 "
b11 O
b11 f
b11 o
b100 #
b100 P
b100 e
b100 n
b101 $
b101 Q
b101 d
b101 m
14
#97400
04
b110 ?
b110 c
b110 C
#97450
b11100010 h
b11011 &
b11011 T
b11011 x
b11011 !"
b101100 (
b101100 U
b101100 y
b101100 ~
b1000001 *
b1000001 V
b1000001 z
b1000001 }
b1011010 ,
b1011010 W
b1011010 {
b1011010 |
b11011 i
b11011 [
b11011 %
b11011 w
b101100 j
b101100 \
b101100 '
b101100 v
b1000001 k
b1000001 ]
b1000001 )
b1000001 u
b1011010 l
b1011010 ^
b1011010 +
b1011010 t
b11 !
b11 N
b11 g
b11 p
b100 "
b100 O
b100 f
b100 o
b101 #
b101 P
b101 e
b101 n
b110 $
b110 Q
b110 d
b110 m
14
#97500
04
b111 ?
b111 c
b111 C
#97550
b100010010 h
b100100 &
b100100 T
b100100 x
b100100 !"
b110111 (
b110111 U
b110111 y
b110111 ~
b1001110 *
b1001110 V
b1001110 z
b1001110 }
b1101001 ,
b1101001 W
b1101001 {
b1101001 |
b100100 i
b100100 [
b100100 %
b100100 w
b110111 j
b110111 \
b110111 '
b110111 v
b1001110 k
b1001110 ]
b1001110 )
b1001110 u
b1101001 l
b1101001 ^
b1101001 +
b1101001 t
b100 !
b100 N
b100 g
b100 p
b101 "
b101 O
b101 f
b101 o
b110 #
b110 P
b110 e
b110 n
b111 $
b111 Q
b111 d
b111 m
14
#97600
04
b1000 ?
b1000 c
b1000 C
#97650
b101000010 h
b101101 &
b101101 T
b101101 x
b101101 !"
b1000010 (
b1000010 U
b1000010 y
b1000010 ~
b1011011 *
b1011011 V
b1011011 z
b1011011 }
b1111000 ,
b1111000 W
b1111000 {
b1111000 |
b101101 i
b101101 [
b101101 %
b101101 w
b1000010 j
b1000010 \
b1000010 '
b1000010 v
b1011011 k
b1011011 ]
b1011011 )
b1011011 u
b1111000 l
b1111000 ^
b1111000 +
b1111000 t
b101 !
b101 N
b101 g
b101 p
b110 "
b110 O
b110 f
b110 o
b111 #
b111 P
b111 e
b111 n
b1000 $
b1000 Q
b1000 d
b1000 m
14
#97700
04
b1001 ?
b1001 c
b1001 C
#97750
b101110010 h
b110110 &
b110110 T
b110110 x
b110110 !"
b1001101 (
b1001101 U
b1001101 y
b1001101 ~
b1101000 *
b1101000 V
b1101000 z
b1101000 }
b10000111 ,
b10000111 W
b10000111 {
b10000111 |
b110110 i
b110110 [
b110110 %
b110110 w
b1001101 j
b1001101 \
b1001101 '
b1001101 v
b1101000 k
b1101000 ]
b1101000 )
b1101000 u
b10000111 l
b10000111 ^
b10000111 +
b10000111 t
b110 !
b110 N
b110 g
b110 p
b111 "
b111 O
b111 f
b111 o
b1000 #
b1000 P
b1000 e
b1000 n
b1001 $
b1001 Q
b1001 d
b1001 m
14
#97800
04
b1010 ?
b1010 c
b1010 C
#97850
b110100010 h
b111111 &
b111111 T
b111111 x
b111111 !"
b1011000 (
b1011000 U
b1011000 y
b1011000 ~
b1110101 *
b1110101 V
b1110101 z
b1110101 }
b10010110 ,
b10010110 W
b10010110 {
b10010110 |
b111111 i
b111111 [
b111111 %
b111111 w
b1011000 j
b1011000 \
b1011000 '
b1011000 v
b1110101 k
b1110101 ]
b1110101 )
b1110101 u
b10010110 l
b10010110 ^
b10010110 +
b10010110 t
b111 !
b111 N
b111 g
b111 p
b1000 "
b1000 O
b1000 f
b1000 o
b1001 #
b1001 P
b1001 e
b1001 n
b1010 $
b1010 Q
b1010 d
b1010 m
14
#97900
04
b1011 ?
b1011 c
b1011 C
#97950
b111010010 h
b1001000 &
b1001000 T
b1001000 x
b1001000 !"
b1100011 (
b1100011 U
b1100011 y
b1100011 ~
b10000010 *
b10000010 V
b10000010 z
b10000010 }
b10100101 ,
b10100101 W
b10100101 {
b10100101 |
b1001000 i
b1001000 [
b1001000 %
b1001000 w
b1100011 j
b1100011 \
b1100011 '
b1100011 v
b10000010 k
b10000010 ]
b10000010 )
b10000010 u
b10100101 l
b10100101 ^
b10100101 +
b10100101 t
b1000 !
b1000 N
b1000 g
b1000 p
b1001 "
b1001 O
b1001 f
b1001 o
b1010 #
b1010 P
b1010 e
b1010 n
b1011 $
b1011 Q
b1011 d
b1011 m
14
#98000
04
b1100 ?
b1100 c
b1100 C
#98050
b1000000010 h
b1010001 &
b1010001 T
b1010001 x
b1010001 !"
b1101110 (
b1101110 U
b1101110 y
b1101110 ~
b10001111 *
b10001111 V
b10001111 z
b10001111 }
b10110100 ,
b10110100 W
b10110100 {
b10110100 |
b1010001 i
b1010001 [
b1010001 %
b1010001 w
b1101110 j
b1101110 \
b1101110 '
b1101110 v
b10001111 k
b10001111 ]
b10001111 )
b10001111 u
b10110100 l
b10110100 ^
b10110100 +
b10110100 t
b1001 !
b1001 N
b1001 g
b1001 p
b1010 "
b1010 O
b1010 f
b1010 o
b1011 #
b1011 P
b1011 e
b1011 n
b1100 $
b1100 Q
b1100 d
b1100 m
14
#98100
04
b1101 ?
b1101 c
b1101 C
#98150
b1000110010 h
b1011010 &
b1011010 T
b1011010 x
b1011010 !"
b1111001 (
b1111001 U
b1111001 y
b1111001 ~
b10011100 *
b10011100 V
b10011100 z
b10011100 }
b11000011 ,
b11000011 W
b11000011 {
b11000011 |
b1011010 i
b1011010 [
b1011010 %
b1011010 w
b1111001 j
b1111001 \
b1111001 '
b1111001 v
b10011100 k
b10011100 ]
b10011100 )
b10011100 u
b11000011 l
b11000011 ^
b11000011 +
b11000011 t
b1010 !
b1010 N
b1010 g
b1010 p
b1011 "
b1011 O
b1011 f
b1011 o
b1100 #
b1100 P
b1100 e
b1100 n
b1101 $
b1101 Q
b1101 d
b1101 m
14
#98200
04
b1110 ?
b1110 c
b1110 C
#98250
b111 3
b111 Z
b10 2
b10 Y
b10000100 R
11
1.
b10000000 L
b1001100010 h
b1100011 &
b1100011 T
b1100011 x
b1100011 !"
b100 (
b100 U
b100 y
b100 ~
b10101001 *
b10101001 V
b10101001 z
b10101001 }
b11010010 ,
b11010010 W
b11010010 {
b11010010 |
b1100011 i
b1100011 [
b1100011 %
b1100011 w
b10000100 j
b10000100 \
b10000100 '
b10000100 v
b10101001 k
b10101001 ]
b10101001 )
b10101001 u
b11010010 l
b11010010 ^
b11010010 +
b11010010 t
b1011 !
b1011 N
b1011 g
b1011 p
b1100 "
b1100 O
b1100 f
b1100 o
b1101 #
b1101 P
b1101 e
b1101 n
b1110 $
b1110 Q
b1110 d
b1110 m
14
#98300
04
b1111 ?
b1111 c
b1111 C
1=
17
#98350
b10001111 R
b1010010010 h
b1101100 &
b1101100 T
b1101100 x
b1101100 !"
b1111 (
b1111 U
b1111 y
b1111 ~
b10110110 *
b10110110 V
b10110110 z
b10110110 }
b11100001 ,
b11100001 W
b11100001 {
b11100001 |
b1101100 i
b1101100 [
b1101100 %
b1101100 w
b10001111 j
b10001111 \
b10001111 '
b10001111 v
b10110110 k
b10110110 ]
b10110110 )
b10110110 u
b11100001 l
b11100001 ^
b11100001 +
b11100001 t
b1100 !
b1100 N
b1100 g
b1100 p
b1101 "
b1101 O
b1101 f
b1101 o
b1110 #
b1110 P
b1110 e
b1110 n
b1111 $
b1111 Q
b1111 d
b1111 m
14
#98400
04
b10000 C
#98450
b10011010 R
b1010110011 h
b1110101 &
b1110101 T
b1110101 x
b1110101 !"
b11010 (
b11010 U
b11010 y
b11010 ~
b11000011 *
b11000011 V
b11000011 z
b11000011 }
b1110101 i
b1110101 [
b1110101 %
b1110101 w
b10011010 j
b10011010 \
b10011010 '
b10011010 v
b11000011 k
b11000011 ]
b11000011 )
b11000011 u
b1101 !
b1101 N
b1101 g
b1101 p
b1110 "
b1110 O
b1110 f
b1110 o
b1111 #
b1111 P
b1111 e
b1111 n
14
#98500
04
#98550
b10100101 R
b1011000111 h
b1111110 &
b1111110 T
b1111110 x
b1111110 !"
b100101 (
b100101 U
b100101 y
b100101 ~
b1111110 i
b1111110 [
b1111110 %
b1111110 w
b10100101 j
b10100101 \
b10100101 '
b10100101 v
b1110 !
b1110 N
b1110 g
b1110 p
b1111 "
b1111 O
b1111 f
b1111 o
14
#98600
04
#98650
b1011010000 h
b10000111 &
b10000111 T
b10000111 x
b10000111 !"
b100101 (
b100101 U
b100101 y
b100101 ~
b10000111 i
b10000111 [
b10000111 %
b10000111 w
b1111 !
b1111 N
b1111 g
b1111 p
14
#98700
04
#98750
14
#98800
b0 2
b0 Y
b0 3
b0 Z
b0 R
01
0.
b0 L
b10100101 (
b10100101 U
b10100101 y
b10100101 ~
04
b0 ?
b0 c
1>
0=
07
b10 $"
b10 8
b10 s
b101111 E
b101111 A
b101111 B
#98850
1X
1S
b111 3
b111 Z
b10 2
b10 Y
11
1.
b10000000 L
b0 h
b0 &
b0 T
b0 x
b0 !"
b10000000 (
b10000000 U
b10000000 y
b10000000 ~
b0 *
b0 V
b0 z
b0 }
b0 ,
b0 W
b0 {
b0 |
b0 i
b0 [
b0 %
b0 w
b0 j
b0 \
b0 '
b0 v
b0 k
b0 ]
b0 )
b0 u
b0 l
b0 ^
b0 +
b0 t
b0 !
b0 N
b0 g
b0 p
b0 "
b0 O
b0 f
b0 o
b0 #
b0 P
b0 e
b0 n
b0 $
b0 Q
b0 d
b0 m
14
#98900
04
b0 C
0>
#98950
14
#99000
04
b1 ?
b1 c
b1 C
1=
17
#99050
b1111 h
b10000000 (
b10000000 U
b10000000 y
b10000000 ~
b1111 ,
b1111 W
b1111 {
b1111 |
b1111 l
b1111 ^
b1111 +
b1111 t
b1 $
b1 Q
b1 d
b1 m
14
#99100
04
b10 ?
b10 c
b10 C
#99150
b101011 h
b10000000 (
b10000000 U
b10000000 y
b10000000 ~
b1101 *
b1101 V
b1101 z
b1101 }
b11110 ,
b11110 W
b11110 {
b11110 |
b1101 k
b1101 ]
b1101 )
b1101 u
b11110 l
b11110 ^
b11110 +
b11110 t
b1 #
b1 P
b1 e
b1 n
b10 $
b10 Q
b10 d
b10 m
14
#99200
04
b11 ?
b11 c
b11 C
#99250
b1011 R
b1010010 h
b10001011 (
b10001011 U
b10001011 y
b10001011 ~
b11010 *
b11010 V
b11010 z
b11010 }
b101101 ,
b101101 W
b101101 {
b101101 |
b1011 j
b1011 \
b1011 '
b1011 v
b11010 k
b11010 ]
b11010 )
b11010 u
b101101 l
b101101 ^
b101101 +
b101101 t
b1 "
b1 O
b1 f
b1 o
b10 #
b10 P
b10 e
b10 n
b11 $
b11 Q
b11 d
b11 m
14
#99300
04
b100 ?
b100 c
b100 C
#99350
b10110 R
b10000010 h
b1001 &
b1001 T
b1001 x
b1001 !"
b10010110 (
b10010110 U
b10010110 y
b10010110 ~
b100111 *
b100111 V
b100111 z
b100111 }
b111100 ,
b111100 W
b111100 {
b111100 |
b1001 i
b1001 [
b1001 %
b1001 w
b10110 j
b10110 \
b10110 '
b10110 v
b100111 k
b100111 ]
b100111 )
b100111 u
b111100 l
b111100 ^
b111100 +
b111100 t
b1 !
b1 N
b1 g
b1 p
b10 "
b10 O
b10 f
b10 o
b11 #
b11 P
b11 e
b11 n
b100 $
b100 Q
b100 d
b100 m
14
#99400
04
b101 ?
b101 c
b101 C
#99450
b100001 R
b10110010 h
b10010 &
b10010 T
b10010 x
b10010 !"
b10100001 (
b10100001 U
b10100001 y
b10100001 ~
b110100 *
b110100 V
b110100 z
b110100 }
b1001011 ,
b1001011 W
b1001011 {
b1001011 |
b10010 i
b10010 [
b10010 %
b10010 w
b100001 j
b100001 \
b100001 '
b100001 v
b110100 k
b110100 ]
b110100 )
b110100 u
b1001011 l
b1001011 ^
b1001011 +
b1001011 t
b10 !
b10 N
b10 g
b10 p
b11 "
b11 O
b11 f
b11 o
b100 #
b100 P
b100 e
b100 n
b101 $
b101 Q
b101 d
b101 m
14
#99500
04
b110 ?
b110 c
b110 C
#99550
b101100 R
b11100010 h
b11011 &
b11011 T
b11011 x
b11011 !"
b10101100 (
b10101100 U
b10101100 y
b10101100 ~
b1000001 *
b1000001 V
b1000001 z
b1000001 }
b1011010 ,
b1011010 W
b1011010 {
b1011010 |
b11011 i
b11011 [
b11011 %
b11011 w
b101100 j
b101100 \
b101100 '
b101100 v
b1000001 k
b1000001 ]
b1000001 )
b1000001 u
b1011010 l
b1011010 ^
b1011010 +
b1011010 t
b11 !
b11 N
b11 g
b11 p
b100 "
b100 O
b100 f
b100 o
b101 #
b101 P
b101 e
b101 n
b110 $
b110 Q
b110 d
b110 m
14
#99600
04
b111 ?
b111 c
b111 C
#99650
b110111 R
b100010010 h
b100100 &
b100100 T
b100100 x
b100100 !"
b10110111 (
b10110111 U
b10110111 y
b10110111 ~
b1001110 *
b1001110 V
b1001110 z
b1001110 }
b1101001 ,
b1101001 W
b1101001 {
b1101001 |
b100100 i
b100100 [
b100100 %
b100100 w
b110111 j
b110111 \
b110111 '
b110111 v
b1001110 k
b1001110 ]
b1001110 )
b1001110 u
b1101001 l
b1101001 ^
b1101001 +
b1101001 t
b100 !
b100 N
b100 g
b100 p
b101 "
b101 O
b101 f
b101 o
b110 #
b110 P
b110 e
b110 n
b111 $
b111 Q
b111 d
b111 m
14
#99700
04
b1000 ?
b1000 c
b1000 C
#99750
b1000010 R
b101000010 h
b101101 &
b101101 T
b101101 x
b101101 !"
b11000010 (
b11000010 U
b11000010 y
b11000010 ~
b1011011 *
b1011011 V
b1011011 z
b1011011 }
b1111000 ,
b1111000 W
b1111000 {
b1111000 |
b101101 i
b101101 [
b101101 %
b101101 w
b1000010 j
b1000010 \
b1000010 '
b1000010 v
b1011011 k
b1011011 ]
b1011011 )
b1011011 u
b1111000 l
b1111000 ^
b1111000 +
b1111000 t
b101 !
b101 N
b101 g
b101 p
b110 "
b110 O
b110 f
b110 o
b111 #
b111 P
b111 e
b111 n
b1000 $
b1000 Q
b1000 d
b1000 m
14
#99800
04
b1001 ?
b1001 c
b1001 C
#99850
b1001101 R
b101110010 h
b110110 &
b110110 T
b110110 x
b110110 !"
b11001101 (
b11001101 U
b11001101 y
b11001101 ~
b1101000 *
b1101000 V
b1101000 z
b1101000 }
b10000111 ,
b10000111 W
b10000111 {
b10000111 |
b110110 i
b110110 [
b110110 %
b110110 w
b1001101 j
b1001101 \
b1001101 '
b1001101 v
b1101000 k
b1101000 ]
b1101000 )
b1101000 u
b10000111 l
b10000111 ^
b10000111 +
b10000111 t
b110 !
b110 N
b110 g
b110 p
b111 "
b111 O
b111 f
b111 o
b1000 #
b1000 P
b1000 e
b1000 n
b1001 $
b1001 Q
b1001 d
b1001 m
14
#99900
04
b1010 ?
b1010 c
b1010 C
#99950
b1011000 R
b110100010 h
b111111 &
b111111 T
b111111 x
b111111 !"
b11011000 (
b11011000 U
b11011000 y
b11011000 ~
b1110101 *
b1110101 V
b1110101 z
b1110101 }
b10010110 ,
b10010110 W
b10010110 {
b10010110 |
b111111 i
b111111 [
b111111 %
b111111 w
b1011000 j
b1011000 \
b1011000 '
b1011000 v
b1110101 k
b1110101 ]
b1110101 )
b1110101 u
b10010110 l
b10010110 ^
b10010110 +
b10010110 t
b111 !
b111 N
b111 g
b111 p
b1000 "
b1000 O
b1000 f
b1000 o
b1001 #
b1001 P
b1001 e
b1001 n
b1010 $
b1010 Q
b1010 d
b1010 m
14
#100000
04
b1011 ?
b1011 c
b1011 C
#100050
b1100011 R
b111010010 h
b1001000 &
b1001000 T
b1001000 x
b1001000 !"
b11100011 (
b11100011 U
b11100011 y
b11100011 ~
b10000010 *
b10000010 V
b10000010 z
b10000010 }
b10100101 ,
b10100101 W
b10100101 {
b10100101 |
b1001000 i
b1001000 [
b1001000 %
b1001000 w
b1100011 j
b1100011 \
b1100011 '
b1100011 v
b10000010 k
b10000010 ]
b10000010 )
b10000010 u
b10100101 l
b10100101 ^
b10100101 +
b10100101 t
b1000 !
b1000 N
b1000 g
b1000 p
b1001 "
b1001 O
b1001 f
b1001 o
b1010 #
b1010 P
b1010 e
b1010 n
b1011 $
b1011 Q
b1011 d
b1011 m
14
#100100
04
b1100 ?
b1100 c
b1100 C
#100150
b1101110 R
b1000000010 h
b1010001 &
b1010001 T
b1010001 x
b1010001 !"
b11101110 (
b11101110 U
b11101110 y
b11101110 ~
b10001111 *
b10001111 V
b10001111 z
b10001111 }
b10110100 ,
b10110100 W
b10110100 {
b10110100 |
b1010001 i
b1010001 [
b1010001 %
b1010001 w
b1101110 j
b1101110 \
b1101110 '
b1101110 v
b10001111 k
b10001111 ]
b10001111 )
b10001111 u
b10110100 l
b10110100 ^
b10110100 +
b10110100 t
b1001 !
b1001 N
b1001 g
b1001 p
b1010 "
b1010 O
b1010 f
b1010 o
b1011 #
b1011 P
b1011 e
b1011 n
b1100 $
b1100 Q
b1100 d
b1100 m
14
#100200
04
b1101 ?
b1101 c
b1101 C
#100250
b1111001 R
b1000110010 h
b1011010 &
b1011010 T
b1011010 x
b1011010 !"
b11111001 (
b11111001 U
b11111001 y
b11111001 ~
b10011100 *
b10011100 V
b10011100 z
b10011100 }
b11000011 ,
b11000011 W
b11000011 {
b11000011 |
b1011010 i
b1011010 [
b1011010 %
b1011010 w
b1111001 j
b1111001 \
b1111001 '
b1111001 v
b10011100 k
b10011100 ]
b10011100 )
b10011100 u
b11000011 l
b11000011 ^
b11000011 +
b11000011 t
b1010 !
b1010 N
b1010 g
b1010 p
b1011 "
b1011 O
b1011 f
b1011 o
b1100 #
b1100 P
b1100 e
b1100 n
b1101 $
b1101 Q
b1101 d
b1101 m
14
#100300
04
b1110 ?
b1110 c
b1110 C
#100350
b0 2
b0 Y
b0 3
b0 Z
0S
0X
b0 R
01
0.
b0 L
b1001100010 h
b1100011 &
b1100011 T
b1100011 x
b1100011 !"
b10000100 (
b10000100 U
b10000100 y
b10000100 ~
b10101001 *
b10101001 V
b10101001 z
b10101001 }
b11010010 ,
b11010010 W
b11010010 {
b11010010 |
b1100011 i
b1100011 [
b1100011 %
b1100011 w
b10000100 j
b10000100 \
b10000100 '
b10000100 v
b10101001 k
b10101001 ]
b10101001 )
b10101001 u
b11010010 l
b11010010 ^
b11010010 +
b11010010 t
b1011 !
b1011 N
b1011 g
b1011 p
b1100 "
b1100 O
b1100 f
b1100 o
b1101 #
b1101 P
b1101 e
b1101 n
b1110 $
b1110 Q
b1110 d
b1110 m
14
#100400
04
b1111 ?
b1111 c
b1111 C
#100450
b1010010010 h
b1101100 &
b1101100 T
b1101100 x
b1101100 !"
b10001111 (
b10001111 U
b10001111 y
b10001111 ~
b10110110 *
b10110110 V
b10110110 z
b10110110 }
b11100001 ,
b11100001 W
b11100001 {
b11100001 |
b1101100 i
b1101100 [
b1101100 %
b1101100 w
b10001111 j
b10001111 \
b10001111 '
b10001111 v
b10110110 k
b10110110 ]
b10110110 )
b10110110 u
b11100001 l
b11100001 ^
b11100001 +
b11100001 t
b1100 !
b1100 N
b1100 g
b1100 p
b1101 "
b1101 O
b1101 f
b1101 o
b1110 #
b1110 P
b1110 e
b1110 n
b1111 $
b1111 Q
b1111 d
b1111 m
14
#100500
04
b10000 C
#100550
b1010110011 h
b1110101 &
b1110101 T
b1110101 x
b1110101 !"
b10011010 (
b10011010 U
b10011010 y
b10011010 ~
b11000011 *
b11000011 V
b11000011 z
b11000011 }
b1110101 i
b1110101 [
b1110101 %
b1110101 w
b10011010 j
b10011010 \
b10011010 '
b10011010 v
b11000011 k
b11000011 ]
b11000011 )
b11000011 u
b1101 !
b1101 N
b1101 g
b1101 p
b1110 "
b1110 O
b1110 f
b1110 o
b1111 #
b1111 P
b1111 e
b1111 n
14
#100600
04
#100650
b1011000111 h
b1111110 &
b1111110 T
b1111110 x
b1111110 !"
b10100101 (
b10100101 U
b10100101 y
b10100101 ~
b1111110 i
b1111110 [
b1111110 %
b1111110 w
b10100101 j
b10100101 \
b10100101 '
b10100101 v
b1110 !
b1110 N
b1110 g
b1110 p
b1111 "
b1111 O
b1111 f
b1111 o
14
#100700
04
#100750
b1011010000 h
b10000111 &
b10000111 T
b10000111 x
b10000111 !"
b10000111 i
b10000111 [
b10000111 %
b10000111 w
b1111 !
b1111 N
b1111 g
b1111 p
14
#100800
04
#100850
14
#100900
b11 2
b11 Y
b10000111 R
11
1-
b1 M
b10000110 &
b10000110 T
b10000110 x
b10000110 !"
04
b0 ?
b0 c
1>
0=
07
b0 5
b0 q
b11 6
b11 r
b1 $"
b0 ""
b11 #"
b11 D
b0 @
b1 8
b1 s
b110000 E
b110000 A
b110000 B
#100950
b0 2
b0 Y
b0 R
01
0-
b0 M
b0 h
b0 &
b0 T
b0 x
b0 !"
b0 (
b0 U
b0 y
b0 ~
b0 *
b0 V
b0 z
b0 }
b0 ,
b0 W
b0 {
b0 |
b0 i
b0 [
b0 %
b0 w
b0 j
b0 \
b0 '
b0 v
b0 k
b0 ]
b0 )
b0 u
b0 l
b0 ^
b0 +
b0 t
b0 !
b0 N
b0 g
b0 p
b0 "
b0 O
b0 f
b0 o
b0 #
b0 P
b0 e
b0 n
b0 $
b0 Q
b0 d
b0 m
14
#101000
04
b0 C
0>
#101050
14
#101100
04
b1 ?
b1 c
b1 C
#101150
b1111 h
b1111 ,
b1111 W
b1111 {
b1111 |
b1111 l
b1111 ^
b1111 +
b1111 t
b1 $
b1 Q
b1 d
b1 m
14
#101200
04
b10 ?
b10 c
b10 C
#101250
b101011 h
b1101 *
b1101 V
b1101 z
b1101 }
b11110 ,
b11110 W
b11110 {
b11110 |
b1101 k
b1101 ]
b1101 )
b1101 u
b11110 l
b11110 ^
b11110 +
b11110 t
b1 #
b1 P
b1 e
b1 n
b10 $
b10 Q
b10 d
b10 m
14
#101300
04
b11 ?
b11 c
b11 C
#101350
b1010010 h
b1011 (
b1011 U
b1011 y
b1011 ~
b11010 *
b11010 V
b11010 z
b11010 }
b101101 ,
b101101 W
b101101 {
b101101 |
b1011 j
b1011 \
b1011 '
b1011 v
b11010 k
b11010 ]
b11010 )
b11010 u
b101101 l
b101101 ^
b101101 +
b101101 t
b1 "
b1 O
b1 f
b1 o
b10 #
b10 P
b10 e
b10 n
b11 $
b11 Q
b11 d
b11 m
14
#101400
04
b100 ?
b100 c
b100 C
#101450
b11 2
b11 Y
b1001 R
11
1-
b1 M
b10000010 h
b1000 &
b1000 T
b1000 x
b1000 !"
b10110 (
b10110 U
b10110 y
b10110 ~
b100111 *
b100111 V
b100111 z
b100111 }
b111100 ,
b111100 W
b111100 {
b111100 |
b1001 i
b1001 [
b1001 %
b1001 w
b10110 j
b10110 \
b10110 '
b10110 v
b100111 k
b100111 ]
b100111 )
b100111 u
b111100 l
b111100 ^
b111100 +
b111100 t
b1 !
b1 N
b1 g
b1 p
b10 "
b10 O
b10 f
b10 o
b11 #
b11 P
b11 e
b11 n
b100 $
b100 Q
b100 d
b100 m
14
#101500
04
b101 ?
b101 c
b101 C
1=
17
#101550
b0 2
b0 Y
b0 R
01
0-
b0 M
b10110010 h
b10010 &
b10010 T
b10010 x
b10010 !"
b100001 (
b100001 U
b100001 y
b100001 ~
b110100 *
b110100 V
b110100 z
b110100 }
b1001011 ,
b1001011 W
b1001011 {
b1001011 |
b10010 i
b10010 [
b10010 %
b10010 w
b100001 j
b100001 \
b100001 '
b100001 v
b110100 k
b110100 ]
b110100 )
b110100 u
b1001011 l
b1001011 ^
b1001011 +
b1001011 t
b10 !
b10 N
b10 g
b10 p
b11 "
b11 O
b11 f
b11 o
b100 #
b100 P
b100 e
b100 n
b101 $
b101 Q
b101 d
b101 m
14
#101600
04
b110 ?
b110 c
b110 C
#101650
b11 2
b11 Y
b11011 R
11
1-
b1 M
b11100010 h
b11010 &
b11010 T
b11010 x
b11010 !"
b101100 (
b101100 U
b101100 y
b101100 ~
b1000001 *
b1000001 V
b1000001 z
b1000001 }
b1011010 ,
b1011010 W
b1011010 {
b1011010 |
b11011 i
b11011 [
b11011 %
b11011 w
b101100 j
b101100 \
b101100 '
b101100 v
b1000001 k
b1000001 ]
b1000001 )
b1000001 u
b1011010 l
b1011010 ^
b1011010 +
b1011010 t
b11 !
b11 N
b11 g
b11 p
b100 "
b100 O
b100 f
b100 o
b101 #
b101 P
b101 e
b101 n
b110 $
b110 Q
b110 d
b110 m
14
#101700
04
b111 ?
b111 c
b111 C
#101750
b0 2
b0 Y
b0 R
01
0-
b0 M
b100010010 h
b100100 &
b100100 T
b100100 x
b100100 !"
b110111 (
b110111 U
b110111 y
b110111 ~
b1001110 *
b1001110 V
b1001110 z
b1001110 }
b1101001 ,
b1101001 W
b1101001 {
b1101001 |
b100100 i
b100100 [
b100100 %
b100100 w
b110111 j
b110111 \
b110111 '
b110111 v
b1001110 k
b1001110 ]
b1001110 )
b1001110 u
b1101001 l
b1101001 ^
b1101001 +
b1101001 t
b100 !
b100 N
b100 g
b100 p
b101 "
b101 O
b101 f
b101 o
b110 #
b110 P
b110 e
b110 n
b111 $
b111 Q
b111 d
b111 m
14
#101800
04
b1000 ?
b1000 c
b1000 C
#101850
b11 2
b11 Y
b101101 R
11
1-
b1 M
b101000010 h
b101100 &
b101100 T
b101100 x
b101100 !"
b1000010 (
b1000010 U
b1000010 y
b1000010 ~
b1011011 *
b1011011 V
b1011011 z
b1011011 }
b1111000 ,
b1111000 W
b1111000 {
b1111000 |
b101101 i
b101101 [
b101101 %
b101101 w
b1000010 j
b1000010 \
b1000010 '
b1000010 v
b1011011 k
b1011011 ]
b1011011 )
b1011011 u
b1111000 l
b1111000 ^
b1111000 +
b1111000 t
b101 !
b101 N
b101 g
b101 p
b110 "
b110 O
b110 f
b110 o
b111 #
b111 P
b111 e
b111 n
b1000 $
b1000 Q
b1000 d
b1000 m
14
#101900
04
b1001 ?
b1001 c
b1001 C
#101950
b0 2
b0 Y
b0 R
01
0-
b0 M
b101110010 h
b110110 &
b110110 T
b110110 x
b110110 !"
b1001101 (
b1001101 U
b1001101 y
b1001101 ~
b1101000 *
b1101000 V
b1101000 z
b1101000 }
b10000111 ,
b10000111 W
b10000111 {
b10000111 |
b110110 i
b110110 [
b110110 %
b110110 w
b1001101 j
b1001101 \
b1001101 '
b1001101 v
b1101000 k
b1101000 ]
b1101000 )
b1101000 u
b10000111 l
b10000111 ^
b10000111 +
b10000111 t
b110 !
b110 N
b110 g
b110 p
b111 "
b111 O
b111 f
b111 o
b1000 #
b1000 P
b1000 e
b1000 n
b1001 $
b1001 Q
b1001 d
b1001 m
14
#102000
04
b1010 ?
b1010 c
b1010 C
#102050
b11 2
b11 Y
b111111 R
11
1-
b1 M
b110100010 h
b111110 &
b111110 T
b111110 x
b111110 !"
b1011000 (
b1011000 U
b1011000 y
b1011000 ~
b1110101 *
b1110101 V
b1110101 z
b1110101 }
b10010110 ,
b10010110 W
b10010110 {
b10010110 |
b111111 i
b111111 [
b111111 %
b111111 w
b1011000 j
b1011000 \
b1011000 '
b1011000 v
b1110101 k
b1110101 ]
b1110101 )
b1110101 u
b10010110 l
b10010110 ^
b10010110 +
b10010110 t
b111 !
b111 N
b111 g
b111 p
b1000 "
b1000 O
b1000 f
b1000 o
b1001 #
b1001 P
b1001 e
b1001 n
b1010 $
b1010 Q
b1010 d
b1010 m
14
#102100
04
b1011 ?
b1011 c
b1011 C
#102150
b0 2
b0 Y
b0 R
01
0-
b0 M
b111010010 h
b1001000 &
b1001000 T
b1001000 x
b1001000 !"
b1100011 (
b1100011 U
b1100011 y
b1100011 ~
b10000010 *
b10000010 V
b10000010 z
b10000010 }
b10100101 ,
b10100101 W
b10100101 {
b10100101 |
b1001000 i
b1001000 [
b1001000 %
b1001000 w
b1100011 j
b1100011 \
b1100011 '
b1100011 v
b10000010 k
b10000010 ]
b10000010 )
b10000010 u
b10100101 l
b10100101 ^
b10100101 +
b10100101 t
b1000 !
b1000 N
b1000 g
b1000 p
b1001 "
b1001 O
b1001 f
b1001 o
b1010 #
b1010 P
b1010 e
b1010 n
b1011 $
b1011 Q
b1011 d
b1011 m
14
#102200
04
b1100 ?
b1100 c
b1100 C
#102250
b11 2
b11 Y
b1010001 R
11
1-
b1 M
b1000000010 h
b1010000 &
b1010000 T
b1010000 x
b1010000 !"
b1101110 (
b1101110 U
b1101110 y
b1101110 ~
b10001111 *
b10001111 V
b10001111 z
b10001111 }
b10110100 ,
b10110100 W
b10110100 {
b10110100 |
b1010001 i
b1010001 [
b1010001 %
b1010001 w
b1101110 j
b1101110 \
b1101110 '
b1101110 v
b10001111 k
b10001111 ]
b10001111 )
b10001111 u
b10110100 l
b10110100 ^
b10110100 +
b10110100 t
b1001 !
b1001 N
b1001 g
b1001 p
b1010 "
b1010 O
b1010 f
b1010 o
b1011 #
b1011 P
b1011 e
b1011 n
b1100 $
b1100 Q
b1100 d
b1100 m
14
#102300
04
b1101 ?
b1101 c
b1101 C
#102350
b0 2
b0 Y
b0 R
01
0-
b0 M
b1000110010 h
b1011010 &
b1011010 T
b1011010 x
b1011010 !"
b1111001 (
b1111001 U
b1111001 y
b1111001 ~
b10011100 *
b10011100 V
b10011100 z
b10011100 }
b11000011 ,
b11000011 W
b11000011 {
b11000011 |
b1011010 i
b1011010 [
b1011010 %
b1011010 w
b1111001 j
b1111001 \
b1111001 '
b1111001 v
b10011100 k
b10011100 ]
b10011100 )
b10011100 u
b11000011 l
b11000011 ^
b11000011 +
b11000011 t
b1010 !
b1010 N
b1010 g
b1010 p
b1011 "
b1011 O
b1011 f
b1011 o
b1100 #
b1100 P
b1100 e
b1100 n
b1101 $
b1101 Q
b1101 d
b1101 m
14
#102400
04
b1110 ?
b1110 c
b1110 C
#102450
b11 2
b11 Y
b1100011 R
11
1-
b1 M
b1001100010 h
b1100010 &
b1100010 T
b1100010 x
b1100010 !"
b10000100 (
b10000100 U
b10000100 y
b10000100 ~
b10101001 *
b10101001 V
b10101001 z
b10101001 }
b11010010 ,
b11010010 W
b11010010 {
b11010010 |
b1100011 i
b1100011 [
b1100011 %
b1100011 w
b10000100 j
b10000100 \
b10000100 '
b10000100 v
b10101001 k
b10101001 ]
b10101001 )
b10101001 u
b11010010 l
b11010010 ^
b11010010 +
b11010010 t
b1011 !
b1011 N
b1011 g
b1011 p
b1100 "
b1100 O
b1100 f
b1100 o
b1101 #
b1101 P
b1101 e
b1101 n
b1110 $
b1110 Q
b1110 d
b1110 m
14
#102500
04
b1111 ?
b1111 c
b1111 C
#102550
b0 2
b0 Y
b0 R
01
0-
b0 M
b1010010010 h
b1101100 &
b1101100 T
b1101100 x
b1101100 !"
b10001111 (
b10001111 U
b10001111 y
b10001111 ~
b10110110 *
b10110110 V
b10110110 z
b10110110 }
b11100001 ,
b11100001 W
b11100001 {
b11100001 |
b1101100 i
b1101100 [
b1101100 %
b1101100 w
b10001111 j
b10001111 \
b10001111 '
b10001111 v
b10110110 k
b10110110 ]
b10110110 )
b10110110 u
b11100001 l
b11100001 ^
b11100001 +
b11100001 t
b1100 !
b1100 N
b1100 g
b1100 p
b1101 "
b1101 O
b1101 f
b1101 o
b1110 #
b1110 P
b1110 e
b1110 n
b1111 $
b1111 Q
b1111 d
b1111 m
14
#102600
04
b10000 C
#102650
b11 2
b11 Y
b1110101 R
11
1-
b1 M
b1010110011 h
b1110100 &
b1110100 T
b1110100 x
b1110100 !"
b10011010 (
b10011010 U
b10011010 y
b10011010 ~
b11000011 *
b11000011 V
b11000011 z
b11000011 }
b1110101 i
b1110101 [
b1110101 %
b1110101 w
b10011010 j
b10011010 \
b10011010 '
b10011010 v
b11000011 k
b11000011 ]
b11000011 )
b11000011 u
b1101 !
b1101 N
b1101 g
b1101 p
b1110 "
b1110 O
b1110 f
b1110 o
b1111 #
b1111 P
b1111 e
b1111 n
14
#102700
04
#102750
b0 2
b0 Y
b0 R
01
0-
b0 M
b1011000111 h
b1111110 &
b1111110 T
b1111110 x
b1111110 !"
b10100101 (
b10100101 U
b10100101 y
b10100101 ~
b1111110 i
b1111110 [
b1111110 %
b1111110 w
b10100101 j
b10100101 \
b10100101 '
b10100101 v
b1110 !
b1110 N
b1110 g
b1110 p
b1111 "
b1111 O
b1111 f
b1111 o
14
#102800
04
#102850
b11 2
b11 Y
b10000111 R
11
b1011010000 h
1-
b1 M
b10000110 &
b10000110 T
b10000110 x
b10000110 !"
b10000111 i
b10000111 [
b10000111 %
b10000111 w
b1111 !
b1111 N
b1111 g
b1111 p
14
#102900
04
#102950
14
#103000
b0 2
b0 Y
b0 R
01
0-
b0 M
b10000111 &
b10000111 T
b10000111 x
b10000111 !"
04
b0 ?
b0 c
1>
0=
07
b10 $"
b10 8
b10 s
b110001 E
b110001 A
b110001 B
#103050
1X
b11 2
b11 Y
1S
11
1-
b1 M
b0 h
b1 &
b1 T
b1 x
b1 !"
b0 (
b0 U
b0 y
b0 ~
b0 *
b0 V
b0 z
b0 }
b0 ,
b0 W
b0 {
b0 |
b0 i
b0 [
b0 %
b0 w
b0 j
b0 \
b0 '
b0 v
b0 k
b0 ]
b0 )
b0 u
b0 l
b0 ^
b0 +
b0 t
b0 !
b0 N
b0 g
b0 p
b0 "
b0 O
b0 f
b0 o
b0 #
b0 P
b0 e
b0 n
b0 $
b0 Q
b0 d
b0 m
14
#103100
04
b0 C
0>
#103150
14
#103200
04
b1 ?
b1 c
b1 C
1=
17
#103250
b1111 h
b1 &
b1 T
b1 x
b1 !"
b1111 ,
b1111 W
b1111 {
b1111 |
b1111 l
b1111 ^
b1111 +
b1111 t
b1 $
b1 Q
b1 d
b1 m
14
#103300
04
b10 ?
b10 c
b10 C
#103350
b101011 h
b1 &
b1 T
b1 x
b1 !"
b1101 *
b1101 V
b1101 z
b1101 }
b11110 ,
b11110 W
b11110 {
b11110 |
b1101 k
b1101 ]
b1101 )
b1101 u
b11110 l
b11110 ^
b11110 +
b11110 t
b1 #
b1 P
b1 e
b1 n
b10 $
b10 Q
b10 d
b10 m
14
#103400
04
b11 ?
b11 c
b11 C
#103450
b1010010 h
b1 &
b1 T
b1 x
b1 !"
b1011 (
b1011 U
b1011 y
b1011 ~
b11010 *
b11010 V
b11010 z
b11010 }
b101101 ,
b101101 W
b101101 {
b101101 |
b1011 j
b1011 \
b1011 '
b1011 v
b11010 k
b11010 ]
b11010 )
b11010 u
b101101 l
b101101 ^
b101101 +
b101101 t
b1 "
b1 O
b1 f
b1 o
b10 #
b10 P
b10 e
b10 n
b11 $
b11 Q
b11 d
b11 m
14
#103500
04
b100 ?
b100 c
b100 C
#103550
b0 2
b0 Y
0S
0X
01
0-
b0 M
b10000010 h
b1001 &
b1001 T
b1001 x
b1001 !"
b10110 (
b10110 U
b10110 y
b10110 ~
b100111 *
b100111 V
b100111 z
b100111 }
b111100 ,
b111100 W
b111100 {
b111100 |
b1001 i
b1001 [
b1001 %
b1001 w
b10110 j
b10110 \
b10110 '
b10110 v
b100111 k
b100111 ]
b100111 )
b100111 u
b111100 l
b111100 ^
b111100 +
b111100 t
b1 !
b1 N
b1 g
b1 p
b10 "
b10 O
b10 f
b10 o
b11 #
b11 P
b11 e
b11 n
b100 $
b100 Q
b100 d
b100 m
14
#103600
04
b101 ?
b101 c
b101 C
#103650
1X
b11 2
b11 Y
b10010 R
1S
11
1-
b1 M
b10110010 h
b10011 &
b10011 T
b10011 x
b10011 !"
b100001 (
b100001 U
b100001 y
b100001 ~
b110100 *
b110100 V
b110100 z
b110100 }
b1001011 ,
b1001011 W
b1001011 {
b1001011 |
b10010 i
b10010 [
b10010 %
b10010 w
b100001 j
b100001 \
b100001 '
b100001 v
b110100 k
b110100 ]
b110100 )
b110100 u
b1001011 l
b1001011 ^
b1001011 +
b1001011 t
b10 !
b10 N
b10 g
b10 p
b11 "
b11 O
b11 f
b11 o
b100 #
b100 P
b100 e
b100 n
b101 $
b101 Q
b101 d
b101 m
14
#103700
04
b110 ?
b110 c
b110 C
#103750
b0 2
b0 Y
0S
b0 R
0X
01
0-
b0 M
b11100010 h
b11011 &
b11011 T
b11011 x
b11011 !"
b101100 (
b101100 U
b101100 y
b101100 ~
b1000001 *
b1000001 V
b1000001 z
b1000001 }
b1011010 ,
b1011010 W
b1011010 {
b1011010 |
b11011 i
b11011 [
b11011 %
b11011 w
b101100 j
b101100 \
b101100 '
b101100 v
b1000001 k
b1000001 ]
b1000001 )
b1000001 u
b1011010 l
b1011010 ^
b1011010 +
b1011010 t
b11 !
b11 N
b11 g
b11 p
b100 "
b100 O
b100 f
b100 o
b101 #
b101 P
b101 e
b101 n
b110 $
b110 Q
b110 d
b110 m
14
#103800
04
b111 ?
b111 c
b111 C
#103850
1X
b11 2
b11 Y
b100100 R
1S
11
1-
b1 M
b100010010 h
b100101 &
b100101 T
b100101 x
b100101 !"
b110111 (
b110111 U
b110111 y
b110111 ~
b1001110 *
b1001110 V
b1001110 z
b1001110 }
b1101001 ,
b1101001 W
b1101001 {
b1101001 |
b100100 i
b100100 [
b100100 %
b100100 w
b110111 j
b110111 \
b110111 '
b110111 v
b1001110 k
b1001110 ]
b1001110 )
b1001110 u
b1101001 l
b1101001 ^
b1101001 +
b1101001 t
b100 !
b100 N
b100 g
b100 p
b101 "
b101 O
b101 f
b101 o
b110 #
b110 P
b110 e
b110 n
b111 $
b111 Q
b111 d
b111 m
14
#103900
04
b1000 ?
b1000 c
b1000 C
#103950
b0 2
b0 Y
0S
b0 R
0X
01
0-
b0 M
b101000010 h
b101101 &
b101101 T
b101101 x
b101101 !"
b1000010 (
b1000010 U
b1000010 y
b1000010 ~
b1011011 *
b1011011 V
b1011011 z
b1011011 }
b1111000 ,
b1111000 W
b1111000 {
b1111000 |
b101101 i
b101101 [
b101101 %
b101101 w
b1000010 j
b1000010 \
b1000010 '
b1000010 v
b1011011 k
b1011011 ]
b1011011 )
b1011011 u
b1111000 l
b1111000 ^
b1111000 +
b1111000 t
b101 !
b101 N
b101 g
b101 p
b110 "
b110 O
b110 f
b110 o
b111 #
b111 P
b111 e
b111 n
b1000 $
b1000 Q
b1000 d
b1000 m
14
#104000
04
b1001 ?
b1001 c
b1001 C
#104050
1X
b11 2
b11 Y
b110110 R
1S
11
1-
b1 M
b101110010 h
b110111 &
b110111 T
b110111 x
b110111 !"
b1001101 (
b1001101 U
b1001101 y
b1001101 ~
b1101000 *
b1101000 V
b1101000 z
b1101000 }
b10000111 ,
b10000111 W
b10000111 {
b10000111 |
b110110 i
b110110 [
b110110 %
b110110 w
b1001101 j
b1001101 \
b1001101 '
b1001101 v
b1101000 k
b1101000 ]
b1101000 )
b1101000 u
b10000111 l
b10000111 ^
b10000111 +
b10000111 t
b110 !
b110 N
b110 g
b110 p
b111 "
b111 O
b111 f
b111 o
b1000 #
b1000 P
b1000 e
b1000 n
b1001 $
b1001 Q
b1001 d
b1001 m
14
#104100
04
b1010 ?
b1010 c
b1010 C
#104150
b0 2
b0 Y
0S
b0 R
0X
01
0-
b0 M
b110100010 h
b111111 &
b111111 T
b111111 x
b111111 !"
b1011000 (
b1011000 U
b1011000 y
b1011000 ~
b1110101 *
b1110101 V
b1110101 z
b1110101 }
b10010110 ,
b10010110 W
b10010110 {
b10010110 |
b111111 i
b111111 [
b111111 %
b111111 w
b1011000 j
b1011000 \
b1011000 '
b1011000 v
b1110101 k
b1110101 ]
b1110101 )
b1110101 u
b10010110 l
b10010110 ^
b10010110 +
b10010110 t
b111 !
b111 N
b111 g
b111 p
b1000 "
b1000 O
b1000 f
b1000 o
b1001 #
b1001 P
b1001 e
b1001 n
b1010 $
b1010 Q
b1010 d
b1010 m
14
#104200
04
b1011 ?
b1011 c
b1011 C
#104250
1X
b11 2
b11 Y
b1001000 R
1S
11
1-
b1 M
b111010010 h
b1001001 &
b1001001 T
b1001001 x
b1001001 !"
b1100011 (
b1100011 U
b1100011 y
b1100011 ~
b10000010 *
b10000010 V
b10000010 z
b10000010 }
b10100101 ,
b10100101 W
b10100101 {
b10100101 |
b1001000 i
b1001000 [
b1001000 %
b1001000 w
b1100011 j
b1100011 \
b1100011 '
b1100011 v
b10000010 k
b10000010 ]
b10000010 )
b10000010 u
b10100101 l
b10100101 ^
b10100101 +
b10100101 t
b1000 !
b1000 N
b1000 g
b1000 p
b1001 "
b1001 O
b1001 f
b1001 o
b1010 #
b1010 P
b1010 e
b1010 n
b1011 $
b1011 Q
b1011 d
b1011 m
14
#104300
04
b1100 ?
b1100 c
b1100 C
#104350
b0 2
b0 Y
0S
b0 R
0X
01
0-
b0 M
b1000000010 h
b1010001 &
b1010001 T
b1010001 x
b1010001 !"
b1101110 (
b1101110 U
b1101110 y
b1101110 ~
b10001111 *
b10001111 V
b10001111 z
b10001111 }
b10110100 ,
b10110100 W
b10110100 {
b10110100 |
b1010001 i
b1010001 [
b1010001 %
b1010001 w
b1101110 j
b1101110 \
b1101110 '
b1101110 v
b10001111 k
b10001111 ]
b10001111 )
b10001111 u
b10110100 l
b10110100 ^
b10110100 +
b10110100 t
b1001 !
b1001 N
b1001 g
b1001 p
b1010 "
b1010 O
b1010 f
b1010 o
b1011 #
b1011 P
b1011 e
b1011 n
b1100 $
b1100 Q
b1100 d
b1100 m
14
#104400
04
b1101 ?
b1101 c
b1101 C
#104450
1X
b11 2
b11 Y
b1011010 R
1S
11
1-
b1 M
b1000110010 h
b1011011 &
b1011011 T
b1011011 x
b1011011 !"
b1111001 (
b1111001 U
b1111001 y
b1111001 ~
b10011100 *
b10011100 V
b10011100 z
b10011100 }
b11000011 ,
b11000011 W
b11000011 {
b11000011 |
b1011010 i
b1011010 [
b1011010 %
b1011010 w
b1111001 j
b1111001 \
b1111001 '
b1111001 v
b10011100 k
b10011100 ]
b10011100 )
b10011100 u
b11000011 l
b11000011 ^
b11000011 +
b11000011 t
b1010 !
b1010 N
b1010 g
b1010 p
b1011 "
b1011 O
b1011 f
b1011 o
b1100 #
b1100 P
b1100 e
b1100 n
b1101 $
b1101 Q
b1101 d
b1101 m
14
#104500
04
b1110 ?
b1110 c
b1110 C
#104550
b0 2
b0 Y
0S
b0 R
0X
01
0-
b0 M
b1001100010 h
b1100011 &
b1100011 T
b1100011 x
b1100011 !"
b10000100 (
b10000100 U
b10000100 y
b10000100 ~
b10101001 *
b10101001 V
b10101001 z
b10101001 }
b11010010 ,
b11010010 W
b11010010 {
b11010010 |
b1100011 i
b1100011 [
b1100011 %
b1100011 w
b10000100 j
b10000100 \
b10000100 '
b10000100 v
b10101001 k
b10101001 ]
b10101001 )
b10101001 u
b11010010 l
b11010010 ^
b11010010 +
b11010010 t
b1011 !
b1011 N
b1011 g
b1011 p
b1100 "
b1100 O
b1100 f
b1100 o
b1101 #
b1101 P
b1101 e
b1101 n
b1110 $
b1110 Q
b1110 d
b1110 m
14
#104600
04
b1111 ?
b1111 c
b1111 C
#104650
1X
b11 2
b11 Y
b1101100 R
1S
11
1-
b1 M
b1010010010 h
b1101101 &
b1101101 T
b1101101 x
b1101101 !"
b10001111 (
b10001111 U
b10001111 y
b10001111 ~
b10110110 *
b10110110 V
b10110110 z
b10110110 }
b11100001 ,
b11100001 W
b11100001 {
b11100001 |
b1101100 i
b1101100 [
b1101100 %
b1101100 w
b10001111 j
b10001111 \
b10001111 '
b10001111 v
b10110110 k
b10110110 ]
b10110110 )
b10110110 u
b11100001 l
b11100001 ^
b11100001 +
b11100001 t
b1100 !
b1100 N
b1100 g
b1100 p
b1101 "
b1101 O
b1101 f
b1101 o
b1110 #
b1110 P
b1110 e
b1110 n
b1111 $
b1111 Q
b1111 d
b1111 m
14
#104700
04
b10000 C
#104750
b0 2
b0 Y
0S
b0 R
0X
01
0-
b0 M
b1010110011 h
b1110101 &
b1110101 T
b1110101 x
b1110101 !"
b10011010 (
b10011010 U
b10011010 y
b10011010 ~
b11000011 *
b11000011 V
b11000011 z
b11000011 }
b1110101 i
b1110101 [
b1110101 %
b1110101 w
b10011010 j
b10011010 \
b10011010 '
b10011010 v
b11000011 k
b11000011 ]
b11000011 )
b11000011 u
b1101 !
b1101 N
b1101 g
b1101 p
b1110 "
b1110 O
b1110 f
b1110 o
b1111 #
b1111 P
b1111 e
b1111 n
14
#104800
04
#104850
1X
b11 2
b11 Y
b1111110 R
1S
11
1-
b1 M
b1011000111 h
b1111111 &
b1111111 T
b1111111 x
b1111111 !"
b10100101 (
b10100101 U
b10100101 y
b10100101 ~
b1111110 i
b1111110 [
b1111110 %
b1111110 w
b10100101 j
b10100101 \
b10100101 '
b10100101 v
b1110 !
b1110 N
b1110 g
b1110 p
b1111 "
b1111 O
b1111 f
b1111 o
14
#104900
04
#104950
b0 2
b0 Y
0S
b0 R
0X
01
b1011010000 h
0-
b0 M
b10000111 &
b10000111 T
b10000111 x
b10000111 !"
b10000111 i
b10000111 [
b10000111 %
b10000111 w
b1111 !
b1111 N
b1111 g
b1111 p
14
#105000
04
#105050
14
#105100
b1 3
b1 Z
b11 2
b11 Y
b10000111 R
0S
11
1-
b10 M
b10000101 &
b10000101 T
b10000101 x
b10000101 !"
04
b0 ?
b0 c
1>
0=
07
b1 5
b1 q
b1 $"
b1 ""
b1 @
b1 8
b1 s
b110010 E
b110010 A
b110010 B
#105150
b0 2
b0 Y
b0 3
b0 Z
b0 R
01
0-
b0 M
b0 h
b0 &
b0 T
b0 x
b0 !"
b0 (
b0 U
b0 y
b0 ~
b0 *
b0 V
b0 z
b0 }
b0 ,
b0 W
b0 {
b0 |
b0 i
b0 [
b0 %
b0 w
b0 j
b0 \
b0 '
b0 v
b0 k
b0 ]
b0 )
b0 u
b0 l
b0 ^
b0 +
b0 t
b0 !
b0 N
b0 g
b0 p
b0 "
b0 O
b0 f
b0 o
b0 #
b0 P
b0 e
b0 n
b0 $
b0 Q
b0 d
b0 m
14
#105200
04
b0 C
0>
#105250
14
#105300
04
b1 ?
b1 c
b1 C
#105350
b1111 h
b1111 ,
b1111 W
b1111 {
b1111 |
b1111 l
b1111 ^
b1111 +
b1111 t
b1 $
b1 Q
b1 d
b1 m
14
#105400
04
b10 ?
b10 c
b10 C
#105450
b101011 h
b1101 *
b1101 V
b1101 z
b1101 }
b11110 ,
b11110 W
b11110 {
b11110 |
b1101 k
b1101 ]
b1101 )
b1101 u
b11110 l
b11110 ^
b11110 +
b11110 t
b1 #
b1 P
b1 e
b1 n
b10 $
b10 Q
b10 d
b10 m
14
#105500
04
b11 ?
b11 c
b11 C
#105550
b1010010 h
b1011 (
b1011 U
b1011 y
b1011 ~
b11010 *
b11010 V
b11010 z
b11010 }
b101101 ,
b101101 W
b101101 {
b101101 |
b1011 j
b1011 \
b1011 '
b1011 v
b11010 k
b11010 ]
b11010 )
b11010 u
b101101 l
b101101 ^
b101101 +
b101101 t
b1 "
b1 O
b1 f
b1 o
b10 #
b10 P
b10 e
b10 n
b11 $
b11 Q
b11 d
b11 m
14
#105600
04
b100 ?
b100 c
b100 C
#105650
b10000010 h
b1001 &
b1001 T
b1001 x
b1001 !"
b10110 (
b10110 U
b10110 y
b10110 ~
b100111 *
b100111 V
b100111 z
b100111 }
b111100 ,
b111100 W
b111100 {
b111100 |
b1001 i
b1001 [
b1001 %
b1001 w
b10110 j
b10110 \
b10110 '
b10110 v
b100111 k
b100111 ]
b100111 )
b100111 u
b111100 l
b111100 ^
b111100 +
b111100 t
b1 !
b1 N
b1 g
b1 p
b10 "
b10 O
b10 f
b10 o
b11 #
b11 P
b11 e
b11 n
b100 $
b100 Q
b100 d
b100 m
14
#105700
04
b101 ?
b101 c
b101 C
#105750
b1 3
b1 Z
b11 2
b11 Y
b10010 R
11
1-
b10 M
b10110010 h
b10000 &
b10000 T
b10000 x
b10000 !"
b100001 (
b100001 U
b100001 y
b100001 ~
b110100 *
b110100 V
b110100 z
b110100 }
b1001011 ,
b1001011 W
b1001011 {
b1001011 |
b10010 i
b10010 [
b10010 %
b10010 w
b100001 j
b100001 \
b100001 '
b100001 v
b110100 k
b110100 ]
b110100 )
b110100 u
b1001011 l
b1001011 ^
b1001011 +
b1001011 t
b10 !
b10 N
b10 g
b10 p
b11 "
b11 O
b11 f
b11 o
b100 #
b100 P
b100 e
b100 n
b101 $
b101 Q
b101 d
b101 m
14
#105800
04
b110 ?
b110 c
b110 C
1=
17
#105850
b11011 R
b11100010 h
b11001 &
b11001 T
b11001 x
b11001 !"
b101100 (
b101100 U
b101100 y
b101100 ~
b1000001 *
b1000001 V
b1000001 z
b1000001 }
b1011010 ,
b1011010 W
b1011010 {
b1011010 |
b11011 i
b11011 [
b11011 %
b11011 w
b101100 j
b101100 \
b101100 '
b101100 v
b1000001 k
b1000001 ]
b1000001 )
b1000001 u
b1011010 l
b1011010 ^
b1011010 +
b1011010 t
b11 !
b11 N
b11 g
b11 p
b100 "
b100 O
b100 f
b100 o
b101 #
b101 P
b101 e
b101 n
b110 $
b110 Q
b110 d
b110 m
14
#105900
04
b111 ?
b111 c
b111 C
#105950
b0 2
b0 Y
b0 3
b0 Z
b0 R
01
0-
b0 M
b100010010 h
b100100 &
b100100 T
b100100 x
b100100 !"
b110111 (
b110111 U
b110111 y
b110111 ~
b1001110 *
b1001110 V
b1001110 z
b1001110 }
b1101001 ,
b1101001 W
b1101001 {
b1101001 |
b100100 i
b100100 [
b100100 %
b100100 w
b110111 j
b110111 \
b110111 '
b110111 v
b1001110 k
b1001110 ]
b1001110 )
b1001110 u
b1101001 l
b1101001 ^
b1101001 +
b1101001 t
b100 !
b100 N
b100 g
b100 p
b101 "
b101 O
b101 f
b101 o
b110 #
b110 P
b110 e
b110 n
b111 $
b111 Q
b111 d
b111 m
14
#106000
04
b1000 ?
b1000 c
b1000 C
#106050
b101000010 h
b101101 &
b101101 T
b101101 x
b101101 !"
b1000010 (
b1000010 U
b1000010 y
b1000010 ~
b1011011 *
b1011011 V
b1011011 z
b1011011 }
b1111000 ,
b1111000 W
b1111000 {
b1111000 |
b101101 i
b101101 [
b101101 %
b101101 w
b1000010 j
b1000010 \
b1000010 '
b1000010 v
b1011011 k
b1011011 ]
b1011011 )
b1011011 u
b1111000 l
b1111000 ^
b1111000 +
b1111000 t
b101 !
b101 N
b101 g
b101 p
b110 "
b110 O
b110 f
b110 o
b111 #
b111 P
b111 e
b111 n
b1000 $
b1000 Q
b1000 d
b1000 m
14
#106100
04
b1001 ?
b1001 c
b1001 C
#106150
b1 3
b1 Z
b11 2
b11 Y
b110110 R
11
1-
b10 M
b101110010 h
b110100 &
b110100 T
b110100 x
b110100 !"
b1001101 (
b1001101 U
b1001101 y
b1001101 ~
b1101000 *
b1101000 V
b1101000 z
b1101000 }
b10000111 ,
b10000111 W
b10000111 {
b10000111 |
b110110 i
b110110 [
b110110 %
b110110 w
b1001101 j
b1001101 \
b1001101 '
b1001101 v
b1101000 k
b1101000 ]
b1101000 )
b1101000 u
b10000111 l
b10000111 ^
b10000111 +
b10000111 t
b110 !
b110 N
b110 g
b110 p
b111 "
b111 O
b111 f
b111 o
b1000 #
b1000 P
b1000 e
b1000 n
b1001 $
b1001 Q
b1001 d
b1001 m
14
#106200
04
b1010 ?
b1010 c
b1010 C
#106250
b111111 R
b110100010 h
b111101 &
b111101 T
b111101 x
b111101 !"
b1011000 (
b1011000 U
b1011000 y
b1011000 ~
b1110101 *
b1110101 V
b1110101 z
b1110101 }
b10010110 ,
b10010110 W
b10010110 {
b10010110 |
b111111 i
b111111 [
b111111 %
b111111 w
b1011000 j
b1011000 \
b1011000 '
b1011000 v
b1110101 k
b1110101 ]
b1110101 )
b1110101 u
b10010110 l
b10010110 ^
b10010110 +
b10010110 t
b111 !
b111 N
b111 g
b111 p
b1000 "
b1000 O
b1000 f
b1000 o
b1001 #
b1001 P
b1001 e
b1001 n
b1010 $
b1010 Q
b1010 d
b1010 m
14
#106300
04
b1011 ?
b1011 c
b1011 C
#106350
b0 2
b0 Y
b0 3
b0 Z
b0 R
01
0-
b0 M
b111010010 h
b1001000 &
b1001000 T
b1001000 x
b1001000 !"
b1100011 (
b1100011 U
b1100011 y
b1100011 ~
b10000010 *
b10000010 V
b10000010 z
b10000010 }
b10100101 ,
b10100101 W
b10100101 {
b10100101 |
b1001000 i
b1001000 [
b1001000 %
b1001000 w
b1100011 j
b1100011 \
b1100011 '
b1100011 v
b10000010 k
b10000010 ]
b10000010 )
b10000010 u
b10100101 l
b10100101 ^
b10100101 +
b10100101 t
b1000 !
b1000 N
b1000 g
b1000 p
b1001 "
b1001 O
b1001 f
b1001 o
b1010 #
b1010 P
b1010 e
b1010 n
b1011 $
b1011 Q
b1011 d
b1011 m
14
#106400
04
b1100 ?
b1100 c
b1100 C
#106450
b1000000010 h
b1010001 &
b1010001 T
b1010001 x
b1010001 !"
b1101110 (
b1101110 U
b1101110 y
b1101110 ~
b10001111 *
b10001111 V
b10001111 z
b10001111 }
b10110100 ,
b10110100 W
b10110100 {
b10110100 |
b1010001 i
b1010001 [
b1010001 %
b1010001 w
b1101110 j
b1101110 \
b1101110 '
b1101110 v
b10001111 k
b10001111 ]
b10001111 )
b10001111 u
b10110100 l
b10110100 ^
b10110100 +
b10110100 t
b1001 !
b1001 N
b1001 g
b1001 p
b1010 "
b1010 O
b1010 f
b1010 o
b1011 #
b1011 P
b1011 e
b1011 n
b1100 $
b1100 Q
b1100 d
b1100 m
14
#106500
04
b1101 ?
b1101 c
b1101 C
#106550
b1 3
b1 Z
b11 2
b11 Y
b1011010 R
11
1-
b10 M
b1000110010 h
b1011000 &
b1011000 T
b1011000 x
b1011000 !"
b1111001 (
b1111001 U
b1111001 y
b1111001 ~
b10011100 *
b10011100 V
b10011100 z
b10011100 }
b11000011 ,
b11000011 W
b11000011 {
b11000011 |
b1011010 i
b1011010 [
b1011010 %
b1011010 w
b1111001 j
b1111001 \
b1111001 '
b1111001 v
b10011100 k
b10011100 ]
b10011100 )
b10011100 u
b11000011 l
b11000011 ^
b11000011 +
b11000011 t
b1010 !
b1010 N
b1010 g
b1010 p
b1011 "
b1011 O
b1011 f
b1011 o
b1100 #
b1100 P
b1100 e
b1100 n
b1101 $
b1101 Q
b1101 d
b1101 m
14
#106600
04
b1110 ?
b1110 c
b1110 C
#106650
b1100011 R
b1001100010 h
b1100001 &
b1100001 T
b1100001 x
b1100001 !"
b10000100 (
b10000100 U
b10000100 y
b10000100 ~
b10101001 *
b10101001 V
b10101001 z
b10101001 }
b11010010 ,
b11010010 W
b11010010 {
b11010010 |
b1100011 i
b1100011 [
b1100011 %
b1100011 w
b10000100 j
b10000100 \
b10000100 '
b10000100 v
b10101001 k
b10101001 ]
b10101001 )
b10101001 u
b11010010 l
b11010010 ^
b11010010 +
b11010010 t
b1011 !
b1011 N
b1011 g
b1011 p
b1100 "
b1100 O
b1100 f
b1100 o
b1101 #
b1101 P
b1101 e
b1101 n
b1110 $
b1110 Q
b1110 d
b1110 m
14
#106700
04
b1111 ?
b1111 c
b1111 C
#106750
b0 2
b0 Y
b0 3
b0 Z
b0 R
01
0-
b0 M
b1010010010 h
b1101100 &
b1101100 T
b1101100 x
b1101100 !"
b10001111 (
b10001111 U
b10001111 y
b10001111 ~
b10110110 *
b10110110 V
b10110110 z
b10110110 }
b11100001 ,
b11100001 W
b11100001 {
b11100001 |
b1101100 i
b1101100 [
b1101100 %
b1101100 w
b10001111 j
b10001111 \
b10001111 '
b10001111 v
b10110110 k
b10110110 ]
b10110110 )
b10110110 u
b11100001 l
b11100001 ^
b11100001 +
b11100001 t
b1100 !
b1100 N
b1100 g
b1100 p
b1101 "
b1101 O
b1101 f
b1101 o
b1110 #
b1110 P
b1110 e
b1110 n
b1111 $
b1111 Q
b1111 d
b1111 m
14
#106800
04
b10000 C
#106850
b1010110011 h
b1110101 &
b1110101 T
b1110101 x
b1110101 !"
b10011010 (
b10011010 U
b10011010 y
b10011010 ~
b11000011 *
b11000011 V
b11000011 z
b11000011 }
b1110101 i
b1110101 [
b1110101 %
b1110101 w
b10011010 j
b10011010 \
b10011010 '
b10011010 v
b11000011 k
b11000011 ]
b11000011 )
b11000011 u
b1101 !
b1101 N
b1101 g
b1101 p
b1110 "
b1110 O
b1110 f
b1110 o
b1111 #
b1111 P
b1111 e
b1111 n
14
#106900
04
#106950
b1 3
b1 Z
b11 2
b11 Y
b1111110 R
11
1-
b10 M
b1011000111 h
b1111100 &
b1111100 T
b1111100 x
b1111100 !"
b10100101 (
b10100101 U
b10100101 y
b10100101 ~
b1111110 i
b1111110 [
b1111110 %
b1111110 w
b10100101 j
b10100101 \
b10100101 '
b10100101 v
b1110 !
b1110 N
b1110 g
b1110 p
b1111 "
b1111 O
b1111 f
b1111 o
14
#107000
04
#107050
b10000111 R
b1011010000 h
b10000101 &
b10000101 T
b10000101 x
b10000101 !"
b10000111 i
b10000111 [
b10000111 %
b10000111 w
b1111 !
b1111 N
b1111 g
b1111 p
14
#107100
04
#107150
14
#107200
b0 2
b0 Y
b0 3
b0 Z
b0 R
01
0-
b0 M
b10000111 &
b10000111 T
b10000111 x
b10000111 !"
04
b0 ?
b0 c
1>
0=
07
b10 $"
b10 8
b10 s
b110011 E
b110011 A
b110011 B
#107250
1X
1S
b1 3
b1 Z
b11 2
b11 Y
11
1-
b10 M
b0 h
b10 &
b10 T
b10 x
b10 !"
b0 (
b0 U
b0 y
b0 ~
b0 *
b0 V
b0 z
b0 }
b0 ,
b0 W
b0 {
b0 |
b0 i
b0 [
b0 %
b0 w
b0 j
b0 \
b0 '
b0 v
b0 k
b0 ]
b0 )
b0 u
b0 l
b0 ^
b0 +
b0 t
b0 !
b0 N
b0 g
b0 p
b0 "
b0 O
b0 f
b0 o
b0 #
b0 P
b0 e
b0 n
b0 $
b0 Q
b0 d
b0 m
14
#107300
04
b0 C
0>
#107350
14
#107400
04
b1 ?
b1 c
b1 C
1=
17
#107450
b1111 h
b10 &
b10 T
b10 x
b10 !"
b1111 ,
b1111 W
b1111 {
b1111 |
b1111 l
b1111 ^
b1111 +
b1111 t
b1 $
b1 Q
b1 d
b1 m
14
#107500
04
b10 ?
b10 c
b10 C
#107550
b101011 h
b10 &
b10 T
b10 x
b10 !"
b1101 *
b1101 V
b1101 z
b1101 }
b11110 ,
b11110 W
b11110 {
b11110 |
b1101 k
b1101 ]
b1101 )
b1101 u
b11110 l
b11110 ^
b11110 +
b11110 t
b1 #
b1 P
b1 e
b1 n
b10 $
b10 Q
b10 d
b10 m
14
#107600
04
b11 ?
b11 c
b11 C
#107650
b1010010 h
b10 &
b10 T
b10 x
b10 !"
b1011 (
b1011 U
b1011 y
b1011 ~
b11010 *
b11010 V
b11010 z
b11010 }
b101101 ,
b101101 W
b101101 {
b101101 |
b1011 j
b1011 \
b1011 '
b1011 v
b11010 k
b11010 ]
b11010 )
b11010 u
b101101 l
b101101 ^
b101101 +
b101101 t
b1 "
b1 O
b1 f
b1 o
b10 #
b10 P
b10 e
b10 n
b11 $
b11 Q
b11 d
b11 m
14
#107700
04
b100 ?
b100 c
b100 C
#107750
b1001 R
b10000010 h
b1011 &
b1011 T
b1011 x
b1011 !"
b10110 (
b10110 U
b10110 y
b10110 ~
b100111 *
b100111 V
b100111 z
b100111 }
b111100 ,
b111100 W
b111100 {
b111100 |
b1001 i
b1001 [
b1001 %
b1001 w
b10110 j
b10110 \
b10110 '
b10110 v
b100111 k
b100111 ]
b100111 )
b100111 u
b111100 l
b111100 ^
b111100 +
b111100 t
b1 !
b1 N
b1 g
b1 p
b10 "
b10 O
b10 f
b10 o
b11 #
b11 P
b11 e
b11 n
b100 $
b100 Q
b100 d
b100 m
14
#107800
04
b101 ?
b101 c
b101 C
#107850
b0 2
b0 Y
b0 3
b0 Z
0S
b0 R
0X
01
0-
b0 M
b10110010 h
b10010 &
b10010 T
b10010 x
b10010 !"
b100001 (
b100001 U
b100001 y
b100001 ~
b110100 *
b110100 V
b110100 z
b110100 }
b1001011 ,
b1001011 W
b1001011 {
b1001011 |
b10010 i
b10010 [
b10010 %
b10010 w
b100001 j
b100001 \
b100001 '
b100001 v
b110100 k
b110100 ]
b110100 )
b110100 u
b1001011 l
b1001011 ^
b1001011 +
b1001011 t
b10 !
b10 N
b10 g
b10 p
b11 "
b11 O
b11 f
b11 o
b100 #
b100 P
b100 e
b100 n
b101 $
b101 Q
b101 d
b101 m
14
#107900
04
b110 ?
b110 c
b110 C
#107950
b11100010 h
b11011 &
b11011 T
b11011 x
b11011 !"
b101100 (
b101100 U
b101100 y
b101100 ~
b1000001 *
b1000001 V
b1000001 z
b1000001 }
b1011010 ,
b1011010 W
b1011010 {
b1011010 |
b11011 i
b11011 [
b11011 %
b11011 w
b101100 j
b101100 \
b101100 '
b101100 v
b1000001 k
b1000001 ]
b1000001 )
b1000001 u
b1011010 l
b1011010 ^
b1011010 +
b1011010 t
b11 !
b11 N
b11 g
b11 p
b100 "
b100 O
b100 f
b100 o
b101 #
b101 P
b101 e
b101 n
b110 $
b110 Q
b110 d
b110 m
14
#108000
04
b111 ?
b111 c
b111 C
#108050
1X
1S
b1 3
b1 Z
b11 2
b11 Y
b100100 R
11
1-
b10 M
b100010010 h
b100110 &
b100110 T
b100110 x
b100110 !"
b110111 (
b110111 U
b110111 y
b110111 ~
b1001110 *
b1001110 V
b1001110 z
b1001110 }
b1101001 ,
b1101001 W
b1101001 {
b1101001 |
b100100 i
b100100 [
b100100 %
b100100 w
b110111 j
b110111 \
b110111 '
b110111 v
b1001110 k
b1001110 ]
b1001110 )
b1001110 u
b1101001 l
b1101001 ^
b1101001 +
b1101001 t
b100 !
b100 N
b100 g
b100 p
b101 "
b101 O
b101 f
b101 o
b110 #
b110 P
b110 e
b110 n
b111 $
b111 Q
b111 d
b111 m
14
#108100
04
b1000 ?
b1000 c
b1000 C
#108150
b101101 R
b101000010 h
b101111 &
b101111 T
b101111 x
b101111 !"
b1000010 (
b1000010 U
b1000010 y
b1000010 ~
b1011011 *
b1011011 V
b1011011 z
b1011011 }
b1111000 ,
b1111000 W
b1111000 {
b1111000 |
b101101 i
b101101 [
b101101 %
b101101 w
b1000010 j
b1000010 \
b1000010 '
b1000010 v
b1011011 k
b1011011 ]
b1011011 )
b1011011 u
b1111000 l
b1111000 ^
b1111000 +
b1111000 t
b101 !
b101 N
b101 g
b101 p
b110 "
b110 O
b110 f
b110 o
b111 #
b111 P
b111 e
b111 n
b1000 $
b1000 Q
b1000 d
b1000 m
14
#108200
04
b1001 ?
b1001 c
b1001 C
#108250
b0 2
b0 Y
b0 3
b0 Z
0S
b0 R
0X
01
0-
b0 M
b101110010 h
b110110 &
b110110 T
b110110 x
b110110 !"
b1001101 (
b1001101 U
b1001101 y
b1001101 ~
b1101000 *
b1101000 V
b1101000 z
b1101000 }
b10000111 ,
b10000111 W
b10000111 {
b10000111 |
b110110 i
b110110 [
b110110 %
b110110 w
b1001101 j
b1001101 \
b1001101 '
b1001101 v
b1101000 k
b1101000 ]
b1101000 )
b1101000 u
b10000111 l
b10000111 ^
b10000111 +
b10000111 t
b110 !
b110 N
b110 g
b110 p
b111 "
b111 O
b111 f
b111 o
b1000 #
b1000 P
b1000 e
b1000 n
b1001 $
b1001 Q
b1001 d
b1001 m
14
#108300
04
b1010 ?
b1010 c
b1010 C
#108350
b110100010 h
b111111 &
b111111 T
b111111 x
b111111 !"
b1011000 (
b1011000 U
b1011000 y
b1011000 ~
b1110101 *
b1110101 V
b1110101 z
b1110101 }
b10010110 ,
b10010110 W
b10010110 {
b10010110 |
b111111 i
b111111 [
b111111 %
b111111 w
b1011000 j
b1011000 \
b1011000 '
b1011000 v
b1110101 k
b1110101 ]
b1110101 )
b1110101 u
b10010110 l
b10010110 ^
b10010110 +
b10010110 t
b111 !
b111 N
b111 g
b111 p
b1000 "
b1000 O
b1000 f
b1000 o
b1001 #
b1001 P
b1001 e
b1001 n
b1010 $
b1010 Q
b1010 d
b1010 m
14
#108400
04
b1011 ?
b1011 c
b1011 C
#108450
1X
1S
b1 3
b1 Z
b11 2
b11 Y
b1001000 R
11
1-
b10 M
b111010010 h
b1001010 &
b1001010 T
b1001010 x
b1001010 !"
b1100011 (
b1100011 U
b1100011 y
b1100011 ~
b10000010 *
b10000010 V
b10000010 z
b10000010 }
b10100101 ,
b10100101 W
b10100101 {
b10100101 |
b1001000 i
b1001000 [
b1001000 %
b1001000 w
b1100011 j
b1100011 \
b1100011 '
b1100011 v
b10000010 k
b10000010 ]
b10000010 )
b10000010 u
b10100101 l
b10100101 ^
b10100101 +
b10100101 t
b1000 !
b1000 N
b1000 g
b1000 p
b1001 "
b1001 O
b1001 f
b1001 o
b1010 #
b1010 P
b1010 e
b1010 n
b1011 $
b1011 Q
b1011 d
b1011 m
14
#108500
04
b1100 ?
b1100 c
b1100 C
#108550
b1010001 R
b1000000010 h
b1010011 &
b1010011 T
b1010011 x
b1010011 !"
b1101110 (
b1101110 U
b1101110 y
b1101110 ~
b10001111 *
b10001111 V
b10001111 z
b10001111 }
b10110100 ,
b10110100 W
b10110100 {
b10110100 |
b1010001 i
b1010001 [
b1010001 %
b1010001 w
b1101110 j
b1101110 \
b1101110 '
b1101110 v
b10001111 k
b10001111 ]
b10001111 )
b10001111 u
b10110100 l
b10110100 ^
b10110100 +
b10110100 t
b1001 !
b1001 N
b1001 g
b1001 p
b1010 "
b1010 O
b1010 f
b1010 o
b1011 #
b1011 P
b1011 e
b1011 n
b1100 $
b1100 Q
b1100 d
b1100 m
14
#108600
04
b1101 ?
b1101 c
b1101 C
#108650
b0 2
b0 Y
b0 3
b0 Z
0S
b0 R
0X
01
0-
b0 M
b1000110010 h
b1011010 &
b1011010 T
b1011010 x
b1011010 !"
b1111001 (
b1111001 U
b1111001 y
b1111001 ~
b10011100 *
b10011100 V
b10011100 z
b10011100 }
b11000011 ,
b11000011 W
b11000011 {
b11000011 |
b1011010 i
b1011010 [
b1011010 %
b1011010 w
b1111001 j
b1111001 \
b1111001 '
b1111001 v
b10011100 k
b10011100 ]
b10011100 )
b10011100 u
b11000011 l
b11000011 ^
b11000011 +
b11000011 t
b1010 !
b1010 N
b1010 g
b1010 p
b1011 "
b1011 O
b1011 f
b1011 o
b1100 #
b1100 P
b1100 e
b1100 n
b1101 $
b1101 Q
b1101 d
b1101 m
14
#108700
04
b1110 ?
b1110 c
b1110 C
#108750
b1001100010 h
b1100011 &
b1100011 T
b1100011 x
b1100011 !"
b10000100 (
b10000100 U
b10000100 y
b10000100 ~
b10101001 *
b10101001 V
b10101001 z
b10101001 }
b11010010 ,
b11010010 W
b11010010 {
b11010010 |
b1100011 i
b1100011 [
b1100011 %
b1100011 w
b10000100 j
b10000100 \
b10000100 '
b10000100 v
b10101001 k
b10101001 ]
b10101001 )
b10101001 u
b11010010 l
b11010010 ^
b11010010 +
b11010010 t
b1011 !
b1011 N
b1011 g
b1011 p
b1100 "
b1100 O
b1100 f
b1100 o
b1101 #
b1101 P
b1101 e
b1101 n
b1110 $
b1110 Q
b1110 d
b1110 m
14
#108800
04
b1111 ?
b1111 c
b1111 C
#108850
1X
1S
b1 3
b1 Z
b11 2
b11 Y
b1101100 R
11
1-
b10 M
b1010010010 h
b1101110 &
b1101110 T
b1101110 x
b1101110 !"
b10001111 (
b10001111 U
b10001111 y
b10001111 ~
b10110110 *
b10110110 V
b10110110 z
b10110110 }
b11100001 ,
b11100001 W
b11100001 {
b11100001 |
b1101100 i
b1101100 [
b1101100 %
b1101100 w
b10001111 j
b10001111 \
b10001111 '
b10001111 v
b10110110 k
b10110110 ]
b10110110 )
b10110110 u
b11100001 l
b11100001 ^
b11100001 +
b11100001 t
b1100 !
b1100 N
b1100 g
b1100 p
b1101 "
b1101 O
b1101 f
b1101 o
b1110 #
b1110 P
b1110 e
b1110 n
b1111 $
b1111 Q
b1111 d
b1111 m
14
#108900
04
b10000 C
#108950
b1110101 R
b1010110011 h
b1110111 &
b1110111 T
b1110111 x
b1110111 !"
b10011010 (
b10011010 U
b10011010 y
b10011010 ~
b11000011 *
b11000011 V
b11000011 z
b11000011 }
b1110101 i
b1110101 [
b1110101 %
b1110101 w
b10011010 j
b10011010 \
b10011010 '
b10011010 v
b11000011 k
b11000011 ]
b11000011 )
b11000011 u
b1101 !
b1101 N
b1101 g
b1101 p
b1110 "
b1110 O
b1110 f
b1110 o
b1111 #
b1111 P
b1111 e
b1111 n
14
#109000
04
#109050
b0 2
b0 Y
b0 3
b0 Z
0S
b0 R
0X
01
0-
b0 M
b1011000111 h
b1111110 &
b1111110 T
b1111110 x
b1111110 !"
b10100101 (
b10100101 U
b10100101 y
b10100101 ~
b1111110 i
b1111110 [
b1111110 %
b1111110 w
b10100101 j
b10100101 \
b10100101 '
b10100101 v
b1110 !
b1110 N
b1110 g
b1110 p
b1111 "
b1111 O
b1111 f
b1111 o
14
#109100
04
#109150
b1011010000 h
b10000111 &
b10000111 T
b10000111 x
b10000111 !"
b10000111 i
b10000111 [
b10000111 %
b10000111 w
b1111 !
b1111 N
b1111 g
b1111 p
14
#109200
04
#109250
14
#109300
b10 3
b10 Z
b11 2
b11 Y
b10000111 R
0S
11
1-
b100 M
b10000011 &
b10000011 T
b10000011 x
b10000011 !"
04
b0 ?
b0 c
1>
0=
07
b10 5
b10 q
b1 $"
b10 ""
b10 @
b1 8
b1 s
b110100 E
b110100 A
b110100 B
#109350
b0 2
b0 Y
b0 3
b0 Z
b0 R
01
0-
b0 M
b0 h
b0 &
b0 T
b0 x
b0 !"
b0 (
b0 U
b0 y
b0 ~
b0 *
b0 V
b0 z
b0 }
b0 ,
b0 W
b0 {
b0 |
b0 i
b0 [
b0 %
b0 w
b0 j
b0 \
b0 '
b0 v
b0 k
b0 ]
b0 )
b0 u
b0 l
b0 ^
b0 +
b0 t
b0 !
b0 N
b0 g
b0 p
b0 "
b0 O
b0 f
b0 o
b0 #
b0 P
b0 e
b0 n
b0 $
b0 Q
b0 d
b0 m
14
#109400
04
b0 C
0>
#109450
14
#109500
04
b1 ?
b1 c
b1 C
#109550
b1111 h
b1111 ,
b1111 W
b1111 {
b1111 |
b1111 l
b1111 ^
b1111 +
b1111 t
b1 $
b1 Q
b1 d
b1 m
14
#109600
04
b10 ?
b10 c
b10 C
#109650
b101011 h
b1101 *
b1101 V
b1101 z
b1101 }
b11110 ,
b11110 W
b11110 {
b11110 |
b1101 k
b1101 ]
b1101 )
b1101 u
b11110 l
b11110 ^
b11110 +
b11110 t
b1 #
b1 P
b1 e
b1 n
b10 $
b10 Q
b10 d
b10 m
14
#109700
04
b11 ?
b11 c
b11 C
#109750
b1010010 h
b1011 (
b1011 U
b1011 y
b1011 ~
b11010 *
b11010 V
b11010 z
b11010 }
b101101 ,
b101101 W
b101101 {
b101101 |
b1011 j
b1011 \
b1011 '
b1011 v
b11010 k
b11010 ]
b11010 )
b11010 u
b101101 l
b101101 ^
b101101 +
b101101 t
b1 "
b1 O
b1 f
b1 o
b10 #
b10 P
b10 e
b10 n
b11 $
b11 Q
b11 d
b11 m
14
#109800
04
b100 ?
b100 c
b100 C
#109850
b10000010 h
b1001 &
b1001 T
b1001 x
b1001 !"
b10110 (
b10110 U
b10110 y
b10110 ~
b100111 *
b100111 V
b100111 z
b100111 }
b111100 ,
b111100 W
b111100 {
b111100 |
b1001 i
b1001 [
b1001 %
b1001 w
b10110 j
b10110 \
b10110 '
b10110 v
b100111 k
b100111 ]
b100111 )
b100111 u
b111100 l
b111100 ^
b111100 +
b111100 t
b1 !
b1 N
b1 g
b1 p
b10 "
b10 O
b10 f
b10 o
b11 #
b11 P
b11 e
b11 n
b100 $
b100 Q
b100 d
b100 m
14
#109900
04
b101 ?
b101 c
b101 C
#109950
b10110010 h
b10010 &
b10010 T
b10010 x
b10010 !"
b100001 (
b100001 U
b100001 y
b100001 ~
b110100 *
b110100 V
b110100 z
b110100 }
b1001011 ,
b1001011 W
b1001011 {
b1001011 |
b10010 i
b10010 [
b10010 %
b10010 w
b100001 j
b100001 \
b100001 '
b100001 v
b110100 k
b110100 ]
b110100 )
b110100 u
b1001011 l
b1001011 ^
b1001011 +
b1001011 t
b10 !
b10 N
b10 g
b10 p
b11 "
b11 O
b11 f
b11 o
b100 #
b100 P
b100 e
b100 n
b101 $
b101 Q
b101 d
b101 m
14
#110000
04
b110 ?
b110 c
b110 C
#110050
b11100010 h
b11011 &
b11011 T
b11011 x
b11011 !"
b101100 (
b101100 U
b101100 y
b101100 ~
b1000001 *
b1000001 V
b1000001 z
b1000001 }
b1011010 ,
b1011010 W
b1011010 {
b1011010 |
b11011 i
b11011 [
b11011 %
b11011 w
b101100 j
b101100 \
b101100 '
b101100 v
b1000001 k
b1000001 ]
b1000001 )
b1000001 u
b1011010 l
b1011010 ^
b1011010 +
b1011010 t
b11 !
b11 N
b11 g
b11 p
b100 "
b100 O
b100 f
b100 o
b101 #
b101 P
b101 e
b101 n
b110 $
b110 Q
b110 d
b110 m
14
#110100
04
b111 ?
b111 c
b111 C
#110150
b10 3
b10 Z
b11 2
b11 Y
b100100 R
11
1-
b100 M
b100010010 h
b100000 &
b100000 T
b100000 x
b100000 !"
b110111 (
b110111 U
b110111 y
b110111 ~
b1001110 *
b1001110 V
b1001110 z
b1001110 }
b1101001 ,
b1101001 W
b1101001 {
b1101001 |
b100100 i
b100100 [
b100100 %
b100100 w
b110111 j
b110111 \
b110111 '
b110111 v
b1001110 k
b1001110 ]
b1001110 )
b1001110 u
b1101001 l
b1101001 ^
b1101001 +
b1101001 t
b100 !
b100 N
b100 g
b100 p
b101 "
b101 O
b101 f
b101 o
b110 #
b110 P
b110 e
b110 n
b111 $
b111 Q
b111 d
b111 m
14
#110200
04
b1000 ?
b1000 c
b1000 C
1=
17
#110250
b101101 R
b101000010 h
b101001 &
b101001 T
b101001 x
b101001 !"
b1000010 (
b1000010 U
b1000010 y
b1000010 ~
b1011011 *
b1011011 V
b1011011 z
b1011011 }
b1111000 ,
b1111000 W
b1111000 {
b1111000 |
b101101 i
b101101 [
b101101 %
b101101 w
b1000010 j
b1000010 \
b1000010 '
b1000010 v
b1011011 k
b1011011 ]
b1011011 )
b1011011 u
b1111000 l
b1111000 ^
b1111000 +
b1111000 t
b101 !
b101 N
b101 g
b101 p
b110 "
b110 O
b110 f
b110 o
b111 #
b111 P
b111 e
b111 n
b1000 $
b1000 Q
b1000 d
b1000 m
14
#110300
04
b1001 ?
b1001 c
b1001 C
#110350
b110110 R
b101110010 h
b110010 &
b110010 T
b110010 x
b110010 !"
b1001101 (
b1001101 U
b1001101 y
b1001101 ~
b1101000 *
b1101000 V
b1101000 z
b1101000 }
b10000111 ,
b10000111 W
b10000111 {
b10000111 |
b110110 i
b110110 [
b110110 %
b110110 w
b1001101 j
b1001101 \
b1001101 '
b1001101 v
b1101000 k
b1101000 ]
b1101000 )
b1101000 u
b10000111 l
b10000111 ^
b10000111 +
b10000111 t
b110 !
b110 N
b110 g
b110 p
b111 "
b111 O
b111 f
b111 o
b1000 #
b1000 P
b1000 e
b1000 n
b1001 $
b1001 Q
b1001 d
b1001 m
14
#110400
04
b1010 ?
b1010 c
b1010 C
#110450
b111111 R
b110100010 h
b111011 &
b111011 T
b111011 x
b111011 !"
b1011000 (
b1011000 U
b1011000 y
b1011000 ~
b1110101 *
b1110101 V
b1110101 z
b1110101 }
b10010110 ,
b10010110 W
b10010110 {
b10010110 |
b111111 i
b111111 [
b111111 %
b111111 w
b1011000 j
b1011000 \
b1011000 '
b1011000 v
b1110101 k
b1110101 ]
b1110101 )
b1110101 u
b10010110 l
b10010110 ^
b10010110 +
b10010110 t
b111 !
b111 N
b111 g
b111 p
b1000 "
b1000 O
b1000 f
b1000 o
b1001 #
b1001 P
b1001 e
b1001 n
b1010 $
b1010 Q
b1010 d
b1010 m
14
#110500
04
b1011 ?
b1011 c
b1011 C
#110550
b0 2
b0 Y
b0 3
b0 Z
b0 R
01
0-
b0 M
b111010010 h
b1001000 &
b1001000 T
b1001000 x
b1001000 !"
b1100011 (
b1100011 U
b1100011 y
b1100011 ~
b10000010 *
b10000010 V
b10000010 z
b10000010 }
b10100101 ,
b10100101 W
b10100101 {
b10100101 |
b1001000 i
b1001000 [
b1001000 %
b1001000 w
b1100011 j
b1100011 \
b1100011 '
b1100011 v
b10000010 k
b10000010 ]
b10000010 )
b10000010 u
b10100101 l
b10100101 ^
b10100101 +
b10100101 t
b1000 !
b1000 N
b1000 g
b1000 p
b1001 "
b1001 O
b1001 f
b1001 o
b1010 #
b1010 P
b1010 e
b1010 n
b1011 $
b1011 Q
b1011 d
b1011 m
14
#110600
04
b1100 ?
b1100 c
b1100 C
#110650
b1000000010 h
b1010001 &
b1010001 T
b1010001 x
b1010001 !"
b1101110 (
b1101110 U
b1101110 y
b1101110 ~
b10001111 *
b10001111 V
b10001111 z
b10001111 }
b10110100 ,
b10110100 W
b10110100 {
b10110100 |
b1010001 i
b1010001 [
b1010001 %
b1010001 w
b1101110 j
b1101110 \
b1101110 '
b1101110 v
b10001111 k
b10001111 ]
b10001111 )
b10001111 u
b10110100 l
b10110100 ^
b10110100 +
b10110100 t
b1001 !
b1001 N
b1001 g
b1001 p
b1010 "
b1010 O
b1010 f
b1010 o
b1011 #
b1011 P
b1011 e
b1011 n
b1100 $
b1100 Q
b1100 d
b1100 m
14
#110700
04
b1101 ?
b1101 c
b1101 C
#110750
b1000110010 h
b1011010 &
b1011010 T
b1011010 x
b1011010 !"
b1111001 (
b1111001 U
b1111001 y
b1111001 ~
b10011100 *
b10011100 V
b10011100 z
b10011100 }
b11000011 ,
b11000011 W
b11000011 {
b11000011 |
b1011010 i
b1011010 [
b1011010 %
b1011010 w
b1111001 j
b1111001 \
b1111001 '
b1111001 v
b10011100 k
b10011100 ]
b10011100 )
b10011100 u
b11000011 l
b11000011 ^
b11000011 +
b11000011 t
b1010 !
b1010 N
b1010 g
b1010 p
b1011 "
b1011 O
b1011 f
b1011 o
b1100 #
b1100 P
b1100 e
b1100 n
b1101 $
b1101 Q
b1101 d
b1101 m
14
#110800
04
b1110 ?
b1110 c
b1110 C
#110850
b1001100010 h
b1100011 &
b1100011 T
b1100011 x
b1100011 !"
b10000100 (
b10000100 U
b10000100 y
b10000100 ~
b10101001 *
b10101001 V
b10101001 z
b10101001 }
b11010010 ,
b11010010 W
b11010010 {
b11010010 |
b1100011 i
b1100011 [
b1100011 %
b1100011 w
b10000100 j
b10000100 \
b10000100 '
b10000100 v
b10101001 k
b10101001 ]
b10101001 )
b10101001 u
b11010010 l
b11010010 ^
b11010010 +
b11010010 t
b1011 !
b1011 N
b1011 g
b1011 p
b1100 "
b1100 O
b1100 f
b1100 o
b1101 #
b1101 P
b1101 e
b1101 n
b1110 $
b1110 Q
b1110 d
b1110 m
14
#110900
04
b1111 ?
b1111 c
b1111 C
#110950
b10 3
b10 Z
b11 2
b11 Y
b1101100 R
11
1-
b100 M
b1010010010 h
b1101000 &
b1101000 T
b1101000 x
b1101000 !"
b10001111 (
b10001111 U
b10001111 y
b10001111 ~
b10110110 *
b10110110 V
b10110110 z
b10110110 }
b11100001 ,
b11100001 W
b11100001 {
b11100001 |
b1101100 i
b1101100 [
b1101100 %
b1101100 w
b10001111 j
b10001111 \
b10001111 '
b10001111 v
b10110110 k
b10110110 ]
b10110110 )
b10110110 u
b11100001 l
b11100001 ^
b11100001 +
b11100001 t
b1100 !
b1100 N
b1100 g
b1100 p
b1101 "
b1101 O
b1101 f
b1101 o
b1110 #
b1110 P
b1110 e
b1110 n
b1111 $
b1111 Q
b1111 d
b1111 m
14
#111000
04
b10000 C
#111050
b1110101 R
b1010110011 h
b1110001 &
b1110001 T
b1110001 x
b1110001 !"
b10011010 (
b10011010 U
b10011010 y
b10011010 ~
b11000011 *
b11000011 V
b11000011 z
b11000011 }
b1110101 i
b1110101 [
b1110101 %
b1110101 w
b10011010 j
b10011010 \
b10011010 '
b10011010 v
b11000011 k
b11000011 ]
b11000011 )
b11000011 u
b1101 !
b1101 N
b1101 g
b1101 p
b1110 "
b1110 O
b1110 f
b1110 o
b1111 #
b1111 P
b1111 e
b1111 n
14
#111100
04
#111150
b1111110 R
b1011000111 h
b1111010 &
b1111010 T
b1111010 x
b1111010 !"
b10100101 (
b10100101 U
b10100101 y
b10100101 ~
b1111110 i
b1111110 [
b1111110 %
b1111110 w
b10100101 j
b10100101 \
b10100101 '
b10100101 v
b1110 !
b1110 N
b1110 g
b1110 p
b1111 "
b1111 O
b1111 f
b1111 o
14
#111200
04
#111250
b10000111 R
b1011010000 h
b10000011 &
b10000011 T
b10000011 x
b10000011 !"
b10000111 i
b10000111 [
b10000111 %
b10000111 w
b1111 !
b1111 N
b1111 g
b1111 p
14
#111300
04
#111350
14
#111400
b0 2
b0 Y
b0 3
b0 Z
b0 R
01
0-
b0 M
b10000111 &
b10000111 T
b10000111 x
b10000111 !"
04
b0 ?
b0 c
1>
0=
07
b10 $"
b10 8
b10 s
b110101 E
b110101 A
b110101 B
#111450
1X
1S
b10 3
b10 Z
b11 2
b11 Y
11
1-
b100 M
b0 h
b100 &
b100 T
b100 x
b100 !"
b0 (
b0 U
b0 y
b0 ~
b0 *
b0 V
b0 z
b0 }
b0 ,
b0 W
b0 {
b0 |
b0 i
b0 [
b0 %
b0 w
b0 j
b0 \
b0 '
b0 v
b0 k
b0 ]
b0 )
b0 u
b0 l
b0 ^
b0 +
b0 t
b0 !
b0 N
b0 g
b0 p
b0 "
b0 O
b0 f
b0 o
b0 #
b0 P
b0 e
b0 n
b0 $
b0 Q
b0 d
b0 m
14
#111500
04
b0 C
0>
#111550
14
#111600
04
b1 ?
b1 c
b1 C
1=
17
#111650
b1111 h
b100 &
b100 T
b100 x
b100 !"
b1111 ,
b1111 W
b1111 {
b1111 |
b1111 l
b1111 ^
b1111 +
b1111 t
b1 $
b1 Q
b1 d
b1 m
14
#111700
04
b10 ?
b10 c
b10 C
#111750
b101011 h
b100 &
b100 T
b100 x
b100 !"
b1101 *
b1101 V
b1101 z
b1101 }
b11110 ,
b11110 W
b11110 {
b11110 |
b1101 k
b1101 ]
b1101 )
b1101 u
b11110 l
b11110 ^
b11110 +
b11110 t
b1 #
b1 P
b1 e
b1 n
b10 $
b10 Q
b10 d
b10 m
14
#111800
04
b11 ?
b11 c
b11 C
#111850
b1010010 h
b100 &
b100 T
b100 x
b100 !"
b1011 (
b1011 U
b1011 y
b1011 ~
b11010 *
b11010 V
b11010 z
b11010 }
b101101 ,
b101101 W
b101101 {
b101101 |
b1011 j
b1011 \
b1011 '
b1011 v
b11010 k
b11010 ]
b11010 )
b11010 u
b101101 l
b101101 ^
b101101 +
b101101 t
b1 "
b1 O
b1 f
b1 o
b10 #
b10 P
b10 e
b10 n
b11 $
b11 Q
b11 d
b11 m
14
#111900
04
b100 ?
b100 c
b100 C
#111950
b1001 R
b10000010 h
b1101 &
b1101 T
b1101 x
b1101 !"
b10110 (
b10110 U
b10110 y
b10110 ~
b100111 *
b100111 V
b100111 z
b100111 }
b111100 ,
b111100 W
b111100 {
b111100 |
b1001 i
b1001 [
b1001 %
b1001 w
b10110 j
b10110 \
b10110 '
b10110 v
b100111 k
b100111 ]
b100111 )
b100111 u
b111100 l
b111100 ^
b111100 +
b111100 t
b1 !
b1 N
b1 g
b1 p
b10 "
b10 O
b10 f
b10 o
b11 #
b11 P
b11 e
b11 n
b100 $
b100 Q
b100 d
b100 m
14
#112000
04
b101 ?
b101 c
b101 C
#112050
b10010 R
b10110010 h
b10110 &
b10110 T
b10110 x
b10110 !"
b100001 (
b100001 U
b100001 y
b100001 ~
b110100 *
b110100 V
b110100 z
b110100 }
b1001011 ,
b1001011 W
b1001011 {
b1001011 |
b10010 i
b10010 [
b10010 %
b10010 w
b100001 j
b100001 \
b100001 '
b100001 v
b110100 k
b110100 ]
b110100 )
b110100 u
b1001011 l
b1001011 ^
b1001011 +
b1001011 t
b10 !
b10 N
b10 g
b10 p
b11 "
b11 O
b11 f
b11 o
b100 #
b100 P
b100 e
b100 n
b101 $
b101 Q
b101 d
b101 m
14
#112100
04
b110 ?
b110 c
b110 C
#112150
b11011 R
b11100010 h
b11111 &
b11111 T
b11111 x
b11111 !"
b101100 (
b101100 U
b101100 y
b101100 ~
b1000001 *
b1000001 V
b1000001 z
b1000001 }
b1011010 ,
b1011010 W
b1011010 {
b1011010 |
b11011 i
b11011 [
b11011 %
b11011 w
b101100 j
b101100 \
b101100 '
b101100 v
b1000001 k
b1000001 ]
b1000001 )
b1000001 u
b1011010 l
b1011010 ^
b1011010 +
b1011010 t
b11 !
b11 N
b11 g
b11 p
b100 "
b100 O
b100 f
b100 o
b101 #
b101 P
b101 e
b101 n
b110 $
b110 Q
b110 d
b110 m
14
#112200
04
b111 ?
b111 c
b111 C
#112250
b0 2
b0 Y
b0 3
b0 Z
0S
b0 R
0X
01
0-
b0 M
b100010010 h
b100100 &
b100100 T
b100100 x
b100100 !"
b110111 (
b110111 U
b110111 y
b110111 ~
b1001110 *
b1001110 V
b1001110 z
b1001110 }
b1101001 ,
b1101001 W
b1101001 {
b1101001 |
b100100 i
b100100 [
b100100 %
b100100 w
b110111 j
b110111 \
b110111 '
b110111 v
b1001110 k
b1001110 ]
b1001110 )
b1001110 u
b1101001 l
b1101001 ^
b1101001 +
b1101001 t
b100 !
b100 N
b100 g
b100 p
b101 "
b101 O
b101 f
b101 o
b110 #
b110 P
b110 e
b110 n
b111 $
b111 Q
b111 d
b111 m
14
#112300
04
b1000 ?
b1000 c
b1000 C
#112350
b101000010 h
b101101 &
b101101 T
b101101 x
b101101 !"
b1000010 (
b1000010 U
b1000010 y
b1000010 ~
b1011011 *
b1011011 V
b1011011 z
b1011011 }
b1111000 ,
b1111000 W
b1111000 {
b1111000 |
b101101 i
b101101 [
b101101 %
b101101 w
b1000010 j
b1000010 \
b1000010 '
b1000010 v
b1011011 k
b1011011 ]
b1011011 )
b1011011 u
b1111000 l
b1111000 ^
b1111000 +
b1111000 t
b101 !
b101 N
b101 g
b101 p
b110 "
b110 O
b110 f
b110 o
b111 #
b111 P
b111 e
b111 n
b1000 $
b1000 Q
b1000 d
b1000 m
14
#112400
04
b1001 ?
b1001 c
b1001 C
#112450
b101110010 h
b110110 &
b110110 T
b110110 x
b110110 !"
b1001101 (
b1001101 U
b1001101 y
b1001101 ~
b1101000 *
b1101000 V
b1101000 z
b1101000 }
b10000111 ,
b10000111 W
b10000111 {
b10000111 |
b110110 i
b110110 [
b110110 %
b110110 w
b1001101 j
b1001101 \
b1001101 '
b1001101 v
b1101000 k
b1101000 ]
b1101000 )
b1101000 u
b10000111 l
b10000111 ^
b10000111 +
b10000111 t
b110 !
b110 N
b110 g
b110 p
b111 "
b111 O
b111 f
b111 o
b1000 #
b1000 P
b1000 e
b1000 n
b1001 $
b1001 Q
b1001 d
b1001 m
14
#112500
04
b1010 ?
b1010 c
b1010 C
#112550
b110100010 h
b111111 &
b111111 T
b111111 x
b111111 !"
b1011000 (
b1011000 U
b1011000 y
b1011000 ~
b1110101 *
b1110101 V
b1110101 z
b1110101 }
b10010110 ,
b10010110 W
b10010110 {
b10010110 |
b111111 i
b111111 [
b111111 %
b111111 w
b1011000 j
b1011000 \
b1011000 '
b1011000 v
b1110101 k
b1110101 ]
b1110101 )
b1110101 u
b10010110 l
b10010110 ^
b10010110 +
b10010110 t
b111 !
b111 N
b111 g
b111 p
b1000 "
b1000 O
b1000 f
b1000 o
b1001 #
b1001 P
b1001 e
b1001 n
b1010 $
b1010 Q
b1010 d
b1010 m
14
#112600
04
b1011 ?
b1011 c
b1011 C
#112650
1X
1S
b10 3
b10 Z
b11 2
b11 Y
b1001000 R
11
1-
b100 M
b111010010 h
b1001100 &
b1001100 T
b1001100 x
b1001100 !"
b1100011 (
b1100011 U
b1100011 y
b1100011 ~
b10000010 *
b10000010 V
b10000010 z
b10000010 }
b10100101 ,
b10100101 W
b10100101 {
b10100101 |
b1001000 i
b1001000 [
b1001000 %
b1001000 w
b1100011 j
b1100011 \
b1100011 '
b1100011 v
b10000010 k
b10000010 ]
b10000010 )
b10000010 u
b10100101 l
b10100101 ^
b10100101 +
b10100101 t
b1000 !
b1000 N
b1000 g
b1000 p
b1001 "
b1001 O
b1001 f
b1001 o
b1010 #
b1010 P
b1010 e
b1010 n
b1011 $
b1011 Q
b1011 d
b1011 m
14
#112700
04
b1100 ?
b1100 c
b1100 C
#112750
b1010001 R
b1000000010 h
b1010101 &
b1010101 T
b1010101 x
b1010101 !"
b1101110 (
b1101110 U
b1101110 y
b1101110 ~
b10001111 *
b10001111 V
b10001111 z
b10001111 }
b10110100 ,
b10110100 W
b10110100 {
b10110100 |
b1010001 i
b1010001 [
b1010001 %
b1010001 w
b1101110 j
b1101110 \
b1101110 '
b1101110 v
b10001111 k
b10001111 ]
b10001111 )
b10001111 u
b10110100 l
b10110100 ^
b10110100 +
b10110100 t
b1001 !
b1001 N
b1001 g
b1001 p
b1010 "
b1010 O
b1010 f
b1010 o
b1011 #
b1011 P
b1011 e
b1011 n
b1100 $
b1100 Q
b1100 d
b1100 m
14
#112800
04
b1101 ?
b1101 c
b1101 C
#112850
b1011010 R
b1000110010 h
b1011110 &
b1011110 T
b1011110 x
b1011110 !"
b1111001 (
b1111001 U
b1111001 y
b1111001 ~
b10011100 *
b10011100 V
b10011100 z
b10011100 }
b11000011 ,
b11000011 W
b11000011 {
b11000011 |
b1011010 i
b1011010 [
b1011010 %
b1011010 w
b1111001 j
b1111001 \
b1111001 '
b1111001 v
b10011100 k
b10011100 ]
b10011100 )
b10011100 u
b11000011 l
b11000011 ^
b11000011 +
b11000011 t
b1010 !
b1010 N
b1010 g
b1010 p
b1011 "
b1011 O
b1011 f
b1011 o
b1100 #
b1100 P
b1100 e
b1100 n
b1101 $
b1101 Q
b1101 d
b1101 m
14
#112900
04
b1110 ?
b1110 c
b1110 C
#112950
b1100011 R
b1001100010 h
b1100111 &
b1100111 T
b1100111 x
b1100111 !"
b10000100 (
b10000100 U
b10000100 y
b10000100 ~
b10101001 *
b10101001 V
b10101001 z
b10101001 }
b11010010 ,
b11010010 W
b11010010 {
b11010010 |
b1100011 i
b1100011 [
b1100011 %
b1100011 w
b10000100 j
b10000100 \
b10000100 '
b10000100 v
b10101001 k
b10101001 ]
b10101001 )
b10101001 u
b11010010 l
b11010010 ^
b11010010 +
b11010010 t
b1011 !
b1011 N
b1011 g
b1011 p
b1100 "
b1100 O
b1100 f
b1100 o
b1101 #
b1101 P
b1101 e
b1101 n
b1110 $
b1110 Q
b1110 d
b1110 m
14
#113000
04
b1111 ?
b1111 c
b1111 C
#113050
b0 2
b0 Y
b0 3
b0 Z
0S
b0 R
0X
01
0-
b0 M
b1010010010 h
b1101100 &
b1101100 T
b1101100 x
b1101100 !"
b10001111 (
b10001111 U
b10001111 y
b10001111 ~
b10110110 *
b10110110 V
b10110110 z
b10110110 }
b11100001 ,
b11100001 W
b11100001 {
b11100001 |
b1101100 i
b1101100 [
b1101100 %
b1101100 w
b10001111 j
b10001111 \
b10001111 '
b10001111 v
b10110110 k
b10110110 ]
b10110110 )
b10110110 u
b11100001 l
b11100001 ^
b11100001 +
b11100001 t
b1100 !
b1100 N
b1100 g
b1100 p
b1101 "
b1101 O
b1101 f
b1101 o
b1110 #
b1110 P
b1110 e
b1110 n
b1111 $
b1111 Q
b1111 d
b1111 m
14
#113100
04
b10000 C
#113150
b1010110011 h
b1110101 &
b1110101 T
b1110101 x
b1110101 !"
b10011010 (
b10011010 U
b10011010 y
b10011010 ~
b11000011 *
b11000011 V
b11000011 z
b11000011 }
b1110101 i
b1110101 [
b1110101 %
b1110101 w
b10011010 j
b10011010 \
b10011010 '
b10011010 v
b11000011 k
b11000011 ]
b11000011 )
b11000011 u
b1101 !
b1101 N
b1101 g
b1101 p
b1110 "
b1110 O
b1110 f
b1110 o
b1111 #
b1111 P
b1111 e
b1111 n
14
#113200
04
#113250
b1011000111 h
b1111110 &
b1111110 T
b1111110 x
b1111110 !"
b10100101 (
b10100101 U
b10100101 y
b10100101 ~
b1111110 i
b1111110 [
b1111110 %
b1111110 w
b10100101 j
b10100101 \
b10100101 '
b10100101 v
b1110 !
b1110 N
b1110 g
b1110 p
b1111 "
b1111 O
b1111 f
b1111 o
14
#113300
04
#113350
b1011010000 h
b10000111 &
b10000111 T
b10000111 x
b10000111 !"
b10000111 i
b10000111 [
b10000111 %
b10000111 w
b1111 !
b1111 N
b1111 g
b1111 p
14
#113400
04
#113450
14
#113500
04
b0 ?
b0 c
1>
0=
07
b11 5
b11 q
b1 $"
b11 ""
b11 @
b1 8
b1 s
b110110 E
b110110 A
b110110 B
#113550
b0 h
b0 &
b0 T
b0 x
b0 !"
b0 (
b0 U
b0 y
b0 ~
b0 *
b0 V
b0 z
b0 }
b0 ,
b0 W
b0 {
b0 |
b0 i
b0 [
b0 %
b0 w
b0 j
b0 \
b0 '
b0 v
b0 k
b0 ]
b0 )
b0 u
b0 l
b0 ^
b0 +
b0 t
b0 !
b0 N
b0 g
b0 p
b0 "
b0 O
b0 f
b0 o
b0 #
b0 P
b0 e
b0 n
b0 $
b0 Q
b0 d
b0 m
14
#113600
04
b0 C
0>
#113650
14
#113700
04
b1 ?
b1 c
b1 C
#113750
b1111 h
b1111 ,
b1111 W
b1111 {
b1111 |
b1111 l
b1111 ^
b1111 +
b1111 t
b1 $
b1 Q
b1 d
b1 m
14
#113800
04
b10 ?
b10 c
b10 C
#113850
b101011 h
b1101 *
b1101 V
b1101 z
b1101 }
b11110 ,
b11110 W
b11110 {
b11110 |
b1101 k
b1101 ]
b1101 )
b1101 u
b11110 l
b11110 ^
b11110 +
b11110 t
b1 #
b1 P
b1 e
b1 n
b10 $
b10 Q
b10 d
b10 m
14
#113900
04
b11 ?
b11 c
b11 C
#113950
b1010010 h
b1011 (
b1011 U
b1011 y
b1011 ~
b11010 *
b11010 V
b11010 z
b11010 }
b101101 ,
b101101 W
b101101 {
b101101 |
b1011 j
b1011 \
b1011 '
b1011 v
b11010 k
b11010 ]
b11010 )
b11010 u
b101101 l
b101101 ^
b101101 +
b101101 t
b1 "
b1 O
b1 f
b1 o
b10 #
b10 P
b10 e
b10 n
b11 $
b11 Q
b11 d
b11 m
14
#114000
04
b100 ?
b100 c
b100 C
#114050
b11 3
b11 Z
b11 2
b11 Y
b1001 R
0S
11
1-
b1000 M
b10000010 h
b1 &
b1 T
b1 x
b1 !"
b10110 (
b10110 U
b10110 y
b10110 ~
b100111 *
b100111 V
b100111 z
b100111 }
b111100 ,
b111100 W
b111100 {
b111100 |
b1001 i
b1001 [
b1001 %
b1001 w
b10110 j
b10110 \
b10110 '
b10110 v
b100111 k
b100111 ]
b100111 )
b100111 u
b111100 l
b111100 ^
b111100 +
b111100 t
b1 !
b1 N
b1 g
b1 p
b10 "
b10 O
b10 f
b10 o
b11 #
b11 P
b11 e
b11 n
b100 $
b100 Q
b100 d
b100 m
14
#114100
04
b101 ?
b101 c
b101 C
1=
17
#114150
b0 2
b0 Y
b0 3
b0 Z
b0 R
01
0-
b0 M
b10110010 h
b10010 &
b10010 T
b10010 x
b10010 !"
b100001 (
b100001 U
b100001 y
b100001 ~
b110100 *
b110100 V
b110100 z
b110100 }
b1001011 ,
b1001011 W
b1001011 {
b1001011 |
b10010 i
b10010 [
b10010 %
b10010 w
b100001 j
b100001 \
b100001 '
b100001 v
b110100 k
b110100 ]
b110100 )
b110100 u
b1001011 l
b1001011 ^
b1001011 +
b1001011 t
b10 !
b10 N
b10 g
b10 p
b11 "
b11 O
b11 f
b11 o
b100 #
b100 P
b100 e
b100 n
b101 $
b101 Q
b101 d
b101 m
14
#114200
04
b110 ?
b110 c
b110 C
#114250
b11 3
b11 Z
b11 2
b11 Y
b11011 R
0S
11
1-
b1000 M
b11100010 h
b10011 &
b10011 T
b10011 x
b10011 !"
b101100 (
b101100 U
b101100 y
b101100 ~
b1000001 *
b1000001 V
b1000001 z
b1000001 }
b1011010 ,
b1011010 W
b1011010 {
b1011010 |
b11011 i
b11011 [
b11011 %
b11011 w
b101100 j
b101100 \
b101100 '
b101100 v
b1000001 k
b1000001 ]
b1000001 )
b1000001 u
b1011010 l
b1011010 ^
b1011010 +
b1011010 t
b11 !
b11 N
b11 g
b11 p
b100 "
b100 O
b100 f
b100 o
b101 #
b101 P
b101 e
b101 n
b110 $
b110 Q
b110 d
b110 m
14
#114300
04
b111 ?
b111 c
b111 C
#114350
b0 2
b0 Y
b0 3
b0 Z
b0 R
01
0-
b0 M
b100010010 h
b100100 &
b100100 T
b100100 x
b100100 !"
b110111 (
b110111 U
b110111 y
b110111 ~
b1001110 *
b1001110 V
b1001110 z
b1001110 }
b1101001 ,
b1101001 W
b1101001 {
b1101001 |
b100100 i
b100100 [
b100100 %
b100100 w
b110111 j
b110111 \
b110111 '
b110111 v
b1001110 k
b1001110 ]
b1001110 )
b1001110 u
b1101001 l
b1101001 ^
b1101001 +
b1101001 t
b100 !
b100 N
b100 g
b100 p
b101 "
b101 O
b101 f
b101 o
b110 #
b110 P
b110 e
b110 n
b111 $
b111 Q
b111 d
b111 m
14
#114400
04
b1000 ?
b1000 c
b1000 C
#114450
b11 3
b11 Z
b11 2
b11 Y
b101101 R
0S
11
1-
b1000 M
b101000010 h
b100101 &
b100101 T
b100101 x
b100101 !"
b1000010 (
b1000010 U
b1000010 y
b1000010 ~
b1011011 *
b1011011 V
b1011011 z
b1011011 }
b1111000 ,
b1111000 W
b1111000 {
b1111000 |
b101101 i
b101101 [
b101101 %
b101101 w
b1000010 j
b1000010 \
b1000010 '
b1000010 v
b1011011 k
b1011011 ]
b1011011 )
b1011011 u
b1111000 l
b1111000 ^
b1111000 +
b1111000 t
b101 !
b101 N
b101 g
b101 p
b110 "
b110 O
b110 f
b110 o
b111 #
b111 P
b111 e
b111 n
b1000 $
b1000 Q
b1000 d
b1000 m
14
#114500
04
b1001 ?
b1001 c
b1001 C
#114550
b0 2
b0 Y
b0 3
b0 Z
b0 R
01
0-
b0 M
b101110010 h
b110110 &
b110110 T
b110110 x
b110110 !"
b1001101 (
b1001101 U
b1001101 y
b1001101 ~
b1101000 *
b1101000 V
b1101000 z
b1101000 }
b10000111 ,
b10000111 W
b10000111 {
b10000111 |
b110110 i
b110110 [
b110110 %
b110110 w
b1001101 j
b1001101 \
b1001101 '
b1001101 v
b1101000 k
b1101000 ]
b1101000 )
b1101000 u
b10000111 l
b10000111 ^
b10000111 +
b10000111 t
b110 !
b110 N
b110 g
b110 p
b111 "
b111 O
b111 f
b111 o
b1000 #
b1000 P
b1000 e
b1000 n
b1001 $
b1001 Q
b1001 d
b1001 m
14
#114600
04
b1010 ?
b1010 c
b1010 C
#114650
b11 3
b11 Z
b11 2
b11 Y
b111111 R
0S
11
1-
b1000 M
b110100010 h
b110111 &
b110111 T
b110111 x
b110111 !"
b1011000 (
b1011000 U
b1011000 y
b1011000 ~
b1110101 *
b1110101 V
b1110101 z
b1110101 }
b10010110 ,
b10010110 W
b10010110 {
b10010110 |
b111111 i
b111111 [
b111111 %
b111111 w
b1011000 j
b1011000 \
b1011000 '
b1011000 v
b1110101 k
b1110101 ]
b1110101 )
b1110101 u
b10010110 l
b10010110 ^
b10010110 +
b10010110 t
b111 !
b111 N
b111 g
b111 p
b1000 "
b1000 O
b1000 f
b1000 o
b1001 #
b1001 P
b1001 e
b1001 n
b1010 $
b1010 Q
b1010 d
b1010 m
14
#114700
04
b1011 ?
b1011 c
b1011 C
#114750
b1001000 R
b111010010 h
b1000000 &
b1000000 T
b1000000 x
b1000000 !"
b1100011 (
b1100011 U
b1100011 y
b1100011 ~
b10000010 *
b10000010 V
b10000010 z
b10000010 }
b10100101 ,
b10100101 W
b10100101 {
b10100101 |
b1001000 i
b1001000 [
b1001000 %
b1001000 w
b1100011 j
b1100011 \
b1100011 '
b1100011 v
b10000010 k
b10000010 ]
b10000010 )
b10000010 u
b10100101 l
b10100101 ^
b10100101 +
b10100101 t
b1000 !
b1000 N
b1000 g
b1000 p
b1001 "
b1001 O
b1001 f
b1001 o
b1010 #
b1010 P
b1010 e
b1010 n
b1011 $
b1011 Q
b1011 d
b1011 m
14
#114800
04
b1100 ?
b1100 c
b1100 C
#114850
b0 2
b0 Y
b0 3
b0 Z
b0 R
01
0-
b0 M
b1000000010 h
b1010001 &
b1010001 T
b1010001 x
b1010001 !"
b1101110 (
b1101110 U
b1101110 y
b1101110 ~
b10001111 *
b10001111 V
b10001111 z
b10001111 }
b10110100 ,
b10110100 W
b10110100 {
b10110100 |
b1010001 i
b1010001 [
b1010001 %
b1010001 w
b1101110 j
b1101110 \
b1101110 '
b1101110 v
b10001111 k
b10001111 ]
b10001111 )
b10001111 u
b10110100 l
b10110100 ^
b10110100 +
b10110100 t
b1001 !
b1001 N
b1001 g
b1001 p
b1010 "
b1010 O
b1010 f
b1010 o
b1011 #
b1011 P
b1011 e
b1011 n
b1100 $
b1100 Q
b1100 d
b1100 m
14
#114900
04
b1101 ?
b1101 c
b1101 C
#114950
b11 3
b11 Z
b11 2
b11 Y
b1011010 R
11
1-
b1000 M
b1000110010 h
b1010010 &
b1010010 T
b1010010 x
b1010010 !"
b1111001 (
b1111001 U
b1111001 y
b1111001 ~
b10011100 *
b10011100 V
b10011100 z
b10011100 }
b11000011 ,
b11000011 W
b11000011 {
b11000011 |
b1011010 i
b1011010 [
b1011010 %
b1011010 w
b1111001 j
b1111001 \
b1111001 '
b1111001 v
b10011100 k
b10011100 ]
b10011100 )
b10011100 u
b11000011 l
b11000011 ^
b11000011 +
b11000011 t
b1010 !
b1010 N
b1010 g
b1010 p
b1011 "
b1011 O
b1011 f
b1011 o
b1100 #
b1100 P
b1100 e
b1100 n
b1101 $
b1101 Q
b1101 d
b1101 m
14
#115000
04
b1110 ?
b1110 c
b1110 C
#115050
b0 2
b0 Y
b0 3
b0 Z
b0 R
01
0-
b0 M
b1001100010 h
b1100011 &
b1100011 T
b1100011 x
b1100011 !"
b10000100 (
b10000100 U
b10000100 y
b10000100 ~
b10101001 *
b10101001 V
b10101001 z
b10101001 }
b11010010 ,
b11010010 W
b11010010 {
b11010010 |
b1100011 i
b1100011 [
b1100011 %
b1100011 w
b10000100 j
b10000100 \
b10000100 '
b10000100 v
b10101001 k
b10101001 ]
b10101001 )
b10101001 u
b11010010 l
b11010010 ^
b11010010 +
b11010010 t
b1011 !
b1011 N
b1011 g
b1011 p
b1100 "
b1100 O
b1100 f
b1100 o
b1101 #
b1101 P
b1101 e
b1101 n
b1110 $
b1110 Q
b1110 d
b1110 m
14
#115100
04
b1111 ?
b1111 c
b1111 C
#115150
b11 3
b11 Z
b11 2
b11 Y
b1101100 R
11
1-
b1000 M
b1010010010 h
b1100100 &
b1100100 T
b1100100 x
b1100100 !"
b10001111 (
b10001111 U
b10001111 y
b10001111 ~
b10110110 *
b10110110 V
b10110110 z
b10110110 }
b11100001 ,
b11100001 W
b11100001 {
b11100001 |
b1101100 i
b1101100 [
b1101100 %
b1101100 w
b10001111 j
b10001111 \
b10001111 '
b10001111 v
b10110110 k
b10110110 ]
b10110110 )
b10110110 u
b11100001 l
b11100001 ^
b11100001 +
b11100001 t
b1100 !
b1100 N
b1100 g
b1100 p
b1101 "
b1101 O
b1101 f
b1101 o
b1110 #
b1110 P
b1110 e
b1110 n
b1111 $
b1111 Q
b1111 d
b1111 m
14
#115200
04
b10000 C
#115250
b0 2
b0 Y
b0 3
b0 Z
b0 R
01
0-
b0 M
b1010110011 h
b1110101 &
b1110101 T
b1110101 x
b1110101 !"
b10011010 (
b10011010 U
b10011010 y
b10011010 ~
b11000011 *
b11000011 V
b11000011 z
b11000011 }
b1110101 i
b1110101 [
b1110101 %
b1110101 w
b10011010 j
b10011010 \
b10011010 '
b10011010 v
b11000011 k
b11000011 ]
b11000011 )
b11000011 u
b1101 !
b1101 N
b1101 g
b1101 p
b1110 "
b1110 O
b1110 f
b1110 o
b1111 #
b1111 P
b1111 e
b1111 n
14
#115300
04
#115350
b11 3
b11 Z
b11 2
b11 Y
b1111110 R
11
1-
b1000 M
b1011000111 h
b1110110 &
b1110110 T
b1110110 x
b1110110 !"
b10100101 (
b10100101 U
b10100101 y
b10100101 ~
b1111110 i
b1111110 [
b1111110 %
b1111110 w
b10100101 j
b10100101 \
b10100101 '
b10100101 v
b1110 !
b1110 N
b1110 g
b1110 p
b1111 "
b1111 O
b1111 f
b1111 o
14
#115400
04
#115450
b0 2
b0 Y
b0 3
b0 Z
b0 R
01
b1011010000 h
0-
b0 M
b10000111 &
b10000111 T
b10000111 x
b10000111 !"
b10000111 i
b10000111 [
b10000111 %
b10000111 w
b1111 !
b1111 N
b1111 g
b1111 p
14
#115500
04
#115550
14
#115600
1X
b11 3
b11 Z
b11 2
b11 Y
b10000111 R
1S
11
1-
b1000 M
b10001111 &
b10001111 T
b10001111 x
b10001111 !"
04
b0 ?
b0 c
1>
0=
07
b10 $"
b10 8
b10 s
b110111 E
b110111 A
b110111 B
#115650
b0 R
b0 h
b1000 &
b1000 T
b1000 x
b1000 !"
b0 (
b0 U
b0 y
b0 ~
b0 *
b0 V
b0 z
b0 }
b0 ,
b0 W
b0 {
b0 |
b0 i
b0 [
b0 %
b0 w
b0 j
b0 \
b0 '
b0 v
b0 k
b0 ]
b0 )
b0 u
b0 l
b0 ^
b0 +
b0 t
b0 !
b0 N
b0 g
b0 p
b0 "
b0 O
b0 f
b0 o
b0 #
b0 P
b0 e
b0 n
b0 $
b0 Q
b0 d
b0 m
14
#115700
04
b0 C
0>
#115750
14
#115800
04
b1 ?
b1 c
b1 C
1=
17
#115850
b1111 h
b1000 &
b1000 T
b1000 x
b1000 !"
b1111 ,
b1111 W
b1111 {
b1111 |
b1111 l
b1111 ^
b1111 +
b1111 t
b1 $
b1 Q
b1 d
b1 m
14
#115900
04
b10 ?
b10 c
b10 C
#115950
b101011 h
b1000 &
b1000 T
b1000 x
b1000 !"
b1101 *
b1101 V
b1101 z
b1101 }
b11110 ,
b11110 W
b11110 {
b11110 |
b1101 k
b1101 ]
b1101 )
b1101 u
b11110 l
b11110 ^
b11110 +
b11110 t
b1 #
b1 P
b1 e
b1 n
b10 $
b10 Q
b10 d
b10 m
14
#116000
04
b11 ?
b11 c
b11 C
#116050
b1010010 h
b1000 &
b1000 T
b1000 x
b1000 !"
b1011 (
b1011 U
b1011 y
b1011 ~
b11010 *
b11010 V
b11010 z
b11010 }
b101101 ,
b101101 W
b101101 {
b101101 |
b1011 j
b1011 \
b1011 '
b1011 v
b11010 k
b11010 ]
b11010 )
b11010 u
b101101 l
b101101 ^
b101101 +
b101101 t
b1 "
b1 O
b1 f
b1 o
b10 #
b10 P
b10 e
b10 n
b11 $
b11 Q
b11 d
b11 m
14
#116100
04
b100 ?
b100 c
b100 C
#116150
b0 2
b0 Y
b0 3
b0 Z
0S
0X
01
0-
b0 M
b10000010 h
b1001 &
b1001 T
b1001 x
b1001 !"
b10110 (
b10110 U
b10110 y
b10110 ~
b100111 *
b100111 V
b100111 z
b100111 }
b111100 ,
b111100 W
b111100 {
b111100 |
b1001 i
b1001 [
b1001 %
b1001 w
b10110 j
b10110 \
b10110 '
b10110 v
b100111 k
b100111 ]
b100111 )
b100111 u
b111100 l
b111100 ^
b111100 +
b111100 t
b1 !
b1 N
b1 g
b1 p
b10 "
b10 O
b10 f
b10 o
b11 #
b11 P
b11 e
b11 n
b100 $
b100 Q
b100 d
b100 m
14
#116200
04
b101 ?
b101 c
b101 C
#116250
1X
1S
b11 3
b11 Z
b11 2
b11 Y
b10010 R
11
1-
b1000 M
b10110010 h
b11010 &
b11010 T
b11010 x
b11010 !"
b100001 (
b100001 U
b100001 y
b100001 ~
b110100 *
b110100 V
b110100 z
b110100 }
b1001011 ,
b1001011 W
b1001011 {
b1001011 |
b10010 i
b10010 [
b10010 %
b10010 w
b100001 j
b100001 \
b100001 '
b100001 v
b110100 k
b110100 ]
b110100 )
b110100 u
b1001011 l
b1001011 ^
b1001011 +
b1001011 t
b10 !
b10 N
b10 g
b10 p
b11 "
b11 O
b11 f
b11 o
b100 #
b100 P
b100 e
b100 n
b101 $
b101 Q
b101 d
b101 m
14
#116300
04
b110 ?
b110 c
b110 C
#116350
b0 2
b0 Y
b0 3
b0 Z
0S
b0 R
0X
01
0-
b0 M
b11100010 h
b11011 &
b11011 T
b11011 x
b11011 !"
b101100 (
b101100 U
b101100 y
b101100 ~
b1000001 *
b1000001 V
b1000001 z
b1000001 }
b1011010 ,
b1011010 W
b1011010 {
b1011010 |
b11011 i
b11011 [
b11011 %
b11011 w
b101100 j
b101100 \
b101100 '
b101100 v
b1000001 k
b1000001 ]
b1000001 )
b1000001 u
b1011010 l
b1011010 ^
b1011010 +
b1011010 t
b11 !
b11 N
b11 g
b11 p
b100 "
b100 O
b100 f
b100 o
b101 #
b101 P
b101 e
b101 n
b110 $
b110 Q
b110 d
b110 m
14
#116400
04
b111 ?
b111 c
b111 C
#116450
1X
1S
b11 3
b11 Z
b11 2
b11 Y
b100100 R
11
1-
b1000 M
b100010010 h
b101100 &
b101100 T
b101100 x
b101100 !"
b110111 (
b110111 U
b110111 y
b110111 ~
b1001110 *
b1001110 V
b1001110 z
b1001110 }
b1101001 ,
b1101001 W
b1101001 {
b1101001 |
b100100 i
b100100 [
b100100 %
b100100 w
b110111 j
b110111 \
b110111 '
b110111 v
b1001110 k
b1001110 ]
b1001110 )
b1001110 u
b1101001 l
b1101001 ^
b1101001 +
b1101001 t
b100 !
b100 N
b100 g
b100 p
b101 "
b101 O
b101 f
b101 o
b110 #
b110 P
b110 e
b110 n
b111 $
b111 Q
b111 d
b111 m
14
#116500
04
b1000 ?
b1000 c
b1000 C
#116550
b0 2
b0 Y
b0 3
b0 Z
0S
b0 R
0X
01
0-
b0 M
b101000010 h
b101101 &
b101101 T
b101101 x
b101101 !"
b1000010 (
b1000010 U
b1000010 y
b1000010 ~
b1011011 *
b1011011 V
b1011011 z
b1011011 }
b1111000 ,
b1111000 W
b1111000 {
b1111000 |
b101101 i
b101101 [
b101101 %
b101101 w
b1000010 j
b1000010 \
b1000010 '
b1000010 v
b1011011 k
b1011011 ]
b1011011 )
b1011011 u
b1111000 l
b1111000 ^
b1111000 +
b1111000 t
b101 !
b101 N
b101 g
b101 p
b110 "
b110 O
b110 f
b110 o
b111 #
b111 P
b111 e
b111 n
b1000 $
b1000 Q
b1000 d
b1000 m
14
#116600
04
b1001 ?
b1001 c
b1001 C
#116650
1X
1S
b11 3
b11 Z
b11 2
b11 Y
b110110 R
11
1-
b1000 M
b101110010 h
b111110 &
b111110 T
b111110 x
b111110 !"
b1001101 (
b1001101 U
b1001101 y
b1001101 ~
b1101000 *
b1101000 V
b1101000 z
b1101000 }
b10000111 ,
b10000111 W
b10000111 {
b10000111 |
b110110 i
b110110 [
b110110 %
b110110 w
b1001101 j
b1001101 \
b1001101 '
b1001101 v
b1101000 k
b1101000 ]
b1101000 )
b1101000 u
b10000111 l
b10000111 ^
b10000111 +
b10000111 t
b110 !
b110 N
b110 g
b110 p
b111 "
b111 O
b111 f
b111 o
b1000 #
b1000 P
b1000 e
b1000 n
b1001 $
b1001 Q
b1001 d
b1001 m
14
#116700
04
b1010 ?
b1010 c
b1010 C
#116750
b0 2
b0 Y
b0 3
b0 Z
0S
b0 R
0X
01
0-
b0 M
b110100010 h
b111111 &
b111111 T
b111111 x
b111111 !"
b1011000 (
b1011000 U
b1011000 y
b1011000 ~
b1110101 *
b1110101 V
b1110101 z
b1110101 }
b10010110 ,
b10010110 W
b10010110 {
b10010110 |
b111111 i
b111111 [
b111111 %
b111111 w
b1011000 j
b1011000 \
b1011000 '
b1011000 v
b1110101 k
b1110101 ]
b1110101 )
b1110101 u
b10010110 l
b10010110 ^
b10010110 +
b10010110 t
b111 !
b111 N
b111 g
b111 p
b1000 "
b1000 O
b1000 f
b1000 o
b1001 #
b1001 P
b1001 e
b1001 n
b1010 $
b1010 Q
b1010 d
b1010 m
14
#116800
04
b1011 ?
b1011 c
b1011 C
#116850
b111010010 h
b1001000 &
b1001000 T
b1001000 x
b1001000 !"
b1100011 (
b1100011 U
b1100011 y
b1100011 ~
b10000010 *
b10000010 V
b10000010 z
b10000010 }
b10100101 ,
b10100101 W
b10100101 {
b10100101 |
b1001000 i
b1001000 [
b1001000 %
b1001000 w
b1100011 j
b1100011 \
b1100011 '
b1100011 v
b10000010 k
b10000010 ]
b10000010 )
b10000010 u
b10100101 l
b10100101 ^
b10100101 +
b10100101 t
b1000 !
b1000 N
b1000 g
b1000 p
b1001 "
b1001 O
b1001 f
b1001 o
b1010 #
b1010 P
b1010 e
b1010 n
b1011 $
b1011 Q
b1011 d
b1011 m
14
#116900
04
b1100 ?
b1100 c
b1100 C
#116950
1X
b11 3
b11 Z
b11 2
b11 Y
b1010001 R
1S
11
1-
b1000 M
b1000000010 h
b1011001 &
b1011001 T
b1011001 x
b1011001 !"
b1101110 (
b1101110 U
b1101110 y
b1101110 ~
b10001111 *
b10001111 V
b10001111 z
b10001111 }
b10110100 ,
b10110100 W
b10110100 {
b10110100 |
b1010001 i
b1010001 [
b1010001 %
b1010001 w
b1101110 j
b1101110 \
b1101110 '
b1101110 v
b10001111 k
b10001111 ]
b10001111 )
b10001111 u
b10110100 l
b10110100 ^
b10110100 +
b10110100 t
b1001 !
b1001 N
b1001 g
b1001 p
b1010 "
b1010 O
b1010 f
b1010 o
b1011 #
b1011 P
b1011 e
b1011 n
b1100 $
b1100 Q
b1100 d
b1100 m
14
#117000
04
b1101 ?
b1101 c
b1101 C
#117050
b0 2
b0 Y
b0 3
b0 Z
0S
b0 R
0X
01
0-
b0 M
b1000110010 h
b1011010 &
b1011010 T
b1011010 x
b1011010 !"
b1111001 (
b1111001 U
b1111001 y
b1111001 ~
b10011100 *
b10011100 V
b10011100 z
b10011100 }
b11000011 ,
b11000011 W
b11000011 {
b11000011 |
b1011010 i
b1011010 [
b1011010 %
b1011010 w
b1111001 j
b1111001 \
b1111001 '
b1111001 v
b10011100 k
b10011100 ]
b10011100 )
b10011100 u
b11000011 l
b11000011 ^
b11000011 +
b11000011 t
b1010 !
b1010 N
b1010 g
b1010 p
b1011 "
b1011 O
b1011 f
b1011 o
b1100 #
b1100 P
b1100 e
b1100 n
b1101 $
b1101 Q
b1101 d
b1101 m
14
#117100
04
b1110 ?
b1110 c
b1110 C
#117150
1X
b11 3
b11 Z
b11 2
b11 Y
b1100011 R
1S
11
1-
b1000 M
b1001100010 h
b1101011 &
b1101011 T
b1101011 x
b1101011 !"
b10000100 (
b10000100 U
b10000100 y
b10000100 ~
b10101001 *
b10101001 V
b10101001 z
b10101001 }
b11010010 ,
b11010010 W
b11010010 {
b11010010 |
b1100011 i
b1100011 [
b1100011 %
b1100011 w
b10000100 j
b10000100 \
b10000100 '
b10000100 v
b10101001 k
b10101001 ]
b10101001 )
b10101001 u
b11010010 l
b11010010 ^
b11010010 +
b11010010 t
b1011 !
b1011 N
b1011 g
b1011 p
b1100 "
b1100 O
b1100 f
b1100 o
b1101 #
b1101 P
b1101 e
b1101 n
b1110 $
b1110 Q
b1110 d
b1110 m
14
#117200
04
b1111 ?
b1111 c
b1111 C
#117250
b0 2
b0 Y
b0 3
b0 Z
0S
b0 R
0X
01
0-
b0 M
b1010010010 h
b1101100 &
b1101100 T
b1101100 x
b1101100 !"
b10001111 (
b10001111 U
b10001111 y
b10001111 ~
b10110110 *
b10110110 V
b10110110 z
b10110110 }
b11100001 ,
b11100001 W
b11100001 {
b11100001 |
b1101100 i
b1101100 [
b1101100 %
b1101100 w
b10001111 j
b10001111 \
b10001111 '
b10001111 v
b10110110 k
b10110110 ]
b10110110 )
b10110110 u
b11100001 l
b11100001 ^
b11100001 +
b11100001 t
b1100 !
b1100 N
b1100 g
b1100 p
b1101 "
b1101 O
b1101 f
b1101 o
b1110 #
b1110 P
b1110 e
b1110 n
b1111 $
b1111 Q
b1111 d
b1111 m
14
#117300
04
b10000 C
#117350
1X
b11 3
b11 Z
b11 2
b11 Y
b1110101 R
1S
11
1-
b1000 M
b1010110011 h
b1111101 &
b1111101 T
b1111101 x
b1111101 !"
b10011010 (
b10011010 U
b10011010 y
b10011010 ~
b11000011 *
b11000011 V
b11000011 z
b11000011 }
b1110101 i
b1110101 [
b1110101 %
b1110101 w
b10011010 j
b10011010 \
b10011010 '
b10011010 v
b11000011 k
b11000011 ]
b11000011 )
b11000011 u
b1101 !
b1101 N
b1101 g
b1101 p
b1110 "
b1110 O
b1110 f
b1110 o
b1111 #
b1111 P
b1111 e
b1111 n
14
#117400
04
#117450
b0 2
b0 Y
b0 3
b0 Z
0S
b0 R
0X
01
0-
b0 M
b1011000111 h
b1111110 &
b1111110 T
b1111110 x
b1111110 !"
b10100101 (
b10100101 U
b10100101 y
b10100101 ~
b1111110 i
b1111110 [
b1111110 %
b1111110 w
b10100101 j
b10100101 \
b10100101 '
b10100101 v
b1110 !
b1110 N
b1110 g
b1110 p
b1111 "
b1111 O
b1111 f
b1111 o
14
#117500
04
#117550
1X
b11 3
b11 Z
b11 2
b11 Y
b10000111 R
1S
11
b1011010000 h
1-
b1000 M
b10001111 &
b10001111 T
b10001111 x
b10001111 !"
b10000111 i
b10000111 [
b10000111 %
b10000111 w
b1111 !
b1111 N
b1111 g
b1111 p
14
#117600
04
#117650
14
#117700
b0 2
b0 Y
b0 3
b0 Z
b0 R
0S
0X
01
0-
b0 M
b10000111 &
b10000111 T
b10000111 x
b10000111 !"
04
b0 ?
b0 c
1>
0=
07
b100 5
b100 q
b1 $"
b100 ""
b100 @
b1 8
b1 s
b111000 E
b111000 A
b111000 B
#117750
b0 h
b0 &
b0 T
b0 x
b0 !"
b0 (
b0 U
b0 y
b0 ~
b0 *
b0 V
b0 z
b0 }
b0 ,
b0 W
b0 {
b0 |
b0 i
b0 [
b0 %
b0 w
b0 j
b0 \
b0 '
b0 v
b0 k
b0 ]
b0 )
b0 u
b0 l
b0 ^
b0 +
b0 t
b0 !
b0 N
b0 g
b0 p
b0 "
b0 O
b0 f
b0 o
b0 #
b0 P
b0 e
b0 n
b0 $
b0 Q
b0 d
b0 m
14
#117800
04
b0 C
0>
#117850
14
#117900
04
b1 ?
b1 c
b1 C
#117950
b1111 h
b1111 ,
b1111 W
b1111 {
b1111 |
b1111 l
b1111 ^
b1111 +
b1111 t
b1 $
b1 Q
b1 d
b1 m
14
#118000
04
b10 ?
b10 c
b10 C
#118050
b101011 h
b1101 *
b1101 V
b1101 z
b1101 }
b11110 ,
b11110 W
b11110 {
b11110 |
b1101 k
b1101 ]
b1101 )
b1101 u
b11110 l
b11110 ^
b11110 +
b11110 t
b1 #
b1 P
b1 e
b1 n
b10 $
b10 Q
b10 d
b10 m
14
#118100
04
b11 ?
b11 c
b11 C
#118150
b1010010 h
b1011 (
b1011 U
b1011 y
b1011 ~
b11010 *
b11010 V
b11010 z
b11010 }
b101101 ,
b101101 W
b101101 {
b101101 |
b1011 j
b1011 \
b1011 '
b1011 v
b11010 k
b11010 ]
b11010 )
b11010 u
b101101 l
b101101 ^
b101101 +
b101101 t
b1 "
b1 O
b1 f
b1 o
b10 #
b10 P
b10 e
b10 n
b11 $
b11 Q
b11 d
b11 m
14
#118200
04
b100 ?
b100 c
b100 C
#118250
b10000010 h
b1001 &
b1001 T
b1001 x
b1001 !"
b10110 (
b10110 U
b10110 y
b10110 ~
b100111 *
b100111 V
b100111 z
b100111 }
b111100 ,
b111100 W
b111100 {
b111100 |
b1001 i
b1001 [
b1001 %
b1001 w
b10110 j
b10110 \
b10110 '
b10110 v
b100111 k
b100111 ]
b100111 )
b100111 u
b111100 l
b111100 ^
b111100 +
b111100 t
b1 !
b1 N
b1 g
b1 p
b10 "
b10 O
b10 f
b10 o
b11 #
b11 P
b11 e
b11 n
b100 $
b100 Q
b100 d
b100 m
14
#118300
04
b101 ?
b101 c
b101 C
#118350
b100 3
b100 Z
b11 2
b11 Y
b10010 R
11
1-
b10000 M
b10110010 h
b10 &
b10 T
b10 x
b10 !"
b100001 (
b100001 U
b100001 y
b100001 ~
b110100 *
b110100 V
b110100 z
b110100 }
b1001011 ,
b1001011 W
b1001011 {
b1001011 |
b10010 i
b10010 [
b10010 %
b10010 w
b100001 j
b100001 \
b100001 '
b100001 v
b110100 k
b110100 ]
b110100 )
b110100 u
b1001011 l
b1001011 ^
b1001011 +
b1001011 t
b10 !
b10 N
b10 g
b10 p
b11 "
b11 O
b11 f
b11 o
b100 #
b100 P
b100 e
b100 n
b101 $
b101 Q
b101 d
b101 m
14
#118400
04
b110 ?
b110 c
b110 C
1=
17
#118450
b11011 R
b11100010 h
b1011 &
b1011 T
b1011 x
b1011 !"
b101100 (
b101100 U
b101100 y
b101100 ~
b1000001 *
b1000001 V
b1000001 z
b1000001 }
b1011010 ,
b1011010 W
b1011010 {
b1011010 |
b11011 i
b11011 [
b11011 %
b11011 w
b101100 j
b101100 \
b101100 '
b101100 v
b1000001 k
b1000001 ]
b1000001 )
b1000001 u
b1011010 l
b1011010 ^
b1011010 +
b1011010 t
b11 !
b11 N
b11 g
b11 p
b100 "
b100 O
b100 f
b100 o
b101 #
b101 P
b101 e
b101 n
b110 $
b110 Q
b110 d
b110 m
14
#118500
04
b111 ?
b111 c
b111 C
#118550
b0 2
b0 Y
b0 3
b0 Z
b0 R
01
0-
b0 M
b100010010 h
b100100 &
b100100 T
b100100 x
b100100 !"
b110111 (
b110111 U
b110111 y
b110111 ~
b1001110 *
b1001110 V
b1001110 z
b1001110 }
b1101001 ,
b1101001 W
b1101001 {
b1101001 |
b100100 i
b100100 [
b100100 %
b100100 w
b110111 j
b110111 \
b110111 '
b110111 v
b1001110 k
b1001110 ]
b1001110 )
b1001110 u
b1101001 l
b1101001 ^
b1101001 +
b1101001 t
b100 !
b100 N
b100 g
b100 p
b101 "
b101 O
b101 f
b101 o
b110 #
b110 P
b110 e
b110 n
b111 $
b111 Q
b111 d
b111 m
14
#118600
04
b1000 ?
b1000 c
b1000 C
#118650
b101000010 h
b101101 &
b101101 T
b101101 x
b101101 !"
b1000010 (
b1000010 U
b1000010 y
b1000010 ~
b1011011 *
b1011011 V
b1011011 z
b1011011 }
b1111000 ,
b1111000 W
b1111000 {
b1111000 |
b101101 i
b101101 [
b101101 %
b101101 w
b1000010 j
b1000010 \
b1000010 '
b1000010 v
b1011011 k
b1011011 ]
b1011011 )
b1011011 u
b1111000 l
b1111000 ^
b1111000 +
b1111000 t
b101 !
b101 N
b101 g
b101 p
b110 "
b110 O
b110 f
b110 o
b111 #
b111 P
b111 e
b111 n
b1000 $
b1000 Q
b1000 d
b1000 m
14
#118700
04
b1001 ?
b1001 c
b1001 C
#118750
b100 3
b100 Z
b11 2
b11 Y
b110110 R
11
1-
b10000 M
b101110010 h
b100110 &
b100110 T
b100110 x
b100110 !"
b1001101 (
b1001101 U
b1001101 y
b1001101 ~
b1101000 *
b1101000 V
b1101000 z
b1101000 }
b10000111 ,
b10000111 W
b10000111 {
b10000111 |
b110110 i
b110110 [
b110110 %
b110110 w
b1001101 j
b1001101 \
b1001101 '
b1001101 v
b1101000 k
b1101000 ]
b1101000 )
b1101000 u
b10000111 l
b10000111 ^
b10000111 +
b10000111 t
b110 !
b110 N
b110 g
b110 p
b111 "
b111 O
b111 f
b111 o
b1000 #
b1000 P
b1000 e
b1000 n
b1001 $
b1001 Q
b1001 d
b1001 m
14
#118800
04
b1010 ?
b1010 c
b1010 C
#118850
b111111 R
b110100010 h
b101111 &
b101111 T
b101111 x
b101111 !"
b1011000 (
b1011000 U
b1011000 y
b1011000 ~
b1110101 *
b1110101 V
b1110101 z
b1110101 }
b10010110 ,
b10010110 W
b10010110 {
b10010110 |
b111111 i
b111111 [
b111111 %
b111111 w
b1011000 j
b1011000 \
b1011000 '
b1011000 v
b1110101 k
b1110101 ]
b1110101 )
b1110101 u
b10010110 l
b10010110 ^
b10010110 +
b10010110 t
b111 !
b111 N
b111 g
b111 p
b1000 "
b1000 O
b1000 f
b1000 o
b1001 #
b1001 P
b1001 e
b1001 n
b1010 $
b1010 Q
b1010 d
b1010 m
14
#118900
04
b1011 ?
b1011 c
b1011 C
#118950
b0 2
b0 Y
b0 3
b0 Z
b0 R
01
0-
b0 M
b111010010 h
b1001000 &
b1001000 T
b1001000 x
b1001000 !"
b1100011 (
b1100011 U
b1100011 y
b1100011 ~
b10000010 *
b10000010 V
b10000010 z
b10000010 }
b10100101 ,
b10100101 W
b10100101 {
b10100101 |
b1001000 i
b1001000 [
b1001000 %
b1001000 w
b1100011 j
b1100011 \
b1100011 '
b1100011 v
b10000010 k
b10000010 ]
b10000010 )
b10000010 u
b10100101 l
b10100101 ^
b10100101 +
b10100101 t
b1000 !
b1000 N
b1000 g
b1000 p
b1001 "
b1001 O
b1001 f
b1001 o
b1010 #
b1010 P
b1010 e
b1010 n
b1011 $
b1011 Q
b1011 d
b1011 m
14
#119000
04
b1100 ?
b1100 c
b1100 C
#119050
b100 3
b100 Z
b11 2
b11 Y
b1010001 R
0S
11
1-
b10000 M
b1000000010 h
b1000001 &
b1000001 T
b1000001 x
b1000001 !"
b1101110 (
b1101110 U
b1101110 y
b1101110 ~
b10001111 *
b10001111 V
b10001111 z
b10001111 }
b10110100 ,
b10110100 W
b10110100 {
b10110100 |
b1010001 i
b1010001 [
b1010001 %
b1010001 w
b1101110 j
b1101110 \
b1101110 '
b1101110 v
b10001111 k
b10001111 ]
b10001111 )
b10001111 u
b10110100 l
b10110100 ^
b10110100 +
b10110100 t
b1001 !
b1001 N
b1001 g
b1001 p
b1010 "
b1010 O
b1010 f
b1010 o
b1011 #
b1011 P
b1011 e
b1011 n
b1100 $
b1100 Q
b1100 d
b1100 m
14
#119100
04
b1101 ?
b1101 c
b1101 C
#119150
b1011010 R
b1000110010 h
b1001010 &
b1001010 T
b1001010 x
b1001010 !"
b1111001 (
b1111001 U
b1111001 y
b1111001 ~
b10011100 *
b10011100 V
b10011100 z
b10011100 }
b11000011 ,
b11000011 W
b11000011 {
b11000011 |
b1011010 i
b1011010 [
b1011010 %
b1011010 w
b1111001 j
b1111001 \
b1111001 '
b1111001 v
b10011100 k
b10011100 ]
b10011100 )
b10011100 u
b11000011 l
b11000011 ^
b11000011 +
b11000011 t
b1010 !
b1010 N
b1010 g
b1010 p
b1011 "
b1011 O
b1011 f
b1011 o
b1100 #
b1100 P
b1100 e
b1100 n
b1101 $
b1101 Q
b1101 d
b1101 m
14
#119200
04
b1110 ?
b1110 c
b1110 C
#119250
b0 2
b0 Y
b0 3
b0 Z
b0 R
01
0-
b0 M
b1001100010 h
b1100011 &
b1100011 T
b1100011 x
b1100011 !"
b10000100 (
b10000100 U
b10000100 y
b10000100 ~
b10101001 *
b10101001 V
b10101001 z
b10101001 }
b11010010 ,
b11010010 W
b11010010 {
b11010010 |
b1100011 i
b1100011 [
b1100011 %
b1100011 w
b10000100 j
b10000100 \
b10000100 '
b10000100 v
b10101001 k
b10101001 ]
b10101001 )
b10101001 u
b11010010 l
b11010010 ^
b11010010 +
b11010010 t
b1011 !
b1011 N
b1011 g
b1011 p
b1100 "
b1100 O
b1100 f
b1100 o
b1101 #
b1101 P
b1101 e
b1101 n
b1110 $
b1110 Q
b1110 d
b1110 m
14
#119300
04
b1111 ?
b1111 c
b1111 C
#119350
b1010010010 h
b1101100 &
b1101100 T
b1101100 x
b1101100 !"
b10001111 (
b10001111 U
b10001111 y
b10001111 ~
b10110110 *
b10110110 V
b10110110 z
b10110110 }
b11100001 ,
b11100001 W
b11100001 {
b11100001 |
b1101100 i
b1101100 [
b1101100 %
b1101100 w
b10001111 j
b10001111 \
b10001111 '
b10001111 v
b10110110 k
b10110110 ]
b10110110 )
b10110110 u
b11100001 l
b11100001 ^
b11100001 +
b11100001 t
b1100 !
b1100 N
b1100 g
b1100 p
b1101 "
b1101 O
b1101 f
b1101 o
b1110 #
b1110 P
b1110 e
b1110 n
b1111 $
b1111 Q
b1111 d
b1111 m
14
#119400
04
b10000 C
#119450
b100 3
b100 Z
b11 2
b11 Y
b1110101 R
0S
11
1-
b10000 M
b1010110011 h
b1100101 &
b1100101 T
b1100101 x
b1100101 !"
b10011010 (
b10011010 U
b10011010 y
b10011010 ~
b11000011 *
b11000011 V
b11000011 z
b11000011 }
b1110101 i
b1110101 [
b1110101 %
b1110101 w
b10011010 j
b10011010 \
b10011010 '
b10011010 v
b11000011 k
b11000011 ]
b11000011 )
b11000011 u
b1101 !
b1101 N
b1101 g
b1101 p
b1110 "
b1110 O
b1110 f
b1110 o
b1111 #
b1111 P
b1111 e
b1111 n
14
#119500
04
#119550
b1111110 R
b1011000111 h
b1101110 &
b1101110 T
b1101110 x
b1101110 !"
b10100101 (
b10100101 U
b10100101 y
b10100101 ~
b1111110 i
b1111110 [
b1111110 %
b1111110 w
b10100101 j
b10100101 \
b10100101 '
b10100101 v
b1110 !
b1110 N
b1110 g
b1110 p
b1111 "
b1111 O
b1111 f
b1111 o
14
#119600
04
#119650
b0 2
b0 Y
b0 3
b0 Z
b0 R
01
b1011010000 h
0-
b0 M
b10000111 &
b10000111 T
b10000111 x
b10000111 !"
b10000111 i
b10000111 [
b10000111 %
b10000111 w
b1111 !
b1111 N
b1111 g
b1111 p
14
#119700
04
#119750
14
#119800
1X
b100 3
b100 Z
b11 2
b11 Y
b10000111 R
1S
11
1-
b10000 M
b10010111 &
b10010111 T
b10010111 x
b10010111 !"
04
b0 ?
b0 c
1>
0=
07
b10 $"
b10 8
b10 s
b111001 E
b111001 A
b111001 B
#119850
b0 R
b0 h
b10000 &
b10000 T
b10000 x
b10000 !"
b0 (
b0 U
b0 y
b0 ~
b0 *
b0 V
b0 z
b0 }
b0 ,
b0 W
b0 {
b0 |
b0 i
b0 [
b0 %
b0 w
b0 j
b0 \
b0 '
b0 v
b0 k
b0 ]
b0 )
b0 u
b0 l
b0 ^
b0 +
b0 t
b0 !
b0 N
b0 g
b0 p
b0 "
b0 O
b0 f
b0 o
b0 #
b0 P
b0 e
b0 n
b0 $
b0 Q
b0 d
b0 m
14
#119900
04
b0 C
0>
#119950
14
#120000
04
b1 ?
b1 c
b1 C
1=
17
#120050
b1111 h
b10000 &
b10000 T
b10000 x
b10000 !"
b1111 ,
b1111 W
b1111 {
b1111 |
b1111 l
b1111 ^
b1111 +
b1111 t
b1 $
b1 Q
b1 d
b1 m
14
#120100
04
b10 ?
b10 c
b10 C
#120150
b101011 h
b10000 &
b10000 T
b10000 x
b10000 !"
b1101 *
b1101 V
b1101 z
b1101 }
b11110 ,
b11110 W
b11110 {
b11110 |
b1101 k
b1101 ]
b1101 )
b1101 u
b11110 l
b11110 ^
b11110 +
b11110 t
b1 #
b1 P
b1 e
b1 n
b10 $
b10 Q
b10 d
b10 m
14
#120200
04
b11 ?
b11 c
b11 C
#120250
b1010010 h
b10000 &
b10000 T
b10000 x
b10000 !"
b1011 (
b1011 U
b1011 y
b1011 ~
b11010 *
b11010 V
b11010 z
b11010 }
b101101 ,
b101101 W
b101101 {
b101101 |
b1011 j
b1011 \
b1011 '
b1011 v
b11010 k
b11010 ]
b11010 )
b11010 u
b101101 l
b101101 ^
b101101 +
b101101 t
b1 "
b1 O
b1 f
b1 o
b10 #
b10 P
b10 e
b10 n
b11 $
b11 Q
b11 d
b11 m
14
#120300
04
b100 ?
b100 c
b100 C
#120350
b1001 R
b10000010 h
b11001 &
b11001 T
b11001 x
b11001 !"
b10110 (
b10110 U
b10110 y
b10110 ~
b100111 *
b100111 V
b100111 z
b100111 }
b111100 ,
b111100 W
b111100 {
b111100 |
b1001 i
b1001 [
b1001 %
b1001 w
b10110 j
b10110 \
b10110 '
b10110 v
b100111 k
b100111 ]
b100111 )
b100111 u
b111100 l
b111100 ^
b111100 +
b111100 t
b1 !
b1 N
b1 g
b1 p
b10 "
b10 O
b10 f
b10 o
b11 #
b11 P
b11 e
b11 n
b100 $
b100 Q
b100 d
b100 m
14
#120400
04
b101 ?
b101 c
b101 C
#120450
b0 2
b0 Y
b0 3
b0 Z
0S
b0 R
0X
01
0-
b0 M
b10110010 h
b10010 &
b10010 T
b10010 x
b10010 !"
b100001 (
b100001 U
b100001 y
b100001 ~
b110100 *
b110100 V
b110100 z
b110100 }
b1001011 ,
b1001011 W
b1001011 {
b1001011 |
b10010 i
b10010 [
b10010 %
b10010 w
b100001 j
b100001 \
b100001 '
b100001 v
b110100 k
b110100 ]
b110100 )
b110100 u
b1001011 l
b1001011 ^
b1001011 +
b1001011 t
b10 !
b10 N
b10 g
b10 p
b11 "
b11 O
b11 f
b11 o
b100 #
b100 P
b100 e
b100 n
b101 $
b101 Q
b101 d
b101 m
14
#120500
04
b110 ?
b110 c
b110 C
#120550
b11100010 h
b11011 &
b11011 T
b11011 x
b11011 !"
b101100 (
b101100 U
b101100 y
b101100 ~
b1000001 *
b1000001 V
b1000001 z
b1000001 }
b1011010 ,
b1011010 W
b1011010 {
b1011010 |
b11011 i
b11011 [
b11011 %
b11011 w
b101100 j
b101100 \
b101100 '
b101100 v
b1000001 k
b1000001 ]
b1000001 )
b1000001 u
b1011010 l
b1011010 ^
b1011010 +
b1011010 t
b11 !
b11 N
b11 g
b11 p
b100 "
b100 O
b100 f
b100 o
b101 #
b101 P
b101 e
b101 n
b110 $
b110 Q
b110 d
b110 m
14
#120600
04
b111 ?
b111 c
b111 C
#120650
1X
1S
b100 3
b100 Z
b11 2
b11 Y
b100100 R
11
1-
b10000 M
b100010010 h
b110100 &
b110100 T
b110100 x
b110100 !"
b110111 (
b110111 U
b110111 y
b110111 ~
b1001110 *
b1001110 V
b1001110 z
b1001110 }
b1101001 ,
b1101001 W
b1101001 {
b1101001 |
b100100 i
b100100 [
b100100 %
b100100 w
b110111 j
b110111 \
b110111 '
b110111 v
b1001110 k
b1001110 ]
b1001110 )
b1001110 u
b1101001 l
b1101001 ^
b1101001 +
b1101001 t
b100 !
b100 N
b100 g
b100 p
b101 "
b101 O
b101 f
b101 o
b110 #
b110 P
b110 e
b110 n
b111 $
b111 Q
b111 d
b111 m
14
#120700
04
b1000 ?
b1000 c
b1000 C
#120750
b101101 R
b101000010 h
b111101 &
b111101 T
b111101 x
b111101 !"
b1000010 (
b1000010 U
b1000010 y
b1000010 ~
b1011011 *
b1011011 V
b1011011 z
b1011011 }
b1111000 ,
b1111000 W
b1111000 {
b1111000 |
b101101 i
b101101 [
b101101 %
b101101 w
b1000010 j
b1000010 \
b1000010 '
b1000010 v
b1011011 k
b1011011 ]
b1011011 )
b1011011 u
b1111000 l
b1111000 ^
b1111000 +
b1111000 t
b101 !
b101 N
b101 g
b101 p
b110 "
b110 O
b110 f
b110 o
b111 #
b111 P
b111 e
b111 n
b1000 $
b1000 Q
b1000 d
b1000 m
14
#120800
04
b1001 ?
b1001 c
b1001 C
#120850
b0 2
b0 Y
b0 3
b0 Z
0S
b0 R
0X
01
0-
b0 M
b101110010 h
b110110 &
b110110 T
b110110 x
b110110 !"
b1001101 (
b1001101 U
b1001101 y
b1001101 ~
b1101000 *
b1101000 V
b1101000 z
b1101000 }
b10000111 ,
b10000111 W
b10000111 {
b10000111 |
b110110 i
b110110 [
b110110 %
b110110 w
b1001101 j
b1001101 \
b1001101 '
b1001101 v
b1101000 k
b1101000 ]
b1101000 )
b1101000 u
b10000111 l
b10000111 ^
b10000111 +
b10000111 t
b110 !
b110 N
b110 g
b110 p
b111 "
b111 O
b111 f
b111 o
b1000 #
b1000 P
b1000 e
b1000 n
b1001 $
b1001 Q
b1001 d
b1001 m
14
#120900
04
b1010 ?
b1010 c
b1010 C
#120950
b110100010 h
b111111 &
b111111 T
b111111 x
b111111 !"
b1011000 (
b1011000 U
b1011000 y
b1011000 ~
b1110101 *
b1110101 V
b1110101 z
b1110101 }
b10010110 ,
b10010110 W
b10010110 {
b10010110 |
b111111 i
b111111 [
b111111 %
b111111 w
b1011000 j
b1011000 \
b1011000 '
b1011000 v
b1110101 k
b1110101 ]
b1110101 )
b1110101 u
b10010110 l
b10010110 ^
b10010110 +
b10010110 t
b111 !
b111 N
b111 g
b111 p
b1000 "
b1000 O
b1000 f
b1000 o
b1001 #
b1001 P
b1001 e
b1001 n
b1010 $
b1010 Q
b1010 d
b1010 m
14
#121000
04
b1011 ?
b1011 c
b1011 C
#121050
1X
1S
b100 3
b100 Z
b11 2
b11 Y
b1001000 R
11
1-
b10000 M
b111010010 h
b1011000 &
b1011000 T
b1011000 x
b1011000 !"
b1100011 (
b1100011 U
b1100011 y
b1100011 ~
b10000010 *
b10000010 V
b10000010 z
b10000010 }
b10100101 ,
b10100101 W
b10100101 {
b10100101 |
b1001000 i
b1001000 [
b1001000 %
b1001000 w
b1100011 j
b1100011 \
b1100011 '
b1100011 v
b10000010 k
b10000010 ]
b10000010 )
b10000010 u
b10100101 l
b10100101 ^
b10100101 +
b10100101 t
b1000 !
b1000 N
b1000 g
b1000 p
b1001 "
b1001 O
b1001 f
b1001 o
b1010 #
b1010 P
b1010 e
b1010 n
b1011 $
b1011 Q
b1011 d
b1011 m
14
#121100
04
b1100 ?
b1100 c
b1100 C
#121150
b0 2
b0 Y
b0 3
b0 Z
0S
b0 R
0X
01
0-
b0 M
b1000000010 h
b1010001 &
b1010001 T
b1010001 x
b1010001 !"
b1101110 (
b1101110 U
b1101110 y
b1101110 ~
b10001111 *
b10001111 V
b10001111 z
b10001111 }
b10110100 ,
b10110100 W
b10110100 {
b10110100 |
b1010001 i
b1010001 [
b1010001 %
b1010001 w
b1101110 j
b1101110 \
b1101110 '
b1101110 v
b10001111 k
b10001111 ]
b10001111 )
b10001111 u
b10110100 l
b10110100 ^
b10110100 +
b10110100 t
b1001 !
b1001 N
b1001 g
b1001 p
b1010 "
b1010 O
b1010 f
b1010 o
b1011 #
b1011 P
b1011 e
b1011 n
b1100 $
b1100 Q
b1100 d
b1100 m
14
#121200
04
b1101 ?
b1101 c
b1101 C
#121250
b1000110010 h
b1011010 &
b1011010 T
b1011010 x
b1011010 !"
b1111001 (
b1111001 U
b1111001 y
b1111001 ~
b10011100 *
b10011100 V
b10011100 z
b10011100 }
b11000011 ,
b11000011 W
b11000011 {
b11000011 |
b1011010 i
b1011010 [
b1011010 %
b1011010 w
b1111001 j
b1111001 \
b1111001 '
b1111001 v
b10011100 k
b10011100 ]
b10011100 )
b10011100 u
b11000011 l
b11000011 ^
b11000011 +
b11000011 t
b1010 !
b1010 N
b1010 g
b1010 p
b1011 "
b1011 O
b1011 f
b1011 o
b1100 #
b1100 P
b1100 e
b1100 n
b1101 $
b1101 Q
b1101 d
b1101 m
14
#121300
04
b1110 ?
b1110 c
b1110 C
#121350
1X
b100 3
b100 Z
b11 2
b11 Y
b1100011 R
1S
11
1-
b10000 M
b1001100010 h
b1110011 &
b1110011 T
b1110011 x
b1110011 !"
b10000100 (
b10000100 U
b10000100 y
b10000100 ~
b10101001 *
b10101001 V
b10101001 z
b10101001 }
b11010010 ,
b11010010 W
b11010010 {
b11010010 |
b1100011 i
b1100011 [
b1100011 %
b1100011 w
b10000100 j
b10000100 \
b10000100 '
b10000100 v
b10101001 k
b10101001 ]
b10101001 )
b10101001 u
b11010010 l
b11010010 ^
b11010010 +
b11010010 t
b1011 !
b1011 N
b1011 g
b1011 p
b1100 "
b1100 O
b1100 f
b1100 o
b1101 #
b1101 P
b1101 e
b1101 n
b1110 $
b1110 Q
b1110 d
b1110 m
14
#121400
04
b1111 ?
b1111 c
b1111 C
#121450
b1101100 R
b1010010010 h
b1111100 &
b1111100 T
b1111100 x
b1111100 !"
b10001111 (
b10001111 U
b10001111 y
b10001111 ~
b10110110 *
b10110110 V
b10110110 z
b10110110 }
b11100001 ,
b11100001 W
b11100001 {
b11100001 |
b1101100 i
b1101100 [
b1101100 %
b1101100 w
b10001111 j
b10001111 \
b10001111 '
b10001111 v
b10110110 k
b10110110 ]
b10110110 )
b10110110 u
b11100001 l
b11100001 ^
b11100001 +
b11100001 t
b1100 !
b1100 N
b1100 g
b1100 p
b1101 "
b1101 O
b1101 f
b1101 o
b1110 #
b1110 P
b1110 e
b1110 n
b1111 $
b1111 Q
b1111 d
b1111 m
14
#121500
04
b10000 C
#121550
b0 2
b0 Y
b0 3
b0 Z
0S
b0 R
0X
01
0-
b0 M
b1010110011 h
b1110101 &
b1110101 T
b1110101 x
b1110101 !"
b10011010 (
b10011010 U
b10011010 y
b10011010 ~
b11000011 *
b11000011 V
b11000011 z
b11000011 }
b1110101 i
b1110101 [
b1110101 %
b1110101 w
b10011010 j
b10011010 \
b10011010 '
b10011010 v
b11000011 k
b11000011 ]
b11000011 )
b11000011 u
b1101 !
b1101 N
b1101 g
b1101 p
b1110 "
b1110 O
b1110 f
b1110 o
b1111 #
b1111 P
b1111 e
b1111 n
14
#121600
04
#121650
b1011000111 h
b1111110 &
b1111110 T
b1111110 x
b1111110 !"
b10100101 (
b10100101 U
b10100101 y
b10100101 ~
b1111110 i
b1111110 [
b1111110 %
b1111110 w
b10100101 j
b10100101 \
b10100101 '
b10100101 v
b1110 !
b1110 N
b1110 g
b1110 p
b1111 "
b1111 O
b1111 f
b1111 o
14
#121700
04
#121750
1X
b100 3
b100 Z
b11 2
b11 Y
b10000111 R
1S
11
b1011010000 h
1-
b10000 M
b10010111 &
b10010111 T
b10010111 x
b10010111 !"
b10000111 i
b10000111 [
b10000111 %
b10000111 w
b1111 !
b1111 N
b1111 g
b1111 p
14
#121800
04
#121850
14
#121900
b0 2
b0 Y
b0 3
b0 Z
b0 R
0S
0X
01
0-
b0 M
b10000111 &
b10000111 T
b10000111 x
b10000111 !"
04
b0 ?
b0 c
1>
0=
07
b101 5
b101 q
b1 $"
b101 ""
b101 @
b1 8
b1 s
b111010 E
b111010 A
b111010 B
#121950
b0 h
b0 &
b0 T
b0 x
b0 !"
b0 (
b0 U
b0 y
b0 ~
b0 *
b0 V
b0 z
b0 }
b0 ,
b0 W
b0 {
b0 |
b0 i
b0 [
b0 %
b0 w
b0 j
b0 \
b0 '
b0 v
b0 k
b0 ]
b0 )
b0 u
b0 l
b0 ^
b0 +
b0 t
b0 !
b0 N
b0 g
b0 p
b0 "
b0 O
b0 f
b0 o
b0 #
b0 P
b0 e
b0 n
b0 $
b0 Q
b0 d
b0 m
14
#122000
04
b0 C
0>
#122050
14
#122100
04
b1 ?
b1 c
b1 C
#122150
b1111 h
b1111 ,
b1111 W
b1111 {
b1111 |
b1111 l
b1111 ^
b1111 +
b1111 t
b1 $
b1 Q
b1 d
b1 m
14
#122200
04
b10 ?
b10 c
b10 C
#122250
b101011 h
b1101 *
b1101 V
b1101 z
b1101 }
b11110 ,
b11110 W
b11110 {
b11110 |
b1101 k
b1101 ]
b1101 )
b1101 u
b11110 l
b11110 ^
b11110 +
b11110 t
b1 #
b1 P
b1 e
b1 n
b10 $
b10 Q
b10 d
b10 m
14
#122300
04
b11 ?
b11 c
b11 C
#122350
b1010010 h
b1011 (
b1011 U
b1011 y
b1011 ~
b11010 *
b11010 V
b11010 z
b11010 }
b101101 ,
b101101 W
b101101 {
b101101 |
b1011 j
b1011 \
b1011 '
b1011 v
b11010 k
b11010 ]
b11010 )
b11010 u
b101101 l
b101101 ^
b101101 +
b101101 t
b1 "
b1 O
b1 f
b1 o
b10 #
b10 P
b10 e
b10 n
b11 $
b11 Q
b11 d
b11 m
14
#122400
04
b100 ?
b100 c
b100 C
#122450
b10000010 h
b1001 &
b1001 T
b1001 x
b1001 !"
b10110 (
b10110 U
b10110 y
b10110 ~
b100111 *
b100111 V
b100111 z
b100111 }
b111100 ,
b111100 W
b111100 {
b111100 |
b1001 i
b1001 [
b1001 %
b1001 w
b10110 j
b10110 \
b10110 '
b10110 v
b100111 k
b100111 ]
b100111 )
b100111 u
b111100 l
b111100 ^
b111100 +
b111100 t
b1 !
b1 N
b1 g
b1 p
b10 "
b10 O
b10 f
b10 o
b11 #
b11 P
b11 e
b11 n
b100 $
b100 Q
b100 d
b100 m
14
#122500
04
b101 ?
b101 c
b101 C
#122550
b10110010 h
b10010 &
b10010 T
b10010 x
b10010 !"
b100001 (
b100001 U
b100001 y
b100001 ~
b110100 *
b110100 V
b110100 z
b110100 }
b1001011 ,
b1001011 W
b1001011 {
b1001011 |
b10010 i
b10010 [
b10010 %
b10010 w
b100001 j
b100001 \
b100001 '
b100001 v
b110100 k
b110100 ]
b110100 )
b110100 u
b1001011 l
b1001011 ^
b1001011 +
b1001011 t
b10 !
b10 N
b10 g
b10 p
b11 "
b11 O
b11 f
b11 o
b100 #
b100 P
b100 e
b100 n
b101 $
b101 Q
b101 d
b101 m
14
#122600
04
b110 ?
b110 c
b110 C
#122650
b11100010 h
b11011 &
b11011 T
b11011 x
b11011 !"
b101100 (
b101100 U
b101100 y
b101100 ~
b1000001 *
b1000001 V
b1000001 z
b1000001 }
b1011010 ,
b1011010 W
b1011010 {
b1011010 |
b11011 i
b11011 [
b11011 %
b11011 w
b101100 j
b101100 \
b101100 '
b101100 v
b1000001 k
b1000001 ]
b1000001 )
b1000001 u
b1011010 l
b1011010 ^
b1011010 +
b1011010 t
b11 !
b11 N
b11 g
b11 p
b100 "
b100 O
b100 f
b100 o
b101 #
b101 P
b101 e
b101 n
b110 $
b110 Q
b110 d
b110 m
14
#122700
04
b111 ?
b111 c
b111 C
#122750
b101 3
b101 Z
b11 2
b11 Y
b100100 R
11
1-
b100000 M
b100010010 h
b100 &
b100 T
b100 x
b100 !"
b110111 (
b110111 U
b110111 y
b110111 ~
b1001110 *
b1001110 V
b1001110 z
b1001110 }
b1101001 ,
b1101001 W
b1101001 {
b1101001 |
b100100 i
b100100 [
b100100 %
b100100 w
b110111 j
b110111 \
b110111 '
b110111 v
b1001110 k
b1001110 ]
b1001110 )
b1001110 u
b1101001 l
b1101001 ^
b1101001 +
b1101001 t
b100 !
b100 N
b100 g
b100 p
b101 "
b101 O
b101 f
b101 o
b110 #
b110 P
b110 e
b110 n
b111 $
b111 Q
b111 d
b111 m
14
#122800
04
b1000 ?
b1000 c
b1000 C
1=
17
#122850
b101101 R
b101000010 h
b1101 &
b1101 T
b1101 x
b1101 !"
b1000010 (
b1000010 U
b1000010 y
b1000010 ~
b1011011 *
b1011011 V
b1011011 z
b1011011 }
b1111000 ,
b1111000 W
b1111000 {
b1111000 |
b101101 i
b101101 [
b101101 %
b101101 w
b1000010 j
b1000010 \
b1000010 '
b1000010 v
b1011011 k
b1011011 ]
b1011011 )
b1011011 u
b1111000 l
b1111000 ^
b1111000 +
b1111000 t
b101 !
b101 N
b101 g
b101 p
b110 "
b110 O
b110 f
b110 o
b111 #
b111 P
b111 e
b111 n
b1000 $
b1000 Q
b1000 d
b1000 m
14
#122900
04
b1001 ?
b1001 c
b1001 C
#122950
b110110 R
b101110010 h
b10110 &
b10110 T
b10110 x
b10110 !"
b1001101 (
b1001101 U
b1001101 y
b1001101 ~
b1101000 *
b1101000 V
b1101000 z
b1101000 }
b10000111 ,
b10000111 W
b10000111 {
b10000111 |
b110110 i
b110110 [
b110110 %
b110110 w
b1001101 j
b1001101 \
b1001101 '
b1001101 v
b1101000 k
b1101000 ]
b1101000 )
b1101000 u
b10000111 l
b10000111 ^
b10000111 +
b10000111 t
b110 !
b110 N
b110 g
b110 p
b111 "
b111 O
b111 f
b111 o
b1000 #
b1000 P
b1000 e
b1000 n
b1001 $
b1001 Q
b1001 d
b1001 m
14
#123000
04
b1010 ?
b1010 c
b1010 C
#123050
b111111 R
b110100010 h
b11111 &
b11111 T
b11111 x
b11111 !"
b1011000 (
b1011000 U
b1011000 y
b1011000 ~
b1110101 *
b1110101 V
b1110101 z
b1110101 }
b10010110 ,
b10010110 W
b10010110 {
b10010110 |
b111111 i
b111111 [
b111111 %
b111111 w
b1011000 j
b1011000 \
b1011000 '
b1011000 v
b1110101 k
b1110101 ]
b1110101 )
b1110101 u
b10010110 l
b10010110 ^
b10010110 +
b10010110 t
b111 !
b111 N
b111 g
b111 p
b1000 "
b1000 O
b1000 f
b1000 o
b1001 #
b1001 P
b1001 e
b1001 n
b1010 $
b1010 Q
b1010 d
b1010 m
14
#123100
04
b1011 ?
b1011 c
b1011 C
#123150
b0 2
b0 Y
b0 3
b0 Z
b0 R
01
0-
b0 M
b111010010 h
b1001000 &
b1001000 T
b1001000 x
b1001000 !"
b1100011 (
b1100011 U
b1100011 y
b1100011 ~
b10000010 *
b10000010 V
b10000010 z
b10000010 }
b10100101 ,
b10100101 W
b10100101 {
b10100101 |
b1001000 i
b1001000 [
b1001000 %
b1001000 w
b1100011 j
b1100011 \
b1100011 '
b1100011 v
b10000010 k
b10000010 ]
b10000010 )
b10000010 u
b10100101 l
b10100101 ^
b10100101 +
b10100101 t
b1000 !
b1000 N
b1000 g
b1000 p
b1001 "
b1001 O
b1001 f
b1001 o
b1010 #
b1010 P
b1010 e
b1010 n
b1011 $
b1011 Q
b1011 d
b1011 m
14
#123200
04
b1100 ?
b1100 c
b1100 C
#123250
b1000000010 h
b1010001 &
b1010001 T
b1010001 x
b1010001 !"
b1101110 (
b1101110 U
b1101110 y
b1101110 ~
b10001111 *
b10001111 V
b10001111 z
b10001111 }
b10110100 ,
b10110100 W
b10110100 {
b10110100 |
b1010001 i
b1010001 [
b1010001 %
b1010001 w
b1101110 j
b1101110 \
b1101110 '
b1101110 v
b10001111 k
b10001111 ]
b10001111 )
b10001111 u
b10110100 l
b10110100 ^
b10110100 +
b10110100 t
b1001 !
b1001 N
b1001 g
b1001 p
b1010 "
b1010 O
b1010 f
b1010 o
b1011 #
b1011 P
b1011 e
b1011 n
b1100 $
b1100 Q
b1100 d
b1100 m
14
#123300
04
b1101 ?
b1101 c
b1101 C
#123350
b1000110010 h
b1011010 &
b1011010 T
b1011010 x
b1011010 !"
b1111001 (
b1111001 U
b1111001 y
b1111001 ~
b10011100 *
b10011100 V
b10011100 z
b10011100 }
b11000011 ,
b11000011 W
b11000011 {
b11000011 |
b1011010 i
b1011010 [
b1011010 %
b1011010 w
b1111001 j
b1111001 \
b1111001 '
b1111001 v
b10011100 k
b10011100 ]
b10011100 )
b10011100 u
b11000011 l
b11000011 ^
b11000011 +
b11000011 t
b1010 !
b1010 N
b1010 g
b1010 p
b1011 "
b1011 O
b1011 f
b1011 o
b1100 #
b1100 P
b1100 e
b1100 n
b1101 $
b1101 Q
b1101 d
b1101 m
14
#123400
04
b1110 ?
b1110 c
b1110 C
#123450
b101 3
b101 Z
b11 2
b11 Y
b1100011 R
0S
11
1-
b100000 M
b1001100010 h
b1000011 &
b1000011 T
b1000011 x
b1000011 !"
b10000100 (
b10000100 U
b10000100 y
b10000100 ~
b10101001 *
b10101001 V
b10101001 z
b10101001 }
b11010010 ,
b11010010 W
b11010010 {
b11010010 |
b1100011 i
b1100011 [
b1100011 %
b1100011 w
b10000100 j
b10000100 \
b10000100 '
b10000100 v
b10101001 k
b10101001 ]
b10101001 )
b10101001 u
b11010010 l
b11010010 ^
b11010010 +
b11010010 t
b1011 !
b1011 N
b1011 g
b1011 p
b1100 "
b1100 O
b1100 f
b1100 o
b1101 #
b1101 P
b1101 e
b1101 n
b1110 $
b1110 Q
b1110 d
b1110 m
14
#123500
04
b1111 ?
b1111 c
b1111 C
#123550
b1101100 R
b1010010010 h
b1001100 &
b1001100 T
b1001100 x
b1001100 !"
b10001111 (
b10001111 U
b10001111 y
b10001111 ~
b10110110 *
b10110110 V
b10110110 z
b10110110 }
b11100001 ,
b11100001 W
b11100001 {
b11100001 |
b1101100 i
b1101100 [
b1101100 %
b1101100 w
b10001111 j
b10001111 \
b10001111 '
b10001111 v
b10110110 k
b10110110 ]
b10110110 )
b10110110 u
b11100001 l
b11100001 ^
b11100001 +
b11100001 t
b1100 !
b1100 N
b1100 g
b1100 p
b1101 "
b1101 O
b1101 f
b1101 o
b1110 #
b1110 P
b1110 e
b1110 n
b1111 $
b1111 Q
b1111 d
b1111 m
14
#123600
04
b10000 C
#123650
b1110101 R
b1010110011 h
b1010101 &
b1010101 T
b1010101 x
b1010101 !"
b10011010 (
b10011010 U
b10011010 y
b10011010 ~
b11000011 *
b11000011 V
b11000011 z
b11000011 }
b1110101 i
b1110101 [
b1110101 %
b1110101 w
b10011010 j
b10011010 \
b10011010 '
b10011010 v
b11000011 k
b11000011 ]
b11000011 )
b11000011 u
b1101 !
b1101 N
b1101 g
b1101 p
b1110 "
b1110 O
b1110 f
b1110 o
b1111 #
b1111 P
b1111 e
b1111 n
14
#123700
04
#123750
b1111110 R
b1011000111 h
b1011110 &
b1011110 T
b1011110 x
b1011110 !"
b10100101 (
b10100101 U
b10100101 y
b10100101 ~
b1111110 i
b1111110 [
b1111110 %
b1111110 w
b10100101 j
b10100101 \
b10100101 '
b10100101 v
b1110 !
b1110 N
b1110 g
b1110 p
b1111 "
b1111 O
b1111 f
b1111 o
14
#123800
04
#123850
b0 2
b0 Y
b0 3
b0 Z
b0 R
01
b1011010000 h
0-
b0 M
b10000111 &
b10000111 T
b10000111 x
b10000111 !"
b10000111 i
b10000111 [
b10000111 %
b10000111 w
b1111 !
b1111 N
b1111 g
b1111 p
14
#123900
04
#123950
14
#124000
1X
b101 3
b101 Z
b11 2
b11 Y
b10000111 R
1S
11
1-
b100000 M
b10100111 &
b10100111 T
b10100111 x
b10100111 !"
04
b0 ?
b0 c
1>
0=
07
b10 $"
b10 8
b10 s
b111011 E
b111011 A
b111011 B
#124050
b0 R
b0 h
b100000 &
b100000 T
b100000 x
b100000 !"
b0 (
b0 U
b0 y
b0 ~
b0 *
b0 V
b0 z
b0 }
b0 ,
b0 W
b0 {
b0 |
b0 i
b0 [
b0 %
b0 w
b0 j
b0 \
b0 '
b0 v
b0 k
b0 ]
b0 )
b0 u
b0 l
b0 ^
b0 +
b0 t
b0 !
b0 N
b0 g
b0 p
b0 "
b0 O
b0 f
b0 o
b0 #
b0 P
b0 e
b0 n
b0 $
b0 Q
b0 d
b0 m
14
#124100
04
b0 C
0>
#124150
14
#124200
04
b1 ?
b1 c
b1 C
1=
17
#124250
b1111 h
b100000 &
b100000 T
b100000 x
b100000 !"
b1111 ,
b1111 W
b1111 {
b1111 |
b1111 l
b1111 ^
b1111 +
b1111 t
b1 $
b1 Q
b1 d
b1 m
14
#124300
04
b10 ?
b10 c
b10 C
#124350
b101011 h
b100000 &
b100000 T
b100000 x
b100000 !"
b1101 *
b1101 V
b1101 z
b1101 }
b11110 ,
b11110 W
b11110 {
b11110 |
b1101 k
b1101 ]
b1101 )
b1101 u
b11110 l
b11110 ^
b11110 +
b11110 t
b1 #
b1 P
b1 e
b1 n
b10 $
b10 Q
b10 d
b10 m
14
#124400
04
b11 ?
b11 c
b11 C
#124450
b1010010 h
b100000 &
b100000 T
b100000 x
b100000 !"
b1011 (
b1011 U
b1011 y
b1011 ~
b11010 *
b11010 V
b11010 z
b11010 }
b101101 ,
b101101 W
b101101 {
b101101 |
b1011 j
b1011 \
b1011 '
b1011 v
b11010 k
b11010 ]
b11010 )
b11010 u
b101101 l
b101101 ^
b101101 +
b101101 t
b1 "
b1 O
b1 f
b1 o
b10 #
b10 P
b10 e
b10 n
b11 $
b11 Q
b11 d
b11 m
14
#124500
04
b100 ?
b100 c
b100 C
#124550
b1001 R
b10000010 h
b101001 &
b101001 T
b101001 x
b101001 !"
b10110 (
b10110 U
b10110 y
b10110 ~
b100111 *
b100111 V
b100111 z
b100111 }
b111100 ,
b111100 W
b111100 {
b111100 |
b1001 i
b1001 [
b1001 %
b1001 w
b10110 j
b10110 \
b10110 '
b10110 v
b100111 k
b100111 ]
b100111 )
b100111 u
b111100 l
b111100 ^
b111100 +
b111100 t
b1 !
b1 N
b1 g
b1 p
b10 "
b10 O
b10 f
b10 o
b11 #
b11 P
b11 e
b11 n
b100 $
b100 Q
b100 d
b100 m
14
#124600
04
b101 ?
b101 c
b101 C
#124650
b10010 R
b10110010 h
b110010 &
b110010 T
b110010 x
b110010 !"
b100001 (
b100001 U
b100001 y
b100001 ~
b110100 *
b110100 V
b110100 z
b110100 }
b1001011 ,
b1001011 W
b1001011 {
b1001011 |
b10010 i
b10010 [
b10010 %
b10010 w
b100001 j
b100001 \
b100001 '
b100001 v
b110100 k
b110100 ]
b110100 )
b110100 u
b1001011 l
b1001011 ^
b1001011 +
b1001011 t
b10 !
b10 N
b10 g
b10 p
b11 "
b11 O
b11 f
b11 o
b100 #
b100 P
b100 e
b100 n
b101 $
b101 Q
b101 d
b101 m
14
#124700
04
b110 ?
b110 c
b110 C
#124750
b11011 R
b11100010 h
b111011 &
b111011 T
b111011 x
b111011 !"
b101100 (
b101100 U
b101100 y
b101100 ~
b1000001 *
b1000001 V
b1000001 z
b1000001 }
b1011010 ,
b1011010 W
b1011010 {
b1011010 |
b11011 i
b11011 [
b11011 %
b11011 w
b101100 j
b101100 \
b101100 '
b101100 v
b1000001 k
b1000001 ]
b1000001 )
b1000001 u
b1011010 l
b1011010 ^
b1011010 +
b1011010 t
b11 !
b11 N
b11 g
b11 p
b100 "
b100 O
b100 f
b100 o
b101 #
b101 P
b101 e
b101 n
b110 $
b110 Q
b110 d
b110 m
14
#124800
04
b111 ?
b111 c
b111 C
#124850
b0 2
b0 Y
b0 3
b0 Z
0S
b0 R
0X
01
0-
b0 M
b100010010 h
b100100 &
b100100 T
b100100 x
b100100 !"
b110111 (
b110111 U
b110111 y
b110111 ~
b1001110 *
b1001110 V
b1001110 z
b1001110 }
b1101001 ,
b1101001 W
b1101001 {
b1101001 |
b100100 i
b100100 [
b100100 %
b100100 w
b110111 j
b110111 \
b110111 '
b110111 v
b1001110 k
b1001110 ]
b1001110 )
b1001110 u
b1101001 l
b1101001 ^
b1101001 +
b1101001 t
b100 !
b100 N
b100 g
b100 p
b101 "
b101 O
b101 f
b101 o
b110 #
b110 P
b110 e
b110 n
b111 $
b111 Q
b111 d
b111 m
14
#124900
04
b1000 ?
b1000 c
b1000 C
#124950
b101000010 h
b101101 &
b101101 T
b101101 x
b101101 !"
b1000010 (
b1000010 U
b1000010 y
b1000010 ~
b1011011 *
b1011011 V
b1011011 z
b1011011 }
b1111000 ,
b1111000 W
b1111000 {
b1111000 |
b101101 i
b101101 [
b101101 %
b101101 w
b1000010 j
b1000010 \
b1000010 '
b1000010 v
b1011011 k
b1011011 ]
b1011011 )
b1011011 u
b1111000 l
b1111000 ^
b1111000 +
b1111000 t
b101 !
b101 N
b101 g
b101 p
b110 "
b110 O
b110 f
b110 o
b111 #
b111 P
b111 e
b111 n
b1000 $
b1000 Q
b1000 d
b1000 m
14
#125000
04
b1001 ?
b1001 c
b1001 C
#125050
b101110010 h
b110110 &
b110110 T
b110110 x
b110110 !"
b1001101 (
b1001101 U
b1001101 y
b1001101 ~
b1101000 *
b1101000 V
b1101000 z
b1101000 }
b10000111 ,
b10000111 W
b10000111 {
b10000111 |
b110110 i
b110110 [
b110110 %
b110110 w
b1001101 j
b1001101 \
b1001101 '
b1001101 v
b1101000 k
b1101000 ]
b1101000 )
b1101000 u
b10000111 l
b10000111 ^
b10000111 +
b10000111 t
b110 !
b110 N
b110 g
b110 p
b111 "
b111 O
b111 f
b111 o
b1000 #
b1000 P
b1000 e
b1000 n
b1001 $
b1001 Q
b1001 d
b1001 m
14
#125100
04
b1010 ?
b1010 c
b1010 C
#125150
b110100010 h
b111111 &
b111111 T
b111111 x
b111111 !"
b1011000 (
b1011000 U
b1011000 y
b1011000 ~
b1110101 *
b1110101 V
b1110101 z
b1110101 }
b10010110 ,
b10010110 W
b10010110 {
b10010110 |
b111111 i
b111111 [
b111111 %
b111111 w
b1011000 j
b1011000 \
b1011000 '
b1011000 v
b1110101 k
b1110101 ]
b1110101 )
b1110101 u
b10010110 l
b10010110 ^
b10010110 +
b10010110 t
b111 !
b111 N
b111 g
b111 p
b1000 "
b1000 O
b1000 f
b1000 o
b1001 #
b1001 P
b1001 e
b1001 n
b1010 $
b1010 Q
b1010 d
b1010 m
14
#125200
04
b1011 ?
b1011 c
b1011 C
#125250
1X
1S
b101 3
b101 Z
b11 2
b11 Y
b1001000 R
11
1-
b100000 M
b111010010 h
b1101000 &
b1101000 T
b1101000 x
b1101000 !"
b1100011 (
b1100011 U
b1100011 y
b1100011 ~
b10000010 *
b10000010 V
b10000010 z
b10000010 }
b10100101 ,
b10100101 W
b10100101 {
b10100101 |
b1001000 i
b1001000 [
b1001000 %
b1001000 w
b1100011 j
b1100011 \
b1100011 '
b1100011 v
b10000010 k
b10000010 ]
b10000010 )
b10000010 u
b10100101 l
b10100101 ^
b10100101 +
b10100101 t
b1000 !
b1000 N
b1000 g
b1000 p
b1001 "
b1001 O
b1001 f
b1001 o
b1010 #
b1010 P
b1010 e
b1010 n
b1011 $
b1011 Q
b1011 d
b1011 m
14
#125300
04
b1100 ?
b1100 c
b1100 C
#125350
b1010001 R
b1000000010 h
b1110001 &
b1110001 T
b1110001 x
b1110001 !"
b1101110 (
b1101110 U
b1101110 y
b1101110 ~
b10001111 *
b10001111 V
b10001111 z
b10001111 }
b10110100 ,
b10110100 W
b10110100 {
b10110100 |
b1010001 i
b1010001 [
b1010001 %
b1010001 w
b1101110 j
b1101110 \
b1101110 '
b1101110 v
b10001111 k
b10001111 ]
b10001111 )
b10001111 u
b10110100 l
b10110100 ^
b10110100 +
b10110100 t
b1001 !
b1001 N
b1001 g
b1001 p
b1010 "
b1010 O
b1010 f
b1010 o
b1011 #
b1011 P
b1011 e
b1011 n
b1100 $
b1100 Q
b1100 d
b1100 m
14
#125400
04
b1101 ?
b1101 c
b1101 C
#125450
b1011010 R
b1000110010 h
b1111010 &
b1111010 T
b1111010 x
b1111010 !"
b1111001 (
b1111001 U
b1111001 y
b1111001 ~
b10011100 *
b10011100 V
b10011100 z
b10011100 }
b11000011 ,
b11000011 W
b11000011 {
b11000011 |
b1011010 i
b1011010 [
b1011010 %
b1011010 w
b1111001 j
b1111001 \
b1111001 '
b1111001 v
b10011100 k
b10011100 ]
b10011100 )
b10011100 u
b11000011 l
b11000011 ^
b11000011 +
b11000011 t
b1010 !
b1010 N
b1010 g
b1010 p
b1011 "
b1011 O
b1011 f
b1011 o
b1100 #
b1100 P
b1100 e
b1100 n
b1101 $
b1101 Q
b1101 d
b1101 m
14
#125500
04
b1110 ?
b1110 c
b1110 C
#125550
b0 2
b0 Y
b0 3
b0 Z
0S
b0 R
0X
01
0-
b0 M
b1001100010 h
b1100011 &
b1100011 T
b1100011 x
b1100011 !"
b10000100 (
b10000100 U
b10000100 y
b10000100 ~
b10101001 *
b10101001 V
b10101001 z
b10101001 }
b11010010 ,
b11010010 W
b11010010 {
b11010010 |
b1100011 i
b1100011 [
b1100011 %
b1100011 w
b10000100 j
b10000100 \
b10000100 '
b10000100 v
b10101001 k
b10101001 ]
b10101001 )
b10101001 u
b11010010 l
b11010010 ^
b11010010 +
b11010010 t
b1011 !
b1011 N
b1011 g
b1011 p
b1100 "
b1100 O
b1100 f
b1100 o
b1101 #
b1101 P
b1101 e
b1101 n
b1110 $
b1110 Q
b1110 d
b1110 m
14
#125600
04
b1111 ?
b1111 c
b1111 C
#125650
b1010010010 h
b1101100 &
b1101100 T
b1101100 x
b1101100 !"
b10001111 (
b10001111 U
b10001111 y
b10001111 ~
b10110110 *
b10110110 V
b10110110 z
b10110110 }
b11100001 ,
b11100001 W
b11100001 {
b11100001 |
b1101100 i
b1101100 [
b1101100 %
b1101100 w
b10001111 j
b10001111 \
b10001111 '
b10001111 v
b10110110 k
b10110110 ]
b10110110 )
b10110110 u
b11100001 l
b11100001 ^
b11100001 +
b11100001 t
b1100 !
b1100 N
b1100 g
b1100 p
b1101 "
b1101 O
b1101 f
b1101 o
b1110 #
b1110 P
b1110 e
b1110 n
b1111 $
b1111 Q
b1111 d
b1111 m
14
#125700
04
b10000 C
#125750
b1010110011 h
b1110101 &
b1110101 T
b1110101 x
b1110101 !"
b10011010 (
b10011010 U
b10011010 y
b10011010 ~
b11000011 *
b11000011 V
b11000011 z
b11000011 }
b1110101 i
b1110101 [
b1110101 %
b1110101 w
b10011010 j
b10011010 \
b10011010 '
b10011010 v
b11000011 k
b11000011 ]
b11000011 )
b11000011 u
b1101 !
b1101 N
b1101 g
b1101 p
b1110 "
b1110 O
b1110 f
b1110 o
b1111 #
b1111 P
b1111 e
b1111 n
14
#125800
04
#125850
b1011000111 h
b1111110 &
b1111110 T
b1111110 x
b1111110 !"
b10100101 (
b10100101 U
b10100101 y
b10100101 ~
b1111110 i
b1111110 [
b1111110 %
b1111110 w
b10100101 j
b10100101 \
b10100101 '
b10100101 v
b1110 !
b1110 N
b1110 g
b1110 p
b1111 "
b1111 O
b1111 f
b1111 o
14
#125900
04
#125950
1X
b101 3
b101 Z
b11 2
b11 Y
b10000111 R
1S
11
b1011010000 h
1-
b100000 M
b10100111 &
b10100111 T
b10100111 x
b10100111 !"
b10000111 i
b10000111 [
b10000111 %
b10000111 w
b1111 !
b1111 N
b1111 g
b1111 p
14
#126000
04
#126050
14
#126100
b0 2
b0 Y
b0 3
b0 Z
b0 R
0S
0X
01
0-
b0 M
b10000111 &
b10000111 T
b10000111 x
b10000111 !"
04
b0 ?
b0 c
1>
0=
07
b110 5
b110 q
b1 $"
b110 ""
b110 @
b1 8
b1 s
b111100 E
b111100 A
b111100 B
#126150
b0 h
b0 &
b0 T
b0 x
b0 !"
b0 (
b0 U
b0 y
b0 ~
b0 *
b0 V
b0 z
b0 }
b0 ,
b0 W
b0 {
b0 |
b0 i
b0 [
b0 %
b0 w
b0 j
b0 \
b0 '
b0 v
b0 k
b0 ]
b0 )
b0 u
b0 l
b0 ^
b0 +
b0 t
b0 !
b0 N
b0 g
b0 p
b0 "
b0 O
b0 f
b0 o
b0 #
b0 P
b0 e
b0 n
b0 $
b0 Q
b0 d
b0 m
14
#126200
04
b0 C
0>
#126250
14
#126300
04
b1 ?
b1 c
b1 C
#126350
b1111 h
b1111 ,
b1111 W
b1111 {
b1111 |
b1111 l
b1111 ^
b1111 +
b1111 t
b1 $
b1 Q
b1 d
b1 m
14
#126400
04
b10 ?
b10 c
b10 C
#126450
b101011 h
b1101 *
b1101 V
b1101 z
b1101 }
b11110 ,
b11110 W
b11110 {
b11110 |
b1101 k
b1101 ]
b1101 )
b1101 u
b11110 l
b11110 ^
b11110 +
b11110 t
b1 #
b1 P
b1 e
b1 n
b10 $
b10 Q
b10 d
b10 m
14
#126500
04
b11 ?
b11 c
b11 C
#126550
b1010010 h
b1011 (
b1011 U
b1011 y
b1011 ~
b11010 *
b11010 V
b11010 z
b11010 }
b101101 ,
b101101 W
b101101 {
b101101 |
b1011 j
b1011 \
b1011 '
b1011 v
b11010 k
b11010 ]
b11010 )
b11010 u
b101101 l
b101101 ^
b101101 +
b101101 t
b1 "
b1 O
b1 f
b1 o
b10 #
b10 P
b10 e
b10 n
b11 $
b11 Q
b11 d
b11 m
14
#126600
04
b100 ?
b100 c
b100 C
#126650
b10000010 h
b1001 &
b1001 T
b1001 x
b1001 !"
b10110 (
b10110 U
b10110 y
b10110 ~
b100111 *
b100111 V
b100111 z
b100111 }
b111100 ,
b111100 W
b111100 {
b111100 |
b1001 i
b1001 [
b1001 %
b1001 w
b10110 j
b10110 \
b10110 '
b10110 v
b100111 k
b100111 ]
b100111 )
b100111 u
b111100 l
b111100 ^
b111100 +
b111100 t
b1 !
b1 N
b1 g
b1 p
b10 "
b10 O
b10 f
b10 o
b11 #
b11 P
b11 e
b11 n
b100 $
b100 Q
b100 d
b100 m
14
#126700
04
b101 ?
b101 c
b101 C
#126750
b10110010 h
b10010 &
b10010 T
b10010 x
b10010 !"
b100001 (
b100001 U
b100001 y
b100001 ~
b110100 *
b110100 V
b110100 z
b110100 }
b1001011 ,
b1001011 W
b1001011 {
b1001011 |
b10010 i
b10010 [
b10010 %
b10010 w
b100001 j
b100001 \
b100001 '
b100001 v
b110100 k
b110100 ]
b110100 )
b110100 u
b1001011 l
b1001011 ^
b1001011 +
b1001011 t
b10 !
b10 N
b10 g
b10 p
b11 "
b11 O
b11 f
b11 o
b100 #
b100 P
b100 e
b100 n
b101 $
b101 Q
b101 d
b101 m
14
#126800
04
b110 ?
b110 c
b110 C
#126850
b11100010 h
b11011 &
b11011 T
b11011 x
b11011 !"
b101100 (
b101100 U
b101100 y
b101100 ~
b1000001 *
b1000001 V
b1000001 z
b1000001 }
b1011010 ,
b1011010 W
b1011010 {
b1011010 |
b11011 i
b11011 [
b11011 %
b11011 w
b101100 j
b101100 \
b101100 '
b101100 v
b1000001 k
b1000001 ]
b1000001 )
b1000001 u
b1011010 l
b1011010 ^
b1011010 +
b1011010 t
b11 !
b11 N
b11 g
b11 p
b100 "
b100 O
b100 f
b100 o
b101 #
b101 P
b101 e
b101 n
b110 $
b110 Q
b110 d
b110 m
14
#126900
04
b111 ?
b111 c
b111 C
#126950
b100010010 h
b100100 &
b100100 T
b100100 x
b100100 !"
b110111 (
b110111 U
b110111 y
b110111 ~
b1001110 *
b1001110 V
b1001110 z
b1001110 }
b1101001 ,
b1101001 W
b1101001 {
b1101001 |
b100100 i
b100100 [
b100100 %
b100100 w
b110111 j
b110111 \
b110111 '
b110111 v
b1001110 k
b1001110 ]
b1001110 )
b1001110 u
b1101001 l
b1101001 ^
b1101001 +
b1101001 t
b100 !
b100 N
b100 g
b100 p
b101 "
b101 O
b101 f
b101 o
b110 #
b110 P
b110 e
b110 n
b111 $
b111 Q
b111 d
b111 m
14
#127000
04
b1000 ?
b1000 c
b1000 C
#127050
b101000010 h
b101101 &
b101101 T
b101101 x
b101101 !"
b1000010 (
b1000010 U
b1000010 y
b1000010 ~
b1011011 *
b1011011 V
b1011011 z
b1011011 }
b1111000 ,
b1111000 W
b1111000 {
b1111000 |
b101101 i
b101101 [
b101101 %
b101101 w
b1000010 j
b1000010 \
b1000010 '
b1000010 v
b1011011 k
b1011011 ]
b1011011 )
b1011011 u
b1111000 l
b1111000 ^
b1111000 +
b1111000 t
b101 !
b101 N
b101 g
b101 p
b110 "
b110 O
b110 f
b110 o
b111 #
b111 P
b111 e
b111 n
b1000 $
b1000 Q
b1000 d
b1000 m
14
#127100
04
b1001 ?
b1001 c
b1001 C
#127150
b101110010 h
b110110 &
b110110 T
b110110 x
b110110 !"
b1001101 (
b1001101 U
b1001101 y
b1001101 ~
b1101000 *
b1101000 V
b1101000 z
b1101000 }
b10000111 ,
b10000111 W
b10000111 {
b10000111 |
b110110 i
b110110 [
b110110 %
b110110 w
b1001101 j
b1001101 \
b1001101 '
b1001101 v
b1101000 k
b1101000 ]
b1101000 )
b1101000 u
b10000111 l
b10000111 ^
b10000111 +
b10000111 t
b110 !
b110 N
b110 g
b110 p
b111 "
b111 O
b111 f
b111 o
b1000 #
b1000 P
b1000 e
b1000 n
b1001 $
b1001 Q
b1001 d
b1001 m
14
#127200
04
b1010 ?
b1010 c
b1010 C
#127250
b110100010 h
b111111 &
b111111 T
b111111 x
b111111 !"
b1011000 (
b1011000 U
b1011000 y
b1011000 ~
b1110101 *
b1110101 V
b1110101 z
b1110101 }
b10010110 ,
b10010110 W
b10010110 {
b10010110 |
b111111 i
b111111 [
b111111 %
b111111 w
b1011000 j
b1011000 \
b1011000 '
b1011000 v
b1110101 k
b1110101 ]
b1110101 )
b1110101 u
b10010110 l
b10010110 ^
b10010110 +
b10010110 t
b111 !
b111 N
b111 g
b111 p
b1000 "
b1000 O
b1000 f
b1000 o
b1001 #
b1001 P
b1001 e
b1001 n
b1010 $
b1010 Q
b1010 d
b1010 m
14
#127300
04
b1011 ?
b1011 c
b1011 C
#127350
b110 3
b110 Z
b11 2
b11 Y
b1001000 R
11
1-
b1000000 M
b111010010 h
b1000 &
b1000 T
b1000 x
b1000 !"
b1100011 (
b1100011 U
b1100011 y
b1100011 ~
b10000010 *
b10000010 V
b10000010 z
b10000010 }
b10100101 ,
b10100101 W
b10100101 {
b10100101 |
b1001000 i
b1001000 [
b1001000 %
b1001000 w
b1100011 j
b1100011 \
b1100011 '
b1100011 v
b10000010 k
b10000010 ]
b10000010 )
b10000010 u
b10100101 l
b10100101 ^
b10100101 +
b10100101 t
b1000 !
b1000 N
b1000 g
b1000 p
b1001 "
b1001 O
b1001 f
b1001 o
b1010 #
b1010 P
b1010 e
b1010 n
b1011 $
b1011 Q
b1011 d
b1011 m
14
#127400
04
b1100 ?
b1100 c
b1100 C
1=
17
#127450
b1010001 R
b1000000010 h
b10001 &
b10001 T
b10001 x
b10001 !"
b1101110 (
b1101110 U
b1101110 y
b1101110 ~
b10001111 *
b10001111 V
b10001111 z
b10001111 }
b10110100 ,
b10110100 W
b10110100 {
b10110100 |
b1010001 i
b1010001 [
b1010001 %
b1010001 w
b1101110 j
b1101110 \
b1101110 '
b1101110 v
b10001111 k
b10001111 ]
b10001111 )
b10001111 u
b10110100 l
b10110100 ^
b10110100 +
b10110100 t
b1001 !
b1001 N
b1001 g
b1001 p
b1010 "
b1010 O
b1010 f
b1010 o
b1011 #
b1011 P
b1011 e
b1011 n
b1100 $
b1100 Q
b1100 d
b1100 m
14
#127500
04
b1101 ?
b1101 c
b1101 C
#127550
b1011010 R
b1000110010 h
b11010 &
b11010 T
b11010 x
b11010 !"
b1111001 (
b1111001 U
b1111001 y
b1111001 ~
b10011100 *
b10011100 V
b10011100 z
b10011100 }
b11000011 ,
b11000011 W
b11000011 {
b11000011 |
b1011010 i
b1011010 [
b1011010 %
b1011010 w
b1111001 j
b1111001 \
b1111001 '
b1111001 v
b10011100 k
b10011100 ]
b10011100 )
b10011100 u
b11000011 l
b11000011 ^
b11000011 +
b11000011 t
b1010 !
b1010 N
b1010 g
b1010 p
b1011 "
b1011 O
b1011 f
b1011 o
b1100 #
b1100 P
b1100 e
b1100 n
b1101 $
b1101 Q
b1101 d
b1101 m
14
#127600
04
b1110 ?
b1110 c
b1110 C
#127650
b1100011 R
b1001100010 h
b100011 &
b100011 T
b100011 x
b100011 !"
b10000100 (
b10000100 U
b10000100 y
b10000100 ~
b10101001 *
b10101001 V
b10101001 z
b10101001 }
b11010010 ,
b11010010 W
b11010010 {
b11010010 |
b1100011 i
b1100011 [
b1100011 %
b1100011 w
b10000100 j
b10000100 \
b10000100 '
b10000100 v
b10101001 k
b10101001 ]
b10101001 )
b10101001 u
b11010010 l
b11010010 ^
b11010010 +
b11010010 t
b1011 !
b1011 N
b1011 g
b1011 p
b1100 "
b1100 O
b1100 f
b1100 o
b1101 #
b1101 P
b1101 e
b1101 n
b1110 $
b1110 Q
b1110 d
b1110 m
14
#127700
04
b1111 ?
b1111 c
b1111 C
#127750
b1101100 R
b1010010010 h
b101100 &
b101100 T
b101100 x
b101100 !"
b10001111 (
b10001111 U
b10001111 y
b10001111 ~
b10110110 *
b10110110 V
b10110110 z
b10110110 }
b11100001 ,
b11100001 W
b11100001 {
b11100001 |
b1101100 i
b1101100 [
b1101100 %
b1101100 w
b10001111 j
b10001111 \
b10001111 '
b10001111 v
b10110110 k
b10110110 ]
b10110110 )
b10110110 u
b11100001 l
b11100001 ^
b11100001 +
b11100001 t
b1100 !
b1100 N
b1100 g
b1100 p
b1101 "
b1101 O
b1101 f
b1101 o
b1110 #
b1110 P
b1110 e
b1110 n
b1111 $
b1111 Q
b1111 d
b1111 m
14
#127800
04
b10000 C
#127850
b1110101 R
b1010110011 h
b110101 &
b110101 T
b110101 x
b110101 !"
b10011010 (
b10011010 U
b10011010 y
b10011010 ~
b11000011 *
b11000011 V
b11000011 z
b11000011 }
b1110101 i
b1110101 [
b1110101 %
b1110101 w
b10011010 j
b10011010 \
b10011010 '
b10011010 v
b11000011 k
b11000011 ]
b11000011 )
b11000011 u
b1101 !
b1101 N
b1101 g
b1101 p
b1110 "
b1110 O
b1110 f
b1110 o
b1111 #
b1111 P
b1111 e
b1111 n
14
#127900
04
#127950
b1111110 R
b1011000111 h
b111110 &
b111110 T
b111110 x
b111110 !"
b10100101 (
b10100101 U
b10100101 y
b10100101 ~
b1111110 i
b1111110 [
b1111110 %
b1111110 w
b10100101 j
b10100101 \
b10100101 '
b10100101 v
b1110 !
b1110 N
b1110 g
b1110 p
b1111 "
b1111 O
b1111 f
b1111 o
14
#128000
04
#128050
b0 2
b0 Y
b0 3
b0 Z
b0 R
01
b1011010000 h
0-
b0 M
b10000111 &
b10000111 T
b10000111 x
b10000111 !"
b10000111 i
b10000111 [
b10000111 %
b10000111 w
b1111 !
b1111 N
b1111 g
b1111 p
14
#128100
04
#128150
14
#128200
1X
b110 3
b110 Z
b11 2
b11 Y
b10000111 R
1S
11
1-
b1000000 M
b11000111 &
b11000111 T
b11000111 x
b11000111 !"
04
b0 ?
b0 c
1>
0=
07
b10 $"
b10 8
b10 s
b111101 E
b111101 A
b111101 B
#128250
b0 R
b0 h
b1000000 &
b1000000 T
b1000000 x
b1000000 !"
b0 (
b0 U
b0 y
b0 ~
b0 *
b0 V
b0 z
b0 }
b0 ,
b0 W
b0 {
b0 |
b0 i
b0 [
b0 %
b0 w
b0 j
b0 \
b0 '
b0 v
b0 k
b0 ]
b0 )
b0 u
b0 l
b0 ^
b0 +
b0 t
b0 !
b0 N
b0 g
b0 p
b0 "
b0 O
b0 f
b0 o
b0 #
b0 P
b0 e
b0 n
b0 $
b0 Q
b0 d
b0 m
14
#128300
04
b0 C
0>
#128350
14
#128400
04
b1 ?
b1 c
b1 C
1=
17
#128450
b1111 h
b1000000 &
b1000000 T
b1000000 x
b1000000 !"
b1111 ,
b1111 W
b1111 {
b1111 |
b1111 l
b1111 ^
b1111 +
b1111 t
b1 $
b1 Q
b1 d
b1 m
14
#128500
04
b10 ?
b10 c
b10 C
#128550
b101011 h
b1000000 &
b1000000 T
b1000000 x
b1000000 !"
b1101 *
b1101 V
b1101 z
b1101 }
b11110 ,
b11110 W
b11110 {
b11110 |
b1101 k
b1101 ]
b1101 )
b1101 u
b11110 l
b11110 ^
b11110 +
b11110 t
b1 #
b1 P
b1 e
b1 n
b10 $
b10 Q
b10 d
b10 m
14
#128600
04
b11 ?
b11 c
b11 C
#128650
b1010010 h
b1000000 &
b1000000 T
b1000000 x
b1000000 !"
b1011 (
b1011 U
b1011 y
b1011 ~
b11010 *
b11010 V
b11010 z
b11010 }
b101101 ,
b101101 W
b101101 {
b101101 |
b1011 j
b1011 \
b1011 '
b1011 v
b11010 k
b11010 ]
b11010 )
b11010 u
b101101 l
b101101 ^
b101101 +
b101101 t
b1 "
b1 O
b1 f
b1 o
b10 #
b10 P
b10 e
b10 n
b11 $
b11 Q
b11 d
b11 m
14
#128700
04
b100 ?
b100 c
b100 C
#128750
b1001 R
b10000010 h
b1001001 &
b1001001 T
b1001001 x
b1001001 !"
b10110 (
b10110 U
b10110 y
b10110 ~
b100111 *
b100111 V
b100111 z
b100111 }
b111100 ,
b111100 W
b111100 {
b111100 |
b1001 i
b1001 [
b1001 %
b1001 w
b10110 j
b10110 \
b10110 '
b10110 v
b100111 k
b100111 ]
b100111 )
b100111 u
b111100 l
b111100 ^
b111100 +
b111100 t
b1 !
b1 N
b1 g
b1 p
b10 "
b10 O
b10 f
b10 o
b11 #
b11 P
b11 e
b11 n
b100 $
b100 Q
b100 d
b100 m
14
#128800
04
b101 ?
b101 c
b101 C
#128850
b10010 R
b10110010 h
b1010010 &
b1010010 T
b1010010 x
b1010010 !"
b100001 (
b100001 U
b100001 y
b100001 ~
b110100 *
b110100 V
b110100 z
b110100 }
b1001011 ,
b1001011 W
b1001011 {
b1001011 |
b10010 i
b10010 [
b10010 %
b10010 w
b100001 j
b100001 \
b100001 '
b100001 v
b110100 k
b110100 ]
b110100 )
b110100 u
b1001011 l
b1001011 ^
b1001011 +
b1001011 t
b10 !
b10 N
b10 g
b10 p
b11 "
b11 O
b11 f
b11 o
b100 #
b100 P
b100 e
b100 n
b101 $
b101 Q
b101 d
b101 m
14
#128900
04
b110 ?
b110 c
b110 C
#128950
b11011 R
b11100010 h
b1011011 &
b1011011 T
b1011011 x
b1011011 !"
b101100 (
b101100 U
b101100 y
b101100 ~
b1000001 *
b1000001 V
b1000001 z
b1000001 }
b1011010 ,
b1011010 W
b1011010 {
b1011010 |
b11011 i
b11011 [
b11011 %
b11011 w
b101100 j
b101100 \
b101100 '
b101100 v
b1000001 k
b1000001 ]
b1000001 )
b1000001 u
b1011010 l
b1011010 ^
b1011010 +
b1011010 t
b11 !
b11 N
b11 g
b11 p
b100 "
b100 O
b100 f
b100 o
b101 #
b101 P
b101 e
b101 n
b110 $
b110 Q
b110 d
b110 m
14
#129000
04
b111 ?
b111 c
b111 C
#129050
b100100 R
b100010010 h
b1100100 &
b1100100 T
b1100100 x
b1100100 !"
b110111 (
b110111 U
b110111 y
b110111 ~
b1001110 *
b1001110 V
b1001110 z
b1001110 }
b1101001 ,
b1101001 W
b1101001 {
b1101001 |
b100100 i
b100100 [
b100100 %
b100100 w
b110111 j
b110111 \
b110111 '
b110111 v
b1001110 k
b1001110 ]
b1001110 )
b1001110 u
b1101001 l
b1101001 ^
b1101001 +
b1101001 t
b100 !
b100 N
b100 g
b100 p
b101 "
b101 O
b101 f
b101 o
b110 #
b110 P
b110 e
b110 n
b111 $
b111 Q
b111 d
b111 m
14
#129100
04
b1000 ?
b1000 c
b1000 C
#129150
b101101 R
b101000010 h
b1101101 &
b1101101 T
b1101101 x
b1101101 !"
b1000010 (
b1000010 U
b1000010 y
b1000010 ~
b1011011 *
b1011011 V
b1011011 z
b1011011 }
b1111000 ,
b1111000 W
b1111000 {
b1111000 |
b101101 i
b101101 [
b101101 %
b101101 w
b1000010 j
b1000010 \
b1000010 '
b1000010 v
b1011011 k
b1011011 ]
b1011011 )
b1011011 u
b1111000 l
b1111000 ^
b1111000 +
b1111000 t
b101 !
b101 N
b101 g
b101 p
b110 "
b110 O
b110 f
b110 o
b111 #
b111 P
b111 e
b111 n
b1000 $
b1000 Q
b1000 d
b1000 m
14
#129200
04
b1001 ?
b1001 c
b1001 C
#129250
b110110 R
b101110010 h
b1110110 &
b1110110 T
b1110110 x
b1110110 !"
b1001101 (
b1001101 U
b1001101 y
b1001101 ~
b1101000 *
b1101000 V
b1101000 z
b1101000 }
b10000111 ,
b10000111 W
b10000111 {
b10000111 |
b110110 i
b110110 [
b110110 %
b110110 w
b1001101 j
b1001101 \
b1001101 '
b1001101 v
b1101000 k
b1101000 ]
b1101000 )
b1101000 u
b10000111 l
b10000111 ^
b10000111 +
b10000111 t
b110 !
b110 N
b110 g
b110 p
b111 "
b111 O
b111 f
b111 o
b1000 #
b1000 P
b1000 e
b1000 n
b1001 $
b1001 Q
b1001 d
b1001 m
14
#129300
04
b1010 ?
b1010 c
b1010 C
#129350
b111111 R
b110100010 h
b1111111 &
b1111111 T
b1111111 x
b1111111 !"
b1011000 (
b1011000 U
b1011000 y
b1011000 ~
b1110101 *
b1110101 V
b1110101 z
b1110101 }
b10010110 ,
b10010110 W
b10010110 {
b10010110 |
b111111 i
b111111 [
b111111 %
b111111 w
b1011000 j
b1011000 \
b1011000 '
b1011000 v
b1110101 k
b1110101 ]
b1110101 )
b1110101 u
b10010110 l
b10010110 ^
b10010110 +
b10010110 t
b111 !
b111 N
b111 g
b111 p
b1000 "
b1000 O
b1000 f
b1000 o
b1001 #
b1001 P
b1001 e
b1001 n
b1010 $
b1010 Q
b1010 d
b1010 m
14
#129400
04
b1011 ?
b1011 c
b1011 C
#129450
b0 2
b0 Y
b0 3
b0 Z
0S
b0 R
0X
01
0-
b0 M
b111010010 h
b1001000 &
b1001000 T
b1001000 x
b1001000 !"
b1100011 (
b1100011 U
b1100011 y
b1100011 ~
b10000010 *
b10000010 V
b10000010 z
b10000010 }
b10100101 ,
b10100101 W
b10100101 {
b10100101 |
b1001000 i
b1001000 [
b1001000 %
b1001000 w
b1100011 j
b1100011 \
b1100011 '
b1100011 v
b10000010 k
b10000010 ]
b10000010 )
b10000010 u
b10100101 l
b10100101 ^
b10100101 +
b10100101 t
b1000 !
b1000 N
b1000 g
b1000 p
b1001 "
b1001 O
b1001 f
b1001 o
b1010 #
b1010 P
b1010 e
b1010 n
b1011 $
b1011 Q
b1011 d
b1011 m
14
#129500
04
b1100 ?
b1100 c
b1100 C
#129550
b1000000010 h
b1010001 &
b1010001 T
b1010001 x
b1010001 !"
b1101110 (
b1101110 U
b1101110 y
b1101110 ~
b10001111 *
b10001111 V
b10001111 z
b10001111 }
b10110100 ,
b10110100 W
b10110100 {
b10110100 |
b1010001 i
b1010001 [
b1010001 %
b1010001 w
b1101110 j
b1101110 \
b1101110 '
b1101110 v
b10001111 k
b10001111 ]
b10001111 )
b10001111 u
b10110100 l
b10110100 ^
b10110100 +
b10110100 t
b1001 !
b1001 N
b1001 g
b1001 p
b1010 "
b1010 O
b1010 f
b1010 o
b1011 #
b1011 P
b1011 e
b1011 n
b1100 $
b1100 Q
b1100 d
b1100 m
14
#129600
04
b1101 ?
b1101 c
b1101 C
#129650
b1000110010 h
b1011010 &
b1011010 T
b1011010 x
b1011010 !"
b1111001 (
b1111001 U
b1111001 y
b1111001 ~
b10011100 *
b10011100 V
b10011100 z
b10011100 }
b11000011 ,
b11000011 W
b11000011 {
b11000011 |
b1011010 i
b1011010 [
b1011010 %
b1011010 w
b1111001 j
b1111001 \
b1111001 '
b1111001 v
b10011100 k
b10011100 ]
b10011100 )
b10011100 u
b11000011 l
b11000011 ^
b11000011 +
b11000011 t
b1010 !
b1010 N
b1010 g
b1010 p
b1011 "
b1011 O
b1011 f
b1011 o
b1100 #
b1100 P
b1100 e
b1100 n
b1101 $
b1101 Q
b1101 d
b1101 m
14
#129700
04
b1110 ?
b1110 c
b1110 C
#129750
b1001100010 h
b1100011 &
b1100011 T
b1100011 x
b1100011 !"
b10000100 (
b10000100 U
b10000100 y
b10000100 ~
b10101001 *
b10101001 V
b10101001 z
b10101001 }
b11010010 ,
b11010010 W
b11010010 {
b11010010 |
b1100011 i
b1100011 [
b1100011 %
b1100011 w
b10000100 j
b10000100 \
b10000100 '
b10000100 v
b10101001 k
b10101001 ]
b10101001 )
b10101001 u
b11010010 l
b11010010 ^
b11010010 +
b11010010 t
b1011 !
b1011 N
b1011 g
b1011 p
b1100 "
b1100 O
b1100 f
b1100 o
b1101 #
b1101 P
b1101 e
b1101 n
b1110 $
b1110 Q
b1110 d
b1110 m
14
#129800
04
b1111 ?
b1111 c
b1111 C
#129850
b1010010010 h
b1101100 &
b1101100 T
b1101100 x
b1101100 !"
b10001111 (
b10001111 U
b10001111 y
b10001111 ~
b10110110 *
b10110110 V
b10110110 z
b10110110 }
b11100001 ,
b11100001 W
b11100001 {
b11100001 |
b1101100 i
b1101100 [
b1101100 %
b1101100 w
b10001111 j
b10001111 \
b10001111 '
b10001111 v
b10110110 k
b10110110 ]
b10110110 )
b10110110 u
b11100001 l
b11100001 ^
b11100001 +
b11100001 t
b1100 !
b1100 N
b1100 g
b1100 p
b1101 "
b1101 O
b1101 f
b1101 o
b1110 #
b1110 P
b1110 e
b1110 n
b1111 $
b1111 Q
b1111 d
b1111 m
14
#129900
04
b10000 C
#129950
b1010110011 h
b1110101 &
b1110101 T
b1110101 x
b1110101 !"
b10011010 (
b10011010 U
b10011010 y
b10011010 ~
b11000011 *
b11000011 V
b11000011 z
b11000011 }
b1110101 i
b1110101 [
b1110101 %
b1110101 w
b10011010 j
b10011010 \
b10011010 '
b10011010 v
b11000011 k
b11000011 ]
b11000011 )
b11000011 u
b1101 !
b1101 N
b1101 g
b1101 p
b1110 "
b1110 O
b1110 f
b1110 o
b1111 #
b1111 P
b1111 e
b1111 n
14
#130000
04
#130050
b1011000111 h
b1111110 &
b1111110 T
b1111110 x
b1111110 !"
b10100101 (
b10100101 U
b10100101 y
b10100101 ~
b1111110 i
b1111110 [
b1111110 %
b1111110 w
b10100101 j
b10100101 \
b10100101 '
b10100101 v
b1110 !
b1110 N
b1110 g
b1110 p
b1111 "
b1111 O
b1111 f
b1111 o
14
#130100
04
#130150
1X
b110 3
b110 Z
b11 2
b11 Y
b10000111 R
1S
11
b1011010000 h
1-
b1000000 M
b11000111 &
b11000111 T
b11000111 x
b11000111 !"
b10000111 i
b10000111 [
b10000111 %
b10000111 w
b1111 !
b1111 N
b1111 g
b1111 p
14
#130200
04
#130250
14
#130300
b111 3
b111 Z
0X
0S
b10000000 M
b111 &
b111 T
b111 x
b111 !"
04
b0 ?
b0 c
1>
0=
07
b111 5
b111 q
b1 $"
b111 ""
b111 @
b1 8
b1 s
b111110 E
b111110 A
b111110 B
#130350
b0 2
b0 Y
b0 3
b0 Z
b0 R
01
0-
b0 M
b0 h
b0 &
b0 T
b0 x
b0 !"
b0 (
b0 U
b0 y
b0 ~
b0 *
b0 V
b0 z
b0 }
b0 ,
b0 W
b0 {
b0 |
b0 i
b0 [
b0 %
b0 w
b0 j
b0 \
b0 '
b0 v
b0 k
b0 ]
b0 )
b0 u
b0 l
b0 ^
b0 +
b0 t
b0 !
b0 N
b0 g
b0 p
b0 "
b0 O
b0 f
b0 o
b0 #
b0 P
b0 e
b0 n
b0 $
b0 Q
b0 d
b0 m
14
#130400
04
b0 C
0>
#130450
14
#130500
04
b1 ?
b1 c
b1 C
#130550
b1111 h
b1111 ,
b1111 W
b1111 {
b1111 |
b1111 l
b1111 ^
b1111 +
b1111 t
b1 $
b1 Q
b1 d
b1 m
14
#130600
04
b10 ?
b10 c
b10 C
#130650
b101011 h
b1101 *
b1101 V
b1101 z
b1101 }
b11110 ,
b11110 W
b11110 {
b11110 |
b1101 k
b1101 ]
b1101 )
b1101 u
b11110 l
b11110 ^
b11110 +
b11110 t
b1 #
b1 P
b1 e
b1 n
b10 $
b10 Q
b10 d
b10 m
14
#130700
04
b11 ?
b11 c
b11 C
#130750
b1010010 h
b1011 (
b1011 U
b1011 y
b1011 ~
b11010 *
b11010 V
b11010 z
b11010 }
b101101 ,
b101101 W
b101101 {
b101101 |
b1011 j
b1011 \
b1011 '
b1011 v
b11010 k
b11010 ]
b11010 )
b11010 u
b101101 l
b101101 ^
b101101 +
b101101 t
b1 "
b1 O
b1 f
b1 o
b10 #
b10 P
b10 e
b10 n
b11 $
b11 Q
b11 d
b11 m
14
#130800
04
b100 ?
b100 c
b100 C
#130850
b10000010 h
b1001 &
b1001 T
b1001 x
b1001 !"
b10110 (
b10110 U
b10110 y
b10110 ~
b100111 *
b100111 V
b100111 z
b100111 }
b111100 ,
b111100 W
b111100 {
b111100 |
b1001 i
b1001 [
b1001 %
b1001 w
b10110 j
b10110 \
b10110 '
b10110 v
b100111 k
b100111 ]
b100111 )
b100111 u
b111100 l
b111100 ^
b111100 +
b111100 t
b1 !
b1 N
b1 g
b1 p
b10 "
b10 O
b10 f
b10 o
b11 #
b11 P
b11 e
b11 n
b100 $
b100 Q
b100 d
b100 m
14
#130900
04
b101 ?
b101 c
b101 C
#130950
b10110010 h
b10010 &
b10010 T
b10010 x
b10010 !"
b100001 (
b100001 U
b100001 y
b100001 ~
b110100 *
b110100 V
b110100 z
b110100 }
b1001011 ,
b1001011 W
b1001011 {
b1001011 |
b10010 i
b10010 [
b10010 %
b10010 w
b100001 j
b100001 \
b100001 '
b100001 v
b110100 k
b110100 ]
b110100 )
b110100 u
b1001011 l
b1001011 ^
b1001011 +
b1001011 t
b10 !
b10 N
b10 g
b10 p
b11 "
b11 O
b11 f
b11 o
b100 #
b100 P
b100 e
b100 n
b101 $
b101 Q
b101 d
b101 m
14
#131000
04
b110 ?
b110 c
b110 C
#131050
b11100010 h
b11011 &
b11011 T
b11011 x
b11011 !"
b101100 (
b101100 U
b101100 y
b101100 ~
b1000001 *
b1000001 V
b1000001 z
b1000001 }
b1011010 ,
b1011010 W
b1011010 {
b1011010 |
b11011 i
b11011 [
b11011 %
b11011 w
b101100 j
b101100 \
b101100 '
b101100 v
b1000001 k
b1000001 ]
b1000001 )
b1000001 u
b1011010 l
b1011010 ^
b1011010 +
b1011010 t
b11 !
b11 N
b11 g
b11 p
b100 "
b100 O
b100 f
b100 o
b101 #
b101 P
b101 e
b101 n
b110 $
b110 Q
b110 d
b110 m
14
#131100
04
b111 ?
b111 c
b111 C
#131150
b100010010 h
b100100 &
b100100 T
b100100 x
b100100 !"
b110111 (
b110111 U
b110111 y
b110111 ~
b1001110 *
b1001110 V
b1001110 z
b1001110 }
b1101001 ,
b1101001 W
b1101001 {
b1101001 |
b100100 i
b100100 [
b100100 %
b100100 w
b110111 j
b110111 \
b110111 '
b110111 v
b1001110 k
b1001110 ]
b1001110 )
b1001110 u
b1101001 l
b1101001 ^
b1101001 +
b1101001 t
b100 !
b100 N
b100 g
b100 p
b101 "
b101 O
b101 f
b101 o
b110 #
b110 P
b110 e
b110 n
b111 $
b111 Q
b111 d
b111 m
14
#131200
04
b1000 ?
b1000 c
b1000 C
#131250
b101000010 h
b101101 &
b101101 T
b101101 x
b101101 !"
b1000010 (
b1000010 U
b1000010 y
b1000010 ~
b1011011 *
b1011011 V
b1011011 z
b1011011 }
b1111000 ,
b1111000 W
b1111000 {
b1111000 |
b101101 i
b101101 [
b101101 %
b101101 w
b1000010 j
b1000010 \
b1000010 '
b1000010 v
b1011011 k
b1011011 ]
b1011011 )
b1011011 u
b1111000 l
b1111000 ^
b1111000 +
b1111000 t
b101 !
b101 N
b101 g
b101 p
b110 "
b110 O
b110 f
b110 o
b111 #
b111 P
b111 e
b111 n
b1000 $
b1000 Q
b1000 d
b1000 m
14
#131300
04
b1001 ?
b1001 c
b1001 C
#131350
b101110010 h
b110110 &
b110110 T
b110110 x
b110110 !"
b1001101 (
b1001101 U
b1001101 y
b1001101 ~
b1101000 *
b1101000 V
b1101000 z
b1101000 }
b10000111 ,
b10000111 W
b10000111 {
b10000111 |
b110110 i
b110110 [
b110110 %
b110110 w
b1001101 j
b1001101 \
b1001101 '
b1001101 v
b1101000 k
b1101000 ]
b1101000 )
b1101000 u
b10000111 l
b10000111 ^
b10000111 +
b10000111 t
b110 !
b110 N
b110 g
b110 p
b111 "
b111 O
b111 f
b111 o
b1000 #
b1000 P
b1000 e
b1000 n
b1001 $
b1001 Q
b1001 d
b1001 m
14
#131400
04
b1010 ?
b1010 c
b1010 C
#131450
b110100010 h
b111111 &
b111111 T
b111111 x
b111111 !"
b1011000 (
b1011000 U
b1011000 y
b1011000 ~
b1110101 *
b1110101 V
b1110101 z
b1110101 }
b10010110 ,
b10010110 W
b10010110 {
b10010110 |
b111111 i
b111111 [
b111111 %
b111111 w
b1011000 j
b1011000 \
b1011000 '
b1011000 v
b1110101 k
b1110101 ]
b1110101 )
b1110101 u
b10010110 l
b10010110 ^
b10010110 +
b10010110 t
b111 !
b111 N
b111 g
b111 p
b1000 "
b1000 O
b1000 f
b1000 o
b1001 #
b1001 P
b1001 e
b1001 n
b1010 $
b1010 Q
b1010 d
b1010 m
14
#131500
04
b1011 ?
b1011 c
b1011 C
#131550
b111010010 h
b1001000 &
b1001000 T
b1001000 x
b1001000 !"
b1100011 (
b1100011 U
b1100011 y
b1100011 ~
b10000010 *
b10000010 V
b10000010 z
b10000010 }
b10100101 ,
b10100101 W
b10100101 {
b10100101 |
b1001000 i
b1001000 [
b1001000 %
b1001000 w
b1100011 j
b1100011 \
b1100011 '
b1100011 v
b10000010 k
b10000010 ]
b10000010 )
b10000010 u
b10100101 l
b10100101 ^
b10100101 +
b10100101 t
b1000 !
b1000 N
b1000 g
b1000 p
b1001 "
b1001 O
b1001 f
b1001 o
b1010 #
b1010 P
b1010 e
b1010 n
b1011 $
b1011 Q
b1011 d
b1011 m
14
#131600
04
b1100 ?
b1100 c
b1100 C
#131650
b1000000010 h
b1010001 &
b1010001 T
b1010001 x
b1010001 !"
b1101110 (
b1101110 U
b1101110 y
b1101110 ~
b10001111 *
b10001111 V
b10001111 z
b10001111 }
b10110100 ,
b10110100 W
b10110100 {
b10110100 |
b1010001 i
b1010001 [
b1010001 %
b1010001 w
b1101110 j
b1101110 \
b1101110 '
b1101110 v
b10001111 k
b10001111 ]
b10001111 )
b10001111 u
b10110100 l
b10110100 ^
b10110100 +
b10110100 t
b1001 !
b1001 N
b1001 g
b1001 p
b1010 "
b1010 O
b1010 f
b1010 o
b1011 #
b1011 P
b1011 e
b1011 n
b1100 $
b1100 Q
b1100 d
b1100 m
14
#131700
04
b1101 ?
b1101 c
b1101 C
#131750
b1000110010 h
b1011010 &
b1011010 T
b1011010 x
b1011010 !"
b1111001 (
b1111001 U
b1111001 y
b1111001 ~
b10011100 *
b10011100 V
b10011100 z
b10011100 }
b11000011 ,
b11000011 W
b11000011 {
b11000011 |
b1011010 i
b1011010 [
b1011010 %
b1011010 w
b1111001 j
b1111001 \
b1111001 '
b1111001 v
b10011100 k
b10011100 ]
b10011100 )
b10011100 u
b11000011 l
b11000011 ^
b11000011 +
b11000011 t
b1010 !
b1010 N
b1010 g
b1010 p
b1011 "
b1011 O
b1011 f
b1011 o
b1100 #
b1100 P
b1100 e
b1100 n
b1101 $
b1101 Q
b1101 d
b1101 m
14
#131800
04
b1110 ?
b1110 c
b1110 C
#131850
b1001100010 h
b1100011 &
b1100011 T
b1100011 x
b1100011 !"
b10000100 (
b10000100 U
b10000100 y
b10000100 ~
b10101001 *
b10101001 V
b10101001 z
b10101001 }
b11010010 ,
b11010010 W
b11010010 {
b11010010 |
b1100011 i
b1100011 [
b1100011 %
b1100011 w
b10000100 j
b10000100 \
b10000100 '
b10000100 v
b10101001 k
b10101001 ]
b10101001 )
b10101001 u
b11010010 l
b11010010 ^
b11010010 +
b11010010 t
b1011 !
b1011 N
b1011 g
b1011 p
b1100 "
b1100 O
b1100 f
b1100 o
b1101 #
b1101 P
b1101 e
b1101 n
b1110 $
b1110 Q
b1110 d
b1110 m
14
#131900
04
b1111 ?
b1111 c
b1111 C
#131950
b1010010010 h
b1101100 &
b1101100 T
b1101100 x
b1101100 !"
b10001111 (
b10001111 U
b10001111 y
b10001111 ~
b10110110 *
b10110110 V
b10110110 z
b10110110 }
b11100001 ,
b11100001 W
b11100001 {
b11100001 |
b1101100 i
b1101100 [
b1101100 %
b1101100 w
b10001111 j
b10001111 \
b10001111 '
b10001111 v
b10110110 k
b10110110 ]
b10110110 )
b10110110 u
b11100001 l
b11100001 ^
b11100001 +
b11100001 t
b1100 !
b1100 N
b1100 g
b1100 p
b1101 "
b1101 O
b1101 f
b1101 o
b1110 #
b1110 P
b1110 e
b1110 n
b1111 $
b1111 Q
b1111 d
b1111 m
14
#132000
04
b10000 C
#132050
b1010110011 h
b1110101 &
b1110101 T
b1110101 x
b1110101 !"
b10011010 (
b10011010 U
b10011010 y
b10011010 ~
b11000011 *
b11000011 V
b11000011 z
b11000011 }
b1110101 i
b1110101 [
b1110101 %
b1110101 w
b10011010 j
b10011010 \
b10011010 '
b10011010 v
b11000011 k
b11000011 ]
b11000011 )
b11000011 u
b1101 !
b1101 N
b1101 g
b1101 p
b1110 "
b1110 O
b1110 f
b1110 o
b1111 #
b1111 P
b1111 e
b1111 n
14
#132100
04
#132150
b1011000111 h
b1111110 &
b1111110 T
b1111110 x
b1111110 !"
b10100101 (
b10100101 U
b10100101 y
b10100101 ~
b1111110 i
b1111110 [
b1111110 %
b1111110 w
b10100101 j
b10100101 \
b10100101 '
b10100101 v
b1110 !
b1110 N
b1110 g
b1110 p
b1111 "
b1111 O
b1111 f
b1111 o
14
#132200
04
#132250
b111 3
b111 Z
b11 2
b11 Y
b10000111 R
0S
11
b1011010000 h
1-
b10000000 M
b111 &
b111 T
b111 x
b111 !"
b10000111 i
b10000111 [
b10000111 %
b10000111 w
b1111 !
b1111 N
b1111 g
b1111 p
14
#132300
04
1=
17
#132350
14
#132400
b0 2
b0 Y
b0 3
b0 Z
b0 R
01
0-
b0 M
b10000111 &
b10000111 T
b10000111 x
b10000111 !"
04
b0 ?
b0 c
1>
0=
07
b10 $"
b10 8
b10 s
b111111 E
b111111 A
b111111 B
#132450
1X
1S
b111 3
b111 Z
b11 2
b11 Y
11
1-
b10000000 M
b0 h
b10000000 &
b10000000 T
b10000000 x
b10000000 !"
b0 (
b0 U
b0 y
b0 ~
b0 *
b0 V
b0 z
b0 }
b0 ,
b0 W
b0 {
b0 |
b0 i
b0 [
b0 %
b0 w
b0 j
b0 \
b0 '
b0 v
b0 k
b0 ]
b0 )
b0 u
b0 l
b0 ^
b0 +
b0 t
b0 !
b0 N
b0 g
b0 p
b0 "
b0 O
b0 f
b0 o
b0 #
b0 P
b0 e
b0 n
b0 $
b0 Q
b0 d
b0 m
14
#132500
04
b0 C
0>
#132550
14
#132600
04
b1 ?
b1 c
b1 C
1=
17
#132650
b1111 h
b10000000 &
b10000000 T
b10000000 x
b10000000 !"
b1111 ,
b1111 W
b1111 {
b1111 |
b1111 l
b1111 ^
b1111 +
b1111 t
b1 $
b1 Q
b1 d
b1 m
14
#132700
04
b10 ?
b10 c
b10 C
#132750
b101011 h
b10000000 &
b10000000 T
b10000000 x
b10000000 !"
b1101 *
b1101 V
b1101 z
b1101 }
b11110 ,
b11110 W
b11110 {
b11110 |
b1101 k
b1101 ]
b1101 )
b1101 u
b11110 l
b11110 ^
b11110 +
b11110 t
b1 #
b1 P
b1 e
b1 n
b10 $
b10 Q
b10 d
b10 m
14
#132800
04
b11 ?
b11 c
b11 C
#132850
b1010010 h
b10000000 &
b10000000 T
b10000000 x
b10000000 !"
b1011 (
b1011 U
b1011 y
b1011 ~
b11010 *
b11010 V
b11010 z
b11010 }
b101101 ,
b101101 W
b101101 {
b101101 |
b1011 j
b1011 \
b1011 '
b1011 v
b11010 k
b11010 ]
b11010 )
b11010 u
b101101 l
b101101 ^
b101101 +
b101101 t
b1 "
b1 O
b1 f
b1 o
b10 #
b10 P
b10 e
b10 n
b11 $
b11 Q
b11 d
b11 m
14
#132900
04
b100 ?
b100 c
b100 C
#132950
b1001 R
b10000010 h
b10001001 &
b10001001 T
b10001001 x
b10001001 !"
b10110 (
b10110 U
b10110 y
b10110 ~
b100111 *
b100111 V
b100111 z
b100111 }
b111100 ,
b111100 W
b111100 {
b111100 |
b1001 i
b1001 [
b1001 %
b1001 w
b10110 j
b10110 \
b10110 '
b10110 v
b100111 k
b100111 ]
b100111 )
b100111 u
b111100 l
b111100 ^
b111100 +
b111100 t
b1 !
b1 N
b1 g
b1 p
b10 "
b10 O
b10 f
b10 o
b11 #
b11 P
b11 e
b11 n
b100 $
b100 Q
b100 d
b100 m
14
#133000
04
b101 ?
b101 c
b101 C
#133050
b10010 R
b10110010 h
b10010010 &
b10010010 T
b10010010 x
b10010010 !"
b100001 (
b100001 U
b100001 y
b100001 ~
b110100 *
b110100 V
b110100 z
b110100 }
b1001011 ,
b1001011 W
b1001011 {
b1001011 |
b10010 i
b10010 [
b10010 %
b10010 w
b100001 j
b100001 \
b100001 '
b100001 v
b110100 k
b110100 ]
b110100 )
b110100 u
b1001011 l
b1001011 ^
b1001011 +
b1001011 t
b10 !
b10 N
b10 g
b10 p
b11 "
b11 O
b11 f
b11 o
b100 #
b100 P
b100 e
b100 n
b101 $
b101 Q
b101 d
b101 m
14
#133100
04
b110 ?
b110 c
b110 C
#133150
b11011 R
b11100010 h
b10011011 &
b10011011 T
b10011011 x
b10011011 !"
b101100 (
b101100 U
b101100 y
b101100 ~
b1000001 *
b1000001 V
b1000001 z
b1000001 }
b1011010 ,
b1011010 W
b1011010 {
b1011010 |
b11011 i
b11011 [
b11011 %
b11011 w
b101100 j
b101100 \
b101100 '
b101100 v
b1000001 k
b1000001 ]
b1000001 )
b1000001 u
b1011010 l
b1011010 ^
b1011010 +
b1011010 t
b11 !
b11 N
b11 g
b11 p
b100 "
b100 O
b100 f
b100 o
b101 #
b101 P
b101 e
b101 n
b110 $
b110 Q
b110 d
b110 m
14
#133200
04
b111 ?
b111 c
b111 C
#133250
b100100 R
b100010010 h
b10100100 &
b10100100 T
b10100100 x
b10100100 !"
b110111 (
b110111 U
b110111 y
b110111 ~
b1001110 *
b1001110 V
b1001110 z
b1001110 }
b1101001 ,
b1101001 W
b1101001 {
b1101001 |
b100100 i
b100100 [
b100100 %
b100100 w
b110111 j
b110111 \
b110111 '
b110111 v
b1001110 k
b1001110 ]
b1001110 )
b1001110 u
b1101001 l
b1101001 ^
b1101001 +
b1101001 t
b100 !
b100 N
b100 g
b100 p
b101 "
b101 O
b101 f
b101 o
b110 #
b110 P
b110 e
b110 n
b111 $
b111 Q
b111 d
b111 m
14
#133300
04
b1000 ?
b1000 c
b1000 C
#133350
b101101 R
b101000010 h
b10101101 &
b10101101 T
b10101101 x
b10101101 !"
b1000010 (
b1000010 U
b1000010 y
b1000010 ~
b1011011 *
b1011011 V
b1011011 z
b1011011 }
b1111000 ,
b1111000 W
b1111000 {
b1111000 |
b101101 i
b101101 [
b101101 %
b101101 w
b1000010 j
b1000010 \
b1000010 '
b1000010 v
b1011011 k
b1011011 ]
b1011011 )
b1011011 u
b1111000 l
b1111000 ^
b1111000 +
b1111000 t
b101 !
b101 N
b101 g
b101 p
b110 "
b110 O
b110 f
b110 o
b111 #
b111 P
b111 e
b111 n
b1000 $
b1000 Q
b1000 d
b1000 m
14
#133400
04
b1001 ?
b1001 c
b1001 C
#133450
b110110 R
b101110010 h
b10110110 &
b10110110 T
b10110110 x
b10110110 !"
b1001101 (
b1001101 U
b1001101 y
b1001101 ~
b1101000 *
b1101000 V
b1101000 z
b1101000 }
b10000111 ,
b10000111 W
b10000111 {
b10000111 |
b110110 i
b110110 [
b110110 %
b110110 w
b1001101 j
b1001101 \
b1001101 '
b1001101 v
b1101000 k
b1101000 ]
b1101000 )
b1101000 u
b10000111 l
b10000111 ^
b10000111 +
b10000111 t
b110 !
b110 N
b110 g
b110 p
b111 "
b111 O
b111 f
b111 o
b1000 #
b1000 P
b1000 e
b1000 n
b1001 $
b1001 Q
b1001 d
b1001 m
14
#133500
04
b1010 ?
b1010 c
b1010 C
#133550
b111111 R
b110100010 h
b10111111 &
b10111111 T
b10111111 x
b10111111 !"
b1011000 (
b1011000 U
b1011000 y
b1011000 ~
b1110101 *
b1110101 V
b1110101 z
b1110101 }
b10010110 ,
b10010110 W
b10010110 {
b10010110 |
b111111 i
b111111 [
b111111 %
b111111 w
b1011000 j
b1011000 \
b1011000 '
b1011000 v
b1110101 k
b1110101 ]
b1110101 )
b1110101 u
b10010110 l
b10010110 ^
b10010110 +
b10010110 t
b111 !
b111 N
b111 g
b111 p
b1000 "
b1000 O
b1000 f
b1000 o
b1001 #
b1001 P
b1001 e
b1001 n
b1010 $
b1010 Q
b1010 d
b1010 m
14
#133600
04
b1011 ?
b1011 c
b1011 C
#133650
b1001000 R
b111010010 h
b11001000 &
b11001000 T
b11001000 x
b11001000 !"
b1100011 (
b1100011 U
b1100011 y
b1100011 ~
b10000010 *
b10000010 V
b10000010 z
b10000010 }
b10100101 ,
b10100101 W
b10100101 {
b10100101 |
b1001000 i
b1001000 [
b1001000 %
b1001000 w
b1100011 j
b1100011 \
b1100011 '
b1100011 v
b10000010 k
b10000010 ]
b10000010 )
b10000010 u
b10100101 l
b10100101 ^
b10100101 +
b10100101 t
b1000 !
b1000 N
b1000 g
b1000 p
b1001 "
b1001 O
b1001 f
b1001 o
b1010 #
b1010 P
b1010 e
b1010 n
b1011 $
b1011 Q
b1011 d
b1011 m
14
#133700
04
b1100 ?
b1100 c
b1100 C
#133750
b1010001 R
b1000000010 h
b11010001 &
b11010001 T
b11010001 x
b11010001 !"
b1101110 (
b1101110 U
b1101110 y
b1101110 ~
b10001111 *
b10001111 V
b10001111 z
b10001111 }
b10110100 ,
b10110100 W
b10110100 {
b10110100 |
b1010001 i
b1010001 [
b1010001 %
b1010001 w
b1101110 j
b1101110 \
b1101110 '
b1101110 v
b10001111 k
b10001111 ]
b10001111 )
b10001111 u
b10110100 l
b10110100 ^
b10110100 +
b10110100 t
b1001 !
b1001 N
b1001 g
b1001 p
b1010 "
b1010 O
b1010 f
b1010 o
b1011 #
b1011 P
b1011 e
b1011 n
b1100 $
b1100 Q
b1100 d
b1100 m
14
#133800
04
b1101 ?
b1101 c
b1101 C
#133850
b1011010 R
b1000110010 h
b11011010 &
b11011010 T
b11011010 x
b11011010 !"
b1111001 (
b1111001 U
b1111001 y
b1111001 ~
b10011100 *
b10011100 V
b10011100 z
b10011100 }
b11000011 ,
b11000011 W
b11000011 {
b11000011 |
b1011010 i
b1011010 [
b1011010 %
b1011010 w
b1111001 j
b1111001 \
b1111001 '
b1111001 v
b10011100 k
b10011100 ]
b10011100 )
b10011100 u
b11000011 l
b11000011 ^
b11000011 +
b11000011 t
b1010 !
b1010 N
b1010 g
b1010 p
b1011 "
b1011 O
b1011 f
b1011 o
b1100 #
b1100 P
b1100 e
b1100 n
b1101 $
b1101 Q
b1101 d
b1101 m
14
#133900
04
b1110 ?
b1110 c
b1110 C
#133950
b1100011 R
b1001100010 h
b11100011 &
b11100011 T
b11100011 x
b11100011 !"
b10000100 (
b10000100 U
b10000100 y
b10000100 ~
b10101001 *
b10101001 V
b10101001 z
b10101001 }
b11010010 ,
b11010010 W
b11010010 {
b11010010 |
b1100011 i
b1100011 [
b1100011 %
b1100011 w
b10000100 j
b10000100 \
b10000100 '
b10000100 v
b10101001 k
b10101001 ]
b10101001 )
b10101001 u
b11010010 l
b11010010 ^
b11010010 +
b11010010 t
b1011 !
b1011 N
b1011 g
b1011 p
b1100 "
b1100 O
b1100 f
b1100 o
b1101 #
b1101 P
b1101 e
b1101 n
b1110 $
b1110 Q
b1110 d
b1110 m
14
#134000
04
b1111 ?
b1111 c
b1111 C
#134050
b1101100 R
b1010010010 h
b11101100 &
b11101100 T
b11101100 x
b11101100 !"
b10001111 (
b10001111 U
b10001111 y
b10001111 ~
b10110110 *
b10110110 V
b10110110 z
b10110110 }
b11100001 ,
b11100001 W
b11100001 {
b11100001 |
b1101100 i
b1101100 [
b1101100 %
b1101100 w
b10001111 j
b10001111 \
b10001111 '
b10001111 v
b10110110 k
b10110110 ]
b10110110 )
b10110110 u
b11100001 l
b11100001 ^
b11100001 +
b11100001 t
b1100 !
b1100 N
b1100 g
b1100 p
b1101 "
b1101 O
b1101 f
b1101 o
b1110 #
b1110 P
b1110 e
b1110 n
b1111 $
b1111 Q
b1111 d
b1111 m
14
#134100
04
b10000 C
#134150
b1110101 R
b1010110011 h
b11110101 &
b11110101 T
b11110101 x
b11110101 !"
b10011010 (
b10011010 U
b10011010 y
b10011010 ~
b11000011 *
b11000011 V
b11000011 z
b11000011 }
b1110101 i
b1110101 [
b1110101 %
b1110101 w
b10011010 j
b10011010 \
b10011010 '
b10011010 v
b11000011 k
b11000011 ]
b11000011 )
b11000011 u
b1101 !
b1101 N
b1101 g
b1101 p
b1110 "
b1110 O
b1110 f
b1110 o
b1111 #
b1111 P
b1111 e
b1111 n
14
#134200
04
#134250
b1111110 R
b1011000111 h
b11111110 &
b11111110 T
b11111110 x
b11111110 !"
b10100101 (
b10100101 U
b10100101 y
b10100101 ~
b1111110 i
b1111110 [
b1111110 %
b1111110 w
b10100101 j
b10100101 \
b10100101 '
b10100101 v
b1110 !
b1110 N
b1110 g
b1110 p
b1111 "
b1111 O
b1111 f
b1111 o
14
#134300
04
#134350
b0 2
b0 Y
b0 3
b0 Z
0S
b0 R
0X
01
b1011010000 h
0-
b0 M
b10000111 &
b10000111 T
b10000111 x
b10000111 !"
b10000111 i
b10000111 [
b10000111 %
b10000111 w
b1111 !
b1111 N
b1111 g
b1111 p
14
#134400
04
#134450
14
#134500
04
b100 D
b1000 @
b0 8
b0 s
b1000000 E
b1000000 A
b1000000 B
