+ define_corners nom_ff_n40C_1v95
Reading timing models for corner nom_ff_n40C_1v95…
Reading cell library for the 'nom_ff_n40C_1v95' corner at '/Users/balliprincephilomon/.ciel/ciel/sky130/versions/8afc8346a57fe1ab7934ba5a6056ea8b43078e71/sky130A/libs.ref/sky130_fd_sc_hd/lib/sky130_fd_sc_hd__ff_n40C_1v95.lib'…
Reading top-level netlist at '/Users/balliprincephilomon/Prince/Self_diagnosis_FIR/physical_design/runs/RUN_2026-09-18_23-04-08/52-openroad-fillinsertion/self_diagnosing_fir.nl.v'…
Linking design 'self_diagnosing_fir' from netlist…
Warning: /Users/balliprincephilomon/Prince/Self_diagnosis_FIR/physical_design/runs/RUN_2026-09-18_23-04-08/52-openroad-fillinsertion/self_diagnosing_fir.nl.v line 530, module sky130_fd_sc_hd__fill_2 not found. Creating black box for FILLER_0_138.
Warning: /Users/balliprincephilomon/Prince/Self_diagnosis_FIR/physical_design/runs/RUN_2026-09-18_23-04-08/52-openroad-fillinsertion/self_diagnosing_fir.nl.v line 531, module sky130_fd_sc_hd__fill_1 not found. Creating black box for FILLER_0_150.
Warning: /Users/balliprincephilomon/Prince/Self_diagnosis_FIR/physical_design/runs/RUN_2026-09-18_23-04-08/52-openroad-fillinsertion/self_diagnosing_fir.nl.v line 1472, module sky130_fd_sc_hd__tapvpwrvgnd_1 not found. Creating black box for TAP_TAPCELL_ROW_0_68.
Reading design constraints file at '/nix/store/ljb503jj13ih6kqgymr6k5ac4k23cps5-python3-3.13.9-env/lib/python3.13/site-packages/librelane/scripts/base.sdc'…
[INFO] Using clock clk…
[INFO] Setting output delay to: 2.0
[INFO] Setting input delay to: 2.0
[INFO] Setting load to: 0.033442
[INFO] Setting clock uncertainty to: 0.25
[INFO] Setting clock transition to: 0.1499999999999999944488848768742172978818416595458984375
[INFO] Setting timing derate to: 5.0%
Reading top-level design parasitics for the 'nom_ff_n40C_1v95' corner at '/Users/balliprincephilomon/Prince/Self_diagnosis_FIR/physical_design/runs/RUN_2026-09-18_23-04-08/54-openroad-rcx/nom/self_diagnosing_fir.nom.spef'…
%OL_CREATE_REPORT min.rpt

===========================================================================
report_checks -path_delay min (Hold)
============================================================================
======================= nom_ff_n40C_1v95 Corner ===================================

Startpoint: _773_ (rising edge-triggered flip-flop clocked by clk)
Endpoint: _750_ (rising edge-triggered flip-flop clocked by clk)
Path Group: clk
Path Type: min

Fanout         Cap        Slew       Delay        Time   Description
---------------------------------------------------------------------------------------------
                                  0.000000    0.000000   clock clk (rise edge)
                                  0.000000    0.000000   clock source latency
     1    0.014926    0.054748    0.035603    0.035603 ^ clk (in)
                                                         clk (net)
                      0.054780    0.000000    0.035603 ^ clkbuf_0_clk/A (sky130_fd_sc_hd__clkbuf_16)
     4    0.040904    0.045774    0.098916    0.134519 ^ clkbuf_0_clk/X (sky130_fd_sc_hd__clkbuf_16)
                                                         clknet_0_clk (net)
                      0.045795    0.000813    0.135332 ^ clkbuf_2_2__f_clk/A (sky130_fd_sc_hd__clkbuf_16)
     9    0.026373    0.035529    0.088400    0.223732 ^ clkbuf_2_2__f_clk/X (sky130_fd_sc_hd__clkbuf_16)
                                                         clknet_2_2__leaf_clk (net)
                      0.035551    0.000753    0.224485 ^ _773_/CLK (sky130_fd_sc_hd__dfxtp_2)
     3    0.008460    0.040056    0.193952    0.418437 ^ _773_/Q (sky130_fd_sc_hd__dfxtp_2)
                                                         controller.state[4] (net)
                      0.040057    0.000251    0.418687 ^ _720_/B (sky130_fd_sc_hd__or4_2)
     2    0.011048    0.047894    0.089198    0.507886 ^ _720_/X (sky130_fd_sc_hd__or4_2)
                                                         _359_ (net)
                      0.047898    0.000440    0.508326 ^ _724_/A1 (sky130_fd_sc_hd__o21a_2)
     1    0.002078    0.017925    0.070444    0.578770 ^ _724_/X (sky130_fd_sc_hd__o21a_2)
                                                         _014_ (net)
                      0.017925    0.000038    0.578808 ^ _750_/D (sky130_fd_sc_hd__dfxtp_2)
                                              0.578808   data arrival time

                                  0.000000    0.000000   clock clk (rise edge)
                                  0.000000    0.000000   clock source latency
     1    0.014926    0.054748    0.039350    0.039350 ^ clk (in)
                                                         clk (net)
                      0.054780    0.000000    0.039350 ^ clkbuf_0_clk/A (sky130_fd_sc_hd__clkbuf_16)
     4    0.040904    0.045774    0.109328    0.148679 ^ clkbuf_0_clk/X (sky130_fd_sc_hd__clkbuf_16)
                                                         clknet_0_clk (net)
                      0.045801    0.001013    0.149692 ^ clkbuf_2_0__f_clk/A (sky130_fd_sc_hd__clkbuf_16)
     9    0.025742    0.035100    0.097085    0.246777 ^ clkbuf_2_0__f_clk/X (sky130_fd_sc_hd__clkbuf_16)
                                                         clknet_2_0__leaf_clk (net)
                      0.035109    0.000583    0.247360 ^ _750_/CLK (sky130_fd_sc_hd__dfxtp_2)
                                  0.250000    0.497360   clock uncertainty
                                 -0.014160    0.483200   clock reconvergence pessimism
                                 -0.016277    0.466923   library hold time
                                              0.466923   data required time
---------------------------------------------------------------------------------------------
                                              0.466923   data required time
                                             -0.578808   data arrival time
---------------------------------------------------------------------------------------------
                                              0.111885   slack (MET)


Startpoint: _762_ (rising edge-triggered flip-flop clocked by clk)
Endpoint: _766_ (rising edge-triggered flip-flop clocked by clk)
Path Group: clk
Path Type: min

Fanout         Cap        Slew       Delay        Time   Description
---------------------------------------------------------------------------------------------
                                  0.000000    0.000000   clock clk (rise edge)
                                  0.000000    0.000000   clock source latency
     1    0.014926    0.054748    0.035603    0.035603 ^ clk (in)
                                                         clk (net)
                      0.054780    0.000000    0.035603 ^ clkbuf_0_clk/A (sky130_fd_sc_hd__clkbuf_16)
     4    0.040904    0.045774    0.098916    0.134519 ^ clkbuf_0_clk/X (sky130_fd_sc_hd__clkbuf_16)
                                                         clknet_0_clk (net)
                      0.045800    0.000891    0.135409 ^ clkbuf_2_3__f_clk/A (sky130_fd_sc_hd__clkbuf_16)
     9    0.025163    0.034695    0.087455    0.222865 ^ clkbuf_2_3__f_clk/X (sky130_fd_sc_hd__clkbuf_16)
                                                         clknet_2_3__leaf_clk (net)
                      0.034725    0.000828    0.223692 ^ _762_/CLK (sky130_fd_sc_hd__dfxtp_2)
    10    0.035230    0.064537    0.227454    0.451147 v _762_/Q (sky130_fd_sc_hd__dfxtp_2)
                                                         diagnostic.x2[1] (net)
                      0.064552    0.000887    0.452034 v _745_/A (sky130_fd_sc_hd__and2_2)
     1    0.002406    0.023760    0.106661    0.558696 v _745_/X (sky130_fd_sc_hd__and2_2)
                                                         _030_ (net)
                      0.023760    0.000065    0.558761 v _766_/D (sky130_fd_sc_hd__dfxtp_2)
                                              0.558761   data arrival time

                                  0.000000    0.000000   clock clk (rise edge)
                                  0.000000    0.000000   clock source latency
     1    0.014926    0.054748    0.039350    0.039350 ^ clk (in)
                                                         clk (net)
                      0.054780    0.000000    0.039350 ^ clkbuf_0_clk/A (sky130_fd_sc_hd__clkbuf_16)
     4    0.040904    0.045774    0.109328    0.148679 ^ clkbuf_0_clk/X (sky130_fd_sc_hd__clkbuf_16)
                                                         clknet_0_clk (net)
                      0.045800    0.000984    0.149663 ^ clkbuf_2_3__f_clk/A (sky130_fd_sc_hd__clkbuf_16)
     9    0.025163    0.034695    0.096661    0.246324 ^ clkbuf_2_3__f_clk/X (sky130_fd_sc_hd__clkbuf_16)
                                                         clknet_2_3__leaf_clk (net)
                      0.034704    0.000565    0.246889 ^ _766_/CLK (sky130_fd_sc_hd__dfxtp_2)
                                  0.250000    0.496889   clock uncertainty
                                 -0.023459    0.473430   clock reconvergence pessimism
                                 -0.031885    0.441544   library hold time
                                              0.441544   data required time
---------------------------------------------------------------------------------------------
                                              0.441544   data required time
                                             -0.558761   data arrival time
---------------------------------------------------------------------------------------------
                                              0.117216   slack (MET)


Startpoint: _758_ (rising edge-triggered flip-flop clocked by clk)
Endpoint: _762_ (rising edge-triggered flip-flop clocked by clk)
Path Group: clk
Path Type: min

Fanout         Cap        Slew       Delay        Time   Description
---------------------------------------------------------------------------------------------
                                  0.000000    0.000000   clock clk (rise edge)
                                  0.000000    0.000000   clock source latency
     1    0.014926    0.054748    0.035603    0.035603 ^ clk (in)
                                                         clk (net)
                      0.054780    0.000000    0.035603 ^ clkbuf_0_clk/A (sky130_fd_sc_hd__clkbuf_16)
     4    0.040904    0.045774    0.098916    0.134519 ^ clkbuf_0_clk/X (sky130_fd_sc_hd__clkbuf_16)
                                                         clknet_0_clk (net)
                      0.045797    0.000847    0.135366 ^ clkbuf_2_1__f_clk/A (sky130_fd_sc_hd__clkbuf_16)
     9    0.024129    0.033975    0.086906    0.222271 ^ clkbuf_2_1__f_clk/X (sky130_fd_sc_hd__clkbuf_16)
                                                         clknet_2_1__leaf_clk (net)
                      0.033983    0.000445    0.222716 ^ _758_/CLK (sky130_fd_sc_hd__dfxtp_2)
    10    0.042408    0.075569    0.234870    0.457586 v _758_/Q (sky130_fd_sc_hd__dfxtp_2)
                                                         diagnostic.x1[1] (net)
                      0.075585    0.001043    0.458629 v _741_/A (sky130_fd_sc_hd__and2_2)
     1    0.002216    0.023439    0.110410    0.569039 v _741_/X (sky130_fd_sc_hd__and2_2)
                                                         _026_ (net)
                      0.023439    0.000058    0.569097 v _762_/D (sky130_fd_sc_hd__dfxtp_2)
                                              0.569097   data arrival time

                                  0.000000    0.000000   clock clk (rise edge)
                                  0.000000    0.000000   clock source latency
     1    0.014926    0.054748    0.039350    0.039350 ^ clk (in)
                                                         clk (net)
                      0.054780    0.000000    0.039350 ^ clkbuf_0_clk/A (sky130_fd_sc_hd__clkbuf_16)
     4    0.040904    0.045774    0.109328    0.148679 ^ clkbuf_0_clk/X (sky130_fd_sc_hd__clkbuf_16)
                                                         clknet_0_clk (net)
                      0.045800    0.000984    0.149663 ^ clkbuf_2_3__f_clk/A (sky130_fd_sc_hd__clkbuf_16)
     9    0.025163    0.034695    0.096661    0.246324 ^ clkbuf_2_3__f_clk/X (sky130_fd_sc_hd__clkbuf_16)
                                                         clknet_2_3__leaf_clk (net)
                      0.034725    0.000915    0.247239 ^ _762_/CLK (sky130_fd_sc_hd__dfxtp_2)
                                  0.250000    0.497239   clock uncertainty
                                 -0.014160    0.483079   clock reconvergence pessimism
                                 -0.031776    0.451303   library hold time
                                              0.451303   data required time
---------------------------------------------------------------------------------------------
                                              0.451303   data required time
                                             -0.569097   data arrival time
---------------------------------------------------------------------------------------------
                                              0.117794   slack (MET)


Startpoint: _751_ (rising edge-triggered flip-flop clocked by clk)
Endpoint: _757_ (rising edge-triggered flip-flop clocked by clk)
Path Group: clk
Path Type: min

Fanout         Cap        Slew       Delay        Time   Description
---------------------------------------------------------------------------------------------
                                  0.000000    0.000000   clock clk (rise edge)
                                  0.000000    0.000000   clock source latency
     1    0.014926    0.054748    0.035603    0.035603 ^ clk (in)
                                                         clk (net)
                      0.054780    0.000000    0.035603 ^ clkbuf_0_clk/A (sky130_fd_sc_hd__clkbuf_16)
     4    0.040904    0.045774    0.098916    0.134519 ^ clkbuf_0_clk/X (sky130_fd_sc_hd__clkbuf_16)
                                                         clknet_0_clk (net)
                      0.045797    0.000847    0.135366 ^ clkbuf_2_1__f_clk/A (sky130_fd_sc_hd__clkbuf_16)
     9    0.024129    0.033975    0.086906    0.222271 ^ clkbuf_2_1__f_clk/X (sky130_fd_sc_hd__clkbuf_16)
                                                         clknet_2_1__leaf_clk (net)
                      0.033982    0.000435    0.222706 ^ _751_/CLK (sky130_fd_sc_hd__dfxtp_2)
     9    0.036650    0.066993    0.228943    0.451649 v _751_/Q (sky130_fd_sc_hd__dfxtp_2)
                                                         diagnostic.x0[0] (net)
                      0.067007    0.000891    0.452540 v _736_/A (sky130_fd_sc_hd__and2_2)
     1    0.002488    0.023915    0.107844    0.560384 v _736_/X (sky130_fd_sc_hd__and2_2)
                                                         _021_ (net)
                      0.023915    0.000069    0.560452 v _757_/D (sky130_fd_sc_hd__dfxtp_2)
                                              0.560452   data arrival time

                                  0.000000    0.000000   clock clk (rise edge)
                                  0.000000    0.000000   clock source latency
     1    0.014926    0.054748    0.039350    0.039350 ^ clk (in)
                                                         clk (net)
                      0.054780    0.000000    0.039350 ^ clkbuf_0_clk/A (sky130_fd_sc_hd__clkbuf_16)
     4    0.040904    0.045774    0.109328    0.148679 ^ clkbuf_0_clk/X (sky130_fd_sc_hd__clkbuf_16)
                                                         clknet_0_clk (net)
                      0.045797    0.000936    0.149615 ^ clkbuf_2_1__f_clk/A (sky130_fd_sc_hd__clkbuf_16)
     9    0.024129    0.033975    0.096054    0.245668 ^ clkbuf_2_1__f_clk/X (sky130_fd_sc_hd__clkbuf_16)
                                                         clknet_2_1__leaf_clk (net)
                      0.033983    0.000509    0.246177 ^ _757_/CLK (sky130_fd_sc_hd__dfxtp_2)
                                  0.250000    0.496177   clock uncertainty
                                 -0.023397    0.472780   clock reconvergence pessimism
                                 -0.032008    0.440772   library hold time
                                              0.440772   data required time
---------------------------------------------------------------------------------------------
                                              0.440772   data required time
                                             -0.560452   data arrival time
---------------------------------------------------------------------------------------------
                                              0.119680   slack (MET)


Startpoint: _752_ (rising edge-triggered flip-flop clocked by clk)
Endpoint: _758_ (rising edge-triggered flip-flop clocked by clk)
Path Group: clk
Path Type: min

Fanout         Cap        Slew       Delay        Time   Description
---------------------------------------------------------------------------------------------
                                  0.000000    0.000000   clock clk (rise edge)
                                  0.000000    0.000000   clock source latency
     1    0.014926    0.054748    0.035603    0.035603 ^ clk (in)
                                                         clk (net)
                      0.054780    0.000000    0.035603 ^ clkbuf_0_clk/A (sky130_fd_sc_hd__clkbuf_16)
     4    0.040904    0.045774    0.098916    0.134519 ^ clkbuf_0_clk/X (sky130_fd_sc_hd__clkbuf_16)
                                                         clknet_0_clk (net)
                      0.045797    0.000847    0.135366 ^ clkbuf_2_1__f_clk/A (sky130_fd_sc_hd__clkbuf_16)
     9    0.024129    0.033975    0.086906    0.222271 ^ clkbuf_2_1__f_clk/X (sky130_fd_sc_hd__clkbuf_16)
                                                         clknet_2_1__leaf_clk (net)
                      0.033991    0.000593    0.222865 ^ _752_/CLK (sky130_fd_sc_hd__dfxtp_2)
     9    0.037882    0.068534    0.230409    0.453273 v _752_/Q (sky130_fd_sc_hd__dfxtp_2)
                                                         diagnostic.x0[1] (net)
                      0.068536    0.000455    0.453728 v _737_/A (sky130_fd_sc_hd__and2_2)
     1    0.002230    0.023448    0.107718    0.561446 v _737_/X (sky130_fd_sc_hd__and2_2)
                                                         _022_ (net)
                      0.023448    0.000041    0.561487 v _758_/D (sky130_fd_sc_hd__dfxtp_2)
                                              0.561487   data arrival time

                                  0.000000    0.000000   clock clk (rise edge)
                                  0.000000    0.000000   clock source latency
     1    0.014926    0.054748    0.039350    0.039350 ^ clk (in)
                                                         clk (net)
                      0.054780    0.000000    0.039350 ^ clkbuf_0_clk/A (sky130_fd_sc_hd__clkbuf_16)
     4    0.040904    0.045774    0.109328    0.148679 ^ clkbuf_0_clk/X (sky130_fd_sc_hd__clkbuf_16)
                                                         clknet_0_clk (net)
                      0.045797    0.000936    0.149615 ^ clkbuf_2_1__f_clk/A (sky130_fd_sc_hd__clkbuf_16)
     9    0.024129    0.033975    0.096054    0.245668 ^ clkbuf_2_1__f_clk/X (sky130_fd_sc_hd__clkbuf_16)
                                                         clknet_2_1__leaf_clk (net)
                      0.033983    0.000492    0.246160 ^ _758_/CLK (sky130_fd_sc_hd__dfxtp_2)
                                  0.250000    0.496160   clock uncertainty
                                 -0.023397    0.472763   clock reconvergence pessimism
                                 -0.031853    0.440911   library hold time
                                              0.440911   data required time
---------------------------------------------------------------------------------------------
                                              0.440911   data required time
                                             -0.561487   data arrival time
---------------------------------------------------------------------------------------------
                                              0.120577   slack (MET)


Startpoint: _754_ (rising edge-triggered flip-flop clocked by clk)
Endpoint: _760_ (rising edge-triggered flip-flop clocked by clk)
Path Group: clk
Path Type: min

Fanout         Cap        Slew       Delay        Time   Description
---------------------------------------------------------------------------------------------
                                  0.000000    0.000000   clock clk (rise edge)
                                  0.000000    0.000000   clock source latency
     1    0.014926    0.054748    0.035603    0.035603 ^ clk (in)
                                                         clk (net)
                      0.054780    0.000000    0.035603 ^ clkbuf_0_clk/A (sky130_fd_sc_hd__clkbuf_16)
     4    0.040904    0.045774    0.098916    0.134519 ^ clkbuf_0_clk/X (sky130_fd_sc_hd__clkbuf_16)
                                                         clknet_0_clk (net)
                      0.045797    0.000847    0.135366 ^ clkbuf_2_1__f_clk/A (sky130_fd_sc_hd__clkbuf_16)
     9    0.024129    0.033975    0.086906    0.222271 ^ clkbuf_2_1__f_clk/X (sky130_fd_sc_hd__clkbuf_16)
                                                         clknet_2_1__leaf_clk (net)
                      0.033987    0.000530    0.222802 ^ _754_/CLK (sky130_fd_sc_hd__dfxtp_2)
     8    0.036135    0.066149    0.228455    0.451257 v _754_/Q (sky130_fd_sc_hd__dfxtp_2)
                                                         diagnostic.x0[3] (net)
                      0.066156    0.000686    0.451943 v _739_/A (sky130_fd_sc_hd__and2_2)
     1    0.003370    0.025495    0.109971    0.561914 v _739_/X (sky130_fd_sc_hd__and2_2)
                                                         _024_ (net)
                      0.025495    0.000105    0.562019 v _760_/D (sky130_fd_sc_hd__dfxtp_2)
                                              0.562019   data arrival time

                                  0.000000    0.000000   clock clk (rise edge)
                                  0.000000    0.000000   clock source latency
     1    0.014926    0.054748    0.039350    0.039350 ^ clk (in)
                                                         clk (net)
                      0.054780    0.000000    0.039350 ^ clkbuf_0_clk/A (sky130_fd_sc_hd__clkbuf_16)
     4    0.040904    0.045774    0.109328    0.148679 ^ clkbuf_0_clk/X (sky130_fd_sc_hd__clkbuf_16)
                                                         clknet_0_clk (net)
                      0.045797    0.000936    0.149615 ^ clkbuf_2_1__f_clk/A (sky130_fd_sc_hd__clkbuf_16)
     9    0.024129    0.033975    0.096054    0.245668 ^ clkbuf_2_1__f_clk/X (sky130_fd_sc_hd__clkbuf_16)
                                                         clknet_2_1__leaf_clk (net)
                      0.033982    0.000479    0.246147 ^ _760_/CLK (sky130_fd_sc_hd__dfxtp_2)
                                  0.250000    0.496147   clock uncertainty
                                 -0.023397    0.472750   clock reconvergence pessimism
                                 -0.032534    0.440216   library hold time
                                              0.440216   data required time
---------------------------------------------------------------------------------------------
                                              0.440216   data required time
                                             -0.562019   data arrival time
---------------------------------------------------------------------------------------------
                                              0.121802   slack (MET)


Startpoint: _773_ (rising edge-triggered flip-flop clocked by clk)
Endpoint: _749_ (rising edge-triggered flip-flop clocked by clk)
Path Group: clk
Path Type: min

Fanout         Cap        Slew       Delay        Time   Description
---------------------------------------------------------------------------------------------
                                  0.000000    0.000000   clock clk (rise edge)
                                  0.000000    0.000000   clock source latency
     1    0.014926    0.054748    0.035603    0.035603 ^ clk (in)
                                                         clk (net)
                      0.054780    0.000000    0.035603 ^ clkbuf_0_clk/A (sky130_fd_sc_hd__clkbuf_16)
     4    0.040904    0.045774    0.098916    0.134519 ^ clkbuf_0_clk/X (sky130_fd_sc_hd__clkbuf_16)
                                                         clknet_0_clk (net)
                      0.045795    0.000813    0.135332 ^ clkbuf_2_2__f_clk/A (sky130_fd_sc_hd__clkbuf_16)
     9    0.026373    0.035529    0.088400    0.223732 ^ clkbuf_2_2__f_clk/X (sky130_fd_sc_hd__clkbuf_16)
                                                         clknet_2_2__leaf_clk (net)
                      0.035551    0.000753    0.224485 ^ _773_/CLK (sky130_fd_sc_hd__dfxtp_2)
     3    0.008460    0.040056    0.193952    0.418437 ^ _773_/Q (sky130_fd_sc_hd__dfxtp_2)
                                                         controller.state[4] (net)
                      0.040057    0.000251    0.418687 ^ _720_/B (sky130_fd_sc_hd__or4_2)
     2    0.011048    0.047894    0.089198    0.507886 ^ _720_/X (sky130_fd_sc_hd__or4_2)
                                                         _359_ (net)
                      0.047898    0.000452    0.508338 ^ _721_/C (sky130_fd_sc_hd__nor3_2)
     2    0.010975    0.026915    0.032092    0.540430 v _721_/Y (sky130_fd_sc_hd__nor3_2)
                                                         _360_ (net)
                      0.026934    0.000514    0.540944 v _722_/B (sky130_fd_sc_hd__nor2_2)
     1    0.003565    0.048592    0.046650    0.587594 ^ _722_/Y (sky130_fd_sc_hd__nor2_2)
                                                         _013_ (net)
                      0.048592    0.000106    0.587700 ^ _749_/D (sky130_fd_sc_hd__dfxtp_2)
                                              0.587700   data arrival time

                                  0.000000    0.000000   clock clk (rise edge)
                                  0.000000    0.000000   clock source latency
     1    0.014926    0.054748    0.039350    0.039350 ^ clk (in)
                                                         clk (net)
                      0.054780    0.000000    0.039350 ^ clkbuf_0_clk/A (sky130_fd_sc_hd__clkbuf_16)
     4    0.040904    0.045774    0.109328    0.148679 ^ clkbuf_0_clk/X (sky130_fd_sc_hd__clkbuf_16)
                                                         clknet_0_clk (net)
                      0.045801    0.001013    0.149692 ^ clkbuf_2_0__f_clk/A (sky130_fd_sc_hd__clkbuf_16)
     9    0.025742    0.035100    0.097085    0.246777 ^ clkbuf_2_0__f_clk/X (sky130_fd_sc_hd__clkbuf_16)
                                                         clknet_2_0__leaf_clk (net)
                      0.035137    0.001017    0.247794 ^ _749_/CLK (sky130_fd_sc_hd__dfxtp_2)
                                  0.250000    0.497794   clock uncertainty
                                 -0.014160    0.483634   clock reconvergence pessimism
                                 -0.018446    0.465189   library hold time
                                              0.465189   data required time
---------------------------------------------------------------------------------------------
                                              0.465189   data required time
                                             -0.587700   data arrival time
---------------------------------------------------------------------------------------------
                                              0.122512   slack (MET)


Startpoint: _753_ (rising edge-triggered flip-flop clocked by clk)
Endpoint: _759_ (rising edge-triggered flip-flop clocked by clk)
Path Group: clk
Path Type: min

Fanout         Cap        Slew       Delay        Time   Description
---------------------------------------------------------------------------------------------
                                  0.000000    0.000000   clock clk (rise edge)
                                  0.000000    0.000000   clock source latency
     1    0.014926    0.054748    0.035603    0.035603 ^ clk (in)
                                                         clk (net)
                      0.054780    0.000000    0.035603 ^ clkbuf_0_clk/A (sky130_fd_sc_hd__clkbuf_16)
     4    0.040904    0.045774    0.098916    0.134519 ^ clkbuf_0_clk/X (sky130_fd_sc_hd__clkbuf_16)
                                                         clknet_0_clk (net)
                      0.045797    0.000847    0.135366 ^ clkbuf_2_1__f_clk/A (sky130_fd_sc_hd__clkbuf_16)
     9    0.024129    0.033975    0.086906    0.222271 ^ clkbuf_2_1__f_clk/X (sky130_fd_sc_hd__clkbuf_16)
                                                         clknet_2_1__leaf_clk (net)
                      0.033989    0.000571    0.222842 ^ _753_/CLK (sky130_fd_sc_hd__dfxtp_2)
     9    0.039069    0.070321    0.231840    0.454683 v _753_/Q (sky130_fd_sc_hd__dfxtp_2)
                                                         diagnostic.x0[2] (net)
                      0.070326    0.000596    0.455279 v _738_/A (sky130_fd_sc_hd__and2_2)
     1    0.002704    0.024313    0.109732    0.565011 v _738_/X (sky130_fd_sc_hd__and2_2)
                                                         _023_ (net)
                      0.024313    0.000076    0.565087 v _759_/D (sky130_fd_sc_hd__dfxtp_2)
                                              0.565087   data arrival time

                                  0.000000    0.000000   clock clk (rise edge)
                                  0.000000    0.000000   clock source latency
     1    0.014926    0.054748    0.039350    0.039350 ^ clk (in)
                                                         clk (net)
                      0.054780    0.000000    0.039350 ^ clkbuf_0_clk/A (sky130_fd_sc_hd__clkbuf_16)
     4    0.040904    0.045774    0.109328    0.148679 ^ clkbuf_0_clk/X (sky130_fd_sc_hd__clkbuf_16)
                                                         clknet_0_clk (net)
                      0.045797    0.000936    0.149615 ^ clkbuf_2_1__f_clk/A (sky130_fd_sc_hd__clkbuf_16)
     9    0.024129    0.033975    0.096054    0.245668 ^ clkbuf_2_1__f_clk/X (sky130_fd_sc_hd__clkbuf_16)
                                                         clknet_2_1__leaf_clk (net)
                      0.033982    0.000485    0.246154 ^ _759_/CLK (sky130_fd_sc_hd__dfxtp_2)
                                  0.250000    0.496154   clock uncertainty
                                 -0.023397    0.472757   clock reconvergence pessimism
                                 -0.032140    0.440616   library hold time
                                              0.440616   data required time
---------------------------------------------------------------------------------------------
                                              0.440616   data required time
                                             -0.565087   data arrival time
---------------------------------------------------------------------------------------------
                                              0.124471   slack (MET)


Startpoint: _769_ (rising edge-triggered flip-flop clocked by clk)
Endpoint: _775_ (rising edge-triggered flip-flop clocked by clk)
Path Group: clk
Path Type: min

Fanout         Cap        Slew       Delay        Time   Description
---------------------------------------------------------------------------------------------
                                  0.000000    0.000000   clock clk (rise edge)
                                  0.000000    0.000000   clock source latency
     1    0.014926    0.054748    0.035603    0.035603 ^ clk (in)
                                                         clk (net)
                      0.054780    0.000000    0.035603 ^ clkbuf_0_clk/A (sky130_fd_sc_hd__clkbuf_16)
     4    0.040904    0.045774    0.098916    0.134519 ^ clkbuf_0_clk/X (sky130_fd_sc_hd__clkbuf_16)
                                                         clknet_0_clk (net)
                      0.045801    0.000917    0.135436 ^ clkbuf_2_0__f_clk/A (sky130_fd_sc_hd__clkbuf_16)
     9    0.025742    0.035100    0.087839    0.223274 ^ clkbuf_2_0__f_clk/X (sky130_fd_sc_hd__clkbuf_16)
                                                         clknet_2_0__leaf_clk (net)
                      0.035132    0.000863    0.224137 ^ _769_/CLK (sky130_fd_sc_hd__dfxtp_2)
     2    0.006264    0.032598    0.188291    0.412428 ^ _769_/Q (sky130_fd_sc_hd__dfxtp_2)
                                                         controller.state[0] (net)
                      0.032598    0.000193    0.412621 ^ _711_/B (sky130_fd_sc_hd__and2_2)
     2    0.009532    0.047083    0.093826    0.506447 ^ _711_/X (sky130_fd_sc_hd__and2_2)
                                                         _358_ (net)
                      0.047083    0.000215    0.506662 ^ _712_/B (sky130_fd_sc_hd__and2_2)
     1    0.008117    0.042288    0.093490    0.600153 ^ _712_/X (sky130_fd_sc_hd__and2_2)
                                                         _005_ (net)
                      0.042289    0.000242    0.600395 ^ _775_/D (sky130_fd_sc_hd__dfxtp_2)
                                              0.600395   data arrival time

                                  0.000000    0.000000   clock clk (rise edge)
                                  0.000000    0.000000   clock source latency
     1    0.014926    0.054748    0.039350    0.039350 ^ clk (in)
                                                         clk (net)
                      0.054780    0.000000    0.039350 ^ clkbuf_0_clk/A (sky130_fd_sc_hd__clkbuf_16)
     4    0.040904    0.045774    0.109328    0.148679 ^ clkbuf_0_clk/X (sky130_fd_sc_hd__clkbuf_16)
                                                         clknet_0_clk (net)
                      0.045801    0.001013    0.149692 ^ clkbuf_2_0__f_clk/A (sky130_fd_sc_hd__clkbuf_16)
     9    0.025742    0.035100    0.097085    0.246777 ^ clkbuf_2_0__f_clk/X (sky130_fd_sc_hd__clkbuf_16)
                                                         clknet_2_0__leaf_clk (net)
                      0.035136    0.001005    0.247782 ^ _775_/CLK (sky130_fd_sc_hd__dfxtp_2)
                                  0.250000    0.497782   clock uncertainty
                                 -0.023503    0.474280   clock reconvergence pessimism
                                 -0.018000    0.456280   library hold time
                                              0.456280   data required time
---------------------------------------------------------------------------------------------
                                              0.456280   data required time
                                             -0.600395   data arrival time
---------------------------------------------------------------------------------------------
                                              0.144115   slack (MET)


Startpoint: _755_ (rising edge-triggered flip-flop clocked by clk)
Endpoint: _752_ (rising edge-triggered flip-flop clocked by clk)
Path Group: clk
Path Type: min

Fanout         Cap        Slew       Delay        Time   Description
---------------------------------------------------------------------------------------------
                                  0.000000    0.000000   clock clk (rise edge)
                                  0.000000    0.000000   clock source latency
     1    0.014926    0.054748    0.035603    0.035603 ^ clk (in)
                                                         clk (net)
                      0.054780    0.000000    0.035603 ^ clkbuf_0_clk/A (sky130_fd_sc_hd__clkbuf_16)
     4    0.040904    0.045774    0.098916    0.134519 ^ clkbuf_0_clk/X (sky130_fd_sc_hd__clkbuf_16)
                                                         clknet_0_clk (net)
                      0.045801    0.000917    0.135436 ^ clkbuf_2_0__f_clk/A (sky130_fd_sc_hd__clkbuf_16)
     9    0.025742    0.035100    0.087839    0.223274 ^ clkbuf_2_0__f_clk/X (sky130_fd_sc_hd__clkbuf_16)
                                                         clknet_2_0__leaf_clk (net)
                      0.035137    0.000925    0.224199 ^ _755_/CLK (sky130_fd_sc_hd__dfxtp_2)
     6    0.024478    0.097178    0.233260    0.457459 ^ _755_/Q (sky130_fd_sc_hd__dfxtp_2)
                                                         net23 (net)
                      0.097179    0.000480    0.457939 ^ _727_/S (sky130_fd_sc_hd__mux2_1)
     1    0.001935    0.023887    0.082581    0.540520 ^ _727_/X (sky130_fd_sc_hd__mux2_1)
                                                         _363_ (net)
                      0.023888    0.000036    0.540556 ^ _728_/B (sky130_fd_sc_hd__and2_2)
     1    0.003026    0.025502    0.073453    0.614008 ^ _728_/X (sky130_fd_sc_hd__and2_2)
                                                         _016_ (net)
                      0.025502    0.000091    0.614100 ^ _752_/D (sky130_fd_sc_hd__dfxtp_2)
                                              0.614100   data arrival time

                                  0.000000    0.000000   clock clk (rise edge)
                                  0.000000    0.000000   clock source latency
     1    0.014926    0.054748    0.039350    0.039350 ^ clk (in)
                                                         clk (net)
                      0.054780    0.000000    0.039350 ^ clkbuf_0_clk/A (sky130_fd_sc_hd__clkbuf_16)
     4    0.040904    0.045774    0.109328    0.148679 ^ clkbuf_0_clk/X (sky130_fd_sc_hd__clkbuf_16)
                                                         clknet_0_clk (net)
                      0.045797    0.000936    0.149615 ^ clkbuf_2_1__f_clk/A (sky130_fd_sc_hd__clkbuf_16)
     9    0.024129    0.033975    0.096054    0.245668 ^ clkbuf_2_1__f_clk/X (sky130_fd_sc_hd__clkbuf_16)
                                                         clknet_2_1__leaf_clk (net)
                      0.033991    0.000656    0.246324 ^ _752_/CLK (sky130_fd_sc_hd__dfxtp_2)
                                  0.250000    0.496324   clock uncertainty
                                 -0.014160    0.482164   clock reconvergence pessimism
                                 -0.016840    0.465325   library hold time
                                              0.465325   data required time
---------------------------------------------------------------------------------------------
                                              0.465325   data required time
                                             -0.614100   data arrival time
---------------------------------------------------------------------------------------------
                                              0.148775   slack (MET)


Startpoint: _755_ (rising edge-triggered flip-flop clocked by clk)
Endpoint: _753_ (rising edge-triggered flip-flop clocked by clk)
Path Group: clk
Path Type: min

Fanout         Cap        Slew       Delay        Time   Description
---------------------------------------------------------------------------------------------
                                  0.000000    0.000000   clock clk (rise edge)
                                  0.000000    0.000000   clock source latency
     1    0.014926    0.054748    0.035603    0.035603 ^ clk (in)
                                                         clk (net)
                      0.054780    0.000000    0.035603 ^ clkbuf_0_clk/A (sky130_fd_sc_hd__clkbuf_16)
     4    0.040904    0.045774    0.098916    0.134519 ^ clkbuf_0_clk/X (sky130_fd_sc_hd__clkbuf_16)
                                                         clknet_0_clk (net)
                      0.045801    0.000917    0.135436 ^ clkbuf_2_0__f_clk/A (sky130_fd_sc_hd__clkbuf_16)
     9    0.025742    0.035100    0.087839    0.223274 ^ clkbuf_2_0__f_clk/X (sky130_fd_sc_hd__clkbuf_16)
                                                         clknet_2_0__leaf_clk (net)
                      0.035137    0.000925    0.224199 ^ _755_/CLK (sky130_fd_sc_hd__dfxtp_2)
     6    0.024478    0.097178    0.233260    0.457459 ^ _755_/Q (sky130_fd_sc_hd__dfxtp_2)
                                                         net23 (net)
                      0.097180    0.000499    0.457958 ^ _729_/S (sky130_fd_sc_hd__mux2_1)
     1    0.002569    0.027376    0.085709    0.543667 ^ _729_/X (sky130_fd_sc_hd__mux2_1)
                                                         _364_ (net)
                      0.027376    0.000074    0.543741 ^ _730_/B (sky130_fd_sc_hd__and2_2)
     1    0.002532    0.023964    0.072681    0.616422 ^ _730_/X (sky130_fd_sc_hd__and2_2)
                                                         _017_ (net)
                      0.023964    0.000071    0.616494 ^ _753_/D (sky130_fd_sc_hd__dfxtp_2)
                                              0.616494   data arrival time

                                  0.000000    0.000000   clock clk (rise edge)
                                  0.000000    0.000000   clock source latency
     1    0.014926    0.054748    0.039350    0.039350 ^ clk (in)
                                                         clk (net)
                      0.054780    0.000000    0.039350 ^ clkbuf_0_clk/A (sky130_fd_sc_hd__clkbuf_16)
     4    0.040904    0.045774    0.109328    0.148679 ^ clkbuf_0_clk/X (sky130_fd_sc_hd__clkbuf_16)
                                                         clknet_0_clk (net)
                      0.045797    0.000936    0.149615 ^ clkbuf_2_1__f_clk/A (sky130_fd_sc_hd__clkbuf_16)
     9    0.024129    0.033975    0.096054    0.245668 ^ clkbuf_2_1__f_clk/X (sky130_fd_sc_hd__clkbuf_16)
                                                         clknet_2_1__leaf_clk (net)
                      0.033989    0.000631    0.246299 ^ _753_/CLK (sky130_fd_sc_hd__dfxtp_2)
                                  0.250000    0.496299   clock uncertainty
                                 -0.014160    0.482139   clock reconvergence pessimism
                                 -0.016731    0.465408   library hold time
                                              0.465408   data required time
---------------------------------------------------------------------------------------------
                                              0.465408   data required time
                                             -0.616494   data arrival time
---------------------------------------------------------------------------------------------
                                              0.151085   slack (MET)


Startpoint: _755_ (rising edge-triggered flip-flop clocked by clk)
Endpoint: _755_ (rising edge-triggered flip-flop clocked by clk)
Path Group: clk
Path Type: min

Fanout         Cap        Slew       Delay        Time   Description
---------------------------------------------------------------------------------------------
                                  0.000000    0.000000   clock clk (rise edge)
                                  0.000000    0.000000   clock source latency
     1    0.014926    0.054748    0.035603    0.035603 ^ clk (in)
                                                         clk (net)
                      0.054780    0.000000    0.035603 ^ clkbuf_0_clk/A (sky130_fd_sc_hd__clkbuf_16)
     4    0.040904    0.045774    0.098916    0.134519 ^ clkbuf_0_clk/X (sky130_fd_sc_hd__clkbuf_16)
                                                         clknet_0_clk (net)
                      0.045801    0.000917    0.135436 ^ clkbuf_2_0__f_clk/A (sky130_fd_sc_hd__clkbuf_16)
     9    0.025742    0.035100    0.087839    0.223274 ^ clkbuf_2_0__f_clk/X (sky130_fd_sc_hd__clkbuf_16)
                                                         clknet_2_0__leaf_clk (net)
                      0.035137    0.000925    0.224199 ^ _755_/CLK (sky130_fd_sc_hd__dfxtp_2)
     6    0.024478    0.097178    0.233260    0.457459 ^ _755_/Q (sky130_fd_sc_hd__dfxtp_2)
                                                         net23 (net)
                      0.097179    0.000397    0.457856 ^ _733_/A1 (sky130_fd_sc_hd__mux2_1)
     1    0.003017    0.029926    0.085050    0.542906 ^ _733_/X (sky130_fd_sc_hd__mux2_1)
                                                         _366_ (net)
                      0.029926    0.000083    0.542989 ^ _734_/B (sky130_fd_sc_hd__and2_2)
     1    0.003085    0.025684    0.075084    0.618073 ^ _734_/X (sky130_fd_sc_hd__and2_2)
                                                         _019_ (net)
                      0.025684    0.000094    0.618167 ^ _755_/D (sky130_fd_sc_hd__dfxtp_2)
                                              0.618167   data arrival time

                                  0.000000    0.000000   clock clk (rise edge)
                                  0.000000    0.000000   clock source latency
     1    0.014926    0.054748    0.039350    0.039350 ^ clk (in)
                                                         clk (net)
                      0.054780    0.000000    0.039350 ^ clkbuf_0_clk/A (sky130_fd_sc_hd__clkbuf_16)
     4    0.040904    0.045774    0.109328    0.148679 ^ clkbuf_0_clk/X (sky130_fd_sc_hd__clkbuf_16)
                                                         clknet_0_clk (net)
                      0.045801    0.001013    0.149692 ^ clkbuf_2_0__f_clk/A (sky130_fd_sc_hd__clkbuf_16)
     9    0.025742    0.035100    0.097085    0.246777 ^ clkbuf_2_0__f_clk/X (sky130_fd_sc_hd__clkbuf_16)
                                                         clknet_2_0__leaf_clk (net)
                      0.035137    0.001022    0.247799 ^ _755_/CLK (sky130_fd_sc_hd__dfxtp_2)
                                  0.250000    0.497799   clock uncertainty
                                 -0.023600    0.474199   clock reconvergence pessimism
                                 -0.016825    0.457374   library hold time
                                              0.457374   data required time
---------------------------------------------------------------------------------------------
                                              0.457374   data required time
                                             -0.618167   data arrival time
---------------------------------------------------------------------------------------------
                                              0.160793   slack (MET)


Startpoint: _755_ (rising edge-triggered flip-flop clocked by clk)
Endpoint: _751_ (rising edge-triggered flip-flop clocked by clk)
Path Group: clk
Path Type: min

Fanout         Cap        Slew       Delay        Time   Description
---------------------------------------------------------------------------------------------
                                  0.000000    0.000000   clock clk (rise edge)
                                  0.000000    0.000000   clock source latency
     1    0.014926    0.054748    0.035603    0.035603 ^ clk (in)
                                                         clk (net)
                      0.054780    0.000000    0.035603 ^ clkbuf_0_clk/A (sky130_fd_sc_hd__clkbuf_16)
     4    0.040904    0.045774    0.098916    0.134519 ^ clkbuf_0_clk/X (sky130_fd_sc_hd__clkbuf_16)
                                                         clknet_0_clk (net)
                      0.045801    0.000917    0.135436 ^ clkbuf_2_0__f_clk/A (sky130_fd_sc_hd__clkbuf_16)
     9    0.025742    0.035100    0.087839    0.223274 ^ clkbuf_2_0__f_clk/X (sky130_fd_sc_hd__clkbuf_16)
                                                         clknet_2_0__leaf_clk (net)
                      0.035137    0.000925    0.224199 ^ _755_/CLK (sky130_fd_sc_hd__dfxtp_2)
     6    0.024478    0.097178    0.233260    0.457459 ^ _755_/Q (sky130_fd_sc_hd__dfxtp_2)
                                                         net23 (net)
                      0.097178    0.000332    0.457791 ^ _725_/S (sky130_fd_sc_hd__mux2_1)
     1    0.003563    0.033071    0.090624    0.548415 ^ _725_/X (sky130_fd_sc_hd__mux2_1)
                                                         _362_ (net)
                      0.033071    0.000114    0.548528 ^ _726_/B (sky130_fd_sc_hd__and2_2)
     1    0.004191    0.029296    0.079431    0.627959 ^ _726_/X (sky130_fd_sc_hd__and2_2)
                                                         _015_ (net)
                      0.029296    0.000148    0.628107 ^ _751_/D (sky130_fd_sc_hd__dfxtp_2)
                                              0.628107   data arrival time

                                  0.000000    0.000000   clock clk (rise edge)
                                  0.000000    0.000000   clock source latency
     1    0.014926    0.054748    0.039350    0.039350 ^ clk (in)
                                                         clk (net)
                      0.054780    0.000000    0.039350 ^ clkbuf_0_clk/A (sky130_fd_sc_hd__clkbuf_16)
     4    0.040904    0.045774    0.109328    0.148679 ^ clkbuf_0_clk/X (sky130_fd_sc_hd__clkbuf_16)
                                                         clknet_0_clk (net)
                      0.045797    0.000936    0.149615 ^ clkbuf_2_1__f_clk/A (sky130_fd_sc_hd__clkbuf_16)
     9    0.024129    0.033975    0.096054    0.245668 ^ clkbuf_2_1__f_clk/X (sky130_fd_sc_hd__clkbuf_16)
                                                         clknet_2_1__leaf_clk (net)
                      0.033982    0.000481    0.246149 ^ _751_/CLK (sky130_fd_sc_hd__dfxtp_2)
                                  0.250000    0.496149   clock uncertainty
                                 -0.014160    0.481989   clock reconvergence pessimism
                                 -0.017108    0.464881   library hold time
                                              0.464881   data required time
---------------------------------------------------------------------------------------------
                                              0.464881   data required time
                                             -0.628107   data arrival time
---------------------------------------------------------------------------------------------
                                              0.163226   slack (MET)


Startpoint: _769_ (rising edge-triggered flip-flop clocked by clk)
Endpoint: _769_ (rising edge-triggered flip-flop clocked by clk)
Path Group: clk
Path Type: min

Fanout         Cap        Slew       Delay        Time   Description
---------------------------------------------------------------------------------------------
                                  0.000000    0.000000   clock clk (rise edge)
                                  0.000000    0.000000   clock source latency
     1    0.014926    0.054748    0.035603    0.035603 ^ clk (in)
                                                         clk (net)
                      0.054780    0.000000    0.035603 ^ clkbuf_0_clk/A (sky130_fd_sc_hd__clkbuf_16)
     4    0.040904    0.045774    0.098916    0.134519 ^ clkbuf_0_clk/X (sky130_fd_sc_hd__clkbuf_16)
                                                         clknet_0_clk (net)
                      0.045801    0.000917    0.135436 ^ clkbuf_2_0__f_clk/A (sky130_fd_sc_hd__clkbuf_16)
     9    0.025742    0.035100    0.087839    0.223274 ^ clkbuf_2_0__f_clk/X (sky130_fd_sc_hd__clkbuf_16)
                                                         clknet_2_0__leaf_clk (net)
                      0.035132    0.000863    0.224137 ^ _769_/CLK (sky130_fd_sc_hd__dfxtp_2)
     2    0.006264    0.032598    0.188291    0.412428 ^ _769_/Q (sky130_fd_sc_hd__dfxtp_2)
                                                         controller.state[0] (net)
                      0.032598    0.000174    0.412602 ^ _718_/A2 (sky130_fd_sc_hd__a211o_2)
     1    0.002172    0.017159    0.064930    0.477532 ^ _718_/X (sky130_fd_sc_hd__a211o_2)
                                                         _011_ (net)
                      0.017159    0.000058    0.477591 ^ hold87/A (sky130_fd_sc_hd__dlygate4sd3_1)
     1    0.002352    0.034660    0.346504    0.824094 ^ hold87/X (sky130_fd_sc_hd__dlygate4sd3_1)
                                                         net87 (net)
                      0.034660    0.000064    0.824159 ^ _769_/D (sky130_fd_sc_hd__dfxtp_2)
                                              0.824159   data arrival time

                                  0.000000    0.000000   clock clk (rise edge)
                                  0.000000    0.000000   clock source latency
     1    0.014926    0.054748    0.039350    0.039350 ^ clk (in)
                                                         clk (net)
                      0.054780    0.000000    0.039350 ^ clkbuf_0_clk/A (sky130_fd_sc_hd__clkbuf_16)
     4    0.040904    0.045774    0.109328    0.148679 ^ clkbuf_0_clk/X (sky130_fd_sc_hd__clkbuf_16)
                                                         clknet_0_clk (net)
                      0.045801    0.001013    0.149692 ^ clkbuf_2_0__f_clk/A (sky130_fd_sc_hd__clkbuf_16)
     9    0.025742    0.035100    0.097085    0.246777 ^ clkbuf_2_0__f_clk/X (sky130_fd_sc_hd__clkbuf_16)
                                                         clknet_2_0__leaf_clk (net)
                      0.035132    0.000954    0.247731 ^ _769_/CLK (sky130_fd_sc_hd__dfxtp_2)
                                  0.250000    0.497731   clock uncertainty
                                 -0.023593    0.474137   clock reconvergence pessimism
                                 -0.017460    0.456677   library hold time
                                              0.456677   data required time
---------------------------------------------------------------------------------------------
                                              0.456677   data required time
                                             -0.824159   data arrival time
---------------------------------------------------------------------------------------------
                                              0.367482   slack (MET)


Startpoint: _772_ (rising edge-triggered flip-flop clocked by clk)
Endpoint: _778_ (rising edge-triggered flip-flop clocked by clk)
Path Group: clk
Path Type: min

Fanout         Cap        Slew       Delay        Time   Description
---------------------------------------------------------------------------------------------
                                  0.000000    0.000000   clock clk (rise edge)
                                  0.000000    0.000000   clock source latency
     1    0.014926    0.054748    0.035603    0.035603 ^ clk (in)
                                                         clk (net)
                      0.054780    0.000000    0.035603 ^ clkbuf_0_clk/A (sky130_fd_sc_hd__clkbuf_16)
     4    0.040904    0.045774    0.098916    0.134519 ^ clkbuf_0_clk/X (sky130_fd_sc_hd__clkbuf_16)
                                                         clknet_0_clk (net)
                      0.045801    0.000917    0.135436 ^ clkbuf_2_0__f_clk/A (sky130_fd_sc_hd__clkbuf_16)
     9    0.025742    0.035100    0.087839    0.223274 ^ clkbuf_2_0__f_clk/X (sky130_fd_sc_hd__clkbuf_16)
                                                         clknet_2_0__leaf_clk (net)
                      0.035125    0.000779    0.224053 ^ _772_/CLK (sky130_fd_sc_hd__dfxtp_2)
     1    0.002175    0.019990    0.176727    0.400780 ^ _772_/Q (sky130_fd_sc_hd__dfxtp_2)
                                                         controller.state[3] (net)
                      0.019990    0.000058    0.400839 ^ hold89/A (sky130_fd_sc_hd__dlygate4sd3_1)
     2    0.005575    0.056013    0.365081    0.765920 ^ hold89/X (sky130_fd_sc_hd__dlygate4sd3_1)
                                                         net89 (net)
                      0.056013    0.000114    0.766034 ^ _708_/B (sky130_fd_sc_hd__and2_2)
     1    0.002083    0.022607    0.077951    0.843985 ^ _708_/X (sky130_fd_sc_hd__and2_2)
                                                         _008_ (net)
                      0.022607    0.000056    0.844041 ^ _778_/D (sky130_fd_sc_hd__dfxtp_2)
                                              0.844041   data arrival time

                                  0.000000    0.000000   clock clk (rise edge)
                                  0.000000    0.000000   clock source latency
     1    0.014926    0.054748    0.039350    0.039350 ^ clk (in)
                                                         clk (net)
                      0.054780    0.000000    0.039350 ^ clkbuf_0_clk/A (sky130_fd_sc_hd__clkbuf_16)
     4    0.040904    0.045774    0.109328    0.148679 ^ clkbuf_0_clk/X (sky130_fd_sc_hd__clkbuf_16)
                                                         clknet_0_clk (net)
                      0.045801    0.001013    0.149692 ^ clkbuf_2_0__f_clk/A (sky130_fd_sc_hd__clkbuf_16)
     9    0.025742    0.035100    0.097085    0.246777 ^ clkbuf_2_0__f_clk/X (sky130_fd_sc_hd__clkbuf_16)
                                                         clknet_2_0__leaf_clk (net)
                      0.035119    0.000758    0.247534 ^ _778_/CLK (sky130_fd_sc_hd__dfxtp_2)
                                  0.250000    0.497534   clock uncertainty
                                 -0.023503    0.474032   clock reconvergence pessimism
                                 -0.016608    0.457424   library hold time
                                              0.457424   data required time
---------------------------------------------------------------------------------------------
                                              0.457424   data required time
                                             -0.844041   data arrival time
---------------------------------------------------------------------------------------------
                                              0.386617   slack (MET)


Startpoint: _776_ (rising edge-triggered flip-flop clocked by clk)
Endpoint: _748_ (rising edge-triggered flip-flop clocked by clk)
Path Group: clk
Path Type: min

Fanout         Cap        Slew       Delay        Time   Description
---------------------------------------------------------------------------------------------
                                  0.000000    0.000000   clock clk (rise edge)
                                  0.000000    0.000000   clock source latency
     1    0.014926    0.054748    0.035603    0.035603 ^ clk (in)
                                                         clk (net)
                      0.054780    0.000000    0.035603 ^ clkbuf_0_clk/A (sky130_fd_sc_hd__clkbuf_16)
     4    0.040904    0.045774    0.098916    0.134519 ^ clkbuf_0_clk/X (sky130_fd_sc_hd__clkbuf_16)
                                                         clknet_0_clk (net)
                      0.045795    0.000813    0.135332 ^ clkbuf_2_2__f_clk/A (sky130_fd_sc_hd__clkbuf_16)
     9    0.026373    0.035529    0.088400    0.223732 ^ clkbuf_2_2__f_clk/X (sky130_fd_sc_hd__clkbuf_16)
                                                         clknet_2_2__leaf_clk (net)
                      0.035544    0.000637    0.224369 ^ _776_/CLK (sky130_fd_sc_hd__dfxtp_2)
     2    0.006699    0.034048    0.189519    0.413888 ^ _776_/Q (sky130_fd_sc_hd__dfxtp_2)
                                                         controller.state[7] (net)
                      0.034048    0.000157    0.414044 ^ _719_/A3 (sky130_fd_sc_hd__o41a_2)
     1    0.004812    0.026516    0.078538    0.492582 ^ _719_/X (sky130_fd_sc_hd__o41a_2)
                                                         _012_ (net)
                      0.026517    0.000171    0.492753 ^ hold94/A (sky130_fd_sc_hd__dlygate4sd3_1)
     1    0.003023    0.038744    0.352674    0.845426 ^ hold94/X (sky130_fd_sc_hd__dlygate4sd3_1)
                                                         net94 (net)
                      0.038744    0.000088    0.845514 ^ _748_/D (sky130_fd_sc_hd__dfxtp_2)
                                              0.845514   data arrival time

                                  0.000000    0.000000   clock clk (rise edge)
                                  0.000000    0.000000   clock source latency
     1    0.014926    0.054748    0.039350    0.039350 ^ clk (in)
                                                         clk (net)
                      0.054780    0.000000    0.039350 ^ clkbuf_0_clk/A (sky130_fd_sc_hd__clkbuf_16)
     4    0.040904    0.045774    0.109328    0.148679 ^ clkbuf_0_clk/X (sky130_fd_sc_hd__clkbuf_16)
                                                         clknet_0_clk (net)
                      0.045795    0.000899    0.149577 ^ clkbuf_2_2__f_clk/A (sky130_fd_sc_hd__clkbuf_16)
     9    0.026373    0.035529    0.097705    0.247282 ^ clkbuf_2_2__f_clk/X (sky130_fd_sc_hd__clkbuf_16)
                                                         clknet_2_2__leaf_clk (net)
                      0.035548    0.000783    0.248066 ^ _748_/CLK (sky130_fd_sc_hd__dfxtp_2)
                                  0.250000    0.498066   clock uncertainty
                                 -0.023551    0.474515   clock reconvergence pessimism
                                 -0.017739    0.456776   library hold time
                                              0.456776   data required time
---------------------------------------------------------------------------------------------
                                              0.456776   data required time
                                             -0.845514   data arrival time
---------------------------------------------------------------------------------------------
                                              0.388739   slack (MET)


Startpoint: _777_ (rising edge-triggered flip-flop clocked by clk)
Endpoint: _774_ (rising edge-triggered flip-flop clocked by clk)
Path Group: clk
Path Type: min

Fanout         Cap        Slew       Delay        Time   Description
---------------------------------------------------------------------------------------------
                                  0.000000    0.000000   clock clk (rise edge)
                                  0.000000    0.000000   clock source latency
     1    0.014926    0.054748    0.035603    0.035603 ^ clk (in)
                                                         clk (net)
                      0.054780    0.000000    0.035603 ^ clkbuf_0_clk/A (sky130_fd_sc_hd__clkbuf_16)
     4    0.040904    0.045774    0.098916    0.134519 ^ clkbuf_0_clk/X (sky130_fd_sc_hd__clkbuf_16)
                                                         clknet_0_clk (net)
                      0.045795    0.000813    0.135332 ^ clkbuf_2_2__f_clk/A (sky130_fd_sc_hd__clkbuf_16)
     9    0.026373    0.035529    0.088400    0.223732 ^ clkbuf_2_2__f_clk/X (sky130_fd_sc_hd__clkbuf_16)
                                                         clknet_2_2__leaf_clk (net)
                      0.035540    0.000562    0.224293 ^ _777_/CLK (sky130_fd_sc_hd__dfxtp_2)
     1    0.002462    0.020811    0.177721    0.402014 ^ _777_/Q (sky130_fd_sc_hd__dfxtp_2)
                                                         controller.state[8] (net)
                      0.020811    0.000048    0.402062 ^ hold90/A (sky130_fd_sc_hd__dlygate4sd3_1)
     2    0.005208    0.053560    0.363364    0.765426 ^ hold90/X (sky130_fd_sc_hd__dlygate4sd3_1)
                                                         net90 (net)
                      0.053560    0.000151    0.765577 ^ _713_/B (sky130_fd_sc_hd__and2_2)
     1    0.003215    0.026107    0.081142    0.846719 ^ _713_/X (sky130_fd_sc_hd__and2_2)
                                                         _004_ (net)
                      0.026107    0.000094    0.846813 ^ _774_/D (sky130_fd_sc_hd__dfxtp_2)
                                              0.846813   data arrival time

                                  0.000000    0.000000   clock clk (rise edge)
                                  0.000000    0.000000   clock source latency
     1    0.014926    0.054748    0.039350    0.039350 ^ clk (in)
                                                         clk (net)
                      0.054780    0.000000    0.039350 ^ clkbuf_0_clk/A (sky130_fd_sc_hd__clkbuf_16)
     4    0.040904    0.045774    0.109328    0.148679 ^ clkbuf_0_clk/X (sky130_fd_sc_hd__clkbuf_16)
                                                         clknet_0_clk (net)
                      0.045795    0.000899    0.149577 ^ clkbuf_2_2__f_clk/A (sky130_fd_sc_hd__clkbuf_16)
     9    0.026373    0.035529    0.097705    0.247282 ^ clkbuf_2_2__f_clk/X (sky130_fd_sc_hd__clkbuf_16)
                                                         clknet_2_2__leaf_clk (net)
                      0.035535    0.000507    0.247789 ^ _774_/CLK (sky130_fd_sc_hd__dfxtp_2)
                                  0.250000    0.497789   clock uncertainty
                                 -0.023551    0.474238   clock reconvergence pessimism
                                 -0.016846    0.457392   library hold time
                                              0.457392   data required time
---------------------------------------------------------------------------------------------
                                              0.457392   data required time
                                             -0.846813   data arrival time
---------------------------------------------------------------------------------------------
                                              0.389421   slack (MET)


Startpoint: _775_ (rising edge-triggered flip-flop clocked by clk)
Endpoint: _772_ (rising edge-triggered flip-flop clocked by clk)
Path Group: clk
Path Type: min

Fanout         Cap        Slew       Delay        Time   Description
---------------------------------------------------------------------------------------------
                                  0.000000    0.000000   clock clk (rise edge)
                                  0.000000    0.000000   clock source latency
     1    0.014926    0.054748    0.035603    0.035603 ^ clk (in)
                                                         clk (net)
                      0.054780    0.000000    0.035603 ^ clkbuf_0_clk/A (sky130_fd_sc_hd__clkbuf_16)
     4    0.040904    0.045774    0.098916    0.134519 ^ clkbuf_0_clk/X (sky130_fd_sc_hd__clkbuf_16)
                                                         clknet_0_clk (net)
                      0.045801    0.000917    0.135436 ^ clkbuf_2_0__f_clk/A (sky130_fd_sc_hd__clkbuf_16)
     9    0.025742    0.035100    0.087839    0.223274 ^ clkbuf_2_0__f_clk/X (sky130_fd_sc_hd__clkbuf_16)
                                                         clknet_2_0__leaf_clk (net)
                      0.035136    0.000910    0.224184 ^ _775_/CLK (sky130_fd_sc_hd__dfxtp_2)
     1    0.002419    0.020687    0.177471    0.401654 ^ _775_/Q (sky130_fd_sc_hd__dfxtp_2)
                                                         controller.state[6] (net)
                      0.020687    0.000065    0.401719 ^ hold91/A (sky130_fd_sc_hd__dlygate4sd3_1)
     2    0.006148    0.059882    0.368198    0.769918 ^ hold91/X (sky130_fd_sc_hd__dlygate4sd3_1)
                                                         net91 (net)
                      0.059882    0.000143    0.770061 ^ _715_/B (sky130_fd_sc_hd__and2_2)
     1    0.002534    0.024078    0.080195    0.850256 ^ _715_/X (sky130_fd_sc_hd__and2_2)
                                                         _002_ (net)
                      0.024078    0.000072    0.850328 ^ _772_/D (sky130_fd_sc_hd__dfxtp_2)
                                              0.850328   data arrival time

                                  0.000000    0.000000   clock clk (rise edge)
                                  0.000000    0.000000   clock source latency
     1    0.014926    0.054748    0.039350    0.039350 ^ clk (in)
                                                         clk (net)
                      0.054780    0.000000    0.039350 ^ clkbuf_0_clk/A (sky130_fd_sc_hd__clkbuf_16)
     4    0.040904    0.045774    0.109328    0.148679 ^ clkbuf_0_clk/X (sky130_fd_sc_hd__clkbuf_16)
                                                         clknet_0_clk (net)
                      0.045801    0.001013    0.149692 ^ clkbuf_2_0__f_clk/A (sky130_fd_sc_hd__clkbuf_16)
     9    0.025742    0.035100    0.097085    0.246777 ^ clkbuf_2_0__f_clk/X (sky130_fd_sc_hd__clkbuf_16)
                                                         clknet_2_0__leaf_clk (net)
                      0.035125    0.000861    0.247637 ^ _772_/CLK (sky130_fd_sc_hd__dfxtp_2)
                                  0.250000    0.497637   clock uncertainty
                                 -0.023503    0.474135   clock reconvergence pessimism
                                 -0.016712    0.457423   library hold time
                                              0.457423   data required time
---------------------------------------------------------------------------------------------
                                              0.457423   data required time
                                             -0.850328   data arrival time
---------------------------------------------------------------------------------------------
                                              0.392905   slack (MET)


Startpoint: _780_ (rising edge-triggered flip-flop clocked by clk)
Endpoint: _770_ (rising edge-triggered flip-flop clocked by clk)
Path Group: clk
Path Type: min

Fanout         Cap        Slew       Delay        Time   Description
---------------------------------------------------------------------------------------------
                                  0.000000    0.000000   clock clk (rise edge)
                                  0.000000    0.000000   clock source latency
     1    0.014926    0.054748    0.035603    0.035603 ^ clk (in)
                                                         clk (net)
                      0.054780    0.000000    0.035603 ^ clkbuf_0_clk/A (sky130_fd_sc_hd__clkbuf_16)
     4    0.040904    0.045774    0.098916    0.134519 ^ clkbuf_0_clk/X (sky130_fd_sc_hd__clkbuf_16)
                                                         clknet_0_clk (net)
                      0.045795    0.000813    0.135332 ^ clkbuf_2_2__f_clk/A (sky130_fd_sc_hd__clkbuf_16)
     9    0.026373    0.035529    0.088400    0.223732 ^ clkbuf_2_2__f_clk/X (sky130_fd_sc_hd__clkbuf_16)
                                                         clknet_2_2__leaf_clk (net)
                      0.035529    0.000112    0.223844 ^ _780_/CLK (sky130_fd_sc_hd__dfxtp_2)
     3    0.009190    0.042559    0.195777    0.419621 ^ _780_/Q (sky130_fd_sc_hd__dfxtp_2)
                                                         controller.state[11] (net)
                      0.042559    0.000200    0.419820 ^ hold95/A (sky130_fd_sc_hd__dlygate4sd3_1)
     1    0.004516    0.048954    0.364257    0.784078 ^ hold95/X (sky130_fd_sc_hd__dlygate4sd3_1)
                                                         net95 (net)
                      0.048954    0.000166    0.784243 ^ _717_/B (sky130_fd_sc_hd__and2_2)
     1    0.002206    0.022946    0.076777    0.861020 ^ _717_/X (sky130_fd_sc_hd__and2_2)
                                                         _000_ (net)
                      0.022946    0.000060    0.861080 ^ _770_/D (sky130_fd_sc_hd__dfxtp_2)
                                              0.861080   data arrival time

                                  0.000000    0.000000   clock clk (rise edge)
                                  0.000000    0.000000   clock source latency
     1    0.014926    0.054748    0.039350    0.039350 ^ clk (in)
                                                         clk (net)
                      0.054780    0.000000    0.039350 ^ clkbuf_0_clk/A (sky130_fd_sc_hd__clkbuf_16)
     4    0.040904    0.045774    0.109328    0.148679 ^ clkbuf_0_clk/X (sky130_fd_sc_hd__clkbuf_16)
                                                         clknet_0_clk (net)
                      0.045801    0.001013    0.149692 ^ clkbuf_2_0__f_clk/A (sky130_fd_sc_hd__clkbuf_16)
     9    0.025742    0.035100    0.097085    0.246777 ^ clkbuf_2_0__f_clk/X (sky130_fd_sc_hd__clkbuf_16)
                                                         clknet_2_0__leaf_clk (net)
                      0.035110    0.000592    0.247368 ^ _770_/CLK (sky130_fd_sc_hd__dfxtp_2)
                                  0.250000    0.497368   clock uncertainty
                                 -0.014160    0.483208   clock reconvergence pessimism
                                 -0.016632    0.466576   library hold time
                                              0.466576   data required time
---------------------------------------------------------------------------------------------
                                              0.466576   data required time
                                             -0.861080   data arrival time
---------------------------------------------------------------------------------------------
                                              0.394504   slack (MET)


Startpoint: _774_ (rising edge-triggered flip-flop clocked by clk)
Endpoint: _780_ (rising edge-triggered flip-flop clocked by clk)
Path Group: clk
Path Type: min

Fanout         Cap        Slew       Delay        Time   Description
---------------------------------------------------------------------------------------------
                                  0.000000    0.000000   clock clk (rise edge)
                                  0.000000    0.000000   clock source latency
     1    0.014926    0.054748    0.035603    0.035603 ^ clk (in)
                                                         clk (net)
                      0.054780    0.000000    0.035603 ^ clkbuf_0_clk/A (sky130_fd_sc_hd__clkbuf_16)
     4    0.040904    0.045774    0.098916    0.134519 ^ clkbuf_0_clk/X (sky130_fd_sc_hd__clkbuf_16)
                                                         clknet_0_clk (net)
                      0.045795    0.000813    0.135332 ^ clkbuf_2_2__f_clk/A (sky130_fd_sc_hd__clkbuf_16)
     9    0.026373    0.035529    0.088400    0.223732 ^ clkbuf_2_2__f_clk/X (sky130_fd_sc_hd__clkbuf_16)
                                                         clknet_2_2__leaf_clk (net)
                      0.035535    0.000458    0.224190 ^ _774_/CLK (sky130_fd_sc_hd__dfxtp_2)
     1    0.002571    0.021092    0.178045    0.402235 ^ _774_/Q (sky130_fd_sc_hd__dfxtp_2)
                                                         controller.state[5] (net)
                      0.021092    0.000070    0.402305 ^ hold88/A (sky130_fd_sc_hd__dlygate4sd3_1)
     2    0.006933    0.065224    0.372350    0.774654 ^ hold88/X (sky130_fd_sc_hd__dlygate4sd3_1)
                                                         net88 (net)
                      0.065224    0.000030    0.774684 ^ _706_/A (sky130_fd_sc_hd__and2_2)
     1    0.002254    0.023409    0.077946    0.852630 ^ _706_/X (sky130_fd_sc_hd__and2_2)
                                                         _010_ (net)
                      0.023409    0.000061    0.852691 ^ _780_/D (sky130_fd_sc_hd__dfxtp_2)
                                              0.852691   data arrival time

                                  0.000000    0.000000   clock clk (rise edge)
                                  0.000000    0.000000   clock source latency
     1    0.014926    0.054748    0.039350    0.039350 ^ clk (in)
                                                         clk (net)
                      0.054780    0.000000    0.039350 ^ clkbuf_0_clk/A (sky130_fd_sc_hd__clkbuf_16)
     4    0.040904    0.045774    0.109328    0.148679 ^ clkbuf_0_clk/X (sky130_fd_sc_hd__clkbuf_16)
                                                         clknet_0_clk (net)
                      0.045795    0.000899    0.149577 ^ clkbuf_2_2__f_clk/A (sky130_fd_sc_hd__clkbuf_16)
     9    0.026373    0.035529    0.097705    0.247282 ^ clkbuf_2_2__f_clk/X (sky130_fd_sc_hd__clkbuf_16)
                                                         clknet_2_2__leaf_clk (net)
                      0.035529    0.000124    0.247406 ^ _780_/CLK (sky130_fd_sc_hd__dfxtp_2)
                                  0.250000    0.497406   clock uncertainty
                                 -0.023551    0.473856   clock reconvergence pessimism
                                 -0.016655    0.457200   library hold time
                                              0.457200   data required time
---------------------------------------------------------------------------------------------
                                              0.457200   data required time
                                             -0.852691   data arrival time
---------------------------------------------------------------------------------------------
                                              0.395490   slack (MET)


Startpoint: _773_ (rising edge-triggered flip-flop clocked by clk)
Endpoint: _779_ (rising edge-triggered flip-flop clocked by clk)
Path Group: clk
Path Type: min

Fanout         Cap        Slew       Delay        Time   Description
---------------------------------------------------------------------------------------------
                                  0.000000    0.000000   clock clk (rise edge)
                                  0.000000    0.000000   clock source latency
     1    0.014926    0.054748    0.035603    0.035603 ^ clk (in)
                                                         clk (net)
                      0.054780    0.000000    0.035603 ^ clkbuf_0_clk/A (sky130_fd_sc_hd__clkbuf_16)
     4    0.040904    0.045774    0.098916    0.134519 ^ clkbuf_0_clk/X (sky130_fd_sc_hd__clkbuf_16)
                                                         clknet_0_clk (net)
                      0.045795    0.000813    0.135332 ^ clkbuf_2_2__f_clk/A (sky130_fd_sc_hd__clkbuf_16)
     9    0.026373    0.035529    0.088400    0.223732 ^ clkbuf_2_2__f_clk/X (sky130_fd_sc_hd__clkbuf_16)
                                                         clknet_2_2__leaf_clk (net)
                      0.035551    0.000753    0.224485 ^ _773_/CLK (sky130_fd_sc_hd__dfxtp_2)
     3    0.008460    0.040056    0.193952    0.418437 ^ _773_/Q (sky130_fd_sc_hd__dfxtp_2)
                                                         controller.state[4] (net)
                      0.040056    0.000197    0.418633 ^ hold98/A (sky130_fd_sc_hd__dlygate4sd3_1)
     1    0.003168    0.039685    0.356313    0.774946 ^ hold98/X (sky130_fd_sc_hd__dlygate4sd3_1)
                                                         net98 (net)
                      0.039685    0.000092    0.775039 ^ _707_/B (sky130_fd_sc_hd__and2_2)
     1    0.003349    0.026511    0.078278    0.853317 ^ _707_/X (sky130_fd_sc_hd__and2_2)
                                                         _009_ (net)
                      0.026511    0.000100    0.853417 ^ _779_/D (sky130_fd_sc_hd__dfxtp_2)
                                              0.853417   data arrival time

                                  0.000000    0.000000   clock clk (rise edge)
                                  0.000000    0.000000   clock source latency
     1    0.014926    0.054748    0.039350    0.039350 ^ clk (in)
                                                         clk (net)
                      0.054780    0.000000    0.039350 ^ clkbuf_0_clk/A (sky130_fd_sc_hd__clkbuf_16)
     4    0.040904    0.045774    0.109328    0.148679 ^ clkbuf_0_clk/X (sky130_fd_sc_hd__clkbuf_16)
                                                         clknet_0_clk (net)
                      0.045795    0.000899    0.149577 ^ clkbuf_2_2__f_clk/A (sky130_fd_sc_hd__clkbuf_16)
     9    0.026373    0.035529    0.097705    0.247282 ^ clkbuf_2_2__f_clk/X (sky130_fd_sc_hd__clkbuf_16)
                                                         clknet_2_2__leaf_clk (net)
                      0.035529    0.000130    0.247412 ^ _779_/CLK (sky130_fd_sc_hd__dfxtp_2)
                                  0.250000    0.497412   clock uncertainty
                                 -0.023551    0.473861   clock reconvergence pessimism
                                 -0.016874    0.456987   library hold time
                                              0.456987   data required time
---------------------------------------------------------------------------------------------
                                              0.456987   data required time
                                             -0.853417   data arrival time
---------------------------------------------------------------------------------------------
                                              0.396430   slack (MET)


Startpoint: _771_ (rising edge-triggered flip-flop clocked by clk)
Endpoint: _777_ (rising edge-triggered flip-flop clocked by clk)
Path Group: clk
Path Type: min

Fanout         Cap        Slew       Delay        Time   Description
---------------------------------------------------------------------------------------------
                                  0.000000    0.000000   clock clk (rise edge)
                                  0.000000    0.000000   clock source latency
     1    0.014926    0.054748    0.035603    0.035603 ^ clk (in)
                                                         clk (net)
                      0.054780    0.000000    0.035603 ^ clkbuf_0_clk/A (sky130_fd_sc_hd__clkbuf_16)
     4    0.040904    0.045774    0.098916    0.134519 ^ clkbuf_0_clk/X (sky130_fd_sc_hd__clkbuf_16)
                                                         clknet_0_clk (net)
                      0.045801    0.000917    0.135436 ^ clkbuf_2_0__f_clk/A (sky130_fd_sc_hd__clkbuf_16)
     9    0.025742    0.035100    0.087839    0.223274 ^ clkbuf_2_0__f_clk/X (sky130_fd_sc_hd__clkbuf_16)
                                                         clknet_2_0__leaf_clk (net)
                      0.035110    0.000546    0.223820 ^ _771_/CLK (sky130_fd_sc_hd__dfxtp_2)
     1    0.003010    0.022181    0.179248    0.403068 ^ _771_/Q (sky130_fd_sc_hd__dfxtp_2)
                                                         controller.state[2] (net)
                      0.022181    0.000090    0.403158 ^ hold92/A (sky130_fd_sc_hd__dlygate4sd3_1)
     2    0.008836    0.078425    0.382406    0.785564 ^ hold92/X (sky130_fd_sc_hd__dlygate4sd3_1)
                                                         net92 (net)
                      0.078425    0.000128    0.785692 ^ _709_/B (sky130_fd_sc_hd__and2_2)
     1    0.003050    0.025973    0.085607    0.871299 ^ _709_/X (sky130_fd_sc_hd__and2_2)
                                                         _007_ (net)
                      0.025973    0.000089    0.871388 ^ _777_/D (sky130_fd_sc_hd__dfxtp_2)
                                              0.871388   data arrival time

                                  0.000000    0.000000   clock clk (rise edge)
                                  0.000000    0.000000   clock source latency
     1    0.014926    0.054748    0.039350    0.039350 ^ clk (in)
                                                         clk (net)
                      0.054780    0.000000    0.039350 ^ clkbuf_0_clk/A (sky130_fd_sc_hd__clkbuf_16)
     4    0.040904    0.045774    0.109328    0.148679 ^ clkbuf_0_clk/X (sky130_fd_sc_hd__clkbuf_16)
                                                         clknet_0_clk (net)
                      0.045795    0.000899    0.149577 ^ clkbuf_2_2__f_clk/A (sky130_fd_sc_hd__clkbuf_16)
     9    0.026373    0.035529    0.097705    0.247282 ^ clkbuf_2_2__f_clk/X (sky130_fd_sc_hd__clkbuf_16)
                                                         clknet_2_2__leaf_clk (net)
                      0.035540    0.000621    0.247903 ^ _777_/CLK (sky130_fd_sc_hd__dfxtp_2)
                                  0.250000    0.497903   clock uncertainty
                                 -0.014160    0.483743   clock reconvergence pessimism
                                 -0.016836    0.466907   library hold time
                                              0.466907   data required time
---------------------------------------------------------------------------------------------
                                              0.466907   data required time
                                             -0.871388   data arrival time
---------------------------------------------------------------------------------------------
                                              0.404481   slack (MET)


Startpoint: _776_ (rising edge-triggered flip-flop clocked by clk)
Endpoint: _773_ (rising edge-triggered flip-flop clocked by clk)
Path Group: clk
Path Type: min

Fanout         Cap        Slew       Delay        Time   Description
---------------------------------------------------------------------------------------------
                                  0.000000    0.000000   clock clk (rise edge)
                                  0.000000    0.000000   clock source latency
     1    0.014926    0.054748    0.035603    0.035603 ^ clk (in)
                                                         clk (net)
                      0.054780    0.000000    0.035603 ^ clkbuf_0_clk/A (sky130_fd_sc_hd__clkbuf_16)
     4    0.040904    0.045774    0.098916    0.134519 ^ clkbuf_0_clk/X (sky130_fd_sc_hd__clkbuf_16)
                                                         clknet_0_clk (net)
                      0.045795    0.000813    0.135332 ^ clkbuf_2_2__f_clk/A (sky130_fd_sc_hd__clkbuf_16)
     9    0.026373    0.035529    0.088400    0.223732 ^ clkbuf_2_2__f_clk/X (sky130_fd_sc_hd__clkbuf_16)
                                                         clknet_2_2__leaf_clk (net)
                      0.035544    0.000637    0.224369 ^ _776_/CLK (sky130_fd_sc_hd__dfxtp_2)
     2    0.006699    0.034048    0.189519    0.413888 ^ _776_/Q (sky130_fd_sc_hd__dfxtp_2)
                                                         controller.state[7] (net)
                      0.034048    0.000137    0.414024 ^ hold96/A (sky130_fd_sc_hd__dlygate4sd3_1)
     2    0.006449    0.061938    0.372521    0.786546 ^ hold96/X (sky130_fd_sc_hd__dlygate4sd3_1)
                                                         net96 (net)
                      0.061938    0.000143    0.786689 ^ _714_/B (sky130_fd_sc_hd__and2_2)
     1    0.002047    0.022589    0.079017    0.865705 ^ _714_/X (sky130_fd_sc_hd__and2_2)
                                                         _003_ (net)
                      0.022589    0.000055    0.865760 ^ _773_/D (sky130_fd_sc_hd__dfxtp_2)
                                              0.865760   data arrival time

                                  0.000000    0.000000   clock clk (rise edge)
                                  0.000000    0.000000   clock source latency
     1    0.014926    0.054748    0.039350    0.039350 ^ clk (in)
                                                         clk (net)
                      0.054780    0.000000    0.039350 ^ clkbuf_0_clk/A (sky130_fd_sc_hd__clkbuf_16)
     4    0.040904    0.045774    0.109328    0.148679 ^ clkbuf_0_clk/X (sky130_fd_sc_hd__clkbuf_16)
                                                         clknet_0_clk (net)
                      0.045795    0.000899    0.149577 ^ clkbuf_2_2__f_clk/A (sky130_fd_sc_hd__clkbuf_16)
     9    0.026373    0.035529    0.097705    0.247282 ^ clkbuf_2_2__f_clk/X (sky130_fd_sc_hd__clkbuf_16)
                                                         clknet_2_2__leaf_clk (net)
                      0.035551    0.000832    0.248115 ^ _773_/CLK (sky130_fd_sc_hd__dfxtp_2)
                                  0.250000    0.498115   clock uncertainty
                                 -0.023551    0.474564   clock reconvergence pessimism
                                 -0.016597    0.457967   library hold time
                                              0.457967   data required time
---------------------------------------------------------------------------------------------
                                              0.457967   data required time
                                             -0.865760   data arrival time
---------------------------------------------------------------------------------------------
                                              0.407793   slack (MET)


Startpoint: _770_ (rising edge-triggered flip-flop clocked by clk)
Endpoint: _776_ (rising edge-triggered flip-flop clocked by clk)
Path Group: clk
Path Type: min

Fanout         Cap        Slew       Delay        Time   Description
---------------------------------------------------------------------------------------------
                                  0.000000    0.000000   clock clk (rise edge)
                                  0.000000    0.000000   clock source latency
     1    0.014926    0.054748    0.035603    0.035603 ^ clk (in)
                                                         clk (net)
                      0.054780    0.000000    0.035603 ^ clkbuf_0_clk/A (sky130_fd_sc_hd__clkbuf_16)
     4    0.040904    0.045774    0.098916    0.134519 ^ clkbuf_0_clk/X (sky130_fd_sc_hd__clkbuf_16)
                                                         clknet_0_clk (net)
                      0.045801    0.000917    0.135436 ^ clkbuf_2_0__f_clk/A (sky130_fd_sc_hd__clkbuf_16)
     9    0.025742    0.035100    0.087839    0.223274 ^ clkbuf_2_0__f_clk/X (sky130_fd_sc_hd__clkbuf_16)
                                                         clknet_2_0__leaf_clk (net)
                      0.035110    0.000535    0.223809 ^ _770_/CLK (sky130_fd_sc_hd__dfxtp_2)
     2    0.006621    0.033788    0.189198    0.413008 ^ _770_/Q (sky130_fd_sc_hd__dfxtp_2)
                                                         controller.state[1] (net)
                      0.033788    0.000146    0.413153 ^ hold93/A (sky130_fd_sc_hd__dlygate4sd3_1)
     2    0.007750    0.070911    0.379194    0.792348 ^ hold93/X (sky130_fd_sc_hd__dlygate4sd3_1)
                                                         net93 (net)
                      0.070911    0.000178    0.792526 ^ _710_/B (sky130_fd_sc_hd__and2_2)
     1    0.003414    0.026995    0.085288    0.877813 ^ _710_/X (sky130_fd_sc_hd__and2_2)
                                                         _006_ (net)
                      0.026995    0.000105    0.877918 ^ _776_/D (sky130_fd_sc_hd__dfxtp_2)
                                              0.877918   data arrival time

                                  0.000000    0.000000   clock clk (rise edge)
                                  0.000000    0.000000   clock source latency
     1    0.014926    0.054748    0.039350    0.039350 ^ clk (in)
                                                         clk (net)
                      0.054780    0.000000    0.039350 ^ clkbuf_0_clk/A (sky130_fd_sc_hd__clkbuf_16)
     4    0.040904    0.045774    0.109328    0.148679 ^ clkbuf_0_clk/X (sky130_fd_sc_hd__clkbuf_16)
                                                         clknet_0_clk (net)
                      0.045795    0.000899    0.149577 ^ clkbuf_2_2__f_clk/A (sky130_fd_sc_hd__clkbuf_16)
     9    0.026373    0.035529    0.097705    0.247282 ^ clkbuf_2_2__f_clk/X (sky130_fd_sc_hd__clkbuf_16)
                                                         clknet_2_2__leaf_clk (net)
                      0.035544    0.000704    0.247987 ^ _776_/CLK (sky130_fd_sc_hd__dfxtp_2)
                                  0.250000    0.497987   clock uncertainty
                                 -0.014160    0.483827   clock reconvergence pessimism
                                 -0.016908    0.466918   library hold time
                                              0.466918   data required time
---------------------------------------------------------------------------------------------
                                              0.466918   data required time
                                             -0.877918   data arrival time
---------------------------------------------------------------------------------------------
                                              0.411000   slack (MET)


Startpoint: _778_ (rising edge-triggered flip-flop clocked by clk)
Endpoint: _771_ (rising edge-triggered flip-flop clocked by clk)
Path Group: clk
Path Type: min

Fanout         Cap        Slew       Delay        Time   Description
---------------------------------------------------------------------------------------------
                                  0.000000    0.000000   clock clk (rise edge)
                                  0.000000    0.000000   clock source latency
     1    0.014926    0.054748    0.035603    0.035603 ^ clk (in)
                                                         clk (net)
                      0.054780    0.000000    0.035603 ^ clkbuf_0_clk/A (sky130_fd_sc_hd__clkbuf_16)
     4    0.040904    0.045774    0.098916    0.134519 ^ clkbuf_0_clk/X (sky130_fd_sc_hd__clkbuf_16)
                                                         clknet_0_clk (net)
                      0.045801    0.000917    0.135436 ^ clkbuf_2_0__f_clk/A (sky130_fd_sc_hd__clkbuf_16)
     9    0.025742    0.035100    0.087839    0.223274 ^ clkbuf_2_0__f_clk/X (sky130_fd_sc_hd__clkbuf_16)
                                                         clknet_2_0__leaf_clk (net)
                      0.035119    0.000685    0.223960 ^ _778_/CLK (sky130_fd_sc_hd__dfxtp_2)
     1    0.002718    0.021448    0.178369    0.402329 ^ _778_/Q (sky130_fd_sc_hd__dfxtp_2)
                                                         controller.state[9] (net)
                      0.021448    0.000076    0.402404 ^ hold97/A (sky130_fd_sc_hd__dlygate4sd3_1)
     2    0.008972    0.079369    0.382944    0.785348 ^ hold97/X (sky130_fd_sc_hd__dlygate4sd3_1)
                                                         net97 (net)
                      0.079369    0.000184    0.785532 ^ _716_/B (sky130_fd_sc_hd__and2_2)
     1    0.002764    0.025100    0.084856    0.870388 ^ _716_/X (sky130_fd_sc_hd__and2_2)
                                                         _001_ (net)
                      0.025100    0.000080    0.870468 ^ _771_/D (sky130_fd_sc_hd__dfxtp_2)
                                              0.870468   data arrival time

                                  0.000000    0.000000   clock clk (rise edge)
                                  0.000000    0.000000   clock source latency
     1    0.014926    0.054748    0.039350    0.039350 ^ clk (in)
                                                         clk (net)
                      0.054780    0.000000    0.039350 ^ clkbuf_0_clk/A (sky130_fd_sc_hd__clkbuf_16)
     4    0.040904    0.045774    0.109328    0.148679 ^ clkbuf_0_clk/X (sky130_fd_sc_hd__clkbuf_16)
                                                         clknet_0_clk (net)
                      0.045801    0.001013    0.149692 ^ clkbuf_2_0__f_clk/A (sky130_fd_sc_hd__clkbuf_16)
     9    0.025742    0.035100    0.097085    0.246777 ^ clkbuf_2_0__f_clk/X (sky130_fd_sc_hd__clkbuf_16)
                                                         clknet_2_0__leaf_clk (net)
                      0.035110    0.000604    0.247380 ^ _771_/CLK (sky130_fd_sc_hd__dfxtp_2)
                                  0.250000    0.497380   clock uncertainty
                                 -0.023503    0.473878   clock reconvergence pessimism
                                 -0.016785    0.457093   library hold time
                                              0.457093   data required time
---------------------------------------------------------------------------------------------
                                              0.457093   data required time
                                             -0.870468   data arrival time
---------------------------------------------------------------------------------------------
                                              0.413375   slack (MET)


Startpoint: _763_ (rising edge-triggered flip-flop clocked by clk)
Endpoint: _767_ (rising edge-triggered flip-flop clocked by clk)
Path Group: clk
Path Type: min

Fanout         Cap        Slew       Delay        Time   Description
---------------------------------------------------------------------------------------------
                                  0.000000    0.000000   clock clk (rise edge)
                                  0.000000    0.000000   clock source latency
     1    0.014926    0.054748    0.035603    0.035603 ^ clk (in)
                                                         clk (net)
                      0.054780    0.000000    0.035603 ^ clkbuf_0_clk/A (sky130_fd_sc_hd__clkbuf_16)
     4    0.040904    0.045774    0.098916    0.134519 ^ clkbuf_0_clk/X (sky130_fd_sc_hd__clkbuf_16)
                                                         clknet_0_clk (net)
                      0.045800    0.000891    0.135409 ^ clkbuf_2_3__f_clk/A (sky130_fd_sc_hd__clkbuf_16)
     9    0.025163    0.034695    0.087455    0.222865 ^ clkbuf_2_3__f_clk/X (sky130_fd_sc_hd__clkbuf_16)
                                                         clknet_2_3__leaf_clk (net)
                      0.034729    0.000871    0.223736 ^ _763_/CLK (sky130_fd_sc_hd__dfxtp_2)
     5    0.021200    0.085234    0.224935    0.448671 ^ _763_/Q (sky130_fd_sc_hd__dfxtp_2)
                                                         diagnostic.x2[2] (net)
                      0.085234    0.000390    0.449060 ^ hold99/A (sky130_fd_sc_hd__dlygate4sd3_1)
     1    0.002687    0.036588    0.360853    0.809913 ^ hold99/X (sky130_fd_sc_hd__dlygate4sd3_1)
                                                         net99 (net)
                      0.036588    0.000080    0.809993 ^ _746_/A (sky130_fd_sc_hd__and2_2)
     1    0.003235    0.026159    0.073881    0.883874 ^ _746_/X (sky130_fd_sc_hd__and2_2)
                                                         _031_ (net)
                      0.026159    0.000099    0.883974 ^ _767_/D (sky130_fd_sc_hd__dfxtp_2)
                                              0.883974   data arrival time

                                  0.000000    0.000000   clock clk (rise edge)
                                  0.000000    0.000000   clock source latency
     1    0.014926    0.054748    0.039350    0.039350 ^ clk (in)
                                                         clk (net)
                      0.054780    0.000000    0.039350 ^ clkbuf_0_clk/A (sky130_fd_sc_hd__clkbuf_16)
     4    0.040904    0.045774    0.109328    0.148679 ^ clkbuf_0_clk/X (sky130_fd_sc_hd__clkbuf_16)
                                                         clknet_0_clk (net)
                      0.045800    0.000984    0.149663 ^ clkbuf_2_3__f_clk/A (sky130_fd_sc_hd__clkbuf_16)
     9    0.025163    0.034695    0.096661    0.246324 ^ clkbuf_2_3__f_clk/X (sky130_fd_sc_hd__clkbuf_16)
                                                         clknet_2_3__leaf_clk (net)
                      0.034712    0.000714    0.247038 ^ _767_/CLK (sky130_fd_sc_hd__dfxtp_2)
                                  0.250000    0.497038   clock uncertainty
                                 -0.023459    0.473579   clock reconvergence pessimism
                                 -0.016869    0.456709   library hold time
                                              0.456709   data required time
---------------------------------------------------------------------------------------------
                                              0.456709   data required time
                                             -0.883974   data arrival time
---------------------------------------------------------------------------------------------
                                              0.427264   slack (MET)


Startpoint: _779_ (rising edge-triggered flip-flop clocked by clk)
Endpoint: _756_ (rising edge-triggered flip-flop clocked by clk)
Path Group: clk
Path Type: min

Fanout         Cap        Slew       Delay        Time   Description
---------------------------------------------------------------------------------------------
                                  0.000000    0.000000   clock clk (rise edge)
                                  0.000000    0.000000   clock source latency
     1    0.014926    0.054748    0.035603    0.035603 ^ clk (in)
                                                         clk (net)
                      0.054780    0.000000    0.035603 ^ clkbuf_0_clk/A (sky130_fd_sc_hd__clkbuf_16)
     4    0.040904    0.045774    0.098916    0.134519 ^ clkbuf_0_clk/X (sky130_fd_sc_hd__clkbuf_16)
                                                         clknet_0_clk (net)
                      0.045795    0.000813    0.135332 ^ clkbuf_2_2__f_clk/A (sky130_fd_sc_hd__clkbuf_16)
     9    0.026373    0.035529    0.088400    0.223732 ^ clkbuf_2_2__f_clk/X (sky130_fd_sc_hd__clkbuf_16)
                                                         clknet_2_2__leaf_clk (net)
                      0.035529    0.000117    0.223849 ^ _779_/CLK (sky130_fd_sc_hd__dfxtp_2)
     1    0.004886    0.028091    0.184928    0.408777 ^ _779_/Q (sky130_fd_sc_hd__dfxtp_2)
                                                         controller.state[10] (net)
                      0.028091    0.000161    0.408938 ^ hold86/A (sky130_fd_sc_hd__dlygate4sd3_1)
     2    0.011599    0.097403    0.397443    0.806381 ^ hold86/X (sky130_fd_sc_hd__dlygate4sd3_1)
                                                         net86 (net)
                      0.097403    0.000244    0.806625 ^ _735_/B (sky130_fd_sc_hd__and2_2)
     1    0.002069    0.023232    0.086183    0.892808 ^ _735_/X (sky130_fd_sc_hd__and2_2)
                                                         _020_ (net)
                      0.023232    0.000038    0.892846 ^ _756_/D (sky130_fd_sc_hd__dfxtp_2)
                                              0.892846   data arrival time

                                  0.000000    0.000000   clock clk (rise edge)
                                  0.000000    0.000000   clock source latency
     1    0.014926    0.054748    0.039350    0.039350 ^ clk (in)
                                                         clk (net)
                      0.054780    0.000000    0.039350 ^ clkbuf_0_clk/A (sky130_fd_sc_hd__clkbuf_16)
     4    0.040904    0.045774    0.109328    0.148679 ^ clkbuf_0_clk/X (sky130_fd_sc_hd__clkbuf_16)
                                                         clknet_0_clk (net)
                      0.045795    0.000899    0.149577 ^ clkbuf_2_2__f_clk/A (sky130_fd_sc_hd__clkbuf_16)
     9    0.026373    0.035529    0.097705    0.247282 ^ clkbuf_2_2__f_clk/X (sky130_fd_sc_hd__clkbuf_16)
                                                         clknet_2_2__leaf_clk (net)
                      0.035529    0.000130    0.247412 ^ _756_/CLK (sky130_fd_sc_hd__dfxtp_2)
                                  0.250000    0.497412   clock uncertainty
                                 -0.023551    0.473861   clock reconvergence pessimism
                                 -0.016643    0.457219   library hold time
                                              0.457219   data required time
---------------------------------------------------------------------------------------------
                                              0.457219   data required time
                                             -0.892846   data arrival time
---------------------------------------------------------------------------------------------
                                              0.435628   slack (MET)


Startpoint: _757_ (rising edge-triggered flip-flop clocked by clk)
Endpoint: _761_ (rising edge-triggered flip-flop clocked by clk)
Path Group: clk
Path Type: min

Fanout         Cap        Slew       Delay        Time   Description
---------------------------------------------------------------------------------------------
                                  0.000000    0.000000   clock clk (rise edge)
                                  0.000000    0.000000   clock source latency
     1    0.014926    0.054748    0.035603    0.035603 ^ clk (in)
                                                         clk (net)
                      0.054780    0.000000    0.035603 ^ clkbuf_0_clk/A (sky130_fd_sc_hd__clkbuf_16)
     4    0.040904    0.045774    0.098916    0.134519 ^ clkbuf_0_clk/X (sky130_fd_sc_hd__clkbuf_16)
                                                         clknet_0_clk (net)
                      0.045797    0.000847    0.135366 ^ clkbuf_2_1__f_clk/A (sky130_fd_sc_hd__clkbuf_16)
     9    0.024129    0.033975    0.086906    0.222271 ^ clkbuf_2_1__f_clk/X (sky130_fd_sc_hd__clkbuf_16)
                                                         clknet_2_1__leaf_clk (net)
                      0.033983    0.000460    0.222732 ^ _757_/CLK (sky130_fd_sc_hd__dfxtp_2)
     8    0.030209    0.057115    0.221510    0.444242 v _757_/Q (sky130_fd_sc_hd__dfxtp_2)
                                                         diagnostic.x1[0] (net)
                      0.057118    0.000450    0.444692 v hold103/A (sky130_fd_sc_hd__dlygate4sd3_1)
     1    0.001925    0.035157    0.346457    0.791149 v hold103/X (sky130_fd_sc_hd__dlygate4sd3_1)
                                                         net103 (net)
                      0.035157    0.000052    0.791201 v _740_/A (sky130_fd_sc_hd__and2_2)
     1    0.002533    0.023957    0.096117    0.887318 v _740_/X (sky130_fd_sc_hd__and2_2)
                                                         _025_ (net)
                      0.023957    0.000069    0.887387 v _761_/D (sky130_fd_sc_hd__dfxtp_2)
                                              0.887387   data arrival time

                                  0.000000    0.000000   clock clk (rise edge)
                                  0.000000    0.000000   clock source latency
     1    0.014926    0.054748    0.039350    0.039350 ^ clk (in)
                                                         clk (net)
                      0.054780    0.000000    0.039350 ^ clkbuf_0_clk/A (sky130_fd_sc_hd__clkbuf_16)
     4    0.040904    0.045774    0.109328    0.148679 ^ clkbuf_0_clk/X (sky130_fd_sc_hd__clkbuf_16)
                                                         clknet_0_clk (net)
                      0.045800    0.000984    0.149663 ^ clkbuf_2_3__f_clk/A (sky130_fd_sc_hd__clkbuf_16)
     9    0.025163    0.034695    0.096661    0.246324 ^ clkbuf_2_3__f_clk/X (sky130_fd_sc_hd__clkbuf_16)
                                                         clknet_2_3__leaf_clk (net)
                      0.034724    0.000892    0.247216 ^ _761_/CLK (sky130_fd_sc_hd__dfxtp_2)
                                  0.250000    0.497216   clock uncertainty
                                 -0.014160    0.483056   clock reconvergence pessimism
                                 -0.031949    0.451107   library hold time
                                              0.451107   data required time
---------------------------------------------------------------------------------------------
                                              0.451107   data required time
                                             -0.887387   data arrival time
---------------------------------------------------------------------------------------------
                                              0.436280   slack (MET)


Startpoint: _760_ (rising edge-triggered flip-flop clocked by clk)
Endpoint: _764_ (rising edge-triggered flip-flop clocked by clk)
Path Group: clk
Path Type: min

Fanout         Cap        Slew       Delay        Time   Description
---------------------------------------------------------------------------------------------
                                  0.000000    0.000000   clock clk (rise edge)
                                  0.000000    0.000000   clock source latency
     1    0.014926    0.054748    0.035603    0.035603 ^ clk (in)
                                                         clk (net)
                      0.054780    0.000000    0.035603 ^ clkbuf_0_clk/A (sky130_fd_sc_hd__clkbuf_16)
     4    0.040904    0.045774    0.098916    0.134519 ^ clkbuf_0_clk/X (sky130_fd_sc_hd__clkbuf_16)
                                                         clknet_0_clk (net)
                      0.045797    0.000847    0.135366 ^ clkbuf_2_1__f_clk/A (sky130_fd_sc_hd__clkbuf_16)
     9    0.024129    0.033975    0.086906    0.222271 ^ clkbuf_2_1__f_clk/X (sky130_fd_sc_hd__clkbuf_16)
                                                         clknet_2_1__leaf_clk (net)
                      0.033982    0.000433    0.222705 ^ _760_/CLK (sky130_fd_sc_hd__dfxtp_2)
     8    0.033279    0.062091    0.224408    0.447113 v _760_/Q (sky130_fd_sc_hd__dfxtp_2)
                                                         diagnostic.x1[3] (net)
                      0.062100    0.000718    0.447831 v hold105/A (sky130_fd_sc_hd__dlygate4sd3_1)
     1    0.001672    0.034250    0.346949    0.794780 v hold105/X (sky130_fd_sc_hd__dlygate4sd3_1)
                                                         net105 (net)
                      0.034250    0.000031    0.794810 v _743_/A (sky130_fd_sc_hd__and2_2)
     1    0.002770    0.024376    0.096462    0.891272 v _743_/X (sky130_fd_sc_hd__and2_2)
                                                         _028_ (net)
                      0.024376    0.000075    0.891348 v _764_/D (sky130_fd_sc_hd__dfxtp_2)
                                              0.891348   data arrival time

                                  0.000000    0.000000   clock clk (rise edge)
                                  0.000000    0.000000   clock source latency
     1    0.014926    0.054748    0.039350    0.039350 ^ clk (in)
                                                         clk (net)
                      0.054780    0.000000    0.039350 ^ clkbuf_0_clk/A (sky130_fd_sc_hd__clkbuf_16)
     4    0.040904    0.045774    0.109328    0.148679 ^ clkbuf_0_clk/X (sky130_fd_sc_hd__clkbuf_16)
                                                         clknet_0_clk (net)
                      0.045800    0.000984    0.149663 ^ clkbuf_2_3__f_clk/A (sky130_fd_sc_hd__clkbuf_16)
     9    0.025163    0.034695    0.096661    0.246324 ^ clkbuf_2_3__f_clk/X (sky130_fd_sc_hd__clkbuf_16)
                                                         clknet_2_3__leaf_clk (net)
                      0.034728    0.000945    0.247269 ^ _764_/CLK (sky130_fd_sc_hd__dfxtp_2)
                                  0.250000    0.497269   clock uncertainty
                                 -0.014160    0.483109   clock reconvergence pessimism
                                 -0.032088    0.451021   library hold time
                                              0.451021   data required time
---------------------------------------------------------------------------------------------
                                              0.451021   data required time
                                             -0.891348   data arrival time
---------------------------------------------------------------------------------------------
                                              0.440327   slack (MET)


Startpoint: _759_ (rising edge-triggered flip-flop clocked by clk)
Endpoint: _763_ (rising edge-triggered flip-flop clocked by clk)
Path Group: clk
Path Type: min

Fanout         Cap        Slew       Delay        Time   Description
---------------------------------------------------------------------------------------------
                                  0.000000    0.000000   clock clk (rise edge)
                                  0.000000    0.000000   clock source latency
     1    0.014926    0.054748    0.035603    0.035603 ^ clk (in)
                                                         clk (net)
                      0.054780    0.000000    0.035603 ^ clkbuf_0_clk/A (sky130_fd_sc_hd__clkbuf_16)
     4    0.040904    0.045774    0.098916    0.134519 ^ clkbuf_0_clk/X (sky130_fd_sc_hd__clkbuf_16)
                                                         clknet_0_clk (net)
                      0.045797    0.000847    0.135366 ^ clkbuf_2_1__f_clk/A (sky130_fd_sc_hd__clkbuf_16)
     9    0.024129    0.033975    0.086906    0.222271 ^ clkbuf_2_1__f_clk/X (sky130_fd_sc_hd__clkbuf_16)
                                                         clknet_2_1__leaf_clk (net)
                      0.033982    0.000439    0.222710 ^ _759_/CLK (sky130_fd_sc_hd__dfxtp_2)
     9    0.037428    0.068422    0.229272    0.451983 v _759_/Q (sky130_fd_sc_hd__dfxtp_2)
                                                         diagnostic.x1[2] (net)
                      0.068440    0.001027    0.453010 v hold108/A (sky130_fd_sc_hd__dlygate4sd3_1)
     1    0.001666    0.034210    0.349375    0.802384 v hold108/X (sky130_fd_sc_hd__dlygate4sd3_1)
                                                         net108 (net)
                      0.034210    0.000030    0.802415 v _742_/A (sky130_fd_sc_hd__and2_2)
     1    0.002488    0.023879    0.095652    0.898066 v _742_/X (sky130_fd_sc_hd__and2_2)
                                                         _027_ (net)
                      0.023879    0.000067    0.898133 v _763_/D (sky130_fd_sc_hd__dfxtp_2)
                                              0.898133   data arrival time

                                  0.000000    0.000000   clock clk (rise edge)
                                  0.000000    0.000000   clock source latency
     1    0.014926    0.054748    0.039350    0.039350 ^ clk (in)
                                                         clk (net)
                      0.054780    0.000000    0.039350 ^ clkbuf_0_clk/A (sky130_fd_sc_hd__clkbuf_16)
     4    0.040904    0.045774    0.109328    0.148679 ^ clkbuf_0_clk/X (sky130_fd_sc_hd__clkbuf_16)
                                                         clknet_0_clk (net)
                      0.045800    0.000984    0.149663 ^ clkbuf_2_3__f_clk/A (sky130_fd_sc_hd__clkbuf_16)
     9    0.025163    0.034695    0.096661    0.246324 ^ clkbuf_2_3__f_clk/X (sky130_fd_sc_hd__clkbuf_16)
                                                         clknet_2_3__leaf_clk (net)
                      0.034729    0.000963    0.247287 ^ _763_/CLK (sky130_fd_sc_hd__dfxtp_2)
                                  0.250000    0.497287   clock uncertainty
                                 -0.014160    0.483127   clock reconvergence pessimism
                                 -0.031923    0.451204   library hold time
                                              0.451204   data required time
---------------------------------------------------------------------------------------------
                                              0.451204   data required time
                                             -0.898133   data arrival time
---------------------------------------------------------------------------------------------
                                              0.446929   slack (MET)


Startpoint: _764_ (rising edge-triggered flip-flop clocked by clk)
Endpoint: _768_ (rising edge-triggered flip-flop clocked by clk)
Path Group: clk
Path Type: min

Fanout         Cap        Slew       Delay        Time   Description
---------------------------------------------------------------------------------------------
                                  0.000000    0.000000   clock clk (rise edge)
                                  0.000000    0.000000   clock source latency
     1    0.014926    0.054748    0.035603    0.035603 ^ clk (in)
                                                         clk (net)
                      0.054780    0.000000    0.035603 ^ clkbuf_0_clk/A (sky130_fd_sc_hd__clkbuf_16)
     4    0.040904    0.045774    0.098916    0.134519 ^ clkbuf_0_clk/X (sky130_fd_sc_hd__clkbuf_16)
                                                         clknet_0_clk (net)
                      0.045800    0.000891    0.135409 ^ clkbuf_2_3__f_clk/A (sky130_fd_sc_hd__clkbuf_16)
     9    0.025163    0.034695    0.087455    0.222865 ^ clkbuf_2_3__f_clk/X (sky130_fd_sc_hd__clkbuf_16)
                                                         clknet_2_3__leaf_clk (net)
                      0.034728    0.000855    0.223719 ^ _764_/CLK (sky130_fd_sc_hd__dfxtp_2)
     8    0.031198    0.058515    0.222543    0.446263 v _764_/Q (sky130_fd_sc_hd__dfxtp_2)
                                                         diagnostic.x2[3] (net)
                      0.058519    0.000495    0.446758 v hold106/A (sky130_fd_sc_hd__dlygate4sd3_1)
     1    0.002286    0.036419    0.349060    0.795818 v hold106/X (sky130_fd_sc_hd__dlygate4sd3_1)
                                                         net106 (net)
                      0.036419    0.000062    0.795880 v _747_/A (sky130_fd_sc_hd__and2_2)
     1    0.002551    0.023991    0.096624    0.892505 v _747_/X (sky130_fd_sc_hd__and2_2)
                                                         _032_ (net)
                      0.023991    0.000069    0.892574 v _768_/D (sky130_fd_sc_hd__dfxtp_2)
                                              0.892574   data arrival time

                                  0.000000    0.000000   clock clk (rise edge)
                                  0.000000    0.000000   clock source latency
     1    0.014926    0.054748    0.039350    0.039350 ^ clk (in)
                                                         clk (net)
                      0.054780    0.000000    0.039350 ^ clkbuf_0_clk/A (sky130_fd_sc_hd__clkbuf_16)
     4    0.040904    0.045774    0.109328    0.148679 ^ clkbuf_0_clk/X (sky130_fd_sc_hd__clkbuf_16)
                                                         clknet_0_clk (net)
                      0.045800    0.000984    0.149663 ^ clkbuf_2_3__f_clk/A (sky130_fd_sc_hd__clkbuf_16)
     9    0.025163    0.034695    0.096661    0.246324 ^ clkbuf_2_3__f_clk/X (sky130_fd_sc_hd__clkbuf_16)
                                                         clknet_2_3__leaf_clk (net)
                      0.034711    0.000695    0.247019 ^ _768_/CLK (sky130_fd_sc_hd__dfxtp_2)
                                  0.250000    0.497019   clock uncertainty
                                 -0.023459    0.473559   clock reconvergence pessimism
                                 -0.031962    0.441598   library hold time
                                              0.441598   data required time
---------------------------------------------------------------------------------------------
                                              0.441598   data required time
                                             -0.892574   data arrival time
---------------------------------------------------------------------------------------------
                                              0.450976   slack (MET)


Startpoint: _761_ (rising edge-triggered flip-flop clocked by clk)
Endpoint: _765_ (rising edge-triggered flip-flop clocked by clk)
Path Group: clk
Path Type: min

Fanout         Cap        Slew       Delay        Time   Description
---------------------------------------------------------------------------------------------
                                  0.000000    0.000000   clock clk (rise edge)
                                  0.000000    0.000000   clock source latency
     1    0.014926    0.054748    0.035603    0.035603 ^ clk (in)
                                                         clk (net)
                      0.054780    0.000000    0.035603 ^ clkbuf_0_clk/A (sky130_fd_sc_hd__clkbuf_16)
     4    0.040904    0.045774    0.098916    0.134519 ^ clkbuf_0_clk/X (sky130_fd_sc_hd__clkbuf_16)
                                                         clknet_0_clk (net)
                      0.045800    0.000891    0.135409 ^ clkbuf_2_3__f_clk/A (sky130_fd_sc_hd__clkbuf_16)
     9    0.025163    0.034695    0.087455    0.222865 ^ clkbuf_2_3__f_clk/X (sky130_fd_sc_hd__clkbuf_16)
                                                         clknet_2_3__leaf_clk (net)
                      0.034724    0.000807    0.223672 ^ _761_/CLK (sky130_fd_sc_hd__dfxtp_2)
     8    0.030980    0.058304    0.222583    0.446255 v _761_/Q (sky130_fd_sc_hd__dfxtp_2)
                                                         diagnostic.x2[0] (net)
                      0.058305    0.000350    0.446605 v hold107/A (sky130_fd_sc_hd__dlygate4sd3_1)
     1    0.002645    0.037420    0.351028    0.797633 v hold107/X (sky130_fd_sc_hd__dlygate4sd3_1)
                                                         net107 (net)
                      0.037420    0.000078    0.797711 v _744_/A (sky130_fd_sc_hd__and2_2)
     1    0.002169    0.023312    0.095907    0.893618 v _744_/X (sky130_fd_sc_hd__and2_2)
                                                         _029_ (net)
                      0.023312    0.000059    0.893677 v _765_/D (sky130_fd_sc_hd__dfxtp_2)
                                              0.893677   data arrival time

                                  0.000000    0.000000   clock clk (rise edge)
                                  0.000000    0.000000   clock source latency
     1    0.014926    0.054748    0.039350    0.039350 ^ clk (in)
                                                         clk (net)
                      0.054780    0.000000    0.039350 ^ clkbuf_0_clk/A (sky130_fd_sc_hd__clkbuf_16)
     4    0.040904    0.045774    0.109328    0.148679 ^ clkbuf_0_clk/X (sky130_fd_sc_hd__clkbuf_16)
                                                         clknet_0_clk (net)
                      0.045800    0.000984    0.149663 ^ clkbuf_2_3__f_clk/A (sky130_fd_sc_hd__clkbuf_16)
     9    0.025163    0.034695    0.096661    0.246324 ^ clkbuf_2_3__f_clk/X (sky130_fd_sc_hd__clkbuf_16)
                                                         clknet_2_3__leaf_clk (net)
                      0.034725    0.000907    0.247231 ^ _765_/CLK (sky130_fd_sc_hd__dfxtp_2)
                                  0.250000    0.497231   clock uncertainty
                                 -0.023459    0.473772   clock reconvergence pessimism
                                 -0.031734    0.442037   library hold time
                                              0.442037   data required time
---------------------------------------------------------------------------------------------
                                              0.442037   data required time
                                             -0.893677   data arrival time
---------------------------------------------------------------------------------------------
                                              0.451640   slack (MET)


Startpoint: _755_ (rising edge-triggered flip-flop clocked by clk)
Endpoint: _754_ (rising edge-triggered flip-flop clocked by clk)
Path Group: clk
Path Type: min

Fanout         Cap        Slew       Delay        Time   Description
---------------------------------------------------------------------------------------------
                                  0.000000    0.000000   clock clk (rise edge)
                                  0.000000    0.000000   clock source latency
     1    0.014926    0.054748    0.035603    0.035603 ^ clk (in)
                                                         clk (net)
                      0.054780    0.000000    0.035603 ^ clkbuf_0_clk/A (sky130_fd_sc_hd__clkbuf_16)
     4    0.040904    0.045774    0.098916    0.134519 ^ clkbuf_0_clk/X (sky130_fd_sc_hd__clkbuf_16)
                                                         clknet_0_clk (net)
                      0.045801    0.000917    0.135436 ^ clkbuf_2_0__f_clk/A (sky130_fd_sc_hd__clkbuf_16)
     9    0.025742    0.035100    0.087839    0.223274 ^ clkbuf_2_0__f_clk/X (sky130_fd_sc_hd__clkbuf_16)
                                                         clknet_2_0__leaf_clk (net)
                      0.035137    0.000925    0.224199 ^ _755_/CLK (sky130_fd_sc_hd__dfxtp_2)
     6    0.023171    0.046617    0.213390    0.437589 v _755_/Q (sky130_fd_sc_hd__dfxtp_2)
                                                         net23 (net)
                      0.046621    0.000434    0.438022 v hold104/A (sky130_fd_sc_hd__dlygate4sd3_1)
     1    0.003623    0.041797    0.352240    0.790263 v hold104/X (sky130_fd_sc_hd__dlygate4sd3_1)
                                                         net104 (net)
                      0.041797    0.000119    0.790382 v _731_/A_N (sky130_fd_sc_hd__and3b_2)
     1    0.002562    0.026683    0.128653    0.919035 ^ _731_/X (sky130_fd_sc_hd__and3b_2)
                                                         _018_ (net)
                      0.026683    0.000073    0.919108 ^ _754_/D (sky130_fd_sc_hd__dfxtp_2)
                                              0.919108   data arrival time

                                  0.000000    0.000000   clock clk (rise edge)
                                  0.000000    0.000000   clock source latency
     1    0.014926    0.054748    0.039350    0.039350 ^ clk (in)
                                                         clk (net)
                      0.054780    0.000000    0.039350 ^ clkbuf_0_clk/A (sky130_fd_sc_hd__clkbuf_16)
     4    0.040904    0.045774    0.109328    0.148679 ^ clkbuf_0_clk/X (sky130_fd_sc_hd__clkbuf_16)
                                                         clknet_0_clk (net)
                      0.045797    0.000936    0.149615 ^ clkbuf_2_1__f_clk/A (sky130_fd_sc_hd__clkbuf_16)
     9    0.024129    0.033975    0.096054    0.245668 ^ clkbuf_2_1__f_clk/X (sky130_fd_sc_hd__clkbuf_16)
                                                         clknet_2_1__leaf_clk (net)
                      0.033987    0.000586    0.246255 ^ _754_/CLK (sky130_fd_sc_hd__dfxtp_2)
                                  0.250000    0.496255   clock uncertainty
                                 -0.014160    0.482095   clock reconvergence pessimism
                                 -0.016923    0.465172   library hold time
                                              0.465172   data required time
---------------------------------------------------------------------------------------------
                                              0.465172   data required time
                                             -0.919108   data arrival time
---------------------------------------------------------------------------------------------
                                              0.453936   slack (MET)


Startpoint: _756_ (rising edge-triggered flip-flop clocked by clk)
Endpoint: diag_done (output port clocked by clk)
Path Group: clk
Path Type: min

Fanout         Cap        Slew       Delay        Time   Description
---------------------------------------------------------------------------------------------
                                  0.000000    0.000000   clock clk (rise edge)
                                  0.000000    0.000000   clock source latency
     1    0.014926    0.054748    0.035603    0.035603 ^ clk (in)
                                                         clk (net)
                      0.054780    0.000000    0.035603 ^ clkbuf_0_clk/A (sky130_fd_sc_hd__clkbuf_16)
     4    0.040904    0.045774    0.098916    0.134519 ^ clkbuf_0_clk/X (sky130_fd_sc_hd__clkbuf_16)
                                                         clknet_0_clk (net)
                      0.045795    0.000813    0.135332 ^ clkbuf_2_2__f_clk/A (sky130_fd_sc_hd__clkbuf_16)
     9    0.026373    0.035529    0.088400    0.223732 ^ clkbuf_2_2__f_clk/X (sky130_fd_sc_hd__clkbuf_16)
                                                         clknet_2_2__leaf_clk (net)
                      0.035529    0.000117    0.223849 ^ _756_/CLK (sky130_fd_sc_hd__dfxtp_2)
     1    0.002547    0.016474    0.181543    0.405392 v _756_/Q (sky130_fd_sc_hd__dfxtp_2)
                                                         net24 (net)
                      0.016474    0.000068    0.405460 v output24/A (sky130_fd_sc_hd__clkdlybuf4s25_1)
     1    0.035005    0.179167    0.259629    0.665089 v output24/X (sky130_fd_sc_hd__clkdlybuf4s25_1)
                                                         diag_done (net)
                      0.179170    0.000833    0.665921 v diag_done (out)
                                              0.665921   data arrival time

                                  0.000000    0.000000   clock clk (rise edge)
                                  0.000000    0.000000   clock network delay (propagated)
                                  0.250000    0.250000   clock uncertainty
                                  0.000000    0.250000   clock reconvergence pessimism
                                 -2.000000   -1.750000   output external delay
                                             -1.750000   data required time
---------------------------------------------------------------------------------------------
                                             -1.750000   data required time
                                             -0.665921   data arrival time
---------------------------------------------------------------------------------------------
                                              2.415921   slack (MET)


Startpoint: _755_ (rising edge-triggered flip-flop clocked by clk)
Endpoint: diag_busy (output port clocked by clk)
Path Group: clk
Path Type: min

Fanout         Cap        Slew       Delay        Time   Description
---------------------------------------------------------------------------------------------
                                  0.000000    0.000000   clock clk (rise edge)
                                  0.000000    0.000000   clock source latency
     1    0.014926    0.054748    0.035603    0.035603 ^ clk (in)
                                                         clk (net)
                      0.054780    0.000000    0.035603 ^ clkbuf_0_clk/A (sky130_fd_sc_hd__clkbuf_16)
     4    0.040904    0.045774    0.098916    0.134519 ^ clkbuf_0_clk/X (sky130_fd_sc_hd__clkbuf_16)
                                                         clknet_0_clk (net)
                      0.045801    0.000917    0.135436 ^ clkbuf_2_0__f_clk/A (sky130_fd_sc_hd__clkbuf_16)
     9    0.025742    0.035100    0.087839    0.223274 ^ clkbuf_2_0__f_clk/X (sky130_fd_sc_hd__clkbuf_16)
                                                         clknet_2_0__leaf_clk (net)
                      0.035137    0.000925    0.224199 ^ _755_/CLK (sky130_fd_sc_hd__dfxtp_2)
     6    0.023171    0.046617    0.213390    0.437589 v _755_/Q (sky130_fd_sc_hd__dfxtp_2)
                                                         net23 (net)
                      0.046623    0.000526    0.438115 v output23/A (sky130_fd_sc_hd__clkdlybuf4s25_1)
     1    0.035395    0.180248    0.272351    0.710467 v output23/X (sky130_fd_sc_hd__clkdlybuf4s25_1)
                                                         diag_busy (net)
                      0.180251    0.000895    0.711362 v diag_busy (out)
                                              0.711362   data arrival time

                                  0.000000    0.000000   clock clk (rise edge)
                                  0.000000    0.000000   clock network delay (propagated)
                                  0.250000    0.250000   clock uncertainty
                                  0.000000    0.250000   clock reconvergence pessimism
                                 -2.000000   -1.750000   output external delay
                                             -1.750000   data required time
---------------------------------------------------------------------------------------------
                                             -1.750000   data required time
                                             -0.711362   data arrival time
---------------------------------------------------------------------------------------------
                                              2.461362   slack (MET)


Startpoint: _761_ (rising edge-triggered flip-flop clocked by clk)
Endpoint: y[0] (output port clocked by clk)
Path Group: clk
Path Type: min

Fanout         Cap        Slew       Delay        Time   Description
---------------------------------------------------------------------------------------------
                                  0.000000    0.000000   clock clk (rise edge)
                                  0.000000    0.000000   clock source latency
     1    0.014926    0.054748    0.035603    0.035603 ^ clk (in)
                                                         clk (net)
                      0.054780    0.000000    0.035603 ^ clkbuf_0_clk/A (sky130_fd_sc_hd__clkbuf_16)
     4    0.040904    0.045774    0.098916    0.134519 ^ clkbuf_0_clk/X (sky130_fd_sc_hd__clkbuf_16)
                                                         clknet_0_clk (net)
                      0.045800    0.000891    0.135409 ^ clkbuf_2_3__f_clk/A (sky130_fd_sc_hd__clkbuf_16)
     9    0.025163    0.034695    0.087455    0.222865 ^ clkbuf_2_3__f_clk/X (sky130_fd_sc_hd__clkbuf_16)
                                                         clknet_2_3__leaf_clk (net)
                      0.034724    0.000807    0.223672 ^ _761_/CLK (sky130_fd_sc_hd__dfxtp_2)
     8    0.030980    0.058304    0.222583    0.446255 v _761_/Q (sky130_fd_sc_hd__dfxtp_2)
                                                         diagnostic.x2[0] (net)
                      0.058310    0.000618    0.446873 v _702_/A2 (sky130_fd_sc_hd__a21oi_2)
     1    0.005116    0.048574    0.100588    0.547461 ^ _702_/Y (sky130_fd_sc_hd__a21oi_2)
                                                         _357_ (net)
                      0.048574    0.000099    0.547560 ^ _703_/B (sky130_fd_sc_hd__nor2_2)
     1    0.005592    0.019274    0.022120    0.569680 v _703_/Y (sky130_fd_sc_hd__nor2_2)
                                                         net25 (net)
                      0.019286    0.000219    0.569898 v output25/A (sky130_fd_sc_hd__clkdlybuf4s25_1)
     1    0.035181    0.179989    0.261185    0.831083 v output25/X (sky130_fd_sc_hd__clkdlybuf4s25_1)
                                                         y[0] (net)
                      0.179992    0.000890    0.831973 v y[0] (out)
                                              0.831973   data arrival time

                                  0.000000    0.000000   clock clk (rise edge)
                                  0.000000    0.000000   clock network delay (propagated)
                                  0.250000    0.250000   clock uncertainty
                                  0.000000    0.250000   clock reconvergence pessimism
                                 -2.000000   -1.750000   output external delay
                                             -1.750000   data required time
---------------------------------------------------------------------------------------------
                                             -1.750000   data required time
                                             -0.831973   data arrival time
---------------------------------------------------------------------------------------------
                                              2.581973   slack (MET)


Startpoint: _765_ (rising edge-triggered flip-flop clocked by clk)
Endpoint: y[2] (output port clocked by clk)
Path Group: clk
Path Type: min

Fanout         Cap        Slew       Delay        Time   Description
---------------------------------------------------------------------------------------------
                                  0.000000    0.000000   clock clk (rise edge)
                                  0.000000    0.000000   clock source latency
     1    0.014926    0.054748    0.035603    0.035603 ^ clk (in)
                                                         clk (net)
                      0.054780    0.000000    0.035603 ^ clkbuf_0_clk/A (sky130_fd_sc_hd__clkbuf_16)
     4    0.040904    0.045774    0.098916    0.134519 ^ clkbuf_0_clk/X (sky130_fd_sc_hd__clkbuf_16)
                                                         clknet_0_clk (net)
                      0.045800    0.000891    0.135409 ^ clkbuf_2_3__f_clk/A (sky130_fd_sc_hd__clkbuf_16)
     9    0.025163    0.034695    0.087455    0.222865 ^ clkbuf_2_3__f_clk/X (sky130_fd_sc_hd__clkbuf_16)
                                                         clknet_2_3__leaf_clk (net)
                      0.034725    0.000821    0.223685 ^ _765_/CLK (sky130_fd_sc_hd__dfxtp_2)
     6    0.027619    0.108732    0.240514    0.464199 ^ _765_/Q (sky130_fd_sc_hd__dfxtp_2)
                                                         diagnostic.x3[0] (net)
                      0.108734    0.000636    0.464835 ^ _447_/A2 (sky130_fd_sc_hd__a31oi_2)
     2    0.013636    0.032099    0.081046    0.545880 v _447_/Y (sky130_fd_sc_hd__a31oi_2)
                                                         _109_ (net)
                      0.032105    0.000350    0.546230 v _448_/A_N (sky130_fd_sc_hd__and2b_2)
     2    0.011837    0.053408    0.143690    0.689920 ^ _448_/X (sky130_fd_sc_hd__and2b_2)
                                                         _110_ (net)
                      0.053410    0.000343    0.690262 ^ _449_/B (sky130_fd_sc_hd__xnor2_2)
     1    0.002600    0.019816    0.030448    0.720710 v _449_/Y (sky130_fd_sc_hd__xnor2_2)
                                                         net27 (net)
                      0.019816    0.000053    0.720763 v output27/A (sky130_fd_sc_hd__dlymetal6s2s_1)
     1    0.035236    0.122388    0.154701    0.875464 v output27/X (sky130_fd_sc_hd__dlymetal6s2s_1)
                                                         y[2] (net)
                      0.122390    0.000656    0.876120 v y[2] (out)
                                              0.876120   data arrival time

                                  0.000000    0.000000   clock clk (rise edge)
                                  0.000000    0.000000   clock network delay (propagated)
                                  0.250000    0.250000   clock uncertainty
                                  0.000000    0.250000   clock reconvergence pessimism
                                 -2.000000   -1.750000   output external delay
                                             -1.750000   data required time
---------------------------------------------------------------------------------------------
                                             -1.750000   data required time
                                             -0.876120   data arrival time
---------------------------------------------------------------------------------------------
                                              2.626120   slack (MET)


Startpoint: _765_ (rising edge-triggered flip-flop clocked by clk)
Endpoint: y[1] (output port clocked by clk)
Path Group: clk
Path Type: min

Fanout         Cap        Slew       Delay        Time   Description
---------------------------------------------------------------------------------------------
                                  0.000000    0.000000   clock clk (rise edge)
                                  0.000000    0.000000   clock source latency
     1    0.014926    0.054748    0.035603    0.035603 ^ clk (in)
                                                         clk (net)
                      0.054780    0.000000    0.035603 ^ clkbuf_0_clk/A (sky130_fd_sc_hd__clkbuf_16)
     4    0.040904    0.045774    0.098916    0.134519 ^ clkbuf_0_clk/X (sky130_fd_sc_hd__clkbuf_16)
                                                         clknet_0_clk (net)
                      0.045800    0.000891    0.135409 ^ clkbuf_2_3__f_clk/A (sky130_fd_sc_hd__clkbuf_16)
     9    0.025163    0.034695    0.087455    0.222865 ^ clkbuf_2_3__f_clk/X (sky130_fd_sc_hd__clkbuf_16)
                                                         clknet_2_3__leaf_clk (net)
                      0.034725    0.000821    0.223685 ^ _765_/CLK (sky130_fd_sc_hd__dfxtp_2)
     6    0.027619    0.108732    0.240514    0.464199 ^ _765_/Q (sky130_fd_sc_hd__dfxtp_2)
                                                         diagnostic.x3[0] (net)
                      0.108734    0.000636    0.464835 ^ _447_/A2 (sky130_fd_sc_hd__a31oi_2)
     2    0.013636    0.032099    0.081046    0.545880 v _447_/Y (sky130_fd_sc_hd__a31oi_2)
                                                         _109_ (net)
                      0.032109    0.000440    0.546320 v _704_/B (sky130_fd_sc_hd__xnor2_2)
     1    0.002517    0.021910    0.071847    0.618167 v _704_/Y (sky130_fd_sc_hd__xnor2_2)
                                                         net26 (net)
                      0.021910    0.000068    0.618235 v output26/A (sky130_fd_sc_hd__clkdlybuf4s25_1)
     1    0.034908    0.178560    0.261277    0.879512 v output26/X (sky130_fd_sc_hd__clkdlybuf4s25_1)
                                                         y[1] (net)
                      0.178561    0.000747    0.880259 v y[1] (out)
                                              0.880259   data arrival time

                                  0.000000    0.000000   clock clk (rise edge)
                                  0.000000    0.000000   clock network delay (propagated)
                                  0.250000    0.250000   clock uncertainty
                                  0.000000    0.250000   clock reconvergence pessimism
                                 -2.000000   -1.750000   output external delay
                                             -1.750000   data required time
---------------------------------------------------------------------------------------------
                                             -1.750000   data required time
                                             -0.880259   data arrival time
---------------------------------------------------------------------------------------------
                                              2.630259   slack (MET)


Startpoint: _765_ (rising edge-triggered flip-flop clocked by clk)
Endpoint: y[3] (output port clocked by clk)
Path Group: clk
Path Type: min

Fanout         Cap        Slew       Delay        Time   Description
---------------------------------------------------------------------------------------------
                                  0.000000    0.000000   clock clk (rise edge)
                                  0.000000    0.000000   clock source latency
     1    0.014926    0.054748    0.035603    0.035603 ^ clk (in)
                                                         clk (net)
                      0.054780    0.000000    0.035603 ^ clkbuf_0_clk/A (sky130_fd_sc_hd__clkbuf_16)
     4    0.040904    0.045774    0.098916    0.134519 ^ clkbuf_0_clk/X (sky130_fd_sc_hd__clkbuf_16)
                                                         clknet_0_clk (net)
                      0.045800    0.000891    0.135409 ^ clkbuf_2_3__f_clk/A (sky130_fd_sc_hd__clkbuf_16)
     9    0.025163    0.034695    0.087455    0.222865 ^ clkbuf_2_3__f_clk/X (sky130_fd_sc_hd__clkbuf_16)
                                                         clknet_2_3__leaf_clk (net)
                      0.034725    0.000821    0.223685 ^ _765_/CLK (sky130_fd_sc_hd__dfxtp_2)
     6    0.027619    0.108732    0.240514    0.464199 ^ _765_/Q (sky130_fd_sc_hd__dfxtp_2)
                                                         diagnostic.x3[0] (net)
                      0.108734    0.000636    0.464835 ^ _447_/A2 (sky130_fd_sc_hd__a31oi_2)
     2    0.013636    0.032099    0.081046    0.545880 v _447_/Y (sky130_fd_sc_hd__a31oi_2)
                                                         _109_ (net)
                      0.032105    0.000350    0.546230 v _448_/A_N (sky130_fd_sc_hd__and2b_2)
     2    0.011837    0.053408    0.143690    0.689920 ^ _448_/X (sky130_fd_sc_hd__and2b_2)
                                                         _110_ (net)
                      0.053409    0.000248    0.690167 ^ _517_/A2 (sky130_fd_sc_hd__a21o_2)
     2    0.015112    0.061232    0.102261    0.792429 ^ _517_/X (sky130_fd_sc_hd__a21o_2)
                                                         _178_ (net)
                      0.061234    0.000408    0.792836 ^ _518_/A (sky130_fd_sc_hd__xnor2_2)
     1    0.004807    0.023154    0.041426    0.834262 v _518_/Y (sky130_fd_sc_hd__xnor2_2)
                                                         net28 (net)
                      0.023154    0.000133    0.834395 v output28/A (sky130_fd_sc_hd__buf_6)
     1    0.034457    0.032227    0.082963    0.917359 v output28/X (sky130_fd_sc_hd__buf_6)
                                                         y[3] (net)
                      0.032244    0.000638    0.917996 v y[3] (out)
                                              0.917996   data arrival time

                                  0.000000    0.000000   clock clk (rise edge)
                                  0.000000    0.000000   clock network delay (propagated)
                                  0.250000    0.250000   clock uncertainty
                                  0.000000    0.250000   clock reconvergence pessimism
                                 -2.000000   -1.750000   output external delay
                                             -1.750000   data required time
---------------------------------------------------------------------------------------------
                                             -1.750000   data required time
                                             -0.917996   data arrival time
---------------------------------------------------------------------------------------------
                                              2.667997   slack (MET)


Startpoint: _768_ (rising edge-triggered flip-flop clocked by clk)
Endpoint: y[9] (output port clocked by clk)
Path Group: clk
Path Type: min

Fanout         Cap        Slew       Delay        Time   Description
---------------------------------------------------------------------------------------------
                                  0.000000    0.000000   clock clk (rise edge)
                                  0.000000    0.000000   clock source latency
     1    0.014926    0.054748    0.035603    0.035603 ^ clk (in)
                                                         clk (net)
                      0.054780    0.000000    0.035603 ^ clkbuf_0_clk/A (sky130_fd_sc_hd__clkbuf_16)
     4    0.040904    0.045774    0.098916    0.134519 ^ clkbuf_0_clk/X (sky130_fd_sc_hd__clkbuf_16)
                                                         clknet_0_clk (net)
                      0.045800    0.000891    0.135409 ^ clkbuf_2_3__f_clk/A (sky130_fd_sc_hd__clkbuf_16)
     9    0.025163    0.034695    0.087455    0.222865 ^ clkbuf_2_3__f_clk/X (sky130_fd_sc_hd__clkbuf_16)
                                                         clknet_2_3__leaf_clk (net)
                      0.034711    0.000628    0.223493 ^ _768_/CLK (sky130_fd_sc_hd__dfxtp_2)
     7    0.028195    0.110859    0.241814    0.465307 ^ _768_/Q (sky130_fd_sc_hd__dfxtp_2)
                                                         diagnostic.x3[3] (net)
                      0.110872    0.001163    0.466470 ^ _615_/A (sky130_fd_sc_hd__nand2_2)
     2    0.005287    0.036359    0.031290    0.497759 v _615_/Y (sky130_fd_sc_hd__nand2_2)
                                                         _274_ (net)
                      0.036359    0.000106    0.497865 v _686_/B1 (sky130_fd_sc_hd__a21o_2)
     1    0.004452    0.021951    0.082257    0.580122 v _686_/X (sky130_fd_sc_hd__a21o_2)
                                                         _343_ (net)
                      0.021951    0.000122    0.580244 v _687_/B (sky130_fd_sc_hd__nand2_2)
     2    0.012404    0.054927    0.057870    0.638114 ^ _687_/Y (sky130_fd_sc_hd__nand2_2)
                                                         _344_ (net)
                      0.054930    0.000322    0.638435 ^ _688_/B (sky130_fd_sc_hd__and2_2)
     2    0.006131    0.035651    0.090043    0.728478 ^ _688_/X (sky130_fd_sc_hd__and2_2)
                                                         _345_ (net)
                      0.035651    0.000092    0.728570 ^ _698_/B1 (sky130_fd_sc_hd__o22a_2)
     2    0.005850    0.029006    0.070461    0.799031 ^ _698_/X (sky130_fd_sc_hd__o22a_2)
                                                         _354_ (net)
                      0.029006    0.000133    0.799164 ^ _705_/B1 (sky130_fd_sc_hd__a21o_2)
     1    0.005475    0.027007    0.052382    0.851546 ^ _705_/X (sky130_fd_sc_hd__a21o_2)
                                                         net34 (net)
                      0.027007    0.000111    0.851657 ^ output34/A (sky130_fd_sc_hd__buf_6)
     1    0.035346    0.058745    0.080747    0.932405 ^ output34/X (sky130_fd_sc_hd__buf_6)
                                                         y[9] (net)
                      0.058794    0.000935    0.933339 ^ y[9] (out)
                                              0.933339   data arrival time

                                  0.000000    0.000000   clock clk (rise edge)
                                  0.000000    0.000000   clock network delay (propagated)
                                  0.250000    0.250000   clock uncertainty
                                  0.000000    0.250000   clock reconvergence pessimism
                                 -2.000000   -1.750000   output external delay
                                             -1.750000   data required time
---------------------------------------------------------------------------------------------
                                             -1.750000   data required time
                                             -0.933339   data arrival time
---------------------------------------------------------------------------------------------
                                              2.683339   slack (MET)


Startpoint: _764_ (rising edge-triggered flip-flop clocked by clk)
Endpoint: y[7] (output port clocked by clk)
Path Group: clk
Path Type: min

Fanout         Cap        Slew       Delay        Time   Description
---------------------------------------------------------------------------------------------
                                  0.000000    0.000000   clock clk (rise edge)
                                  0.000000    0.000000   clock source latency
     1    0.014926    0.054748    0.035603    0.035603 ^ clk (in)
                                                         clk (net)
                      0.054780    0.000000    0.035603 ^ clkbuf_0_clk/A (sky130_fd_sc_hd__clkbuf_16)
     4    0.040904    0.045774    0.098916    0.134519 ^ clkbuf_0_clk/X (sky130_fd_sc_hd__clkbuf_16)
                                                         clknet_0_clk (net)
                      0.045800    0.000891    0.135409 ^ clkbuf_2_3__f_clk/A (sky130_fd_sc_hd__clkbuf_16)
     9    0.025163    0.034695    0.087455    0.222865 ^ clkbuf_2_3__f_clk/X (sky130_fd_sc_hd__clkbuf_16)
                                                         clknet_2_3__leaf_clk (net)
                      0.034728    0.000855    0.223719 ^ _764_/CLK (sky130_fd_sc_hd__dfxtp_2)
     8    0.031198    0.058515    0.222543    0.446263 v _764_/Q (sky130_fd_sc_hd__dfxtp_2)
                                                         diagnostic.x2[3] (net)
                      0.058538    0.001044    0.447307 v _625_/A (sky130_fd_sc_hd__nand2_2)
     2    0.006423    0.036288    0.050649    0.497956 ^ _625_/Y (sky130_fd_sc_hd__nand2_2)
                                                         _284_ (net)
                      0.036288    0.000087    0.498043 ^ _676_/B1 (sky130_fd_sc_hd__a21o_2)
     1    0.006120    0.029303    0.055660    0.553703 ^ _676_/X (sky130_fd_sc_hd__a21o_2)
                                                         _333_ (net)
                      0.029304    0.000193    0.553896 ^ _677_/B (sky130_fd_sc_hd__nand2_2)
     2    0.020250    0.055016    0.053522    0.607418 v _677_/Y (sky130_fd_sc_hd__nand2_2)
                                                         _334_ (net)
                      0.055080    0.001456    0.608874 v _691_/A (sky130_fd_sc_hd__xor2_2)
     2    0.012456    0.126476    0.151784    0.760658 ^ _691_/X (sky130_fd_sc_hd__xor2_2)
                                                         _348_ (net)
                      0.126477    0.000360    0.761018 ^ _694_/A (sky130_fd_sc_hd__xnor2_2)
     2    0.014777    0.066068    0.102835    0.863854 ^ _694_/Y (sky130_fd_sc_hd__xnor2_2)
                                                         _351_ (net)
                      0.066068    0.000175    0.864028 ^ _696_/A (sky130_fd_sc_hd__xor2_2)
     1    0.004778    0.024784    0.042532    0.906561 v _696_/X (sky130_fd_sc_hd__xor2_2)
                                                         net32 (net)
                      0.024784    0.000134    0.906695 v output32/A (sky130_fd_sc_hd__buf_6)
     1    0.034710    0.032382    0.083632    0.990327 v output32/X (sky130_fd_sc_hd__buf_6)
                                                         y[7] (net)
                      0.032413    0.000846    0.991172 v y[7] (out)
                                              0.991172   data arrival time

                                  0.000000    0.000000   clock clk (rise edge)
                                  0.000000    0.000000   clock network delay (propagated)
                                  0.250000    0.250000   clock uncertainty
                                  0.000000    0.250000   clock reconvergence pessimism
                                 -2.000000   -1.750000   output external delay
                                             -1.750000   data required time
---------------------------------------------------------------------------------------------
                                             -1.750000   data required time
                                             -0.991172   data arrival time
---------------------------------------------------------------------------------------------
                                              2.741172   slack (MET)


Startpoint: _768_ (rising edge-triggered flip-flop clocked by clk)
Endpoint: y[8] (output port clocked by clk)
Path Group: clk
Path Type: min

Fanout         Cap        Slew       Delay        Time   Description
---------------------------------------------------------------------------------------------
                                  0.000000    0.000000   clock clk (rise edge)
                                  0.000000    0.000000   clock source latency
     1    0.014926    0.054748    0.035603    0.035603 ^ clk (in)
                                                         clk (net)
                      0.054780    0.000000    0.035603 ^ clkbuf_0_clk/A (sky130_fd_sc_hd__clkbuf_16)
     4    0.040904    0.045774    0.098916    0.134519 ^ clkbuf_0_clk/X (sky130_fd_sc_hd__clkbuf_16)
                                                         clknet_0_clk (net)
                      0.045800    0.000891    0.135409 ^ clkbuf_2_3__f_clk/A (sky130_fd_sc_hd__clkbuf_16)
     9    0.025163    0.034695    0.087455    0.222865 ^ clkbuf_2_3__f_clk/X (sky130_fd_sc_hd__clkbuf_16)
                                                         clknet_2_3__leaf_clk (net)
                      0.034711    0.000628    0.223493 ^ _768_/CLK (sky130_fd_sc_hd__dfxtp_2)
     7    0.028195    0.110859    0.241814    0.465307 ^ _768_/Q (sky130_fd_sc_hd__dfxtp_2)
                                                         diagnostic.x3[3] (net)
                      0.110872    0.001163    0.466470 ^ _615_/A (sky130_fd_sc_hd__nand2_2)
     2    0.005287    0.036359    0.031290    0.497759 v _615_/Y (sky130_fd_sc_hd__nand2_2)
                                                         _274_ (net)
                      0.036359    0.000106    0.497865 v _686_/B1 (sky130_fd_sc_hd__a21o_2)
     1    0.004452    0.021951    0.082257    0.580122 v _686_/X (sky130_fd_sc_hd__a21o_2)
                                                         _343_ (net)
                      0.021951    0.000122    0.580244 v _687_/B (sky130_fd_sc_hd__nand2_2)
     2    0.012404    0.054927    0.057870    0.638114 ^ _687_/Y (sky130_fd_sc_hd__nand2_2)
                                                         _344_ (net)
                      0.054930    0.000322    0.638435 ^ _688_/B (sky130_fd_sc_hd__and2_2)
     2    0.006131    0.035651    0.090043    0.728478 ^ _688_/X (sky130_fd_sc_hd__and2_2)
                                                         _345_ (net)
                      0.035651    0.000131    0.728610 ^ _699_/C (sky130_fd_sc_hd__or4_4)
     2    0.005187    0.022928    0.071012    0.799621 ^ _699_/X (sky130_fd_sc_hd__or4_4)
                                                         _355_ (net)
                      0.022932    0.000069    0.799690 ^ _700_/B (sky130_fd_sc_hd__and2b_2)
     1    0.009648    0.045778    0.092240    0.891930 ^ _700_/X (sky130_fd_sc_hd__and2b_2)
                                                         _356_ (net)
                      0.045778    0.000230    0.892160 ^ _701_/B (sky130_fd_sc_hd__xor2_2)
     1    0.005007    0.025183    0.035154    0.927314 v _701_/X (sky130_fd_sc_hd__xor2_2)
                                                         net33 (net)
                      0.025183    0.000144    0.927458 v output33/A (sky130_fd_sc_hd__buf_6)
     1    0.034996    0.032540    0.083900    1.011358 v output33/X (sky130_fd_sc_hd__buf_6)
                                                         y[8] (net)
                      0.032576    0.000904    1.012263 v y[8] (out)
                                              1.012263   data arrival time

                                  0.000000    0.000000   clock clk (rise edge)
                                  0.000000    0.000000   clock network delay (propagated)
                                  0.250000    0.250000   clock uncertainty
                                  0.000000    0.250000   clock reconvergence pessimism
                                 -2.000000   -1.750000   output external delay
                                             -1.750000   data required time
---------------------------------------------------------------------------------------------
                                             -1.750000   data required time
                                             -1.012263   data arrival time
---------------------------------------------------------------------------------------------
                                              2.762263   slack (MET)


Startpoint: _765_ (rising edge-triggered flip-flop clocked by clk)
Endpoint: y[4] (output port clocked by clk)
Path Group: clk
Path Type: min

Fanout         Cap        Slew       Delay        Time   Description
---------------------------------------------------------------------------------------------
                                  0.000000    0.000000   clock clk (rise edge)
                                  0.000000    0.000000   clock source latency
     1    0.014926    0.054748    0.035603    0.035603 ^ clk (in)
                                                         clk (net)
                      0.054780    0.000000    0.035603 ^ clkbuf_0_clk/A (sky130_fd_sc_hd__clkbuf_16)
     4    0.040904    0.045774    0.098916    0.134519 ^ clkbuf_0_clk/X (sky130_fd_sc_hd__clkbuf_16)
                                                         clknet_0_clk (net)
                      0.045800    0.000891    0.135409 ^ clkbuf_2_3__f_clk/A (sky130_fd_sc_hd__clkbuf_16)
     9    0.025163    0.034695    0.087455    0.222865 ^ clkbuf_2_3__f_clk/X (sky130_fd_sc_hd__clkbuf_16)
                                                         clknet_2_3__leaf_clk (net)
                      0.034725    0.000821    0.223685 ^ _765_/CLK (sky130_fd_sc_hd__dfxtp_2)
     6    0.027619    0.108732    0.240514    0.464199 ^ _765_/Q (sky130_fd_sc_hd__dfxtp_2)
                                                         diagnostic.x3[0] (net)
                      0.108734    0.000636    0.464835 ^ _447_/A2 (sky130_fd_sc_hd__a31oi_2)
     2    0.013636    0.032099    0.081046    0.545880 v _447_/Y (sky130_fd_sc_hd__a31oi_2)
                                                         _109_ (net)
                      0.032105    0.000350    0.546230 v _448_/A_N (sky130_fd_sc_hd__and2b_2)
     2    0.011837    0.053408    0.143690    0.689920 ^ _448_/X (sky130_fd_sc_hd__and2b_2)
                                                         _110_ (net)
                      0.053409    0.000248    0.690167 ^ _517_/A2 (sky130_fd_sc_hd__a21o_2)
     2    0.015112    0.061232    0.102261    0.792429 ^ _517_/X (sky130_fd_sc_hd__a21o_2)
                                                         _178_ (net)
                      0.061234    0.000381    0.792810 ^ _585_/A1 (sky130_fd_sc_hd__a21o_4)
     2    0.013044    0.033424    0.078896    0.871706 ^ _585_/X (sky130_fd_sc_hd__a21o_4)
                                                         _245_ (net)
                      0.033433    0.000500    0.872206 ^ rebuffer54/A (sky130_fd_sc_hd__buf_6)
     1    0.010108    0.024481    0.057205    0.929411 ^ rebuffer54/X (sky130_fd_sc_hd__buf_6)
                                                         net54 (net)
                      0.024482    0.000267    0.929678 ^ _586_/B (sky130_fd_sc_hd__xor2_2)
     1    0.005083    0.025284    0.030149    0.959826 v _586_/X (sky130_fd_sc_hd__xor2_2)
                                                         net29 (net)
                      0.025284    0.000150    0.959976 v output29/A (sky130_fd_sc_hd__buf_6)
     1    0.036134    0.033132    0.084538    1.044515 v output29/X (sky130_fd_sc_hd__buf_6)
                                                         y[4] (net)
                      0.033161    0.000845    1.045359 v y[4] (out)
                                              1.045359   data arrival time

                                  0.000000    0.000000   clock clk (rise edge)
                                  0.000000    0.000000   clock network delay (propagated)
                                  0.250000    0.250000   clock uncertainty
                                  0.000000    0.250000   clock reconvergence pessimism
                                 -2.000000   -1.750000   output external delay
                                             -1.750000   data required time
---------------------------------------------------------------------------------------------
                                             -1.750000   data required time
                                             -1.045359   data arrival time
---------------------------------------------------------------------------------------------
                                              2.795359   slack (MET)


Startpoint: _765_ (rising edge-triggered flip-flop clocked by clk)
Endpoint: y[5] (output port clocked by clk)
Path Group: clk
Path Type: min

Fanout         Cap        Slew       Delay        Time   Description
---------------------------------------------------------------------------------------------
                                  0.000000    0.000000   clock clk (rise edge)
                                  0.000000    0.000000   clock source latency
     1    0.014926    0.054748    0.035603    0.035603 ^ clk (in)
                                                         clk (net)
                      0.054780    0.000000    0.035603 ^ clkbuf_0_clk/A (sky130_fd_sc_hd__clkbuf_16)
     4    0.040904    0.045774    0.098916    0.134519 ^ clkbuf_0_clk/X (sky130_fd_sc_hd__clkbuf_16)
                                                         clknet_0_clk (net)
                      0.045800    0.000891    0.135409 ^ clkbuf_2_3__f_clk/A (sky130_fd_sc_hd__clkbuf_16)
     9    0.025163    0.034695    0.087455    0.222865 ^ clkbuf_2_3__f_clk/X (sky130_fd_sc_hd__clkbuf_16)
                                                         clknet_2_3__leaf_clk (net)
                      0.034725    0.000821    0.223685 ^ _765_/CLK (sky130_fd_sc_hd__dfxtp_2)
     6    0.027619    0.108732    0.240514    0.464199 ^ _765_/Q (sky130_fd_sc_hd__dfxtp_2)
                                                         diagnostic.x3[0] (net)
                      0.108734    0.000636    0.464835 ^ _447_/A2 (sky130_fd_sc_hd__a31oi_2)
     2    0.013636    0.032099    0.081046    0.545880 v _447_/Y (sky130_fd_sc_hd__a31oi_2)
                                                         _109_ (net)
                      0.032105    0.000350    0.546230 v _448_/A_N (sky130_fd_sc_hd__and2b_2)
     2    0.011837    0.053408    0.143690    0.689920 ^ _448_/X (sky130_fd_sc_hd__and2b_2)
                                                         _110_ (net)
                      0.053409    0.000248    0.690167 ^ _517_/A2 (sky130_fd_sc_hd__a21o_2)
     2    0.015112    0.061232    0.102261    0.792429 ^ _517_/X (sky130_fd_sc_hd__a21o_2)
                                                         _178_ (net)
                      0.061234    0.000381    0.792810 ^ _585_/A1 (sky130_fd_sc_hd__a21o_4)
     2    0.013044    0.033424    0.078896    0.871706 ^ _585_/X (sky130_fd_sc_hd__a21o_4)
                                                         _245_ (net)
                      0.033430    0.000427    0.872132 ^ _637_/A1 (sky130_fd_sc_hd__a21o_4)
     2    0.011497    0.030821    0.070788    0.942921 ^ _637_/X (sky130_fd_sc_hd__a21o_4)
                                                         _296_ (net)
                      0.030824    0.000300    0.943220 ^ rebuffer62/A (sky130_fd_sc_hd__buf_6)
     1    0.008676    0.022663    0.055094    0.998314 ^ rebuffer62/X (sky130_fd_sc_hd__buf_6)
                                                         net62 (net)
                      0.022664    0.000093    0.998407 ^ _638_/B (sky130_fd_sc_hd__xor2_2)
     1    0.005389    0.025761    0.030300    1.028707 v _638_/X (sky130_fd_sc_hd__xor2_2)
                                                         net30 (net)
                      0.025761    0.000170    1.028878 v output30/A (sky130_fd_sc_hd__buf_6)
     1    0.034675    0.032368    0.083978    1.112856 v output30/X (sky130_fd_sc_hd__buf_6)
                                                         y[5] (net)
                      0.032403    0.000898    1.113753 v y[5] (out)
                                              1.113753   data arrival time

                                  0.000000    0.000000   clock clk (rise edge)
                                  0.000000    0.000000   clock network delay (propagated)
                                  0.250000    0.250000   clock uncertainty
                                  0.000000    0.250000   clock reconvergence pessimism
                                 -2.000000   -1.750000   output external delay
                                             -1.750000   data required time
---------------------------------------------------------------------------------------------
                                             -1.750000   data required time
                                             -1.113753   data arrival time
---------------------------------------------------------------------------------------------
                                              2.863753   slack (MET)


Startpoint: _766_ (rising edge-triggered flip-flop clocked by clk)
Endpoint: y[6] (output port clocked by clk)
Path Group: clk
Path Type: min

Fanout         Cap        Slew       Delay        Time   Description
---------------------------------------------------------------------------------------------
                                  0.000000    0.000000   clock clk (rise edge)
                                  0.000000    0.000000   clock source latency
     1    0.014926    0.054748    0.035603    0.035603 ^ clk (in)
                                                         clk (net)
                      0.054780    0.000000    0.035603 ^ clkbuf_0_clk/A (sky130_fd_sc_hd__clkbuf_16)
     4    0.040904    0.045774    0.098916    0.134519 ^ clkbuf_0_clk/X (sky130_fd_sc_hd__clkbuf_16)
                                                         clknet_0_clk (net)
                      0.045800    0.000891    0.135409 ^ clkbuf_2_3__f_clk/A (sky130_fd_sc_hd__clkbuf_16)
     9    0.025163    0.034695    0.087455    0.222865 ^ clkbuf_2_3__f_clk/X (sky130_fd_sc_hd__clkbuf_16)
                                                         clknet_2_3__leaf_clk (net)
                      0.034704    0.000511    0.223376 ^ _766_/CLK (sky130_fd_sc_hd__dfxtp_2)
     8    0.027546    0.053187    0.218385    0.441761 v _766_/Q (sky130_fd_sc_hd__dfxtp_2)
                                                         diagnostic.x3[1] (net)
                      0.053209    0.000974    0.442735 v _484_/A (sky130_fd_sc_hd__nand2_2)
     1    0.008904    0.043297    0.054948    0.497683 ^ _484_/Y (sky130_fd_sc_hd__nand2_2)
                                                         _145_ (net)
                      0.043298    0.000252    0.497935 ^ _486_/B (sky130_fd_sc_hd__xnor2_2)
     2    0.014091    0.063172    0.087565    0.585500 ^ _486_/Y (sky130_fd_sc_hd__xnor2_2)
                                                         _147_ (net)
                      0.063172    0.000197    0.585697 ^ _575_/A2 (sky130_fd_sc_hd__a21oi_2)
     2    0.013890    0.031480    0.050444    0.636140 v _575_/Y (sky130_fd_sc_hd__a21oi_2)
                                                         _235_ (net)
                      0.031487    0.000345    0.636485 v _576_/B (sky130_fd_sc_hd__nor2_2)
     2    0.005110    0.059379    0.056267    0.692753 ^ _576_/Y (sky130_fd_sc_hd__nor2_2)
                                                         _236_ (net)
                      0.059379    0.000137    0.692890 ^ _613_/B1 (sky130_fd_sc_hd__a21o_2)
     1    0.009897    0.042810    0.069493    0.762383 ^ _613_/X (sky130_fd_sc_hd__a21o_2)
                                                         _272_ (net)
                      0.042811    0.000308    0.762690 ^ _621_/A (sky130_fd_sc_hd__xnor2_2)
     2    0.012756    0.046642    0.055107    0.817798 v _621_/Y (sky130_fd_sc_hd__xnor2_2)
                                                         _280_ (net)
                      0.046642    0.000264    0.818062 v _622_/B (sky130_fd_sc_hd__nor2_2)
     2    0.006084    0.066361    0.066505    0.884567 ^ _622_/Y (sky130_fd_sc_hd__nor2_2)
                                                         _281_ (net)
                      0.066361    0.000091    0.884659 ^ _672_/A (sky130_fd_sc_hd__or3b_4)
     2    0.011475    0.039209    0.091934    0.976593 ^ _672_/X (sky130_fd_sc_hd__or3b_4)
                                                         _330_ (net)
                      0.039211    0.000261    0.976854 ^ _673_/B (sky130_fd_sc_hd__nand2b_2)
     1    0.009132    0.032427    0.039845    1.016700 v _673_/Y (sky130_fd_sc_hd__nand2b_2)
                                                         _331_ (net)
                      0.032444    0.000287    1.016986 v _675_/A (sky130_fd_sc_hd__xnor2_2)
     1    0.005250    0.023463    0.084677    1.101663 v _675_/Y (sky130_fd_sc_hd__xnor2_2)
                                                         net31 (net)
                      0.023468    0.000160    1.101823 v output31/A (sky130_fd_sc_hd__buf_6)
     1    0.035394    0.032757    0.083400    1.185223 v output31/X (sky130_fd_sc_hd__buf_6)
                                                         y[6] (net)
                      0.032794    0.000917    1.186139 v y[6] (out)
                                              1.186139   data arrival time

                                  0.000000    0.000000   clock clk (rise edge)
                                  0.000000    0.000000   clock network delay (propagated)
                                  0.250000    0.250000   clock uncertainty
                                  0.000000    0.250000   clock reconvergence pessimism
                                 -2.000000   -1.750000   output external delay
                                             -1.750000   data required time
---------------------------------------------------------------------------------------------
                                             -1.750000   data required time
                                             -1.186139   data arrival time
---------------------------------------------------------------------------------------------
                                              2.936139   slack (MET)



%OL_END_REPORT
%OL_CREATE_REPORT max.rpt

===========================================================================
report_checks -path_delay max (Setup)
============================================================================
======================= nom_ff_n40C_1v95 Corner ===================================

Startpoint: h0[2] (input port clocked by clk)
Endpoint: y[9] (output port clocked by clk)
Path Group: clk
Path Type: max

Fanout         Cap        Slew       Delay        Time   Description
---------------------------------------------------------------------------------------------
                                  0.000000    0.000000   clock clk (rise edge)
                                  0.000000    0.000000   clock network delay (propagated)
                                  2.000000    2.000000 ^ input external delay
     1    0.003150    0.015170    0.008566    2.008566 ^ h0[2] (in)
                                                         h0[2] (net)
                      0.015170    0.000000    2.008566 ^ input3/A (sky130_fd_sc_hd__dlymetal6s2s_1)
     8    0.037078    0.285225    0.241300    2.249866 ^ input3/X (sky130_fd_sc_hd__dlymetal6s2s_1)
                                                         net3 (net)
                      0.285229    0.000991    2.250856 ^ _455_/B (sky130_fd_sc_hd__nand4_2)
     3    0.015205    0.119360    0.128627    2.379483 v _455_/Y (sky130_fd_sc_hd__nand4_2)
                                                         _116_ (net)
                      0.119360    0.000293    2.379776 v _457_/A2 (sky130_fd_sc_hd__a21o_4)
     2    0.007810    0.027724    0.177528    2.557304 v _457_/X (sky130_fd_sc_hd__a21o_4)
                                                         _118_ (net)
                      0.027724    0.000202    2.557506 v _459_/B2 (sky130_fd_sc_hd__a22o_4)
     2    0.010982    0.029891    0.115616    2.673122 v _459_/X (sky130_fd_sc_hd__a22o_4)
                                                         _120_ (net)
                      0.029891    0.000322    2.673444 v _461_/A1 (sky130_fd_sc_hd__a21o_4)
     3    0.014964    0.034591    0.142863    2.816307 v _461_/X (sky130_fd_sc_hd__a21o_4)
                                                         _122_ (net)
                      0.034593    0.000333    2.816640 v _463_/A1 (sky130_fd_sc_hd__a21o_4)
     2    0.009886    0.029531    0.137745    2.954385 v _463_/X (sky130_fd_sc_hd__a21o_4)
                                                         _124_ (net)
                      0.029531    0.000274    2.954659 v _477_/A2 (sky130_fd_sc_hd__a21o_4)
     3    0.010318    0.029933    0.144966    3.099625 v _477_/X (sky130_fd_sc_hd__a21o_4)
                                                         _138_ (net)
                      0.029933    0.000155    3.099779 v _478_/C (sky130_fd_sc_hd__and3_4)
     2    0.013808    0.033800    0.129893    3.229672 v _478_/X (sky130_fd_sc_hd__and3_4)
                                                         _139_ (net)
                      0.033810    0.000585    3.230257 v _496_/A1 (sky130_fd_sc_hd__o21a_4)
     2    0.004880    0.025608    0.136188    3.366445 v _496_/X (sky130_fd_sc_hd__o21a_4)
                                                         _157_ (net)
                      0.025608    0.000141    3.366586 v _512_/C (sky130_fd_sc_hd__or3_4)
     3    0.010782    0.052822    0.212518    3.579104 v _512_/X (sky130_fd_sc_hd__or3_4)
                                                         _173_ (net)
                      0.052822    0.000280    3.579384 v _515_/A2 (sky130_fd_sc_hd__a211o_4)
     2    0.009613    0.040940    0.229031    3.808415 v _515_/X (sky130_fd_sc_hd__a211o_4)
                                                         _176_ (net)
                      0.040940    0.000201    3.808616 v _585_/A2 (sky130_fd_sc_hd__a21o_4)
     2    0.012163    0.031668    0.152267    3.960883 v _585_/X (sky130_fd_sc_hd__a21o_4)
                                                         _245_ (net)
                      0.031691    0.000437    3.961320 v _637_/A1 (sky130_fd_sc_hd__a21o_4)
     2    0.010616    0.030176    0.137570    4.098890 v _637_/X (sky130_fd_sc_hd__a21o_4)
                                                         _296_ (net)
                      0.030176    0.000314    4.099204 v _674_/A1 (sky130_fd_sc_hd__a21o_4)
     2    0.011501    0.031006    0.138155    4.237359 v _674_/X (sky130_fd_sc_hd__a21o_4)
                                                         _332_ (net)
                      0.031026    0.000412    4.237771 v _695_/A1 (sky130_fd_sc_hd__a21o_4)
     2    0.013128    0.032618    0.140753    4.378524 v _695_/X (sky130_fd_sc_hd__a21o_4)
                                                         _352_ (net)
                      0.032623    0.000427    4.378951 v _697_/A1 (sky130_fd_sc_hd__a21o_4)
     2    0.012757    0.032236    0.140907    4.519857 v _697_/X (sky130_fd_sc_hd__a21o_4)
                                                         _353_ (net)
                      0.032237    0.000216    4.520074 v _705_/A1 (sky130_fd_sc_hd__a21o_2)
     1    0.004987    0.029200    0.125505    4.645579 v _705_/X (sky130_fd_sc_hd__a21o_2)
                                                         net34 (net)
                      0.029200    0.000111    4.645690 v output34/A (sky130_fd_sc_hd__buf_6)
     1    0.035346    0.032716    0.094687    4.740377 v output34/X (sky130_fd_sc_hd__buf_6)
                                                         y[9] (net)
                      0.032754    0.001032    4.741410 v y[9] (out)
                                              4.741410   data arrival time

                                 10.000000   10.000000   clock clk (rise edge)
                                  0.000000   10.000000   clock network delay (propagated)
                                 -0.250000    9.750000   clock uncertainty
                                  0.000000    9.750000   clock reconvergence pessimism
                                 -2.000000    7.750000   output external delay
                                              7.750000   data required time
---------------------------------------------------------------------------------------------
                                              7.750000   data required time
                                             -4.741410   data arrival time
---------------------------------------------------------------------------------------------
                                              3.008590   slack (MET)


Startpoint: h0[2] (input port clocked by clk)
Endpoint: y[8] (output port clocked by clk)
Path Group: clk
Path Type: max

Fanout         Cap        Slew       Delay        Time   Description
---------------------------------------------------------------------------------------------
                                  0.000000    0.000000   clock clk (rise edge)
                                  0.000000    0.000000   clock network delay (propagated)
                                  2.000000    2.000000 ^ input external delay
     1    0.003150    0.015170    0.008566    2.008566 ^ h0[2] (in)
                                                         h0[2] (net)
                      0.015170    0.000000    2.008566 ^ input3/A (sky130_fd_sc_hd__dlymetal6s2s_1)
     8    0.037078    0.285225    0.241300    2.249866 ^ input3/X (sky130_fd_sc_hd__dlymetal6s2s_1)
                                                         net3 (net)
                      0.285229    0.000991    2.250856 ^ _455_/B (sky130_fd_sc_hd__nand4_2)
     3    0.015205    0.119360    0.128627    2.379483 v _455_/Y (sky130_fd_sc_hd__nand4_2)
                                                         _116_ (net)
                      0.119360    0.000293    2.379776 v _457_/A2 (sky130_fd_sc_hd__a21o_4)
     2    0.007810    0.027724    0.177528    2.557304 v _457_/X (sky130_fd_sc_hd__a21o_4)
                                                         _118_ (net)
                      0.027724    0.000202    2.557506 v _459_/B2 (sky130_fd_sc_hd__a22o_4)
     2    0.010982    0.029891    0.115616    2.673122 v _459_/X (sky130_fd_sc_hd__a22o_4)
                                                         _120_ (net)
                      0.029891    0.000322    2.673444 v _461_/A1 (sky130_fd_sc_hd__a21o_4)
     3    0.014964    0.034591    0.142863    2.816307 v _461_/X (sky130_fd_sc_hd__a21o_4)
                                                         _122_ (net)
                      0.034593    0.000333    2.816640 v _463_/A1 (sky130_fd_sc_hd__a21o_4)
     2    0.009886    0.029531    0.137745    2.954385 v _463_/X (sky130_fd_sc_hd__a21o_4)
                                                         _124_ (net)
                      0.029531    0.000274    2.954659 v _477_/A2 (sky130_fd_sc_hd__a21o_4)
     3    0.010318    0.029933    0.144966    3.099625 v _477_/X (sky130_fd_sc_hd__a21o_4)
                                                         _138_ (net)
                      0.029933    0.000155    3.099779 v _478_/C (sky130_fd_sc_hd__and3_4)
     2    0.013808    0.033800    0.129893    3.229672 v _478_/X (sky130_fd_sc_hd__and3_4)
                                                         _139_ (net)
                      0.033810    0.000585    3.230257 v _496_/A1 (sky130_fd_sc_hd__o21a_4)
     2    0.004880    0.025608    0.136188    3.366445 v _496_/X (sky130_fd_sc_hd__o21a_4)
                                                         _157_ (net)
                      0.025608    0.000141    3.366586 v _512_/C (sky130_fd_sc_hd__or3_4)
     3    0.010782    0.052822    0.212518    3.579104 v _512_/X (sky130_fd_sc_hd__or3_4)
                                                         _173_ (net)
                      0.052822    0.000280    3.579384 v _515_/A2 (sky130_fd_sc_hd__a211o_4)
     2    0.009613    0.040940    0.229031    3.808415 v _515_/X (sky130_fd_sc_hd__a211o_4)
                                                         _176_ (net)
                      0.040940    0.000201    3.808616 v _585_/A2 (sky130_fd_sc_hd__a21o_4)
     2    0.012163    0.031668    0.152267    3.960883 v _585_/X (sky130_fd_sc_hd__a21o_4)
                                                         _245_ (net)
                      0.031691    0.000437    3.961320 v _637_/A1 (sky130_fd_sc_hd__a21o_4)
     2    0.010616    0.030176    0.137570    4.098890 v _637_/X (sky130_fd_sc_hd__a21o_4)
                                                         _296_ (net)
                      0.030176    0.000314    4.099204 v _674_/A1 (sky130_fd_sc_hd__a21o_4)
     2    0.011501    0.031006    0.138155    4.237359 v _674_/X (sky130_fd_sc_hd__a21o_4)
                                                         _332_ (net)
                      0.031026    0.000412    4.237771 v _695_/A1 (sky130_fd_sc_hd__a21o_4)
     2    0.013128    0.032618    0.140753    4.378524 v _695_/X (sky130_fd_sc_hd__a21o_4)
                                                         _352_ (net)
                      0.032623    0.000427    4.378951 v _697_/A1 (sky130_fd_sc_hd__a21o_4)
     2    0.012757    0.032236    0.140907    4.519857 v _697_/X (sky130_fd_sc_hd__a21o_4)
                                                         _353_ (net)
                      0.032239    0.000339    4.520197 v _701_/A (sky130_fd_sc_hd__xor2_2)
     1    0.005495    0.089589    0.115657    4.635854 ^ _701_/X (sky130_fd_sc_hd__xor2_2)
                                                         net33 (net)
                      0.089589    0.000175    4.636029 ^ output33/A (sky130_fd_sc_hd__buf_6)
     1    0.034996    0.058770    0.101827    4.737856 ^ output33/X (sky130_fd_sc_hd__buf_6)
                                                         y[8] (net)
                      0.058787    0.001001    4.738857 ^ y[8] (out)
                                              4.738857   data arrival time

                                 10.000000   10.000000   clock clk (rise edge)
                                  0.000000   10.000000   clock network delay (propagated)
                                 -0.250000    9.750000   clock uncertainty
                                  0.000000    9.750000   clock reconvergence pessimism
                                 -2.000000    7.750000   output external delay
                                              7.750000   data required time
---------------------------------------------------------------------------------------------
                                              7.750000   data required time
                                             -4.738857   data arrival time
---------------------------------------------------------------------------------------------
                                              3.011143   slack (MET)


Startpoint: h0[2] (input port clocked by clk)
Endpoint: y[7] (output port clocked by clk)
Path Group: clk
Path Type: max

Fanout         Cap        Slew       Delay        Time   Description
---------------------------------------------------------------------------------------------
                                  0.000000    0.000000   clock clk (rise edge)
                                  0.000000    0.000000   clock network delay (propagated)
                                  2.000000    2.000000 ^ input external delay
     1    0.003150    0.015170    0.008566    2.008566 ^ h0[2] (in)
                                                         h0[2] (net)
                      0.015170    0.000000    2.008566 ^ input3/A (sky130_fd_sc_hd__dlymetal6s2s_1)
     8    0.037078    0.285225    0.241300    2.249866 ^ input3/X (sky130_fd_sc_hd__dlymetal6s2s_1)
                                                         net3 (net)
                      0.285229    0.000991    2.250856 ^ _455_/B (sky130_fd_sc_hd__nand4_2)
     3    0.015205    0.119360    0.128627    2.379483 v _455_/Y (sky130_fd_sc_hd__nand4_2)
                                                         _116_ (net)
                      0.119360    0.000293    2.379776 v _457_/A2 (sky130_fd_sc_hd__a21o_4)
     2    0.007810    0.027724    0.177528    2.557304 v _457_/X (sky130_fd_sc_hd__a21o_4)
                                                         _118_ (net)
                      0.027724    0.000202    2.557506 v _459_/B2 (sky130_fd_sc_hd__a22o_4)
     2    0.010982    0.029891    0.115616    2.673122 v _459_/X (sky130_fd_sc_hd__a22o_4)
                                                         _120_ (net)
                      0.029891    0.000322    2.673444 v _461_/A1 (sky130_fd_sc_hd__a21o_4)
     3    0.014964    0.034591    0.142863    2.816307 v _461_/X (sky130_fd_sc_hd__a21o_4)
                                                         _122_ (net)
                      0.034593    0.000333    2.816640 v _463_/A1 (sky130_fd_sc_hd__a21o_4)
     2    0.009886    0.029531    0.137745    2.954385 v _463_/X (sky130_fd_sc_hd__a21o_4)
                                                         _124_ (net)
                      0.029531    0.000274    2.954659 v _477_/A2 (sky130_fd_sc_hd__a21o_4)
     3    0.010318    0.029933    0.144966    3.099625 v _477_/X (sky130_fd_sc_hd__a21o_4)
                                                         _138_ (net)
                      0.029933    0.000155    3.099779 v _478_/C (sky130_fd_sc_hd__and3_4)
     2    0.013808    0.033800    0.129893    3.229672 v _478_/X (sky130_fd_sc_hd__and3_4)
                                                         _139_ (net)
                      0.033810    0.000585    3.230257 v _496_/A1 (sky130_fd_sc_hd__o21a_4)
     2    0.004880    0.025608    0.136188    3.366445 v _496_/X (sky130_fd_sc_hd__o21a_4)
                                                         _157_ (net)
                      0.025608    0.000141    3.366586 v _512_/C (sky130_fd_sc_hd__or3_4)
     3    0.010782    0.052822    0.212518    3.579104 v _512_/X (sky130_fd_sc_hd__or3_4)
                                                         _173_ (net)
                      0.052822    0.000280    3.579384 v _515_/A2 (sky130_fd_sc_hd__a211o_4)
     2    0.009613    0.040940    0.229031    3.808415 v _515_/X (sky130_fd_sc_hd__a211o_4)
                                                         _176_ (net)
                      0.040940    0.000201    3.808616 v _585_/A2 (sky130_fd_sc_hd__a21o_4)
     2    0.012163    0.031668    0.152267    3.960883 v _585_/X (sky130_fd_sc_hd__a21o_4)
                                                         _245_ (net)
                      0.031691    0.000437    3.961320 v _637_/A1 (sky130_fd_sc_hd__a21o_4)
     2    0.010616    0.030176    0.137570    4.098890 v _637_/X (sky130_fd_sc_hd__a21o_4)
                                                         _296_ (net)
                      0.030176    0.000314    4.099204 v _674_/A1 (sky130_fd_sc_hd__a21o_4)
     2    0.011501    0.031006    0.138155    4.237359 v _674_/X (sky130_fd_sc_hd__a21o_4)
                                                         _332_ (net)
                      0.031026    0.000412    4.237771 v _695_/A1 (sky130_fd_sc_hd__a21o_4)
     2    0.013128    0.032618    0.140753    4.378524 v _695_/X (sky130_fd_sc_hd__a21o_4)
                                                         _352_ (net)
                      0.032620    0.000316    4.378839 v _696_/B (sky130_fd_sc_hd__xor2_2)
     1    0.004778    0.048113    0.093768    4.472608 v _696_/X (sky130_fd_sc_hd__xor2_2)
                                                         net32 (net)
                      0.048113    0.000148    4.472756 v output32/A (sky130_fd_sc_hd__buf_6)
     1    0.034710    0.032303    0.102807    4.575563 v output32/X (sky130_fd_sc_hd__buf_6)
                                                         y[7] (net)
                      0.032334    0.000935    4.576498 v y[7] (out)
                                              4.576498   data arrival time

                                 10.000000   10.000000   clock clk (rise edge)
                                  0.000000   10.000000   clock network delay (propagated)
                                 -0.250000    9.750000   clock uncertainty
                                  0.000000    9.750000   clock reconvergence pessimism
                                 -2.000000    7.750000   output external delay
                                              7.750000   data required time
---------------------------------------------------------------------------------------------
                                              7.750000   data required time
                                             -4.576498   data arrival time
---------------------------------------------------------------------------------------------
                                              3.173502   slack (MET)


Startpoint: h0[2] (input port clocked by clk)
Endpoint: y[6] (output port clocked by clk)
Path Group: clk
Path Type: max

Fanout         Cap        Slew       Delay        Time   Description
---------------------------------------------------------------------------------------------
                                  0.000000    0.000000   clock clk (rise edge)
                                  0.000000    0.000000   clock network delay (propagated)
                                  2.000000    2.000000 ^ input external delay
     1    0.003150    0.015170    0.008566    2.008566 ^ h0[2] (in)
                                                         h0[2] (net)
                      0.015170    0.000000    2.008566 ^ input3/A (sky130_fd_sc_hd__dlymetal6s2s_1)
     8    0.037078    0.285225    0.241300    2.249866 ^ input3/X (sky130_fd_sc_hd__dlymetal6s2s_1)
                                                         net3 (net)
                      0.285229    0.000991    2.250856 ^ _455_/B (sky130_fd_sc_hd__nand4_2)
     3    0.015205    0.119360    0.128627    2.379483 v _455_/Y (sky130_fd_sc_hd__nand4_2)
                                                         _116_ (net)
                      0.119360    0.000293    2.379776 v _457_/A2 (sky130_fd_sc_hd__a21o_4)
     2    0.007810    0.027724    0.177528    2.557304 v _457_/X (sky130_fd_sc_hd__a21o_4)
                                                         _118_ (net)
                      0.027724    0.000202    2.557506 v _459_/B2 (sky130_fd_sc_hd__a22o_4)
     2    0.010982    0.029891    0.115616    2.673122 v _459_/X (sky130_fd_sc_hd__a22o_4)
                                                         _120_ (net)
                      0.029891    0.000322    2.673444 v _461_/A1 (sky130_fd_sc_hd__a21o_4)
     3    0.014964    0.034591    0.142863    2.816307 v _461_/X (sky130_fd_sc_hd__a21o_4)
                                                         _122_ (net)
                      0.034593    0.000333    2.816640 v _463_/A1 (sky130_fd_sc_hd__a21o_4)
     2    0.009886    0.029531    0.137745    2.954385 v _463_/X (sky130_fd_sc_hd__a21o_4)
                                                         _124_ (net)
                      0.029531    0.000274    2.954659 v _477_/A2 (sky130_fd_sc_hd__a21o_4)
     3    0.010318    0.029933    0.144966    3.099625 v _477_/X (sky130_fd_sc_hd__a21o_4)
                                                         _138_ (net)
                      0.029933    0.000155    3.099779 v _478_/C (sky130_fd_sc_hd__and3_4)
     2    0.013808    0.033800    0.129893    3.229672 v _478_/X (sky130_fd_sc_hd__and3_4)
                                                         _139_ (net)
                      0.033810    0.000585    3.230257 v _496_/A1 (sky130_fd_sc_hd__o21a_4)
     2    0.004880    0.025608    0.136188    3.366445 v _496_/X (sky130_fd_sc_hd__o21a_4)
                                                         _157_ (net)
                      0.025608    0.000141    3.366586 v _512_/C (sky130_fd_sc_hd__or3_4)
     3    0.010782    0.052822    0.212518    3.579104 v _512_/X (sky130_fd_sc_hd__or3_4)
                                                         _173_ (net)
                      0.052822    0.000280    3.579384 v _515_/A2 (sky130_fd_sc_hd__a211o_4)
     2    0.009613    0.040940    0.229031    3.808415 v _515_/X (sky130_fd_sc_hd__a211o_4)
                                                         _176_ (net)
                      0.040940    0.000201    3.808616 v _585_/A2 (sky130_fd_sc_hd__a21o_4)
     2    0.012163    0.031668    0.152267    3.960883 v _585_/X (sky130_fd_sc_hd__a21o_4)
                                                         _245_ (net)
                      0.031691    0.000437    3.961320 v _637_/A1 (sky130_fd_sc_hd__a21o_4)
     2    0.010616    0.030176    0.137570    4.098890 v _637_/X (sky130_fd_sc_hd__a21o_4)
                                                         _296_ (net)
                      0.030176    0.000314    4.099204 v _674_/A1 (sky130_fd_sc_hd__a21o_4)
     2    0.011501    0.031006    0.138155    4.237359 v _674_/X (sky130_fd_sc_hd__a21o_4)
                                                         _332_ (net)
                      0.031025    0.000376    4.237735 v rebuffer55/A (sky130_fd_sc_hd__buf_6)
     1    0.008255    0.018051    0.077029    4.314764 v rebuffer55/X (sky130_fd_sc_hd__buf_6)
                                                         net55 (net)
                      0.018051    0.000256    4.315021 v _675_/B (sky130_fd_sc_hd__xnor2_2)
     1    0.005738    0.099095    0.093834    4.408855 ^ _675_/Y (sky130_fd_sc_hd__xnor2_2)
                                                         net31 (net)
                      0.099095    0.000194    4.409049 ^ output31/A (sky130_fd_sc_hd__buf_6)
     1    0.035394    0.059424    0.103761    4.512810 ^ output31/X (sky130_fd_sc_hd__buf_6)
                                                         y[6] (net)
                      0.059441    0.001014    4.513824 ^ y[6] (out)
                                              4.513824   data arrival time

                                 10.000000   10.000000   clock clk (rise edge)
                                  0.000000   10.000000   clock network delay (propagated)
                                 -0.250000    9.750000   clock uncertainty
                                  0.000000    9.750000   clock reconvergence pessimism
                                 -2.000000    7.750000   output external delay
                                              7.750000   data required time
---------------------------------------------------------------------------------------------
                                              7.750000   data required time
                                             -4.513824   data arrival time
---------------------------------------------------------------------------------------------
                                              3.236176   slack (MET)


Startpoint: h0[2] (input port clocked by clk)
Endpoint: y[5] (output port clocked by clk)
Path Group: clk
Path Type: max

Fanout         Cap        Slew       Delay        Time   Description
---------------------------------------------------------------------------------------------
                                  0.000000    0.000000   clock clk (rise edge)
                                  0.000000    0.000000   clock network delay (propagated)
                                  2.000000    2.000000 ^ input external delay
     1    0.003150    0.015170    0.008566    2.008566 ^ h0[2] (in)
                                                         h0[2] (net)
                      0.015170    0.000000    2.008566 ^ input3/A (sky130_fd_sc_hd__dlymetal6s2s_1)
     8    0.037078    0.285225    0.241300    2.249866 ^ input3/X (sky130_fd_sc_hd__dlymetal6s2s_1)
                                                         net3 (net)
                      0.285229    0.000991    2.250856 ^ _455_/B (sky130_fd_sc_hd__nand4_2)
     3    0.015205    0.119360    0.128627    2.379483 v _455_/Y (sky130_fd_sc_hd__nand4_2)
                                                         _116_ (net)
                      0.119360    0.000293    2.379776 v _457_/A2 (sky130_fd_sc_hd__a21o_4)
     2    0.007810    0.027724    0.177528    2.557304 v _457_/X (sky130_fd_sc_hd__a21o_4)
                                                         _118_ (net)
                      0.027724    0.000202    2.557506 v _459_/B2 (sky130_fd_sc_hd__a22o_4)
     2    0.010982    0.029891    0.115616    2.673122 v _459_/X (sky130_fd_sc_hd__a22o_4)
                                                         _120_ (net)
                      0.029891    0.000322    2.673444 v _461_/A1 (sky130_fd_sc_hd__a21o_4)
     3    0.014964    0.034591    0.142863    2.816307 v _461_/X (sky130_fd_sc_hd__a21o_4)
                                                         _122_ (net)
                      0.034593    0.000333    2.816640 v _463_/A1 (sky130_fd_sc_hd__a21o_4)
     2    0.009886    0.029531    0.137745    2.954385 v _463_/X (sky130_fd_sc_hd__a21o_4)
                                                         _124_ (net)
                      0.029531    0.000274    2.954659 v _477_/A2 (sky130_fd_sc_hd__a21o_4)
     3    0.010318    0.029933    0.144966    3.099625 v _477_/X (sky130_fd_sc_hd__a21o_4)
                                                         _138_ (net)
                      0.029933    0.000155    3.099779 v _478_/C (sky130_fd_sc_hd__and3_4)
     2    0.013808    0.033800    0.129893    3.229672 v _478_/X (sky130_fd_sc_hd__and3_4)
                                                         _139_ (net)
                      0.033810    0.000585    3.230257 v _496_/A1 (sky130_fd_sc_hd__o21a_4)
     2    0.004880    0.025608    0.136188    3.366445 v _496_/X (sky130_fd_sc_hd__o21a_4)
                                                         _157_ (net)
                      0.025608    0.000141    3.366586 v _512_/C (sky130_fd_sc_hd__or3_4)
     3    0.010782    0.052822    0.212518    3.579104 v _512_/X (sky130_fd_sc_hd__or3_4)
                                                         _173_ (net)
                      0.052822    0.000280    3.579384 v _515_/A2 (sky130_fd_sc_hd__a211o_4)
     2    0.009613    0.040940    0.229031    3.808415 v _515_/X (sky130_fd_sc_hd__a211o_4)
                                                         _176_ (net)
                      0.040940    0.000201    3.808616 v _585_/A2 (sky130_fd_sc_hd__a21o_4)
     2    0.012163    0.031668    0.152267    3.960883 v _585_/X (sky130_fd_sc_hd__a21o_4)
                                                         _245_ (net)
                      0.031691    0.000437    3.961320 v _637_/A1 (sky130_fd_sc_hd__a21o_4)
     2    0.010616    0.030176    0.137570    4.098890 v _637_/X (sky130_fd_sc_hd__a21o_4)
                                                         _296_ (net)
                      0.030176    0.000304    4.099194 v rebuffer62/A (sky130_fd_sc_hd__buf_6)
     1    0.007983    0.017895    0.076479    4.175673 v rebuffer62/X (sky130_fd_sc_hd__buf_6)
                                                         net62 (net)
                      0.017895    0.000094    4.175767 v _638_/B (sky130_fd_sc_hd__xor2_2)
     1    0.005877    0.092791    0.092264    4.268032 ^ _638_/X (sky130_fd_sc_hd__xor2_2)
                                                         net30 (net)
                      0.092791    0.000207    4.268238 ^ output30/A (sky130_fd_sc_hd__buf_6)
     1    0.034675    0.058355    0.102001    4.370239 ^ output30/X (sky130_fd_sc_hd__buf_6)
                                                         y[5] (net)
                      0.058372    0.000993    4.371232 ^ y[5] (out)
                                              4.371232   data arrival time

                                 10.000000   10.000000   clock clk (rise edge)
                                  0.000000   10.000000   clock network delay (propagated)
                                 -0.250000    9.750000   clock uncertainty
                                  0.000000    9.750000   clock reconvergence pessimism
                                 -2.000000    7.750000   output external delay
                                              7.750000   data required time
---------------------------------------------------------------------------------------------
                                              7.750000   data required time
                                             -4.371232   data arrival time
---------------------------------------------------------------------------------------------
                                              3.378768   slack (MET)


Startpoint: h0[2] (input port clocked by clk)
Endpoint: y[4] (output port clocked by clk)
Path Group: clk
Path Type: max

Fanout         Cap        Slew       Delay        Time   Description
---------------------------------------------------------------------------------------------
                                  0.000000    0.000000   clock clk (rise edge)
                                  0.000000    0.000000   clock network delay (propagated)
                                  2.000000    2.000000 ^ input external delay
     1    0.003150    0.015170    0.008566    2.008566 ^ h0[2] (in)
                                                         h0[2] (net)
                      0.015170    0.000000    2.008566 ^ input3/A (sky130_fd_sc_hd__dlymetal6s2s_1)
     8    0.037078    0.285225    0.241300    2.249866 ^ input3/X (sky130_fd_sc_hd__dlymetal6s2s_1)
                                                         net3 (net)
                      0.285229    0.000991    2.250856 ^ _455_/B (sky130_fd_sc_hd__nand4_2)
     3    0.015205    0.119360    0.128627    2.379483 v _455_/Y (sky130_fd_sc_hd__nand4_2)
                                                         _116_ (net)
                      0.119360    0.000293    2.379776 v _457_/A2 (sky130_fd_sc_hd__a21o_4)
     2    0.007810    0.027724    0.177528    2.557304 v _457_/X (sky130_fd_sc_hd__a21o_4)
                                                         _118_ (net)
                      0.027724    0.000202    2.557506 v _459_/B2 (sky130_fd_sc_hd__a22o_4)
     2    0.010982    0.029891    0.115616    2.673122 v _459_/X (sky130_fd_sc_hd__a22o_4)
                                                         _120_ (net)
                      0.029891    0.000322    2.673444 v _461_/A1 (sky130_fd_sc_hd__a21o_4)
     3    0.014964    0.034591    0.142863    2.816307 v _461_/X (sky130_fd_sc_hd__a21o_4)
                                                         _122_ (net)
                      0.034593    0.000333    2.816640 v _463_/A1 (sky130_fd_sc_hd__a21o_4)
     2    0.009886    0.029531    0.137745    2.954385 v _463_/X (sky130_fd_sc_hd__a21o_4)
                                                         _124_ (net)
                      0.029531    0.000274    2.954659 v _477_/A2 (sky130_fd_sc_hd__a21o_4)
     3    0.010318    0.029933    0.144966    3.099625 v _477_/X (sky130_fd_sc_hd__a21o_4)
                                                         _138_ (net)
                      0.029933    0.000155    3.099779 v _478_/C (sky130_fd_sc_hd__and3_4)
     2    0.013808    0.033800    0.129893    3.229672 v _478_/X (sky130_fd_sc_hd__and3_4)
                                                         _139_ (net)
                      0.033810    0.000585    3.230257 v _496_/A1 (sky130_fd_sc_hd__o21a_4)
     2    0.004880    0.025608    0.136188    3.366445 v _496_/X (sky130_fd_sc_hd__o21a_4)
                                                         _157_ (net)
                      0.025608    0.000141    3.366586 v _512_/C (sky130_fd_sc_hd__or3_4)
     3    0.010782    0.052822    0.212518    3.579104 v _512_/X (sky130_fd_sc_hd__or3_4)
                                                         _173_ (net)
                      0.052822    0.000280    3.579384 v _515_/A2 (sky130_fd_sc_hd__a211o_4)
     2    0.009613    0.040940    0.229031    3.808415 v _515_/X (sky130_fd_sc_hd__a211o_4)
                                                         _176_ (net)
                      0.040940    0.000201    3.808616 v _585_/A2 (sky130_fd_sc_hd__a21o_4)
     2    0.012163    0.031668    0.152267    3.960883 v _585_/X (sky130_fd_sc_hd__a21o_4)
                                                         _245_ (net)
                      0.031694    0.000511    3.961394 v rebuffer54/A (sky130_fd_sc_hd__buf_6)
     1    0.009415    0.018652    0.078274    4.039668 v rebuffer54/X (sky130_fd_sc_hd__buf_6)
                                                         net54 (net)
                      0.018652    0.000274    4.039941 v _586_/B (sky130_fd_sc_hd__xor2_2)
     1    0.005571    0.090611    0.090584    4.130526 ^ _586_/X (sky130_fd_sc_hd__xor2_2)
                                                         net29 (net)
                      0.090611    0.000183    4.130708 ^ output29/A (sky130_fd_sc_hd__buf_6)
     1    0.036134    0.060378    0.103246    4.233954 ^ output29/X (sky130_fd_sc_hd__buf_6)
                                                         y[4] (net)
                      0.060391    0.000934    4.234888 ^ y[4] (out)
                                              4.234888   data arrival time

                                 10.000000   10.000000   clock clk (rise edge)
                                  0.000000   10.000000   clock network delay (propagated)
                                 -0.250000    9.750000   clock uncertainty
                                  0.000000    9.750000   clock reconvergence pessimism
                                 -2.000000    7.750000   output external delay
                                              7.750000   data required time
---------------------------------------------------------------------------------------------
                                              7.750000   data required time
                                             -4.234888   data arrival time
---------------------------------------------------------------------------------------------
                                              3.515112   slack (MET)


Startpoint: h0[2] (input port clocked by clk)
Endpoint: y[3] (output port clocked by clk)
Path Group: clk
Path Type: max

Fanout         Cap        Slew       Delay        Time   Description
---------------------------------------------------------------------------------------------
                                  0.000000    0.000000   clock clk (rise edge)
                                  0.000000    0.000000   clock network delay (propagated)
                                  2.000000    2.000000 ^ input external delay
     1    0.003150    0.015170    0.008566    2.008566 ^ h0[2] (in)
                                                         h0[2] (net)
                      0.015170    0.000000    2.008566 ^ input3/A (sky130_fd_sc_hd__dlymetal6s2s_1)
     8    0.037078    0.285225    0.241300    2.249866 ^ input3/X (sky130_fd_sc_hd__dlymetal6s2s_1)
                                                         net3 (net)
                      0.285229    0.000991    2.250856 ^ _455_/B (sky130_fd_sc_hd__nand4_2)
     3    0.015205    0.119360    0.128627    2.379483 v _455_/Y (sky130_fd_sc_hd__nand4_2)
                                                         _116_ (net)
                      0.119360    0.000293    2.379776 v _457_/A2 (sky130_fd_sc_hd__a21o_4)
     2    0.007810    0.027724    0.177528    2.557304 v _457_/X (sky130_fd_sc_hd__a21o_4)
                                                         _118_ (net)
                      0.027724    0.000202    2.557506 v _459_/B2 (sky130_fd_sc_hd__a22o_4)
     2    0.010982    0.029891    0.115616    2.673122 v _459_/X (sky130_fd_sc_hd__a22o_4)
                                                         _120_ (net)
                      0.029891    0.000322    2.673444 v _461_/A1 (sky130_fd_sc_hd__a21o_4)
     3    0.014964    0.034591    0.142863    2.816307 v _461_/X (sky130_fd_sc_hd__a21o_4)
                                                         _122_ (net)
                      0.034593    0.000333    2.816640 v _463_/A1 (sky130_fd_sc_hd__a21o_4)
     2    0.009886    0.029531    0.137745    2.954385 v _463_/X (sky130_fd_sc_hd__a21o_4)
                                                         _124_ (net)
                      0.029531    0.000274    2.954659 v _477_/A2 (sky130_fd_sc_hd__a21o_4)
     3    0.010318    0.029933    0.144966    3.099625 v _477_/X (sky130_fd_sc_hd__a21o_4)
                                                         _138_ (net)
                      0.029933    0.000155    3.099779 v _478_/C (sky130_fd_sc_hd__and3_4)
     2    0.013808    0.033800    0.129893    3.229672 v _478_/X (sky130_fd_sc_hd__and3_4)
                                                         _139_ (net)
                      0.033810    0.000585    3.230257 v _496_/A1 (sky130_fd_sc_hd__o21a_4)
     2    0.004880    0.025608    0.136188    3.366445 v _496_/X (sky130_fd_sc_hd__o21a_4)
                                                         _157_ (net)
                      0.025608    0.000141    3.366586 v _512_/C (sky130_fd_sc_hd__or3_4)
     3    0.010782    0.052822    0.212518    3.579104 v _512_/X (sky130_fd_sc_hd__or3_4)
                                                         _173_ (net)
                      0.052822    0.000280    3.579384 v _515_/A2 (sky130_fd_sc_hd__a211o_4)
     2    0.009613    0.040940    0.229031    3.808415 v _515_/X (sky130_fd_sc_hd__a211o_4)
                                                         _176_ (net)
                      0.040940    0.000145    3.808560 v rebuffer52/A (sky130_fd_sc_hd__buf_6)
     1    0.010488    0.019190    0.083177    3.891736 v rebuffer52/X (sky130_fd_sc_hd__buf_6)
                                                         net52 (net)
                      0.019190    0.000409    3.892145 v _516_/B (sky130_fd_sc_hd__nand2b_4)
     1    0.009015    0.039244    0.044561    3.936706 ^ _516_/Y (sky130_fd_sc_hd__nand2b_4)
                                                         _177_ (net)
                      0.039244    0.000210    3.936916 ^ _518_/B (sky130_fd_sc_hd__xnor2_2)
     1    0.005295    0.095512    0.071279    4.008195 ^ _518_/Y (sky130_fd_sc_hd__xnor2_2)
                                                         net28 (net)
                      0.095512    0.000163    4.008358 ^ output28/A (sky130_fd_sc_hd__buf_6)
     1    0.034457    0.058098    0.102374    4.110732 ^ output28/X (sky130_fd_sc_hd__buf_6)
                                                         y[3] (net)
                      0.058105    0.000705    4.111437 ^ y[3] (out)
                                              4.111437   data arrival time

                                 10.000000   10.000000   clock clk (rise edge)
                                  0.000000   10.000000   clock network delay (propagated)
                                 -0.250000    9.750000   clock uncertainty
                                  0.000000    9.750000   clock reconvergence pessimism
                                 -2.000000    7.750000   output external delay
                                              7.750000   data required time
---------------------------------------------------------------------------------------------
                                              7.750000   data required time
                                             -4.111437   data arrival time
---------------------------------------------------------------------------------------------
                                              3.638562   slack (MET)


Startpoint: h2[1] (input port clocked by clk)
Endpoint: y[2] (output port clocked by clk)
Path Group: clk
Path Type: max

Fanout         Cap        Slew       Delay        Time   Description
---------------------------------------------------------------------------------------------
                                  0.000000    0.000000   clock clk (rise edge)
                                  0.000000    0.000000   clock network delay (propagated)
                                  2.000000    2.000000 v input external delay
     1    0.003597    0.005881    0.003147    2.003147 v h2[1] (in)
                                                         h2[1] (net)
                      0.005882    0.000000    2.003147 v input10/A (sky130_fd_sc_hd__dlymetal6s4s_1)
     6    0.022851    0.086098    0.210112    2.213259 v input10/X (sky130_fd_sc_hd__dlymetal6s4s_1)
                                                         net10 (net)
                      0.086099    0.000493    2.213752 v _413_/B (sky130_fd_sc_hd__and2_4)
     4    0.013110    0.030261    0.138849    2.352601 v _413_/X (sky130_fd_sc_hd__and2_4)
                                                         _075_ (net)
                      0.030262    0.000241    2.352842 v _414_/C (sky130_fd_sc_hd__and3_2)
     3    0.009286    0.038856    0.149220    2.502061 v _414_/X (sky130_fd_sc_hd__and3_2)
                                                         _076_ (net)
                      0.038856    0.000157    2.502219 v _418_/A (sky130_fd_sc_hd__or3b_4)
     3    0.021554    0.067303    0.282316    2.784534 v _418_/X (sky130_fd_sc_hd__or3b_4)
                                                         _080_ (net)
                      0.067303    0.000523    2.785057 v _420_/A (sky130_fd_sc_hd__and2_2)
     2    0.007285    0.034112    0.131827    2.916884 v _420_/X (sky130_fd_sc_hd__and2_2)
                                                         _082_ (net)
                      0.034112    0.000129    2.917013 v _423_/A (sky130_fd_sc_hd__nand2_2)
     3    0.025934    0.109523    0.099245    3.016258 ^ _423_/Y (sky130_fd_sc_hd__nand2_2)
                                                         _085_ (net)
                      0.109527    0.000565    3.016822 ^ _425_/A (sky130_fd_sc_hd__nand2_2)
     2    0.008649    0.043317    0.044499    3.061321 v _425_/Y (sky130_fd_sc_hd__nand2_2)
                                                         _087_ (net)
                      0.043319    0.000244    3.061565 v _426_/C (sky130_fd_sc_hd__or3_4)
     3    0.011697    0.053757    0.219523    3.281089 v _426_/X (sky130_fd_sc_hd__or3_4)
                                                         _088_ (net)
                      0.053757    0.000235    3.281323 v _439_/A1 (sky130_fd_sc_hd__a211o_2)
     2    0.007754    0.043521    0.206068    3.487391 v _439_/X (sky130_fd_sc_hd__a211o_2)
                                                         _101_ (net)
                      0.043521    0.000208    3.487600 v _440_/B (sky130_fd_sc_hd__nand2b_2)
     1    0.010081    0.054752    0.066905    3.554504 ^ _440_/Y (sky130_fd_sc_hd__nand2b_2)
                                                         _102_ (net)
                      0.054753    0.000257    3.554762 ^ _449_/A (sky130_fd_sc_hd__xnor2_2)
     1    0.002769    0.074961    0.070572    3.625333 ^ _449_/Y (sky130_fd_sc_hd__xnor2_2)
                                                         net27 (net)
                      0.074961    0.000063    3.625396 ^ output27/A (sky130_fd_sc_hd__dlymetal6s2s_1)
     1    0.035236    0.272190    0.247042    3.872438 ^ output27/X (sky130_fd_sc_hd__dlymetal6s2s_1)
                                                         y[2] (net)
                      0.272192    0.000725    3.873163 ^ y[2] (out)
                                              3.873163   data arrival time

                                 10.000000   10.000000   clock clk (rise edge)
                                  0.000000   10.000000   clock network delay (propagated)
                                 -0.250000    9.750000   clock uncertainty
                                  0.000000    9.750000   clock reconvergence pessimism
                                 -2.000000    7.750000   output external delay
                                              7.750000   data required time
---------------------------------------------------------------------------------------------
                                              7.750000   data required time
                                             -3.873163   data arrival time
---------------------------------------------------------------------------------------------
                                              3.876837   slack (MET)


Startpoint: h0[1] (input port clocked by clk)
Endpoint: y[1] (output port clocked by clk)
Path Group: clk
Path Type: max

Fanout         Cap        Slew       Delay        Time   Description
---------------------------------------------------------------------------------------------
                                  0.000000    0.000000   clock clk (rise edge)
                                  0.000000    0.000000   clock network delay (propagated)
                                  2.000000    2.000000 v input external delay
     1    0.009818    0.016050    0.010188    2.010188 v h0[1] (in)
                                                         h0[1] (net)
                      0.016055    0.000000    2.010188 v input2/A (sky130_fd_sc_hd__buf_12)
     6    0.026058    0.023350    0.082330    2.092518 v input2/X (sky130_fd_sc_hd__buf_12)
                                                         net2 (net)
                      0.023403    0.000966    2.093483 v rebuffer70/A (sky130_fd_sc_hd__buf_2)
     3    0.012951    0.032908    0.091231    2.184715 v rebuffer70/X (sky130_fd_sc_hd__buf_2)
                                                         net70 (net)
                      0.032912    0.000396    2.185111 v _380_/C (sky130_fd_sc_hd__nand4_2)
     4    0.021027    0.116701    0.116054    2.301165 ^ _380_/Y (sky130_fd_sc_hd__nand4_2)
                                                         _042_ (net)
                      0.116705    0.000590    2.301754 ^ _392_/B (sky130_fd_sc_hd__and4_2)
     3    0.013939    0.069735    0.179952    2.481706 ^ _392_/X (sky130_fd_sc_hd__and4_2)
                                                         _054_ (net)
                      0.069735    0.000375    2.482082 ^ _394_/A (sky130_fd_sc_hd__nor2_2)
     2    0.006315    0.027034    0.032264    2.514346 v _394_/Y (sky130_fd_sc_hd__nor2_2)
                                                         _056_ (net)
                      0.027034    0.000152    2.514498 v _396_/A (sky130_fd_sc_hd__and2_2)
     3    0.009287    0.037179    0.119880    2.634378 v _396_/X (sky130_fd_sc_hd__and2_2)
                                                         _058_ (net)
                      0.037179    0.000112    2.634490 v _430_/A (sky130_fd_sc_hd__or2_2)
     2    0.009379    0.049539    0.198994    2.833484 v _430_/X (sky130_fd_sc_hd__or2_2)
                                                         _092_ (net)
                      0.049540    0.000310    2.833794 v _433_/A (sky130_fd_sc_hd__nor2_2)
     3    0.012864    0.115215    0.129264    2.963058 ^ _433_/Y (sky130_fd_sc_hd__nor2_2)
                                                         _095_ (net)
                      0.115216    0.000301    2.963359 ^ _436_/A (sky130_fd_sc_hd__nor2_2)
     2    0.007076    0.036467    0.037296    3.000654 v _436_/Y (sky130_fd_sc_hd__nor2_2)
                                                         _098_ (net)
                      0.036467    0.000198    3.000852 v _437_/C (sky130_fd_sc_hd__and3_2)
     3    0.010505    0.041110    0.154615    3.155467 v _437_/X (sky130_fd_sc_hd__and3_2)
                                                         _099_ (net)
                      0.041110    0.000246    3.155713 v _442_/A (sky130_fd_sc_hd__nor2_2)
     2    0.012233    0.110643    0.122355    3.278068 ^ _442_/Y (sky130_fd_sc_hd__nor2_2)
                                                         _104_ (net)
                      0.110645    0.000445    3.278513 ^ _704_/A (sky130_fd_sc_hd__xnor2_2)
     1    0.002743    0.076380    0.077110    3.355623 ^ _704_/Y (sky130_fd_sc_hd__xnor2_2)
                                                         net26 (net)
                      0.076380    0.000082    3.355705 ^ output26/A (sky130_fd_sc_hd__clkdlybuf4s25_1)
     1    0.034908    0.263900    0.349070    3.704775 ^ output26/X (sky130_fd_sc_hd__clkdlybuf4s25_1)
                                                         y[1] (net)
                      0.263900    0.000826    3.705601 ^ y[1] (out)
                                              3.705601   data arrival time

                                 10.000000   10.000000   clock clk (rise edge)
                                  0.000000   10.000000   clock network delay (propagated)
                                 -0.250000    9.750000   clock uncertainty
                                  0.000000    9.750000   clock reconvergence pessimism
                                 -2.000000    7.750000   output external delay
                                              7.750000   data required time
---------------------------------------------------------------------------------------------
                                              7.750000   data required time
                                             -3.705601   data arrival time
---------------------------------------------------------------------------------------------
                                              4.044399   slack (MET)


Startpoint: h1[0] (input port clocked by clk)
Endpoint: y[0] (output port clocked by clk)
Path Group: clk
Path Type: max

Fanout         Cap        Slew       Delay        Time   Description
---------------------------------------------------------------------------------------------
                                  0.000000    0.000000   clock clk (rise edge)
                                  0.000000    0.000000   clock network delay (propagated)
                                  2.000000    2.000000 ^ input external delay
     1    0.003283    0.015650    0.008938    2.008938 ^ h1[0] (in)
                                                         h1[0] (net)
                      0.015650    0.000000    2.008938 ^ input5/A (sky130_fd_sc_hd__clkbuf_2)
    10    0.042787    0.179177    0.171415    2.180353 ^ input5/X (sky130_fd_sc_hd__clkbuf_2)
                                                         net5 (net)
                      0.179278    0.003671    2.184023 ^ _395_/A (sky130_fd_sc_hd__and4_2)
     3    0.013760    0.070145    0.187060    2.371083 ^ _395_/X (sky130_fd_sc_hd__and4_2)
                                                         _057_ (net)
                      0.070146    0.000412    2.371495 ^ _444_/A (sky130_fd_sc_hd__nor2_2)
     2    0.016588    0.041523    0.048212    2.419707 v _444_/Y (sky130_fd_sc_hd__nor2_2)
                                                         _106_ (net)
                      0.041539    0.000692    2.420399 v _445_/B (sky130_fd_sc_hd__xnor2_2)
     2    0.006954    0.042158    0.093995    2.514394 v _445_/Y (sky130_fd_sc_hd__xnor2_2)
                                                         _107_ (net)
                      0.042158    0.000152    2.514545 v _446_/C (sky130_fd_sc_hd__and3_2)
     2    0.008904    0.038288    0.153002    2.667548 v _446_/X (sky130_fd_sc_hd__and3_2)
                                                         _108_ (net)
                      0.038288    0.000183    2.667731 v _703_/A (sky130_fd_sc_hd__nor2_2)
     1    0.005818    0.065044    0.085294    2.753024 ^ _703_/Y (sky130_fd_sc_hd__nor2_2)
                                                         net25 (net)
                      0.065050    0.000253    2.753277 ^ output25/A (sky130_fd_sc_hd__clkdlybuf4s25_1)
     1    0.035181    0.265902    0.348056    3.101333 ^ output25/X (sky130_fd_sc_hd__clkdlybuf4s25_1)
                                                         y[0] (net)
                      0.265902    0.000983    3.102316 ^ y[0] (out)
                                              3.102316   data arrival time

                                 10.000000   10.000000   clock clk (rise edge)
                                  0.000000   10.000000   clock network delay (propagated)
                                 -0.250000    9.750000   clock uncertainty
                                  0.000000    9.750000   clock reconvergence pessimism
                                 -2.000000    7.750000   output external delay
                                              7.750000   data required time
---------------------------------------------------------------------------------------------
                                              7.750000   data required time
                                             -3.102316   data arrival time
---------------------------------------------------------------------------------------------
                                              4.647684   slack (MET)


Startpoint: rst (input port clocked by clk)
Endpoint: _748_ (rising edge-triggered flip-flop clocked by clk)
Path Group: clk
Path Type: max

Fanout         Cap        Slew       Delay        Time   Description
---------------------------------------------------------------------------------------------
                                  0.000000    0.000000   clock clk (rise edge)
                                  0.000000    0.000000   clock network delay (propagated)
                                  2.000000    2.000000 ^ input external delay
     1    0.003898    0.017857    0.010639    2.010639 ^ rst (in)
                                                         rst (net)
                      0.017858    0.000000    2.010639 ^ input17/A (sky130_fd_sc_hd__clkdlybuf4s25_1)
     3    0.017098    0.134062    0.238754    2.249393 ^ input17/X (sky130_fd_sc_hd__clkdlybuf4s25_1)
                                                         net17 (net)
                      0.134062    0.000357    2.249750 ^ _369_/A (sky130_fd_sc_hd__inv_2)
     4    0.017935    0.051510    0.052018    2.301768 v _369_/Y (sky130_fd_sc_hd__inv_2)
                                                         _367_ (net)
                      0.051516    0.000468    2.302237 v fanout37/A (sky130_fd_sc_hd__clkdlybuf4s25_1)
    10    0.028129    0.144608    0.275563    2.577799 v fanout37/X (sky130_fd_sc_hd__clkdlybuf4s25_1)
                                                         net37 (net)
                      0.144608    0.000461    2.578260 v _719_/B1 (sky130_fd_sc_hd__o41a_2)
     1    0.004642    0.048847    0.125531    2.703791 v _719_/X (sky130_fd_sc_hd__o41a_2)
                                                         _012_ (net)
                      0.048847    0.000181    2.703972 v hold94/A (sky130_fd_sc_hd__dlygate4sd3_1)
     1    0.003058    0.039096    0.386649    3.090621 v hold94/X (sky130_fd_sc_hd__dlygate4sd3_1)
                                                         net94 (net)
                      0.039096    0.000098    3.090719 v _748_/D (sky130_fd_sc_hd__dfxtp_2)
                                              3.090719   data arrival time

                                 10.000000   10.000000   clock clk (rise edge)
                                  0.000000   10.000000   clock source latency
     1    0.014926    0.054748    0.035603   10.035603 ^ clk (in)
                                                         clk (net)
                      0.054780    0.000000   10.035603 ^ clkbuf_0_clk/A (sky130_fd_sc_hd__clkbuf_16)
     4    0.040904    0.045774    0.098916   10.134520 ^ clkbuf_0_clk/X (sky130_fd_sc_hd__clkbuf_16)
                                                         clknet_0_clk (net)
                      0.045795    0.000813   10.135332 ^ clkbuf_2_2__f_clk/A (sky130_fd_sc_hd__clkbuf_16)
     9    0.026373    0.035529    0.088400   10.223731 ^ clkbuf_2_2__f_clk/X (sky130_fd_sc_hd__clkbuf_16)
                                                         clknet_2_2__leaf_clk (net)
                      0.035548    0.000709   10.224441 ^ _748_/CLK (sky130_fd_sc_hd__dfxtp_2)
                                 -0.250000    9.974441   clock uncertainty
                                  0.000000    9.974441   clock reconvergence pessimism
                                 -0.073416    9.901024   library setup time
                                              9.901024   data required time
---------------------------------------------------------------------------------------------
                                              9.901024   data required time
                                             -3.090719   data arrival time
---------------------------------------------------------------------------------------------
                                              6.810306   slack (MET)


Startpoint: _755_ (rising edge-triggered flip-flop clocked by clk)
Endpoint: diag_busy (output port clocked by clk)
Path Group: clk
Path Type: max

Fanout         Cap        Slew       Delay        Time   Description
---------------------------------------------------------------------------------------------
                                  0.000000    0.000000   clock clk (rise edge)
                                  0.000000    0.000000   clock source latency
     1    0.014926    0.054748    0.039350    0.039350 ^ clk (in)
                                                         clk (net)
                      0.054780    0.000000    0.039350 ^ clkbuf_0_clk/A (sky130_fd_sc_hd__clkbuf_16)
     4    0.040904    0.045774    0.109328    0.148679 ^ clkbuf_0_clk/X (sky130_fd_sc_hd__clkbuf_16)
                                                         clknet_0_clk (net)
                      0.045801    0.001013    0.149692 ^ clkbuf_2_0__f_clk/A (sky130_fd_sc_hd__clkbuf_16)
     9    0.025742    0.035100    0.097085    0.246777 ^ clkbuf_2_0__f_clk/X (sky130_fd_sc_hd__clkbuf_16)
                                                         clknet_2_0__leaf_clk (net)
                      0.035137    0.001022    0.247799 ^ _755_/CLK (sky130_fd_sc_hd__dfxtp_2)
     6    0.024478    0.097178    0.257814    0.505613 ^ _755_/Q (sky130_fd_sc_hd__dfxtp_2)
                                                         net23 (net)
                      0.097180    0.000616    0.506229 ^ output23/A (sky130_fd_sc_hd__clkdlybuf4s25_1)
     1    0.035395    0.267542    0.355901    0.862130 ^ output23/X (sky130_fd_sc_hd__clkdlybuf4s25_1)
                                                         diag_busy (net)
                      0.267542    0.000990    0.863119 ^ diag_busy (out)
                                              0.863119   data arrival time

                                 10.000000   10.000000   clock clk (rise edge)
                                  0.000000   10.000000   clock network delay (propagated)
                                 -0.250000    9.750000   clock uncertainty
                                  0.000000    9.750000   clock reconvergence pessimism
                                 -2.000000    7.750000   output external delay
                                              7.750000   data required time
---------------------------------------------------------------------------------------------
                                              7.750000   data required time
                                             -0.863119   data arrival time
---------------------------------------------------------------------------------------------
                                              6.886880   slack (MET)


Startpoint: _756_ (rising edge-triggered flip-flop clocked by clk)
Endpoint: diag_done (output port clocked by clk)
Path Group: clk
Path Type: max

Fanout         Cap        Slew       Delay        Time   Description
---------------------------------------------------------------------------------------------
                                  0.000000    0.000000   clock clk (rise edge)
                                  0.000000    0.000000   clock source latency
     1    0.014926    0.054748    0.039350    0.039350 ^ clk (in)
                                                         clk (net)
                      0.054780    0.000000    0.039350 ^ clkbuf_0_clk/A (sky130_fd_sc_hd__clkbuf_16)
     4    0.040904    0.045774    0.109328    0.148679 ^ clkbuf_0_clk/X (sky130_fd_sc_hd__clkbuf_16)
                                                         clknet_0_clk (net)
                      0.045795    0.000899    0.149577 ^ clkbuf_2_2__f_clk/A (sky130_fd_sc_hd__clkbuf_16)
     9    0.026373    0.035529    0.097705    0.247282 ^ clkbuf_2_2__f_clk/X (sky130_fd_sc_hd__clkbuf_16)
                                                         clknet_2_2__leaf_clk (net)
                      0.035529    0.000130    0.247412 ^ _756_/CLK (sky130_fd_sc_hd__dfxtp_2)
     1    0.002773    0.021585    0.197459    0.444871 ^ _756_/Q (sky130_fd_sc_hd__dfxtp_2)
                                                         net24 (net)
                      0.021585    0.000082    0.444953 ^ output24/A (sky130_fd_sc_hd__clkdlybuf4s25_1)
     1    0.035005    0.264941    0.335136    0.780089 ^ output24/X (sky130_fd_sc_hd__clkdlybuf4s25_1)
                                                         diag_done (net)
                      0.264941    0.000920    0.781009 ^ diag_done (out)
                                              0.781009   data arrival time

                                 10.000000   10.000000   clock clk (rise edge)
                                  0.000000   10.000000   clock network delay (propagated)
                                 -0.250000    9.750000   clock uncertainty
                                  0.000000    9.750000   clock reconvergence pessimism
                                 -2.000000    7.750000   output external delay
                                              7.750000   data required time
---------------------------------------------------------------------------------------------
                                              7.750000   data required time
                                             -0.781009   data arrival time
---------------------------------------------------------------------------------------------
                                              6.968991   slack (MET)


Startpoint: start_diag (input port clocked by clk)
Endpoint: _769_ (rising edge-triggered flip-flop clocked by clk)
Path Group: clk
Path Type: max

Fanout         Cap        Slew       Delay        Time   Description
---------------------------------------------------------------------------------------------
                                  0.000000    0.000000   clock clk (rise edge)
                                  0.000000    0.000000   clock network delay (propagated)
                                  2.000000    2.000000 ^ input external delay
     1    0.003782    0.017445    0.010316    2.010316 ^ start_diag (in)
                                                         start_diag (net)
                      0.017446    0.000000    2.010316 ^ input18/A (sky130_fd_sc_hd__clkdlybuf4s25_1)
     2    0.007573    0.065257    0.187640    2.197956 ^ input18/X (sky130_fd_sc_hd__clkdlybuf4s25_1)
                                                         net18 (net)
                      0.065257    0.000222    2.198178 ^ _370_/A (sky130_fd_sc_hd__inv_2)
     1    0.003194    0.017093    0.016666    2.214843 v _370_/Y (sky130_fd_sc_hd__inv_2)
                                                         _368_ (net)
                      0.017099    0.000106    2.214949 v _718_/A1 (sky130_fd_sc_hd__a211o_2)
     1    0.002002    0.031133    0.174888    2.389837 v _718_/X (sky130_fd_sc_hd__a211o_2)
                                                         _011_ (net)
                      0.031133    0.000059    2.389896 v hold87/A (sky130_fd_sc_hd__dlygate4sd3_1)
     1    0.002387    0.036720    0.375342    2.765238 v hold87/X (sky130_fd_sc_hd__dlygate4sd3_1)
                                                         net87 (net)
                      0.036720    0.000072    2.765310 v _769_/D (sky130_fd_sc_hd__dfxtp_2)
                                              2.765310   data arrival time

                                 10.000000   10.000000   clock clk (rise edge)
                                  0.000000   10.000000   clock source latency
     1    0.014926    0.054748    0.035603   10.035603 ^ clk (in)
                                                         clk (net)
                      0.054780    0.000000   10.035603 ^ clkbuf_0_clk/A (sky130_fd_sc_hd__clkbuf_16)
     4    0.040904    0.045774    0.098916   10.134520 ^ clkbuf_0_clk/X (sky130_fd_sc_hd__clkbuf_16)
                                                         clknet_0_clk (net)
                      0.045801    0.000917   10.135436 ^ clkbuf_2_0__f_clk/A (sky130_fd_sc_hd__clkbuf_16)
     9    0.025742    0.035100    0.087838   10.223274 ^ clkbuf_2_0__f_clk/X (sky130_fd_sc_hd__clkbuf_16)
                                                         clknet_2_0__leaf_clk (net)
                      0.035132    0.000863   10.224137 ^ _769_/CLK (sky130_fd_sc_hd__dfxtp_2)
                                 -0.250000    9.974137   clock uncertainty
                                  0.000000    9.974137   clock reconvergence pessimism
                                 -0.072608    9.901529   library setup time
                                              9.901529   data required time
---------------------------------------------------------------------------------------------
                                              9.901529   data required time
                                             -2.765310   data arrival time
---------------------------------------------------------------------------------------------
                                              7.136220   slack (MET)


Startpoint: rst (input port clocked by clk)
Endpoint: _775_ (rising edge-triggered flip-flop clocked by clk)
Path Group: clk
Path Type: max

Fanout         Cap        Slew       Delay        Time   Description
---------------------------------------------------------------------------------------------
                                  0.000000    0.000000   clock clk (rise edge)
                                  0.000000    0.000000   clock network delay (propagated)
                                  2.000000    2.000000 ^ input external delay
     1    0.003898    0.017857    0.010639    2.010639 ^ rst (in)
                                                         rst (net)
                      0.017858    0.000000    2.010639 ^ input17/A (sky130_fd_sc_hd__clkdlybuf4s25_1)
     3    0.017098    0.134062    0.238754    2.249393 ^ input17/X (sky130_fd_sc_hd__clkdlybuf4s25_1)
                                                         net17 (net)
                      0.134062    0.000357    2.249750 ^ _369_/A (sky130_fd_sc_hd__inv_2)
     4    0.017935    0.051510    0.052018    2.301768 v _369_/Y (sky130_fd_sc_hd__inv_2)
                                                         _367_ (net)
                      0.051511    0.000203    2.301971 v fanout35/A (sky130_fd_sc_hd__clkdlybuf4s25_1)
    10    0.029358    0.150567    0.280325    2.582296 v fanout35/X (sky130_fd_sc_hd__clkdlybuf4s25_1)
                                                         net35 (net)
                      0.150569    0.000761    2.583057 v _712_/A (sky130_fd_sc_hd__and2_2)
     1    0.008152    0.035363    0.168585    2.751642 v _712_/X (sky130_fd_sc_hd__and2_2)
                                                         _005_ (net)
                      0.035364    0.000270    2.751912 v _775_/D (sky130_fd_sc_hd__dfxtp_2)
                                              2.751912   data arrival time

                                 10.000000   10.000000   clock clk (rise edge)
                                  0.000000   10.000000   clock source latency
     1    0.014926    0.054748    0.035603   10.035603 ^ clk (in)
                                                         clk (net)
                      0.054780    0.000000   10.035603 ^ clkbuf_0_clk/A (sky130_fd_sc_hd__clkbuf_16)
     4    0.040904    0.045774    0.098916   10.134520 ^ clkbuf_0_clk/X (sky130_fd_sc_hd__clkbuf_16)
                                                         clknet_0_clk (net)
                      0.045801    0.000917   10.135436 ^ clkbuf_2_0__f_clk/A (sky130_fd_sc_hd__clkbuf_16)
     9    0.025742    0.035100    0.087838   10.223274 ^ clkbuf_2_0__f_clk/X (sky130_fd_sc_hd__clkbuf_16)
                                                         clknet_2_0__leaf_clk (net)
                      0.035136    0.000910   10.224184 ^ _775_/CLK (sky130_fd_sc_hd__dfxtp_2)
                                 -0.250000    9.974184   clock uncertainty
                                  0.000000    9.974184   clock reconvergence pessimism
                                 -0.072123    9.902061   library setup time
                                              9.902061   data required time
---------------------------------------------------------------------------------------------
                                              9.902061   data required time
                                             -2.751912   data arrival time
---------------------------------------------------------------------------------------------
                                              7.150149   slack (MET)


Startpoint: rst (input port clocked by clk)
Endpoint: _761_ (rising edge-triggered flip-flop clocked by clk)
Path Group: clk
Path Type: max

Fanout         Cap        Slew       Delay        Time   Description
---------------------------------------------------------------------------------------------
                                  0.000000    0.000000   clock clk (rise edge)
                                  0.000000    0.000000   clock network delay (propagated)
                                  2.000000    2.000000 ^ input external delay
     1    0.003898    0.017857    0.010639    2.010639 ^ rst (in)
                                                         rst (net)
                      0.017858    0.000000    2.010639 ^ input17/A (sky130_fd_sc_hd__clkdlybuf4s25_1)
     3    0.017098    0.134062    0.238754    2.249393 ^ input17/X (sky130_fd_sc_hd__clkdlybuf4s25_1)
                                                         net17 (net)
                      0.134062    0.000357    2.249750 ^ _369_/A (sky130_fd_sc_hd__inv_2)
     4    0.017935    0.051510    0.052018    2.301768 v _369_/Y (sky130_fd_sc_hd__inv_2)
                                                         _367_ (net)
                      0.051516    0.000468    2.302237 v fanout37/A (sky130_fd_sc_hd__clkdlybuf4s25_1)
    10    0.028129    0.144608    0.275563    2.577799 v fanout37/X (sky130_fd_sc_hd__clkdlybuf4s25_1)
                                                         net37 (net)
                      0.144610    0.000766    2.578566 v _740_/B (sky130_fd_sc_hd__and2_2)
     1    0.002533    0.026605    0.166454    2.745019 v _740_/X (sky130_fd_sc_hd__and2_2)
                                                         _025_ (net)
                      0.026605    0.000076    2.745095 v _761_/D (sky130_fd_sc_hd__dfxtp_2)
                                              2.745095   data arrival time

                                 10.000000   10.000000   clock clk (rise edge)
                                  0.000000   10.000000   clock source latency
     1    0.014926    0.054748    0.035603   10.035603 ^ clk (in)
                                                         clk (net)
                      0.054780    0.000000   10.035603 ^ clkbuf_0_clk/A (sky130_fd_sc_hd__clkbuf_16)
     4    0.040904    0.045774    0.098916   10.134520 ^ clkbuf_0_clk/X (sky130_fd_sc_hd__clkbuf_16)
                                                         clknet_0_clk (net)
                      0.045800    0.000890   10.135409 ^ clkbuf_2_3__f_clk/A (sky130_fd_sc_hd__clkbuf_16)
     9    0.025163    0.034695    0.087455   10.222864 ^ clkbuf_2_3__f_clk/X (sky130_fd_sc_hd__clkbuf_16)
                                                         clknet_2_3__leaf_clk (net)
                      0.034724    0.000807   10.223672 ^ _761_/CLK (sky130_fd_sc_hd__dfxtp_2)
                                 -0.250000    9.973672   clock uncertainty
                                  0.000000    9.973672   clock reconvergence pessimism
                                 -0.069035    9.904636   library setup time
                                              9.904636   data required time
---------------------------------------------------------------------------------------------
                                              9.904636   data required time
                                             -2.745095   data arrival time
---------------------------------------------------------------------------------------------
                                              7.159541   slack (MET)


Startpoint: rst (input port clocked by clk)
Endpoint: _751_ (rising edge-triggered flip-flop clocked by clk)
Path Group: clk
Path Type: max

Fanout         Cap        Slew       Delay        Time   Description
---------------------------------------------------------------------------------------------
                                  0.000000    0.000000   clock clk (rise edge)
                                  0.000000    0.000000   clock network delay (propagated)
                                  2.000000    2.000000 ^ input external delay
     1    0.003898    0.017857    0.010639    2.010639 ^ rst (in)
                                                         rst (net)
                      0.017858    0.000000    2.010639 ^ input17/A (sky130_fd_sc_hd__clkdlybuf4s25_1)
     3    0.017098    0.134062    0.238754    2.249393 ^ input17/X (sky130_fd_sc_hd__clkdlybuf4s25_1)
                                                         net17 (net)
                      0.134062    0.000357    2.249750 ^ _369_/A (sky130_fd_sc_hd__inv_2)
     4    0.017935    0.051510    0.052018    2.301768 v _369_/Y (sky130_fd_sc_hd__inv_2)
                                                         _367_ (net)
                      0.051511    0.000203    2.301971 v fanout35/A (sky130_fd_sc_hd__clkdlybuf4s25_1)
    10    0.029358    0.150567    0.280325    2.582296 v fanout35/X (sky130_fd_sc_hd__clkdlybuf4s25_1)
                                                         net35 (net)
                      0.150567    0.000282    2.582578 v _726_/A (sky130_fd_sc_hd__and2_2)
     1    0.004226    0.029365    0.159444    2.742023 v _726_/X (sky130_fd_sc_hd__and2_2)
                                                         _015_ (net)
                      0.029365    0.000166    2.742188 v _751_/D (sky130_fd_sc_hd__dfxtp_2)
                                              2.742188   data arrival time

                                 10.000000   10.000000   clock clk (rise edge)
                                  0.000000   10.000000   clock source latency
     1    0.014926    0.054748    0.035603   10.035603 ^ clk (in)
                                                         clk (net)
                      0.054780    0.000000   10.035603 ^ clkbuf_0_clk/A (sky130_fd_sc_hd__clkbuf_16)
     4    0.040904    0.045774    0.098916   10.134520 ^ clkbuf_0_clk/X (sky130_fd_sc_hd__clkbuf_16)
                                                         clknet_0_clk (net)
                      0.045797    0.000846   10.135365 ^ clkbuf_2_1__f_clk/A (sky130_fd_sc_hd__clkbuf_16)
     9    0.024129    0.033975    0.086906   10.222271 ^ clkbuf_2_1__f_clk/X (sky130_fd_sc_hd__clkbuf_16)
                                                         clknet_2_1__leaf_clk (net)
                      0.033982    0.000435   10.222707 ^ _751_/CLK (sky130_fd_sc_hd__dfxtp_2)
                                 -0.250000    9.972707   clock uncertainty
                                  0.000000    9.972707   clock reconvergence pessimism
                                 -0.070092    9.902615   library setup time
                                              9.902615   data required time
---------------------------------------------------------------------------------------------
                                              9.902615   data required time
                                             -2.742188   data arrival time
---------------------------------------------------------------------------------------------
                                              7.160426   slack (MET)


Startpoint: rst (input port clocked by clk)
Endpoint: _780_ (rising edge-triggered flip-flop clocked by clk)
Path Group: clk
Path Type: max

Fanout         Cap        Slew       Delay        Time   Description
---------------------------------------------------------------------------------------------
                                  0.000000    0.000000   clock clk (rise edge)
                                  0.000000    0.000000   clock network delay (propagated)
                                  2.000000    2.000000 ^ input external delay
     1    0.003898    0.017857    0.010639    2.010639 ^ rst (in)
                                                         rst (net)
                      0.017858    0.000000    2.010639 ^ input17/A (sky130_fd_sc_hd__clkdlybuf4s25_1)
     3    0.017098    0.134062    0.238754    2.249393 ^ input17/X (sky130_fd_sc_hd__clkdlybuf4s25_1)
                                                         net17 (net)
                      0.134062    0.000357    2.249750 ^ _369_/A (sky130_fd_sc_hd__inv_2)
     4    0.017935    0.051510    0.052018    2.301768 v _369_/Y (sky130_fd_sc_hd__inv_2)
                                                         _367_ (net)
                      0.051516    0.000468    2.302237 v fanout37/A (sky130_fd_sc_hd__clkdlybuf4s25_1)
    10    0.028129    0.144608    0.275563    2.577799 v fanout37/X (sky130_fd_sc_hd__clkdlybuf4s25_1)
                                                         net37 (net)
                      0.144610    0.000736    2.578535 v _706_/B (sky130_fd_sc_hd__and2_2)
     1    0.002289    0.026136    0.165658    2.744193 v _706_/X (sky130_fd_sc_hd__and2_2)
                                                         _010_ (net)
                      0.026136    0.000068    2.744262 v _780_/D (sky130_fd_sc_hd__dfxtp_2)
                                              2.744262   data arrival time

                                 10.000000   10.000000   clock clk (rise edge)
                                  0.000000   10.000000   clock source latency
     1    0.014926    0.054748    0.035603   10.035603 ^ clk (in)
                                                         clk (net)
                      0.054780    0.000000   10.035603 ^ clkbuf_0_clk/A (sky130_fd_sc_hd__clkbuf_16)
     4    0.040904    0.045774    0.098916   10.134520 ^ clkbuf_0_clk/X (sky130_fd_sc_hd__clkbuf_16)
                                                         clknet_0_clk (net)
                      0.045795    0.000813   10.135332 ^ clkbuf_2_2__f_clk/A (sky130_fd_sc_hd__clkbuf_16)
     9    0.026373    0.035529    0.088400   10.223731 ^ clkbuf_2_2__f_clk/X (sky130_fd_sc_hd__clkbuf_16)
                                                         clknet_2_2__leaf_clk (net)
                      0.035529    0.000113   10.223845 ^ _780_/CLK (sky130_fd_sc_hd__dfxtp_2)
                                 -0.250000    9.973845   clock uncertainty
                                  0.000000    9.973845   clock reconvergence pessimism
                                 -0.068790    9.905054   library setup time
                                              9.905054   data required time
---------------------------------------------------------------------------------------------
                                              9.905054   data required time
                                             -2.744262   data arrival time
---------------------------------------------------------------------------------------------
                                              7.160792   slack (MET)


Startpoint: rst (input port clocked by clk)
Endpoint: _762_ (rising edge-triggered flip-flop clocked by clk)
Path Group: clk
Path Type: max

Fanout         Cap        Slew       Delay        Time   Description
---------------------------------------------------------------------------------------------
                                  0.000000    0.000000   clock clk (rise edge)
                                  0.000000    0.000000   clock network delay (propagated)
                                  2.000000    2.000000 ^ input external delay
     1    0.003898    0.017857    0.010639    2.010639 ^ rst (in)
                                                         rst (net)
                      0.017858    0.000000    2.010639 ^ input17/A (sky130_fd_sc_hd__clkdlybuf4s25_1)
     3    0.017098    0.134062    0.238754    2.249393 ^ input17/X (sky130_fd_sc_hd__clkdlybuf4s25_1)
                                                         net17 (net)
                      0.134062    0.000357    2.249750 ^ _369_/A (sky130_fd_sc_hd__inv_2)
     4    0.017935    0.051510    0.052018    2.301768 v _369_/Y (sky130_fd_sc_hd__inv_2)
                                                         _367_ (net)
                      0.051516    0.000468    2.302237 v fanout37/A (sky130_fd_sc_hd__clkdlybuf4s25_1)
    10    0.028129    0.144608    0.275563    2.577799 v fanout37/X (sky130_fd_sc_hd__clkdlybuf4s25_1)
                                                         net37 (net)
                      0.144610    0.000776    2.578575 v _741_/B (sky130_fd_sc_hd__and2_2)
     1    0.002216    0.025993    0.165418    2.743994 v _741_/X (sky130_fd_sc_hd__and2_2)
                                                         _026_ (net)
                      0.025993    0.000064    2.744058 v _762_/D (sky130_fd_sc_hd__dfxtp_2)
                                              2.744058   data arrival time

                                 10.000000   10.000000   clock clk (rise edge)
                                  0.000000   10.000000   clock source latency
     1    0.014926    0.054748    0.035603   10.035603 ^ clk (in)
                                                         clk (net)
                      0.054780    0.000000   10.035603 ^ clkbuf_0_clk/A (sky130_fd_sc_hd__clkbuf_16)
     4    0.040904    0.045774    0.098916   10.134520 ^ clkbuf_0_clk/X (sky130_fd_sc_hd__clkbuf_16)
                                                         clknet_0_clk (net)
                      0.045800    0.000890   10.135409 ^ clkbuf_2_3__f_clk/A (sky130_fd_sc_hd__clkbuf_16)
     9    0.025163    0.034695    0.087455   10.222864 ^ clkbuf_2_3__f_clk/X (sky130_fd_sc_hd__clkbuf_16)
                                                         clknet_2_3__leaf_clk (net)
                      0.034725    0.000828   10.223692 ^ _762_/CLK (sky130_fd_sc_hd__dfxtp_2)
                                 -0.250000    9.973692   clock uncertainty
                                  0.000000    9.973692   clock reconvergence pessimism
                                 -0.068817    9.904876   library setup time
                                              9.904876   data required time
---------------------------------------------------------------------------------------------
                                              9.904876   data required time
                                             -2.744058   data arrival time
---------------------------------------------------------------------------------------------
                                              7.160818   slack (MET)


Startpoint: rst (input port clocked by clk)
Endpoint: _752_ (rising edge-triggered flip-flop clocked by clk)
Path Group: clk
Path Type: max

Fanout         Cap        Slew       Delay        Time   Description
---------------------------------------------------------------------------------------------
                                  0.000000    0.000000   clock clk (rise edge)
                                  0.000000    0.000000   clock network delay (propagated)
                                  2.000000    2.000000 ^ input external delay
     1    0.003898    0.017857    0.010639    2.010639 ^ rst (in)
                                                         rst (net)
                      0.017858    0.000000    2.010639 ^ input17/A (sky130_fd_sc_hd__clkdlybuf4s25_1)
     3    0.017098    0.134062    0.238754    2.249393 ^ input17/X (sky130_fd_sc_hd__clkdlybuf4s25_1)
                                                         net17 (net)
                      0.134062    0.000357    2.249750 ^ _369_/A (sky130_fd_sc_hd__inv_2)
     4    0.017935    0.051510    0.052018    2.301768 v _369_/Y (sky130_fd_sc_hd__inv_2)
                                                         _367_ (net)
                      0.051511    0.000203    2.301971 v fanout35/A (sky130_fd_sc_hd__clkdlybuf4s25_1)
    10    0.029358    0.150567    0.280325    2.582296 v fanout35/X (sky130_fd_sc_hd__clkdlybuf4s25_1)
                                                         net35 (net)
                      0.150567    0.000312    2.582608 v _728_/A (sky130_fd_sc_hd__and2_2)
     1    0.003061    0.026942    0.155787    2.738396 v _728_/X (sky130_fd_sc_hd__and2_2)
                                                         _016_ (net)
                      0.026942    0.000102    2.738498 v _752_/D (sky130_fd_sc_hd__dfxtp_2)
                                              2.738498   data arrival time

                                 10.000000   10.000000   clock clk (rise edge)
                                  0.000000   10.000000   clock source latency
     1    0.014926    0.054748    0.035603   10.035603 ^ clk (in)
                                                         clk (net)
                      0.054780    0.000000   10.035603 ^ clkbuf_0_clk/A (sky130_fd_sc_hd__clkbuf_16)
     4    0.040904    0.045774    0.098916   10.134520 ^ clkbuf_0_clk/X (sky130_fd_sc_hd__clkbuf_16)
                                                         clknet_0_clk (net)
                      0.045797    0.000846   10.135365 ^ clkbuf_2_1__f_clk/A (sky130_fd_sc_hd__clkbuf_16)
     9    0.024129    0.033975    0.086906   10.222271 ^ clkbuf_2_1__f_clk/X (sky130_fd_sc_hd__clkbuf_16)
                                                         clknet_2_1__leaf_clk (net)
                      0.033991    0.000593   10.222864 ^ _752_/CLK (sky130_fd_sc_hd__dfxtp_2)
                                 -0.250000    9.972864   clock uncertainty
                                  0.000000    9.972864   clock reconvergence pessimism
                                 -0.069226    9.903638   library setup time
                                              9.903638   data required time
---------------------------------------------------------------------------------------------
                                              9.903638   data required time
                                             -2.738498   data arrival time
---------------------------------------------------------------------------------------------
                                              7.165141   slack (MET)


Startpoint: rst (input port clocked by clk)
Endpoint: _755_ (rising edge-triggered flip-flop clocked by clk)
Path Group: clk
Path Type: max

Fanout         Cap        Slew       Delay        Time   Description
---------------------------------------------------------------------------------------------
                                  0.000000    0.000000   clock clk (rise edge)
                                  0.000000    0.000000   clock network delay (propagated)
                                  2.000000    2.000000 ^ input external delay
     1    0.003898    0.017857    0.010639    2.010639 ^ rst (in)
                                                         rst (net)
                      0.017858    0.000000    2.010639 ^ input17/A (sky130_fd_sc_hd__clkdlybuf4s25_1)
     3    0.017098    0.134062    0.238754    2.249393 ^ input17/X (sky130_fd_sc_hd__clkdlybuf4s25_1)
                                                         net17 (net)
                      0.134062    0.000357    2.249750 ^ _369_/A (sky130_fd_sc_hd__inv_2)
     4    0.017935    0.051510    0.052018    2.301768 v _369_/Y (sky130_fd_sc_hd__inv_2)
                                                         _367_ (net)
                      0.051511    0.000203    2.301971 v fanout35/A (sky130_fd_sc_hd__clkdlybuf4s25_1)
    10    0.029358    0.150567    0.280325    2.582296 v fanout35/X (sky130_fd_sc_hd__clkdlybuf4s25_1)
                                                         net35 (net)
                      0.150567    0.000253    2.582549 v _734_/A (sky130_fd_sc_hd__and2_2)
     1    0.003120    0.027041    0.155969    2.738518 v _734_/X (sky130_fd_sc_hd__and2_2)
                                                         _019_ (net)
                      0.027041    0.000106    2.738624 v _755_/D (sky130_fd_sc_hd__dfxtp_2)
                                              2.738624   data arrival time

                                 10.000000   10.000000   clock clk (rise edge)
                                  0.000000   10.000000   clock source latency
     1    0.014926    0.054748    0.035603   10.035603 ^ clk (in)
                                                         clk (net)
                      0.054780    0.000000   10.035603 ^ clkbuf_0_clk/A (sky130_fd_sc_hd__clkbuf_16)
     4    0.040904    0.045774    0.098916   10.134520 ^ clkbuf_0_clk/X (sky130_fd_sc_hd__clkbuf_16)
                                                         clknet_0_clk (net)
                      0.045801    0.000917   10.135436 ^ clkbuf_2_0__f_clk/A (sky130_fd_sc_hd__clkbuf_16)
     9    0.025742    0.035100    0.087838   10.223274 ^ clkbuf_2_0__f_clk/X (sky130_fd_sc_hd__clkbuf_16)
                                                         clknet_2_0__leaf_clk (net)
                      0.035137    0.000925   10.224199 ^ _755_/CLK (sky130_fd_sc_hd__dfxtp_2)
                                 -0.250000    9.974199   clock uncertainty
                                  0.000000    9.974199   clock reconvergence pessimism
                                 -0.069151    9.905048   library setup time
                                              9.905048   data required time
---------------------------------------------------------------------------------------------
                                              9.905048   data required time
                                             -2.738624   data arrival time
---------------------------------------------------------------------------------------------
                                              7.166425   slack (MET)


Startpoint: rst (input port clocked by clk)
Endpoint: _771_ (rising edge-triggered flip-flop clocked by clk)
Path Group: clk
Path Type: max

Fanout         Cap        Slew       Delay        Time   Description
---------------------------------------------------------------------------------------------
                                  0.000000    0.000000   clock clk (rise edge)
                                  0.000000    0.000000   clock network delay (propagated)
                                  2.000000    2.000000 ^ input external delay
     1    0.003898    0.017857    0.010639    2.010639 ^ rst (in)
                                                         rst (net)
                      0.017858    0.000000    2.010639 ^ input17/A (sky130_fd_sc_hd__clkdlybuf4s25_1)
     3    0.017098    0.134062    0.238754    2.249393 ^ input17/X (sky130_fd_sc_hd__clkdlybuf4s25_1)
                                                         net17 (net)
                      0.134062    0.000357    2.249750 ^ _369_/A (sky130_fd_sc_hd__inv_2)
     4    0.017935    0.051510    0.052018    2.301768 v _369_/Y (sky130_fd_sc_hd__inv_2)
                                                         _367_ (net)
                      0.051511    0.000203    2.301971 v fanout35/A (sky130_fd_sc_hd__clkdlybuf4s25_1)
    10    0.029358    0.150567    0.280325    2.582296 v fanout35/X (sky130_fd_sc_hd__clkdlybuf4s25_1)
                                                         net35 (net)
                      0.150568    0.000645    2.582941 v _716_/A (sky130_fd_sc_hd__and2_2)
     1    0.002799    0.026426    0.154964    2.737905 v _716_/X (sky130_fd_sc_hd__and2_2)
                                                         _001_ (net)
                      0.026426    0.000090    2.737995 v _771_/D (sky130_fd_sc_hd__dfxtp_2)
                                              2.737995   data arrival time

                                 10.000000   10.000000   clock clk (rise edge)
                                  0.000000   10.000000   clock source latency
     1    0.014926    0.054748    0.035603   10.035603 ^ clk (in)
                                                         clk (net)
                      0.054780    0.000000   10.035603 ^ clkbuf_0_clk/A (sky130_fd_sc_hd__clkbuf_16)
     4    0.040904    0.045774    0.098916   10.134520 ^ clkbuf_0_clk/X (sky130_fd_sc_hd__clkbuf_16)
                                                         clknet_0_clk (net)
                      0.045801    0.000917   10.135436 ^ clkbuf_2_0__f_clk/A (sky130_fd_sc_hd__clkbuf_16)
     9    0.025742    0.035100    0.087838   10.223274 ^ clkbuf_2_0__f_clk/X (sky130_fd_sc_hd__clkbuf_16)
                                                         clknet_2_0__leaf_clk (net)
                      0.035110    0.000546   10.223821 ^ _771_/CLK (sky130_fd_sc_hd__dfxtp_2)
                                 -0.250000    9.973821   clock uncertainty
                                  0.000000    9.973821   clock reconvergence pessimism
                                 -0.068934    9.904886   library setup time
                                              9.904886   data required time
---------------------------------------------------------------------------------------------
                                              9.904886   data required time
                                             -2.737995   data arrival time
---------------------------------------------------------------------------------------------
                                              7.166891   slack (MET)


Startpoint: rst (input port clocked by clk)
Endpoint: _753_ (rising edge-triggered flip-flop clocked by clk)
Path Group: clk
Path Type: max

Fanout         Cap        Slew       Delay        Time   Description
---------------------------------------------------------------------------------------------
                                  0.000000    0.000000   clock clk (rise edge)
                                  0.000000    0.000000   clock network delay (propagated)
                                  2.000000    2.000000 ^ input external delay
     1    0.003898    0.017857    0.010639    2.010639 ^ rst (in)
                                                         rst (net)
                      0.017858    0.000000    2.010639 ^ input17/A (sky130_fd_sc_hd__clkdlybuf4s25_1)
     3    0.017098    0.134062    0.238754    2.249393 ^ input17/X (sky130_fd_sc_hd__clkdlybuf4s25_1)
                                                         net17 (net)
                      0.134062    0.000357    2.249750 ^ _369_/A (sky130_fd_sc_hd__inv_2)
     4    0.017935    0.051510    0.052018    2.301768 v _369_/Y (sky130_fd_sc_hd__inv_2)
                                                         _367_ (net)
                      0.051511    0.000203    2.301971 v fanout35/A (sky130_fd_sc_hd__clkdlybuf4s25_1)
    10    0.029358    0.150567    0.280325    2.582296 v fanout35/X (sky130_fd_sc_hd__clkdlybuf4s25_1)
                                                         net35 (net)
                      0.150567    0.000342    2.582638 v _730_/A (sky130_fd_sc_hd__and2_2)
     1    0.002567    0.026017    0.154236    2.736873 v _730_/X (sky130_fd_sc_hd__and2_2)
                                                         _017_ (net)
                      0.026017    0.000080    2.736953 v _753_/D (sky130_fd_sc_hd__dfxtp_2)
                                              2.736953   data arrival time

                                 10.000000   10.000000   clock clk (rise edge)
                                  0.000000   10.000000   clock source latency
     1    0.014926    0.054748    0.035603   10.035603 ^ clk (in)
                                                         clk (net)
                      0.054780    0.000000   10.035603 ^ clkbuf_0_clk/A (sky130_fd_sc_hd__clkbuf_16)
     4    0.040904    0.045774    0.098916   10.134520 ^ clkbuf_0_clk/X (sky130_fd_sc_hd__clkbuf_16)
                                                         clknet_0_clk (net)
                      0.045797    0.000846   10.135365 ^ clkbuf_2_1__f_clk/A (sky130_fd_sc_hd__clkbuf_16)
     9    0.024129    0.033975    0.086906   10.222271 ^ clkbuf_2_1__f_clk/X (sky130_fd_sc_hd__clkbuf_16)
                                                         clknet_2_1__leaf_clk (net)
                      0.033989    0.000571   10.222842 ^ _753_/CLK (sky130_fd_sc_hd__dfxtp_2)
                                 -0.250000    9.972842   clock uncertainty
                                  0.000000    9.972842   clock reconvergence pessimism
                                 -0.068896    9.903946   library setup time
                                              9.903946   data required time
---------------------------------------------------------------------------------------------
                                              9.903946   data required time
                                             -2.736953   data arrival time
---------------------------------------------------------------------------------------------
                                              7.166994   slack (MET)


Startpoint: rst (input port clocked by clk)
Endpoint: _772_ (rising edge-triggered flip-flop clocked by clk)
Path Group: clk
Path Type: max

Fanout         Cap        Slew       Delay        Time   Description
---------------------------------------------------------------------------------------------
                                  0.000000    0.000000   clock clk (rise edge)
                                  0.000000    0.000000   clock network delay (propagated)
                                  2.000000    2.000000 ^ input external delay
     1    0.003898    0.017857    0.010639    2.010639 ^ rst (in)
                                                         rst (net)
                      0.017858    0.000000    2.010639 ^ input17/A (sky130_fd_sc_hd__clkdlybuf4s25_1)
     3    0.017098    0.134062    0.238754    2.249393 ^ input17/X (sky130_fd_sc_hd__clkdlybuf4s25_1)
                                                         net17 (net)
                      0.134062    0.000357    2.249750 ^ _369_/A (sky130_fd_sc_hd__inv_2)
     4    0.017935    0.051510    0.052018    2.301768 v _369_/Y (sky130_fd_sc_hd__inv_2)
                                                         _367_ (net)
                      0.051511    0.000203    2.301971 v fanout35/A (sky130_fd_sc_hd__clkdlybuf4s25_1)
    10    0.029358    0.150567    0.280325    2.582296 v fanout35/X (sky130_fd_sc_hd__clkdlybuf4s25_1)
                                                         net35 (net)
                      0.150568    0.000573    2.582869 v _715_/A (sky130_fd_sc_hd__and2_2)
     1    0.002569    0.025999    0.154242    2.737111 v _715_/X (sky130_fd_sc_hd__and2_2)
                                                         _002_ (net)
                      0.025999    0.000081    2.737191 v _772_/D (sky130_fd_sc_hd__dfxtp_2)
                                              2.737191   data arrival time

                                 10.000000   10.000000   clock clk (rise edge)
                                  0.000000   10.000000   clock source latency
     1    0.014926    0.054748    0.035603   10.035603 ^ clk (in)
                                                         clk (net)
                      0.054780    0.000000   10.035603 ^ clkbuf_0_clk/A (sky130_fd_sc_hd__clkbuf_16)
     4    0.040904    0.045774    0.098916   10.134520 ^ clkbuf_0_clk/X (sky130_fd_sc_hd__clkbuf_16)
                                                         clknet_0_clk (net)
                      0.045801    0.000917   10.135436 ^ clkbuf_2_0__f_clk/A (sky130_fd_sc_hd__clkbuf_16)
     9    0.025742    0.035100    0.087838   10.223274 ^ clkbuf_2_0__f_clk/X (sky130_fd_sc_hd__clkbuf_16)
                                                         clknet_2_0__leaf_clk (net)
                      0.035125    0.000779   10.224053 ^ _772_/CLK (sky130_fd_sc_hd__dfxtp_2)
                                 -0.250000    9.974053   clock uncertainty
                                  0.000000    9.974053   clock reconvergence pessimism
                                 -0.068780    9.905272   library setup time
                                              9.905272   data required time
---------------------------------------------------------------------------------------------
                                              9.905272   data required time
                                             -2.737191   data arrival time
---------------------------------------------------------------------------------------------
                                              7.168081   slack (MET)


Startpoint: rst (input port clocked by clk)
Endpoint: _770_ (rising edge-triggered flip-flop clocked by clk)
Path Group: clk
Path Type: max

Fanout         Cap        Slew       Delay        Time   Description
---------------------------------------------------------------------------------------------
                                  0.000000    0.000000   clock clk (rise edge)
                                  0.000000    0.000000   clock network delay (propagated)
                                  2.000000    2.000000 ^ input external delay
     1    0.003898    0.017857    0.010639    2.010639 ^ rst (in)
                                                         rst (net)
                      0.017858    0.000000    2.010639 ^ input17/A (sky130_fd_sc_hd__clkdlybuf4s25_1)
     3    0.017098    0.134062    0.238754    2.249393 ^ input17/X (sky130_fd_sc_hd__clkdlybuf4s25_1)
                                                         net17 (net)
                      0.134062    0.000357    2.249750 ^ _369_/A (sky130_fd_sc_hd__inv_2)
     4    0.017935    0.051510    0.052018    2.301768 v _369_/Y (sky130_fd_sc_hd__inv_2)
                                                         _367_ (net)
                      0.051511    0.000203    2.301971 v fanout35/A (sky130_fd_sc_hd__clkdlybuf4s25_1)
    10    0.029358    0.150567    0.280325    2.582296 v fanout35/X (sky130_fd_sc_hd__clkdlybuf4s25_1)
                                                         net35 (net)
                      0.150570    0.000827    2.583123 v _717_/A (sky130_fd_sc_hd__and2_2)
     1    0.002241    0.025393    0.153212    2.736335 v _717_/X (sky130_fd_sc_hd__and2_2)
                                                         _000_ (net)
                      0.025393    0.000067    2.736403 v _770_/D (sky130_fd_sc_hd__dfxtp_2)
                                              2.736403   data arrival time

                                 10.000000   10.000000   clock clk (rise edge)
                                  0.000000   10.000000   clock source latency
     1    0.014926    0.054748    0.035603   10.035603 ^ clk (in)
                                                         clk (net)
                      0.054780    0.000000   10.035603 ^ clkbuf_0_clk/A (sky130_fd_sc_hd__clkbuf_16)
     4    0.040904    0.045774    0.098916   10.134520 ^ clkbuf_0_clk/X (sky130_fd_sc_hd__clkbuf_16)
                                                         clknet_0_clk (net)
                      0.045801    0.000917   10.135436 ^ clkbuf_2_0__f_clk/A (sky130_fd_sc_hd__clkbuf_16)
     9    0.025742    0.035100    0.087838   10.223274 ^ clkbuf_2_0__f_clk/X (sky130_fd_sc_hd__clkbuf_16)
                                                         clknet_2_0__leaf_clk (net)
                      0.035110    0.000536   10.223809 ^ _770_/CLK (sky130_fd_sc_hd__dfxtp_2)
                                 -0.250000    9.973809   clock uncertainty
                                  0.000000    9.973809   clock reconvergence pessimism
                                 -0.068565    9.905244   library setup time
                                              9.905244   data required time
---------------------------------------------------------------------------------------------
                                              9.905244   data required time
                                             -2.736403   data arrival time
---------------------------------------------------------------------------------------------
                                              7.168842   slack (MET)


Startpoint: rst (input port clocked by clk)
Endpoint: _778_ (rising edge-triggered flip-flop clocked by clk)
Path Group: clk
Path Type: max

Fanout         Cap        Slew       Delay        Time   Description
---------------------------------------------------------------------------------------------
                                  0.000000    0.000000   clock clk (rise edge)
                                  0.000000    0.000000   clock network delay (propagated)
                                  2.000000    2.000000 ^ input external delay
     1    0.003898    0.017857    0.010639    2.010639 ^ rst (in)
                                                         rst (net)
                      0.017858    0.000000    2.010639 ^ input17/A (sky130_fd_sc_hd__clkdlybuf4s25_1)
     3    0.017098    0.134062    0.238754    2.249393 ^ input17/X (sky130_fd_sc_hd__clkdlybuf4s25_1)
                                                         net17 (net)
                      0.134062    0.000357    2.249750 ^ _369_/A (sky130_fd_sc_hd__inv_2)
     4    0.017935    0.051510    0.052018    2.301768 v _369_/Y (sky130_fd_sc_hd__inv_2)
                                                         _367_ (net)
                      0.051511    0.000203    2.301971 v fanout35/A (sky130_fd_sc_hd__clkdlybuf4s25_1)
    10    0.029358    0.150567    0.280325    2.582296 v fanout35/X (sky130_fd_sc_hd__clkdlybuf4s25_1)
                                                         net35 (net)
                      0.150568    0.000601    2.582897 v _708_/A (sky130_fd_sc_hd__and2_2)
     1    0.002118    0.025156    0.152824    2.735722 v _708_/X (sky130_fd_sc_hd__and2_2)
                                                         _008_ (net)
                      0.025157    0.000063    2.735785 v _778_/D (sky130_fd_sc_hd__dfxtp_2)
                                              2.735785   data arrival time

                                 10.000000   10.000000   clock clk (rise edge)
                                  0.000000   10.000000   clock source latency
     1    0.014926    0.054748    0.035603   10.035603 ^ clk (in)
                                                         clk (net)
                      0.054780    0.000000   10.035603 ^ clkbuf_0_clk/A (sky130_fd_sc_hd__clkbuf_16)
     4    0.040904    0.045774    0.098916   10.134520 ^ clkbuf_0_clk/X (sky130_fd_sc_hd__clkbuf_16)
                                                         clknet_0_clk (net)
                      0.045801    0.000917   10.135436 ^ clkbuf_2_0__f_clk/A (sky130_fd_sc_hd__clkbuf_16)
     9    0.025742    0.035100    0.087838   10.223274 ^ clkbuf_2_0__f_clk/X (sky130_fd_sc_hd__clkbuf_16)
                                                         clknet_2_0__leaf_clk (net)
                      0.035119    0.000686   10.223960 ^ _778_/CLK (sky130_fd_sc_hd__dfxtp_2)
                                 -0.250000    9.973960   clock uncertainty
                                  0.000000    9.973960   clock reconvergence pessimism
                                 -0.068480    9.905479   library setup time
                                              9.905479   data required time
---------------------------------------------------------------------------------------------
                                              9.905479   data required time
                                             -2.735785   data arrival time
---------------------------------------------------------------------------------------------
                                              7.169694   slack (MET)


Startpoint: rst (input port clocked by clk)
Endpoint: _779_ (rising edge-triggered flip-flop clocked by clk)
Path Group: clk
Path Type: max

Fanout         Cap        Slew       Delay        Time   Description
---------------------------------------------------------------------------------------------
                                  0.000000    0.000000   clock clk (rise edge)
                                  0.000000    0.000000   clock network delay (propagated)
                                  2.000000    2.000000 ^ input external delay
     1    0.003898    0.017857    0.010639    2.010639 ^ rst (in)
                                                         rst (net)
                      0.017858    0.000000    2.010639 ^ input17/A (sky130_fd_sc_hd__clkdlybuf4s25_1)
     3    0.017098    0.134062    0.238754    2.249393 ^ input17/X (sky130_fd_sc_hd__clkdlybuf4s25_1)
                                                         net17 (net)
                      0.134062    0.000357    2.249750 ^ _369_/A (sky130_fd_sc_hd__inv_2)
     4    0.017935    0.051510    0.052018    2.301768 v _369_/Y (sky130_fd_sc_hd__inv_2)
                                                         _367_ (net)
                      0.051516    0.000468    2.302237 v fanout37/A (sky130_fd_sc_hd__clkdlybuf4s25_1)
    10    0.028129    0.144608    0.275563    2.577799 v fanout37/X (sky130_fd_sc_hd__clkdlybuf4s25_1)
                                                         net37 (net)
                      0.144608    0.000532    2.578332 v _707_/A (sky130_fd_sc_hd__and2_2)
     1    0.003384    0.027527    0.154457    2.732788 v _707_/X (sky130_fd_sc_hd__and2_2)
                                                         _009_ (net)
                      0.027527    0.000113    2.732901 v _779_/D (sky130_fd_sc_hd__dfxtp_2)
                                              2.732901   data arrival time

                                 10.000000   10.000000   clock clk (rise edge)
                                  0.000000   10.000000   clock source latency
     1    0.014926    0.054748    0.035603   10.035603 ^ clk (in)
                                                         clk (net)
                      0.054780    0.000000   10.035603 ^ clkbuf_0_clk/A (sky130_fd_sc_hd__clkbuf_16)
     4    0.040904    0.045774    0.098916   10.134520 ^ clkbuf_0_clk/X (sky130_fd_sc_hd__clkbuf_16)
                                                         clknet_0_clk (net)
                      0.045795    0.000813   10.135332 ^ clkbuf_2_2__f_clk/A (sky130_fd_sc_hd__clkbuf_16)
     9    0.026373    0.035529    0.088400   10.223731 ^ clkbuf_2_2__f_clk/X (sky130_fd_sc_hd__clkbuf_16)
                                                         clknet_2_2__leaf_clk (net)
                      0.035529    0.000117   10.223848 ^ _779_/CLK (sky130_fd_sc_hd__dfxtp_2)
                                 -0.250000    9.973848   clock uncertainty
                                  0.000000    9.973848   clock reconvergence pessimism
                                 -0.069287    9.904562   library setup time
                                              9.904562   data required time
---------------------------------------------------------------------------------------------
                                              9.904562   data required time
                                             -2.732901   data arrival time
---------------------------------------------------------------------------------------------
                                              7.171661   slack (MET)


Startpoint: rst (input port clocked by clk)
Endpoint: _776_ (rising edge-triggered flip-flop clocked by clk)
Path Group: clk
Path Type: max

Fanout         Cap        Slew       Delay        Time   Description
---------------------------------------------------------------------------------------------
                                  0.000000    0.000000   clock clk (rise edge)
                                  0.000000    0.000000   clock network delay (propagated)
                                  2.000000    2.000000 ^ input external delay
     1    0.003898    0.017857    0.010639    2.010639 ^ rst (in)
                                                         rst (net)
                      0.017858    0.000000    2.010639 ^ input17/A (sky130_fd_sc_hd__clkdlybuf4s25_1)
     3    0.017098    0.134062    0.238754    2.249393 ^ input17/X (sky130_fd_sc_hd__clkdlybuf4s25_1)
                                                         net17 (net)
                      0.134062    0.000357    2.249750 ^ _369_/A (sky130_fd_sc_hd__inv_2)
     4    0.017935    0.051510    0.052018    2.301768 v _369_/Y (sky130_fd_sc_hd__inv_2)
                                                         _367_ (net)
                      0.051516    0.000468    2.302237 v fanout37/A (sky130_fd_sc_hd__clkdlybuf4s25_1)
    10    0.028129    0.144608    0.275563    2.577799 v fanout37/X (sky130_fd_sc_hd__clkdlybuf4s25_1)
                                                         net37 (net)
                      0.144610    0.000796    2.578596 v _710_/A (sky130_fd_sc_hd__and2_2)
     1    0.003449    0.027619    0.154662    2.733257 v _710_/X (sky130_fd_sc_hd__and2_2)
                                                         _006_ (net)
                      0.027619    0.000117    2.733375 v _776_/D (sky130_fd_sc_hd__dfxtp_2)
                                              2.733375   data arrival time

                                 10.000000   10.000000   clock clk (rise edge)
                                  0.000000   10.000000   clock source latency
     1    0.014926    0.054748    0.035603   10.035603 ^ clk (in)
                                                         clk (net)
                      0.054780    0.000000   10.035603 ^ clkbuf_0_clk/A (sky130_fd_sc_hd__clkbuf_16)
     4    0.040904    0.045774    0.098916   10.134520 ^ clkbuf_0_clk/X (sky130_fd_sc_hd__clkbuf_16)
                                                         clknet_0_clk (net)
                      0.045795    0.000813   10.135332 ^ clkbuf_2_2__f_clk/A (sky130_fd_sc_hd__clkbuf_16)
     9    0.026373    0.035529    0.088400   10.223731 ^ clkbuf_2_2__f_clk/X (sky130_fd_sc_hd__clkbuf_16)
                                                         clknet_2_2__leaf_clk (net)
                      0.035544    0.000638   10.224369 ^ _776_/CLK (sky130_fd_sc_hd__dfxtp_2)
                                 -0.250000    9.974369   clock uncertainty
                                  0.000000    9.974369   clock reconvergence pessimism
                                 -0.069319    9.905050   library setup time
                                              9.905050   data required time
---------------------------------------------------------------------------------------------
                                              9.905050   data required time
                                             -2.733375   data arrival time
---------------------------------------------------------------------------------------------
                                              7.171676   slack (MET)


Startpoint: rst (input port clocked by clk)
Endpoint: _774_ (rising edge-triggered flip-flop clocked by clk)
Path Group: clk
Path Type: max

Fanout         Cap        Slew       Delay        Time   Description
---------------------------------------------------------------------------------------------
                                  0.000000    0.000000   clock clk (rise edge)
                                  0.000000    0.000000   clock network delay (propagated)
                                  2.000000    2.000000 ^ input external delay
     1    0.003898    0.017857    0.010639    2.010639 ^ rst (in)
                                                         rst (net)
                      0.017858    0.000000    2.010639 ^ input17/A (sky130_fd_sc_hd__clkdlybuf4s25_1)
     3    0.017098    0.134062    0.238754    2.249393 ^ input17/X (sky130_fd_sc_hd__clkdlybuf4s25_1)
                                                         net17 (net)
                      0.134062    0.000357    2.249750 ^ _369_/A (sky130_fd_sc_hd__inv_2)
     4    0.017935    0.051510    0.052018    2.301768 v _369_/Y (sky130_fd_sc_hd__inv_2)
                                                         _367_ (net)
                      0.051516    0.000468    2.302237 v fanout37/A (sky130_fd_sc_hd__clkdlybuf4s25_1)
    10    0.028129    0.144608    0.275563    2.577799 v fanout37/X (sky130_fd_sc_hd__clkdlybuf4s25_1)
                                                         net37 (net)
                      0.144608    0.000505    2.578305 v _713_/A (sky130_fd_sc_hd__and2_2)
     1    0.003250    0.027265    0.154037    2.732341 v _713_/X (sky130_fd_sc_hd__and2_2)
                                                         _004_ (net)
                      0.027265    0.000106    2.732447 v _774_/D (sky130_fd_sc_hd__dfxtp_2)
                                              2.732447   data arrival time

                                 10.000000   10.000000   clock clk (rise edge)
                                  0.000000   10.000000   clock source latency
     1    0.014926    0.054748    0.035603   10.035603 ^ clk (in)
                                                         clk (net)
                      0.054780    0.000000   10.035603 ^ clkbuf_0_clk/A (sky130_fd_sc_hd__clkbuf_16)
     4    0.040904    0.045774    0.098916   10.134520 ^ clkbuf_0_clk/X (sky130_fd_sc_hd__clkbuf_16)
                                                         clknet_0_clk (net)
                      0.045795    0.000813   10.135332 ^ clkbuf_2_2__f_clk/A (sky130_fd_sc_hd__clkbuf_16)
     9    0.026373    0.035529    0.088400   10.223731 ^ clkbuf_2_2__f_clk/X (sky130_fd_sc_hd__clkbuf_16)
                                                         clknet_2_2__leaf_clk (net)
                      0.035535    0.000458   10.224190 ^ _774_/CLK (sky130_fd_sc_hd__dfxtp_2)
                                 -0.250000    9.974190   clock uncertainty
                                  0.000000    9.974190   clock reconvergence pessimism
                                 -0.069193    9.904997   library setup time
                                              9.904997   data required time
---------------------------------------------------------------------------------------------
                                              9.904997   data required time
                                             -2.732447   data arrival time
---------------------------------------------------------------------------------------------
                                              7.172550   slack (MET)


Startpoint: rst (input port clocked by clk)
Endpoint: _777_ (rising edge-triggered flip-flop clocked by clk)
Path Group: clk
Path Type: max

Fanout         Cap        Slew       Delay        Time   Description
---------------------------------------------------------------------------------------------
                                  0.000000    0.000000   clock clk (rise edge)
                                  0.000000    0.000000   clock network delay (propagated)
                                  2.000000    2.000000 ^ input external delay
     1    0.003898    0.017857    0.010639    2.010639 ^ rst (in)
                                                         rst (net)
                      0.017858    0.000000    2.010639 ^ input17/A (sky130_fd_sc_hd__clkdlybuf4s25_1)
     3    0.017098    0.134062    0.238754    2.249393 ^ input17/X (sky130_fd_sc_hd__clkdlybuf4s25_1)
                                                         net17 (net)
                      0.134062    0.000357    2.249750 ^ _369_/A (sky130_fd_sc_hd__inv_2)
     4    0.017935    0.051510    0.052018    2.301768 v _369_/Y (sky130_fd_sc_hd__inv_2)
                                                         _367_ (net)
                      0.051516    0.000468    2.302237 v fanout37/A (sky130_fd_sc_hd__clkdlybuf4s25_1)
    10    0.028129    0.144608    0.275563    2.577799 v fanout37/X (sky130_fd_sc_hd__clkdlybuf4s25_1)
                                                         net37 (net)
                      0.144608    0.000516    2.578315 v _709_/A (sky130_fd_sc_hd__and2_2)
     1    0.003085    0.026957    0.153522    2.731837 v _709_/X (sky130_fd_sc_hd__and2_2)
                                                         _007_ (net)
                      0.026957    0.000099    2.731936 v _777_/D (sky130_fd_sc_hd__dfxtp_2)
                                              2.731936   data arrival time

                                 10.000000   10.000000   clock clk (rise edge)
                                  0.000000   10.000000   clock source latency
     1    0.014926    0.054748    0.035603   10.035603 ^ clk (in)
                                                         clk (net)
                      0.054780    0.000000   10.035603 ^ clkbuf_0_clk/A (sky130_fd_sc_hd__clkbuf_16)
     4    0.040904    0.045774    0.098916   10.134520 ^ clkbuf_0_clk/X (sky130_fd_sc_hd__clkbuf_16)
                                                         clknet_0_clk (net)
                      0.045795    0.000813   10.135332 ^ clkbuf_2_2__f_clk/A (sky130_fd_sc_hd__clkbuf_16)
     9    0.026373    0.035529    0.088400   10.223731 ^ clkbuf_2_2__f_clk/X (sky130_fd_sc_hd__clkbuf_16)
                                                         clknet_2_2__leaf_clk (net)
                      0.035540    0.000562   10.224294 ^ _777_/CLK (sky130_fd_sc_hd__dfxtp_2)
                                 -0.250000    9.974294   clock uncertainty
                                  0.000000    9.974294   clock reconvergence pessimism
                                 -0.069083    9.905211   library setup time
                                              9.905211   data required time
---------------------------------------------------------------------------------------------
                                              9.905211   data required time
                                             -2.731936   data arrival time
---------------------------------------------------------------------------------------------
                                              7.173275   slack (MET)


Startpoint: rst (input port clocked by clk)
Endpoint: _756_ (rising edge-triggered flip-flop clocked by clk)
Path Group: clk
Path Type: max

Fanout         Cap        Slew       Delay        Time   Description
---------------------------------------------------------------------------------------------
                                  0.000000    0.000000   clock clk (rise edge)
                                  0.000000    0.000000   clock network delay (propagated)
                                  2.000000    2.000000 ^ input external delay
     1    0.003898    0.017857    0.010639    2.010639 ^ rst (in)
                                                         rst (net)
                      0.017858    0.000000    2.010639 ^ input17/A (sky130_fd_sc_hd__clkdlybuf4s25_1)
     3    0.017098    0.134062    0.238754    2.249393 ^ input17/X (sky130_fd_sc_hd__clkdlybuf4s25_1)
                                                         net17 (net)
                      0.134062    0.000357    2.249750 ^ _369_/A (sky130_fd_sc_hd__inv_2)
     4    0.017935    0.051510    0.052018    2.301768 v _369_/Y (sky130_fd_sc_hd__inv_2)
                                                         _367_ (net)
                      0.051516    0.000468    2.302237 v fanout37/A (sky130_fd_sc_hd__clkdlybuf4s25_1)
    10    0.028129    0.144608    0.275563    2.577799 v fanout37/X (sky130_fd_sc_hd__clkdlybuf4s25_1)
                                                         net37 (net)
                      0.144608    0.000554    2.578353 v _735_/A (sky130_fd_sc_hd__and2_2)
     1    0.002104    0.025137    0.150452    2.728806 v _735_/X (sky130_fd_sc_hd__and2_2)
                                                         _020_ (net)
                      0.025137    0.000043    2.728848 v _756_/D (sky130_fd_sc_hd__dfxtp_2)
                                              2.728848   data arrival time

                                 10.000000   10.000000   clock clk (rise edge)
                                  0.000000   10.000000   clock source latency
     1    0.014926    0.054748    0.035603   10.035603 ^ clk (in)
                                                         clk (net)
                      0.054780    0.000000   10.035603 ^ clkbuf_0_clk/A (sky130_fd_sc_hd__clkbuf_16)
     4    0.040904    0.045774    0.098916   10.134520 ^ clkbuf_0_clk/X (sky130_fd_sc_hd__clkbuf_16)
                                                         clknet_0_clk (net)
                      0.045795    0.000813   10.135332 ^ clkbuf_2_2__f_clk/A (sky130_fd_sc_hd__clkbuf_16)
     9    0.026373    0.035529    0.088400   10.223731 ^ clkbuf_2_2__f_clk/X (sky130_fd_sc_hd__clkbuf_16)
                                                         clknet_2_2__leaf_clk (net)
                      0.035529    0.000117   10.223848 ^ _756_/CLK (sky130_fd_sc_hd__dfxtp_2)
                                 -0.250000    9.973848   clock uncertainty
                                  0.000000    9.973848   clock reconvergence pessimism
                                 -0.068434    9.905416   library setup time
                                              9.905416   data required time
---------------------------------------------------------------------------------------------
                                              9.905416   data required time
                                             -2.728848   data arrival time
---------------------------------------------------------------------------------------------
                                              7.176567   slack (MET)


Startpoint: rst (input port clocked by clk)
Endpoint: _773_ (rising edge-triggered flip-flop clocked by clk)
Path Group: clk
Path Type: max

Fanout         Cap        Slew       Delay        Time   Description
---------------------------------------------------------------------------------------------
                                  0.000000    0.000000   clock clk (rise edge)
                                  0.000000    0.000000   clock network delay (propagated)
                                  2.000000    2.000000 ^ input external delay
     1    0.003898    0.017857    0.010639    2.010639 ^ rst (in)
                                                         rst (net)
                      0.017858    0.000000    2.010639 ^ input17/A (sky130_fd_sc_hd__clkdlybuf4s25_1)
     3    0.017098    0.134062    0.238754    2.249393 ^ input17/X (sky130_fd_sc_hd__clkdlybuf4s25_1)
                                                         net17 (net)
                      0.134062    0.000357    2.249750 ^ _369_/A (sky130_fd_sc_hd__inv_2)
     4    0.017935    0.051510    0.052018    2.301768 v _369_/Y (sky130_fd_sc_hd__inv_2)
                                                         _367_ (net)
                      0.051516    0.000468    2.302237 v fanout37/A (sky130_fd_sc_hd__clkdlybuf4s25_1)
    10    0.028129    0.144608    0.275563    2.577799 v fanout37/X (sky130_fd_sc_hd__clkdlybuf4s25_1)
                                                         net37 (net)
                      0.144609    0.000608    2.578408 v _714_/A (sky130_fd_sc_hd__and2_2)
     1    0.002082    0.025084    0.150379    2.728787 v _714_/X (sky130_fd_sc_hd__and2_2)
                                                         _003_ (net)
                      0.025084    0.000062    2.728848 v _773_/D (sky130_fd_sc_hd__dfxtp_2)
                                              2.728848   data arrival time

                                 10.000000   10.000000   clock clk (rise edge)
                                  0.000000   10.000000   clock source latency
     1    0.014926    0.054748    0.035603   10.035603 ^ clk (in)
                                                         clk (net)
                      0.054780    0.000000   10.035603 ^ clkbuf_0_clk/A (sky130_fd_sc_hd__clkbuf_16)
     4    0.040904    0.045774    0.098916   10.134520 ^ clkbuf_0_clk/X (sky130_fd_sc_hd__clkbuf_16)
                                                         clknet_0_clk (net)
                      0.045795    0.000813   10.135332 ^ clkbuf_2_2__f_clk/A (sky130_fd_sc_hd__clkbuf_16)
     9    0.026373    0.035529    0.088400   10.223731 ^ clkbuf_2_2__f_clk/X (sky130_fd_sc_hd__clkbuf_16)
                                                         clknet_2_2__leaf_clk (net)
                      0.035551    0.000753   10.224484 ^ _773_/CLK (sky130_fd_sc_hd__dfxtp_2)
                                 -0.250000    9.974484   clock uncertainty
                                  0.000000    9.974484   clock reconvergence pessimism
                                 -0.068412    9.906072   library setup time
                                              9.906072   data required time
---------------------------------------------------------------------------------------------
                                              9.906072   data required time
                                             -2.728848   data arrival time
---------------------------------------------------------------------------------------------
                                              7.177224   slack (MET)


Startpoint: rst (input port clocked by clk)
Endpoint: _750_ (rising edge-triggered flip-flop clocked by clk)
Path Group: clk
Path Type: max

Fanout         Cap        Slew       Delay        Time   Description
---------------------------------------------------------------------------------------------
                                  0.000000    0.000000   clock clk (rise edge)
                                  0.000000    0.000000   clock network delay (propagated)
                                  2.000000    2.000000 ^ input external delay
     1    0.003898    0.017857    0.010639    2.010639 ^ rst (in)
                                                         rst (net)
                      0.017858    0.000000    2.010639 ^ input17/A (sky130_fd_sc_hd__clkdlybuf4s25_1)
     3    0.017098    0.134062    0.238754    2.249393 ^ input17/X (sky130_fd_sc_hd__clkdlybuf4s25_1)
                                                         net17 (net)
                      0.134062    0.000357    2.249750 ^ _369_/A (sky130_fd_sc_hd__inv_2)
     4    0.017935    0.051510    0.052018    2.301768 v _369_/Y (sky130_fd_sc_hd__inv_2)
                                                         _367_ (net)
                      0.051511    0.000203    2.301971 v fanout35/A (sky130_fd_sc_hd__clkdlybuf4s25_1)
    10    0.029358    0.150567    0.280325    2.582296 v fanout35/X (sky130_fd_sc_hd__clkdlybuf4s25_1)
                                                         net35 (net)
                      0.150570    0.000826    2.583122 v _724_/B1 (sky130_fd_sc_hd__o21a_2)
     1    0.002113    0.023023    0.120326    2.703448 v _724_/X (sky130_fd_sc_hd__o21a_2)
                                                         _014_ (net)
                      0.023023    0.000043    2.703491 v _750_/D (sky130_fd_sc_hd__dfxtp_2)
                                              2.703491   data arrival time

                                 10.000000   10.000000   clock clk (rise edge)
                                  0.000000   10.000000   clock source latency
     1    0.014926    0.054748    0.035603   10.035603 ^ clk (in)
                                                         clk (net)
                      0.054780    0.000000   10.035603 ^ clkbuf_0_clk/A (sky130_fd_sc_hd__clkbuf_16)
     4    0.040904    0.045774    0.098916   10.134520 ^ clkbuf_0_clk/X (sky130_fd_sc_hd__clkbuf_16)
                                                         clknet_0_clk (net)
                      0.045801    0.000917   10.135436 ^ clkbuf_2_0__f_clk/A (sky130_fd_sc_hd__clkbuf_16)
     9    0.025742    0.035100    0.087838   10.223274 ^ clkbuf_2_0__f_clk/X (sky130_fd_sc_hd__clkbuf_16)
                                                         clknet_2_0__leaf_clk (net)
                      0.035109    0.000528   10.223802 ^ _750_/CLK (sky130_fd_sc_hd__dfxtp_2)
                                 -0.250000    9.973802   clock uncertainty
                                  0.000000    9.973802   clock reconvergence pessimism
                                 -0.067719    9.906082   library setup time
                                              9.906082   data required time
---------------------------------------------------------------------------------------------
                                              9.906082   data required time
                                             -2.703491   data arrival time
---------------------------------------------------------------------------------------------
                                              7.202591   slack (MET)


Startpoint: rst (input port clocked by clk)
Endpoint: _754_ (rising edge-triggered flip-flop clocked by clk)
Path Group: clk
Path Type: max

Fanout         Cap        Slew       Delay        Time   Description
---------------------------------------------------------------------------------------------
                                  0.000000    0.000000   clock clk (rise edge)
                                  0.000000    0.000000   clock network delay (propagated)
                                  2.000000    2.000000 ^ input external delay
     1    0.003898    0.017857    0.010639    2.010639 ^ rst (in)
                                                         rst (net)
                      0.017858    0.000000    2.010639 ^ input17/A (sky130_fd_sc_hd__clkdlybuf4s25_1)
     3    0.017098    0.134062    0.238754    2.249393 ^ input17/X (sky130_fd_sc_hd__clkdlybuf4s25_1)
                                                         net17 (net)
                      0.134062    0.000357    2.249750 ^ _369_/A (sky130_fd_sc_hd__inv_2)
     4    0.017935    0.051510    0.052018    2.301768 v _369_/Y (sky130_fd_sc_hd__inv_2)
                                                         _367_ (net)
                      0.051527    0.000774    2.302542 v fanout36/A (sky130_fd_sc_hd__clkdlybuf4s25_1)
     5    0.015188    0.083466    0.225539    2.528081 v fanout36/X (sky130_fd_sc_hd__clkdlybuf4s25_1)
                                                         net36 (net)
                      0.083466    0.000344    2.528425 v _731_/B (sky130_fd_sc_hd__and3b_2)
     1    0.002597    0.027291    0.143033    2.671458 v _731_/X (sky130_fd_sc_hd__and3b_2)
                                                         _018_ (net)
                      0.027291    0.000081    2.671540 v _754_/D (sky130_fd_sc_hd__dfxtp_2)
                                              2.671540   data arrival time

                                 10.000000   10.000000   clock clk (rise edge)
                                  0.000000   10.000000   clock source latency
     1    0.014926    0.054748    0.035603   10.035603 ^ clk (in)
                                                         clk (net)
                      0.054780    0.000000   10.035603 ^ clkbuf_0_clk/A (sky130_fd_sc_hd__clkbuf_16)
     4    0.040904    0.045774    0.098916   10.134520 ^ clkbuf_0_clk/X (sky130_fd_sc_hd__clkbuf_16)
                                                         clknet_0_clk (net)
                      0.045797    0.000846   10.135365 ^ clkbuf_2_1__f_clk/A (sky130_fd_sc_hd__clkbuf_16)
     9    0.024129    0.033975    0.086906   10.222271 ^ clkbuf_2_1__f_clk/X (sky130_fd_sc_hd__clkbuf_16)
                                                         clknet_2_1__leaf_clk (net)
                      0.033987    0.000531   10.222802 ^ _754_/CLK (sky130_fd_sc_hd__dfxtp_2)
                                 -0.250000    9.972802   clock uncertainty
                                  0.000000    9.972802   clock reconvergence pessimism
                                 -0.069351    9.903451   library setup time
                                              9.903451   data required time
---------------------------------------------------------------------------------------------
                                              9.903451   data required time
                                             -2.671540   data arrival time
---------------------------------------------------------------------------------------------
                                              7.231911   slack (MET)


Startpoint: rst (input port clocked by clk)
Endpoint: _760_ (rising edge-triggered flip-flop clocked by clk)
Path Group: clk
Path Type: max

Fanout         Cap        Slew       Delay        Time   Description
---------------------------------------------------------------------------------------------
                                  0.000000    0.000000   clock clk (rise edge)
                                  0.000000    0.000000   clock network delay (propagated)
                                  2.000000    2.000000 ^ input external delay
     1    0.003898    0.017857    0.010639    2.010639 ^ rst (in)
                                                         rst (net)
                      0.017858    0.000000    2.010639 ^ input17/A (sky130_fd_sc_hd__clkdlybuf4s25_1)
     3    0.017098    0.134062    0.238754    2.249393 ^ input17/X (sky130_fd_sc_hd__clkdlybuf4s25_1)
                                                         net17 (net)
                      0.134062    0.000357    2.249750 ^ _369_/A (sky130_fd_sc_hd__inv_2)
     4    0.017935    0.051510    0.052018    2.301768 v _369_/Y (sky130_fd_sc_hd__inv_2)
                                                         _367_ (net)
                      0.051527    0.000774    2.302542 v fanout36/A (sky130_fd_sc_hd__clkdlybuf4s25_1)
     5    0.015188    0.083466    0.225539    2.528081 v fanout36/X (sky130_fd_sc_hd__clkdlybuf4s25_1)
                                                         net36 (net)
                      0.083466    0.000415    2.528496 v _739_/B (sky130_fd_sc_hd__and2_2)
     1    0.003370    0.027559    0.142509    2.671005 v _739_/X (sky130_fd_sc_hd__and2_2)
                                                         _024_ (net)
                      0.027559    0.000116    2.671122 v _760_/D (sky130_fd_sc_hd__dfxtp_2)
                                              2.671122   data arrival time

                                 10.000000   10.000000   clock clk (rise edge)
                                  0.000000   10.000000   clock source latency
     1    0.014926    0.054748    0.035603   10.035603 ^ clk (in)
                                                         clk (net)
                      0.054780    0.000000   10.035603 ^ clkbuf_0_clk/A (sky130_fd_sc_hd__clkbuf_16)
     4    0.040904    0.045774    0.098916   10.134520 ^ clkbuf_0_clk/X (sky130_fd_sc_hd__clkbuf_16)
                                                         clknet_0_clk (net)
                      0.045797    0.000846   10.135365 ^ clkbuf_2_1__f_clk/A (sky130_fd_sc_hd__clkbuf_16)
     9    0.024129    0.033975    0.086906   10.222271 ^ clkbuf_2_1__f_clk/X (sky130_fd_sc_hd__clkbuf_16)
                                                         clknet_2_1__leaf_clk (net)
                      0.033982    0.000433   10.222705 ^ _760_/CLK (sky130_fd_sc_hd__dfxtp_2)
                                 -0.250000    9.972705   clock uncertainty
                                  0.000000    9.972705   clock reconvergence pessimism
                                 -0.069447    9.903257   library setup time
                                              9.903257   data required time
---------------------------------------------------------------------------------------------
                                              9.903257   data required time
                                             -2.671122   data arrival time
---------------------------------------------------------------------------------------------
                                              7.232135   slack (MET)


Startpoint: rst (input port clocked by clk)
Endpoint: _759_ (rising edge-triggered flip-flop clocked by clk)
Path Group: clk
Path Type: max

Fanout         Cap        Slew       Delay        Time   Description
---------------------------------------------------------------------------------------------
                                  0.000000    0.000000   clock clk (rise edge)
                                  0.000000    0.000000   clock network delay (propagated)
                                  2.000000    2.000000 ^ input external delay
     1    0.003898    0.017857    0.010639    2.010639 ^ rst (in)
                                                         rst (net)
                      0.017858    0.000000    2.010639 ^ input17/A (sky130_fd_sc_hd__clkdlybuf4s25_1)
     3    0.017098    0.134062    0.238754    2.249393 ^ input17/X (sky130_fd_sc_hd__clkdlybuf4s25_1)
                                                         net17 (net)
                      0.134062    0.000357    2.249750 ^ _369_/A (sky130_fd_sc_hd__inv_2)
     4    0.017935    0.051510    0.052018    2.301768 v _369_/Y (sky130_fd_sc_hd__inv_2)
                                                         _367_ (net)
                      0.051527    0.000774    2.302542 v fanout36/A (sky130_fd_sc_hd__clkdlybuf4s25_1)
     5    0.015188    0.083466    0.225539    2.528081 v fanout36/X (sky130_fd_sc_hd__clkdlybuf4s25_1)
                                                         net36 (net)
                      0.083467    0.000430    2.528512 v _738_/B (sky130_fd_sc_hd__and2_2)
     1    0.002704    0.026305    0.140330    2.668841 v _738_/X (sky130_fd_sc_hd__and2_2)
                                                         _023_ (net)
                      0.026305    0.000084    2.668925 v _759_/D (sky130_fd_sc_hd__dfxtp_2)
                                              2.668925   data arrival time

                                 10.000000   10.000000   clock clk (rise edge)
                                  0.000000   10.000000   clock source latency
     1    0.014926    0.054748    0.035603   10.035603 ^ clk (in)
                                                         clk (net)
                      0.054780    0.000000   10.035603 ^ clkbuf_0_clk/A (sky130_fd_sc_hd__clkbuf_16)
     4    0.040904    0.045774    0.098916   10.134520 ^ clkbuf_0_clk/X (sky130_fd_sc_hd__clkbuf_16)
                                                         clknet_0_clk (net)
                      0.045797    0.000846   10.135365 ^ clkbuf_2_1__f_clk/A (sky130_fd_sc_hd__clkbuf_16)
     9    0.024129    0.033975    0.086906   10.222271 ^ clkbuf_2_1__f_clk/X (sky130_fd_sc_hd__clkbuf_16)
                                                         clknet_2_1__leaf_clk (net)
                      0.033982    0.000440   10.222711 ^ _759_/CLK (sky130_fd_sc_hd__dfxtp_2)
                                 -0.250000    9.972711   clock uncertainty
                                  0.000000    9.972711   clock reconvergence pessimism
                                 -0.068999    9.903712   library setup time
                                              9.903712   data required time
---------------------------------------------------------------------------------------------
                                              9.903712   data required time
                                             -2.668925   data arrival time
---------------------------------------------------------------------------------------------
                                              7.234787   slack (MET)


Startpoint: rst (input port clocked by clk)
Endpoint: _757_ (rising edge-triggered flip-flop clocked by clk)
Path Group: clk
Path Type: max

Fanout         Cap        Slew       Delay        Time   Description
---------------------------------------------------------------------------------------------
                                  0.000000    0.000000   clock clk (rise edge)
                                  0.000000    0.000000   clock network delay (propagated)
                                  2.000000    2.000000 ^ input external delay
     1    0.003898    0.017857    0.010639    2.010639 ^ rst (in)
                                                         rst (net)
                      0.017858    0.000000    2.010639 ^ input17/A (sky130_fd_sc_hd__clkdlybuf4s25_1)
     3    0.017098    0.134062    0.238754    2.249393 ^ input17/X (sky130_fd_sc_hd__clkdlybuf4s25_1)
                                                         net17 (net)
                      0.134062    0.000357    2.249750 ^ _369_/A (sky130_fd_sc_hd__inv_2)
     4    0.017935    0.051510    0.052018    2.301768 v _369_/Y (sky130_fd_sc_hd__inv_2)
                                                         _367_ (net)
                      0.051527    0.000774    2.302542 v fanout36/A (sky130_fd_sc_hd__clkdlybuf4s25_1)
     5    0.015188    0.083466    0.225539    2.528081 v fanout36/X (sky130_fd_sc_hd__clkdlybuf4s25_1)
                                                         net36 (net)
                      0.083468    0.000526    2.528608 v _736_/B (sky130_fd_sc_hd__and2_2)
     1    0.002488    0.025897    0.139625    2.668232 v _736_/X (sky130_fd_sc_hd__and2_2)
                                                         _021_ (net)
                      0.025897    0.000076    2.668308 v _757_/D (sky130_fd_sc_hd__dfxtp_2)
                                              2.668308   data arrival time

                                 10.000000   10.000000   clock clk (rise edge)
                                  0.000000   10.000000   clock source latency
     1    0.014926    0.054748    0.035603   10.035603 ^ clk (in)
                                                         clk (net)
                      0.054780    0.000000   10.035603 ^ clkbuf_0_clk/A (sky130_fd_sc_hd__clkbuf_16)
     4    0.040904    0.045774    0.098916   10.134520 ^ clkbuf_0_clk/X (sky130_fd_sc_hd__clkbuf_16)
                                                         clknet_0_clk (net)
                      0.045797    0.000846   10.135365 ^ clkbuf_2_1__f_clk/A (sky130_fd_sc_hd__clkbuf_16)
     9    0.024129    0.033975    0.086906   10.222271 ^ clkbuf_2_1__f_clk/X (sky130_fd_sc_hd__clkbuf_16)
                                                         clknet_2_1__leaf_clk (net)
                      0.033983    0.000461   10.222733 ^ _757_/CLK (sky130_fd_sc_hd__dfxtp_2)
                                 -0.250000    9.972733   clock uncertainty
                                  0.000000    9.972733   clock reconvergence pessimism
                                 -0.068854    9.903879   library setup time
                                              9.903879   data required time
---------------------------------------------------------------------------------------------
                                              9.903879   data required time
                                             -2.668308   data arrival time
---------------------------------------------------------------------------------------------
                                              7.235570   slack (MET)


Startpoint: rst (input port clocked by clk)
Endpoint: _767_ (rising edge-triggered flip-flop clocked by clk)
Path Group: clk
Path Type: max

Fanout         Cap        Slew       Delay        Time   Description
---------------------------------------------------------------------------------------------
                                  0.000000    0.000000   clock clk (rise edge)
                                  0.000000    0.000000   clock network delay (propagated)
                                  2.000000    2.000000 ^ input external delay
     1    0.003898    0.017857    0.010639    2.010639 ^ rst (in)
                                                         rst (net)
                      0.017858    0.000000    2.010639 ^ input17/A (sky130_fd_sc_hd__clkdlybuf4s25_1)
     3    0.017098    0.134062    0.238754    2.249393 ^ input17/X (sky130_fd_sc_hd__clkdlybuf4s25_1)
                                                         net17 (net)
                      0.134062    0.000357    2.249750 ^ _369_/A (sky130_fd_sc_hd__inv_2)
     4    0.017935    0.051510    0.052018    2.301768 v _369_/Y (sky130_fd_sc_hd__inv_2)
                                                         _367_ (net)
                      0.051526    0.000738    2.302506 v fanout38/A (sky130_fd_sc_hd__clkdlybuf4s25_1)
     6    0.014741    0.081356    0.223801    2.526307 v fanout38/X (sky130_fd_sc_hd__clkdlybuf4s25_1)
                                                         net38 (net)
                      0.081358    0.000512    2.526819 v _746_/B (sky130_fd_sc_hd__and2_2)
     1    0.003270    0.027365    0.141252    2.668071 v _746_/X (sky130_fd_sc_hd__and2_2)
                                                         _031_ (net)
                      0.027365    0.000111    2.668182 v _767_/D (sky130_fd_sc_hd__dfxtp_2)
                                              2.668182   data arrival time

                                 10.000000   10.000000   clock clk (rise edge)
                                  0.000000   10.000000   clock source latency
     1    0.014926    0.054748    0.035603   10.035603 ^ clk (in)
                                                         clk (net)
                      0.054780    0.000000   10.035603 ^ clkbuf_0_clk/A (sky130_fd_sc_hd__clkbuf_16)
     4    0.040904    0.045774    0.098916   10.134520 ^ clkbuf_0_clk/X (sky130_fd_sc_hd__clkbuf_16)
                                                         clknet_0_clk (net)
                      0.045800    0.000890   10.135409 ^ clkbuf_2_3__f_clk/A (sky130_fd_sc_hd__clkbuf_16)
     9    0.025163    0.034695    0.087455   10.222864 ^ clkbuf_2_3__f_clk/X (sky130_fd_sc_hd__clkbuf_16)
                                                         clknet_2_3__leaf_clk (net)
                      0.034712    0.000646   10.223511 ^ _767_/CLK (sky130_fd_sc_hd__dfxtp_2)
                                 -0.250000    9.973511   clock uncertainty
                                  0.000000    9.973511   clock reconvergence pessimism
                                 -0.069308    9.904202   library setup time
                                              9.904202   data required time
---------------------------------------------------------------------------------------------
                                              9.904202   data required time
                                             -2.668182   data arrival time
---------------------------------------------------------------------------------------------
                                              7.236020   slack (MET)


Startpoint: rst (input port clocked by clk)
Endpoint: _758_ (rising edge-triggered flip-flop clocked by clk)
Path Group: clk
Path Type: max

Fanout         Cap        Slew       Delay        Time   Description
---------------------------------------------------------------------------------------------
                                  0.000000    0.000000   clock clk (rise edge)
                                  0.000000    0.000000   clock network delay (propagated)
                                  2.000000    2.000000 ^ input external delay
     1    0.003898    0.017857    0.010639    2.010639 ^ rst (in)
                                                         rst (net)
                      0.017858    0.000000    2.010639 ^ input17/A (sky130_fd_sc_hd__clkdlybuf4s25_1)
     3    0.017098    0.134062    0.238754    2.249393 ^ input17/X (sky130_fd_sc_hd__clkdlybuf4s25_1)
                                                         net17 (net)
                      0.134062    0.000357    2.249750 ^ _369_/A (sky130_fd_sc_hd__inv_2)
     4    0.017935    0.051510    0.052018    2.301768 v _369_/Y (sky130_fd_sc_hd__inv_2)
                                                         _367_ (net)
                      0.051527    0.000774    2.302542 v fanout36/A (sky130_fd_sc_hd__clkdlybuf4s25_1)
     5    0.015188    0.083466    0.225539    2.528081 v fanout36/X (sky130_fd_sc_hd__clkdlybuf4s25_1)
                                                         net36 (net)
                      0.083466    0.000348    2.528429 v _737_/B (sky130_fd_sc_hd__and2_2)
     1    0.002230    0.025403    0.138779    2.667208 v _737_/X (sky130_fd_sc_hd__and2_2)
                                                         _022_ (net)
                      0.025403    0.000046    2.667254 v _758_/D (sky130_fd_sc_hd__dfxtp_2)
                                              2.667254   data arrival time

                                 10.000000   10.000000   clock clk (rise edge)
                                  0.000000   10.000000   clock source latency
     1    0.014926    0.054748    0.035603   10.035603 ^ clk (in)
                                                         clk (net)
                      0.054780    0.000000   10.035603 ^ clkbuf_0_clk/A (sky130_fd_sc_hd__clkbuf_16)
     4    0.040904    0.045774    0.098916   10.134520 ^ clkbuf_0_clk/X (sky130_fd_sc_hd__clkbuf_16)
                                                         clknet_0_clk (net)
                      0.045797    0.000846   10.135365 ^ clkbuf_2_1__f_clk/A (sky130_fd_sc_hd__clkbuf_16)
     9    0.024129    0.033975    0.086906   10.222271 ^ clkbuf_2_1__f_clk/X (sky130_fd_sc_hd__clkbuf_16)
                                                         clknet_2_1__leaf_clk (net)
                      0.033983    0.000445   10.222716 ^ _758_/CLK (sky130_fd_sc_hd__dfxtp_2)
                                 -0.250000    9.972716   clock uncertainty
                                  0.000000    9.972716   clock reconvergence pessimism
                                 -0.068677    9.904038   library setup time
                                              9.904038   data required time
---------------------------------------------------------------------------------------------
                                              9.904038   data required time
                                             -2.667254   data arrival time
---------------------------------------------------------------------------------------------
                                              7.236785   slack (MET)


Startpoint: rst (input port clocked by clk)
Endpoint: _764_ (rising edge-triggered flip-flop clocked by clk)
Path Group: clk
Path Type: max

Fanout         Cap        Slew       Delay        Time   Description
---------------------------------------------------------------------------------------------
                                  0.000000    0.000000   clock clk (rise edge)
                                  0.000000    0.000000   clock network delay (propagated)
                                  2.000000    2.000000 ^ input external delay
     1    0.003898    0.017857    0.010639    2.010639 ^ rst (in)
                                                         rst (net)
                      0.017858    0.000000    2.010639 ^ input17/A (sky130_fd_sc_hd__clkdlybuf4s25_1)
     3    0.017098    0.134062    0.238754    2.249393 ^ input17/X (sky130_fd_sc_hd__clkdlybuf4s25_1)
                                                         net17 (net)
                      0.134062    0.000357    2.249750 ^ _369_/A (sky130_fd_sc_hd__inv_2)
     4    0.017935    0.051510    0.052018    2.301768 v _369_/Y (sky130_fd_sc_hd__inv_2)
                                                         _367_ (net)
                      0.051526    0.000738    2.302506 v fanout38/A (sky130_fd_sc_hd__clkdlybuf4s25_1)
     6    0.014741    0.081356    0.223801    2.526307 v fanout38/X (sky130_fd_sc_hd__clkdlybuf4s25_1)
                                                         net38 (net)
                      0.081356    0.000177    2.526485 v _743_/B (sky130_fd_sc_hd__and2_2)
     1    0.002770    0.026426    0.139616    2.666101 v _743_/X (sky130_fd_sc_hd__and2_2)
                                                         _028_ (net)
                      0.026426    0.000083    2.666184 v _764_/D (sky130_fd_sc_hd__dfxtp_2)
                                              2.666184   data arrival time

                                 10.000000   10.000000   clock clk (rise edge)
                                  0.000000   10.000000   clock source latency
     1    0.014926    0.054748    0.035603   10.035603 ^ clk (in)
                                                         clk (net)
                      0.054780    0.000000   10.035603 ^ clkbuf_0_clk/A (sky130_fd_sc_hd__clkbuf_16)
     4    0.040904    0.045774    0.098916   10.134520 ^ clkbuf_0_clk/X (sky130_fd_sc_hd__clkbuf_16)
                                                         clknet_0_clk (net)
                      0.045800    0.000890   10.135409 ^ clkbuf_2_3__f_clk/A (sky130_fd_sc_hd__clkbuf_16)
     9    0.025163    0.034695    0.087455   10.222864 ^ clkbuf_2_3__f_clk/X (sky130_fd_sc_hd__clkbuf_16)
                                                         clknet_2_3__leaf_clk (net)
                      0.034728    0.000854   10.223719 ^ _764_/CLK (sky130_fd_sc_hd__dfxtp_2)
                                 -0.250000    9.973719   clock uncertainty
                                  0.000000    9.973719   clock reconvergence pessimism
                                 -0.068971    9.904748   library setup time
                                              9.904748   data required time
---------------------------------------------------------------------------------------------
                                              9.904748   data required time
                                             -2.666184   data arrival time
---------------------------------------------------------------------------------------------
                                              7.238564   slack (MET)


Startpoint: rst (input port clocked by clk)
Endpoint: _768_ (rising edge-triggered flip-flop clocked by clk)
Path Group: clk
Path Type: max

Fanout         Cap        Slew       Delay        Time   Description
---------------------------------------------------------------------------------------------
                                  0.000000    0.000000   clock clk (rise edge)
                                  0.000000    0.000000   clock network delay (propagated)
                                  2.000000    2.000000 ^ input external delay
     1    0.003898    0.017857    0.010639    2.010639 ^ rst (in)
                                                         rst (net)
                      0.017858    0.000000    2.010639 ^ input17/A (sky130_fd_sc_hd__clkdlybuf4s25_1)
     3    0.017098    0.134062    0.238754    2.249393 ^ input17/X (sky130_fd_sc_hd__clkdlybuf4s25_1)
                                                         net17 (net)
                      0.134062    0.000357    2.249750 ^ _369_/A (sky130_fd_sc_hd__inv_2)
     4    0.017935    0.051510    0.052018    2.301768 v _369_/Y (sky130_fd_sc_hd__inv_2)
                                                         _367_ (net)
                      0.051526    0.000738    2.302506 v fanout38/A (sky130_fd_sc_hd__clkdlybuf4s25_1)
     6    0.014741    0.081356    0.223801    2.526307 v fanout38/X (sky130_fd_sc_hd__clkdlybuf4s25_1)
                                                         net38 (net)
                      0.081357    0.000385    2.526692 v _747_/B (sky130_fd_sc_hd__and2_2)
     1    0.002551    0.026013    0.138897    2.665590 v _747_/X (sky130_fd_sc_hd__and2_2)
                                                         _032_ (net)
                      0.026013    0.000076    2.665666 v _768_/D (sky130_fd_sc_hd__dfxtp_2)
                                              2.665666   data arrival time

                                 10.000000   10.000000   clock clk (rise edge)
                                  0.000000   10.000000   clock source latency
     1    0.014926    0.054748    0.035603   10.035603 ^ clk (in)
                                                         clk (net)
                      0.054780    0.000000   10.035603 ^ clkbuf_0_clk/A (sky130_fd_sc_hd__clkbuf_16)
     4    0.040904    0.045774    0.098916   10.134520 ^ clkbuf_0_clk/X (sky130_fd_sc_hd__clkbuf_16)
                                                         clknet_0_clk (net)
                      0.045800    0.000890   10.135409 ^ clkbuf_2_3__f_clk/A (sky130_fd_sc_hd__clkbuf_16)
     9    0.025163    0.034695    0.087455   10.222864 ^ clkbuf_2_3__f_clk/X (sky130_fd_sc_hd__clkbuf_16)
                                                         clknet_2_3__leaf_clk (net)
                      0.034711    0.000629   10.223494 ^ _768_/CLK (sky130_fd_sc_hd__dfxtp_2)
                                 -0.250000    9.973494   clock uncertainty
                                  0.000000    9.973494   clock reconvergence pessimism
                                 -0.068825    9.904669   library setup time
                                              9.904669   data required time
---------------------------------------------------------------------------------------------
                                              9.904669   data required time
                                             -2.665666   data arrival time
---------------------------------------------------------------------------------------------
                                              7.239003   slack (MET)


Startpoint: rst (input port clocked by clk)
Endpoint: _766_ (rising edge-triggered flip-flop clocked by clk)
Path Group: clk
Path Type: max

Fanout         Cap        Slew       Delay        Time   Description
---------------------------------------------------------------------------------------------
                                  0.000000    0.000000   clock clk (rise edge)
                                  0.000000    0.000000   clock network delay (propagated)
                                  2.000000    2.000000 ^ input external delay
     1    0.003898    0.017857    0.010639    2.010639 ^ rst (in)
                                                         rst (net)
                      0.017858    0.000000    2.010639 ^ input17/A (sky130_fd_sc_hd__clkdlybuf4s25_1)
     3    0.017098    0.134062    0.238754    2.249393 ^ input17/X (sky130_fd_sc_hd__clkdlybuf4s25_1)
                                                         net17 (net)
                      0.134062    0.000357    2.249750 ^ _369_/A (sky130_fd_sc_hd__inv_2)
     4    0.017935    0.051510    0.052018    2.301768 v _369_/Y (sky130_fd_sc_hd__inv_2)
                                                         _367_ (net)
                      0.051526    0.000738    2.302506 v fanout38/A (sky130_fd_sc_hd__clkdlybuf4s25_1)
     6    0.014741    0.081356    0.223801    2.526307 v fanout38/X (sky130_fd_sc_hd__clkdlybuf4s25_1)
                                                         net38 (net)
                      0.081358    0.000517    2.526825 v _745_/B (sky130_fd_sc_hd__and2_2)
     1    0.002406    0.025737    0.138421    2.665246 v _745_/X (sky130_fd_sc_hd__and2_2)
                                                         _030_ (net)
                      0.025737    0.000072    2.665318 v _766_/D (sky130_fd_sc_hd__dfxtp_2)
                                              2.665318   data arrival time

                                 10.000000   10.000000   clock clk (rise edge)
                                  0.000000   10.000000   clock source latency
     1    0.014926    0.054748    0.035603   10.035603 ^ clk (in)
                                                         clk (net)
                      0.054780    0.000000   10.035603 ^ clkbuf_0_clk/A (sky130_fd_sc_hd__clkbuf_16)
     4    0.040904    0.045774    0.098916   10.134520 ^ clkbuf_0_clk/X (sky130_fd_sc_hd__clkbuf_16)
                                                         clknet_0_clk (net)
                      0.045800    0.000890   10.135409 ^ clkbuf_2_3__f_clk/A (sky130_fd_sc_hd__clkbuf_16)
     9    0.025163    0.034695    0.087455   10.222864 ^ clkbuf_2_3__f_clk/X (sky130_fd_sc_hd__clkbuf_16)
                                                         clknet_2_3__leaf_clk (net)
                      0.034704    0.000512   10.223376 ^ _766_/CLK (sky130_fd_sc_hd__dfxtp_2)
                                 -0.250000    9.973376   clock uncertainty
                                  0.000000    9.973376   clock reconvergence pessimism
                                 -0.068727    9.904649   library setup time
                                              9.904649   data required time
---------------------------------------------------------------------------------------------
                                              9.904649   data required time
                                             -2.665318   data arrival time
---------------------------------------------------------------------------------------------
                                              7.239331   slack (MET)


Startpoint: rst (input port clocked by clk)
Endpoint: _763_ (rising edge-triggered flip-flop clocked by clk)
Path Group: clk
Path Type: max

Fanout         Cap        Slew       Delay        Time   Description
---------------------------------------------------------------------------------------------
                                  0.000000    0.000000   clock clk (rise edge)
                                  0.000000    0.000000   clock network delay (propagated)
                                  2.000000    2.000000 ^ input external delay
     1    0.003898    0.017857    0.010639    2.010639 ^ rst (in)
                                                         rst (net)
                      0.017858    0.000000    2.010639 ^ input17/A (sky130_fd_sc_hd__clkdlybuf4s25_1)
     3    0.017098    0.134062    0.238754    2.249393 ^ input17/X (sky130_fd_sc_hd__clkdlybuf4s25_1)
                                                         net17 (net)
                      0.134062    0.000357    2.249750 ^ _369_/A (sky130_fd_sc_hd__inv_2)
     4    0.017935    0.051510    0.052018    2.301768 v _369_/Y (sky130_fd_sc_hd__inv_2)
                                                         _367_ (net)
                      0.051526    0.000738    2.302506 v fanout38/A (sky130_fd_sc_hd__clkdlybuf4s25_1)
     6    0.014741    0.081356    0.223801    2.526307 v fanout38/X (sky130_fd_sc_hd__clkdlybuf4s25_1)
                                                         net38 (net)
                      0.081356    0.000324    2.526632 v _742_/B (sky130_fd_sc_hd__and2_2)
     1    0.002488    0.025893    0.138690    2.665322 v _742_/X (sky130_fd_sc_hd__and2_2)
                                                         _027_ (net)
                      0.025893    0.000074    2.665396 v _763_/D (sky130_fd_sc_hd__dfxtp_2)
                                              2.665396   data arrival time

                                 10.000000   10.000000   clock clk (rise edge)
                                  0.000000   10.000000   clock source latency
     1    0.014926    0.054748    0.035603   10.035603 ^ clk (in)
                                                         clk (net)
                      0.054780    0.000000   10.035603 ^ clkbuf_0_clk/A (sky130_fd_sc_hd__clkbuf_16)
     4    0.040904    0.045774    0.098916   10.134520 ^ clkbuf_0_clk/X (sky130_fd_sc_hd__clkbuf_16)
                                                         clknet_0_clk (net)
                      0.045800    0.000890   10.135409 ^ clkbuf_2_3__f_clk/A (sky130_fd_sc_hd__clkbuf_16)
     9    0.025163    0.034695    0.087455   10.222864 ^ clkbuf_2_3__f_clk/X (sky130_fd_sc_hd__clkbuf_16)
                                                         clknet_2_3__leaf_clk (net)
                      0.034729    0.000871   10.223736 ^ _763_/CLK (sky130_fd_sc_hd__dfxtp_2)
                                 -0.250000    9.973736   clock uncertainty
                                  0.000000    9.973736   clock reconvergence pessimism
                                 -0.068781    9.904955   library setup time
                                              9.904955   data required time
---------------------------------------------------------------------------------------------
                                              9.904955   data required time
                                             -2.665396   data arrival time
---------------------------------------------------------------------------------------------
                                              7.239559   slack (MET)


Startpoint: rst (input port clocked by clk)
Endpoint: _765_ (rising edge-triggered flip-flop clocked by clk)
Path Group: clk
Path Type: max

Fanout         Cap        Slew       Delay        Time   Description
---------------------------------------------------------------------------------------------
                                  0.000000    0.000000   clock clk (rise edge)
                                  0.000000    0.000000   clock network delay (propagated)
                                  2.000000    2.000000 ^ input external delay
     1    0.003898    0.017857    0.010639    2.010639 ^ rst (in)
                                                         rst (net)
                      0.017858    0.000000    2.010639 ^ input17/A (sky130_fd_sc_hd__clkdlybuf4s25_1)
     3    0.017098    0.134062    0.238754    2.249393 ^ input17/X (sky130_fd_sc_hd__clkdlybuf4s25_1)
                                                         net17 (net)
                      0.134062    0.000357    2.249750 ^ _369_/A (sky130_fd_sc_hd__inv_2)
     4    0.017935    0.051510    0.052018    2.301768 v _369_/Y (sky130_fd_sc_hd__inv_2)
                                                         _367_ (net)
                      0.051526    0.000738    2.302506 v fanout38/A (sky130_fd_sc_hd__clkdlybuf4s25_1)
     6    0.014741    0.081356    0.223801    2.526307 v fanout38/X (sky130_fd_sc_hd__clkdlybuf4s25_1)
                                                         net38 (net)
                      0.081358    0.000529    2.526836 v _744_/B (sky130_fd_sc_hd__and2_2)
     1    0.002169    0.025286    0.137643    2.664479 v _744_/X (sky130_fd_sc_hd__and2_2)
                                                         _029_ (net)
                      0.025286    0.000065    2.664544 v _765_/D (sky130_fd_sc_hd__dfxtp_2)
                                              2.664544   data arrival time

                                 10.000000   10.000000   clock clk (rise edge)
                                  0.000000   10.000000   clock source latency
     1    0.014926    0.054748    0.035603   10.035603 ^ clk (in)
                                                         clk (net)
                      0.054780    0.000000   10.035603 ^ clkbuf_0_clk/A (sky130_fd_sc_hd__clkbuf_16)
     4    0.040904    0.045774    0.098916   10.134520 ^ clkbuf_0_clk/X (sky130_fd_sc_hd__clkbuf_16)
                                                         clknet_0_clk (net)
                      0.045800    0.000890   10.135409 ^ clkbuf_2_3__f_clk/A (sky130_fd_sc_hd__clkbuf_16)
     9    0.025163    0.034695    0.087455   10.222864 ^ clkbuf_2_3__f_clk/X (sky130_fd_sc_hd__clkbuf_16)
                                                         clknet_2_3__leaf_clk (net)
                      0.034725    0.000821   10.223685 ^ _765_/CLK (sky130_fd_sc_hd__dfxtp_2)
                                 -0.250000    9.973685   clock uncertainty
                                  0.000000    9.973685   clock reconvergence pessimism
                                 -0.068564    9.905122   library setup time
                                              9.905122   data required time
---------------------------------------------------------------------------------------------
                                              9.905122   data required time
                                             -2.664544   data arrival time
---------------------------------------------------------------------------------------------
                                              7.240577   slack (MET)


Startpoint: rst (input port clocked by clk)
Endpoint: _749_ (rising edge-triggered flip-flop clocked by clk)
Path Group: clk
Path Type: max

Fanout         Cap        Slew       Delay        Time   Description
---------------------------------------------------------------------------------------------
                                  0.000000    0.000000   clock clk (rise edge)
                                  0.000000    0.000000   clock network delay (propagated)
                                  2.000000    2.000000 ^ input external delay
     1    0.003898    0.017857    0.010639    2.010639 ^ rst (in)
                                                         rst (net)
                      0.017858    0.000000    2.010639 ^ input17/A (sky130_fd_sc_hd__clkdlybuf4s25_1)
     3    0.017098    0.134062    0.238754    2.249393 ^ input17/X (sky130_fd_sc_hd__clkdlybuf4s25_1)
                                                         net17 (net)
                      0.134062    0.000422    2.249815 ^ _722_/A (sky130_fd_sc_hd__nor2_2)
     1    0.003600    0.034624    0.028445    2.278259 v _722_/Y (sky130_fd_sc_hd__nor2_2)
                                                         _013_ (net)
                      0.034624    0.000119    2.278378 v _749_/D (sky130_fd_sc_hd__dfxtp_2)
                                              2.278378   data arrival time

                                 10.000000   10.000000   clock clk (rise edge)
                                  0.000000   10.000000   clock source latency
     1    0.014926    0.054748    0.035603   10.035603 ^ clk (in)
                                                         clk (net)
                      0.054780    0.000000   10.035603 ^ clkbuf_0_clk/A (sky130_fd_sc_hd__clkbuf_16)
     4    0.040904    0.045774    0.098916   10.134520 ^ clkbuf_0_clk/X (sky130_fd_sc_hd__clkbuf_16)
                                                         clknet_0_clk (net)
                      0.045801    0.000917   10.135436 ^ clkbuf_2_0__f_clk/A (sky130_fd_sc_hd__clkbuf_16)
     9    0.025742    0.035100    0.087838   10.223274 ^ clkbuf_2_0__f_clk/X (sky130_fd_sc_hd__clkbuf_16)
                                                         clknet_2_0__leaf_clk (net)
                      0.035137    0.000921   10.224195 ^ _749_/CLK (sky130_fd_sc_hd__dfxtp_2)
                                 -0.250000    9.974195   clock uncertainty
                                  0.000000    9.974195   clock reconvergence pessimism
                                 -0.071859    9.902336   library setup time
                                              9.902336   data required time
---------------------------------------------------------------------------------------------
                                              9.902336   data required time
                                             -2.278378   data arrival time
---------------------------------------------------------------------------------------------
                                              7.623958   slack (MET)



%OL_END_REPORT
%OL_CREATE_REPORT checks.rpt

===========================================================================
report_checks -unconstrained
===========================================================================
======================= nom_ff_n40C_1v95 Corner ===================================

Startpoint: h0[2] (input port clocked by clk)
Endpoint: y[9] (output port clocked by clk)
Path Group: clk
Path Type: max

Fanout         Cap        Slew       Delay        Time   Description
---------------------------------------------------------------------------------------------
                                  0.000000    0.000000   clock clk (rise edge)
                                  0.000000    0.000000   clock network delay (propagated)
                                  2.000000    2.000000 ^ input external delay
     1    0.003150    0.015170    0.008566    2.008566 ^ h0[2] (in)
                                                         h0[2] (net)
                      0.015170    0.000000    2.008566 ^ input3/A (sky130_fd_sc_hd__dlymetal6s2s_1)
     8    0.037078    0.285225    0.241300    2.249866 ^ input3/X (sky130_fd_sc_hd__dlymetal6s2s_1)
                                                         net3 (net)
                      0.285229    0.000991    2.250856 ^ _455_/B (sky130_fd_sc_hd__nand4_2)
     3    0.015205    0.119360    0.128627    2.379483 v _455_/Y (sky130_fd_sc_hd__nand4_2)
                                                         _116_ (net)
                      0.119360    0.000293    2.379776 v _457_/A2 (sky130_fd_sc_hd__a21o_4)
     2    0.007810    0.027724    0.177528    2.557304 v _457_/X (sky130_fd_sc_hd__a21o_4)
                                                         _118_ (net)
                      0.027724    0.000202    2.557506 v _459_/B2 (sky130_fd_sc_hd__a22o_4)
     2    0.010982    0.029891    0.115616    2.673122 v _459_/X (sky130_fd_sc_hd__a22o_4)
                                                         _120_ (net)
                      0.029891    0.000322    2.673444 v _461_/A1 (sky130_fd_sc_hd__a21o_4)
     3    0.014964    0.034591    0.142863    2.816307 v _461_/X (sky130_fd_sc_hd__a21o_4)
                                                         _122_ (net)
                      0.034593    0.000333    2.816640 v _463_/A1 (sky130_fd_sc_hd__a21o_4)
     2    0.009886    0.029531    0.137745    2.954385 v _463_/X (sky130_fd_sc_hd__a21o_4)
                                                         _124_ (net)
                      0.029531    0.000274    2.954659 v _477_/A2 (sky130_fd_sc_hd__a21o_4)
     3    0.010318    0.029933    0.144966    3.099625 v _477_/X (sky130_fd_sc_hd__a21o_4)
                                                         _138_ (net)
                      0.029933    0.000155    3.099779 v _478_/C (sky130_fd_sc_hd__and3_4)
     2    0.013808    0.033800    0.129893    3.229672 v _478_/X (sky130_fd_sc_hd__and3_4)
                                                         _139_ (net)
                      0.033810    0.000585    3.230257 v _496_/A1 (sky130_fd_sc_hd__o21a_4)
     2    0.004880    0.025608    0.136188    3.366445 v _496_/X (sky130_fd_sc_hd__o21a_4)
                                                         _157_ (net)
                      0.025608    0.000141    3.366586 v _512_/C (sky130_fd_sc_hd__or3_4)
     3    0.010782    0.052822    0.212518    3.579104 v _512_/X (sky130_fd_sc_hd__or3_4)
                                                         _173_ (net)
                      0.052822    0.000280    3.579384 v _515_/A2 (sky130_fd_sc_hd__a211o_4)
     2    0.009613    0.040940    0.229031    3.808415 v _515_/X (sky130_fd_sc_hd__a211o_4)
                                                         _176_ (net)
                      0.040940    0.000201    3.808616 v _585_/A2 (sky130_fd_sc_hd__a21o_4)
     2    0.012163    0.031668    0.152267    3.960883 v _585_/X (sky130_fd_sc_hd__a21o_4)
                                                         _245_ (net)
                      0.031691    0.000437    3.961320 v _637_/A1 (sky130_fd_sc_hd__a21o_4)
     2    0.010616    0.030176    0.137570    4.098890 v _637_/X (sky130_fd_sc_hd__a21o_4)
                                                         _296_ (net)
                      0.030176    0.000314    4.099204 v _674_/A1 (sky130_fd_sc_hd__a21o_4)
     2    0.011501    0.031006    0.138155    4.237359 v _674_/X (sky130_fd_sc_hd__a21o_4)
                                                         _332_ (net)
                      0.031026    0.000412    4.237771 v _695_/A1 (sky130_fd_sc_hd__a21o_4)
     2    0.013128    0.032618    0.140753    4.378524 v _695_/X (sky130_fd_sc_hd__a21o_4)
                                                         _352_ (net)
                      0.032623    0.000427    4.378951 v _697_/A1 (sky130_fd_sc_hd__a21o_4)
     2    0.012757    0.032236    0.140907    4.519857 v _697_/X (sky130_fd_sc_hd__a21o_4)
                                                         _353_ (net)
                      0.032237    0.000216    4.520074 v _705_/A1 (sky130_fd_sc_hd__a21o_2)
     1    0.004987    0.029200    0.125505    4.645579 v _705_/X (sky130_fd_sc_hd__a21o_2)
                                                         net34 (net)
                      0.029200    0.000111    4.645690 v output34/A (sky130_fd_sc_hd__buf_6)
     1    0.035346    0.032716    0.094687    4.740377 v output34/X (sky130_fd_sc_hd__buf_6)
                                                         y[9] (net)
                      0.032754    0.001032    4.741410 v y[9] (out)
                                              4.741410   data arrival time

                                 10.000000   10.000000   clock clk (rise edge)
                                  0.000000   10.000000   clock network delay (propagated)
                                 -0.250000    9.750000   clock uncertainty
                                  0.000000    9.750000   clock reconvergence pessimism
                                 -2.000000    7.750000   output external delay
                                              7.750000   data required time
---------------------------------------------------------------------------------------------
                                              7.750000   data required time
                                             -4.741410   data arrival time
---------------------------------------------------------------------------------------------
                                              3.008590   slack (MET)




===========================================================================
report_checks --slack_max -0.01
============================================================================
======================= nom_ff_n40C_1v95 Corner ===================================

No paths found.


===========================================================================
 report_check_types -max_slew -max_cap -max_fanout -violators
============================================================================
======================= nom_ff_n40C_1v95 Corner ===================================



===========================================================================
report_parasitic_annotation -report_unannotated
============================================================================
Found 14 unannotated drivers.
 clkload0/X
 clkload1/X
 clkload2/X
 self_diagnosing_fir/HI
 self_diagnosing_fir_39/HI
 self_diagnosing_fir_40/HI
 self_diagnosing_fir_41/HI
 self_diagnosing_fir_42/HI
 self_diagnosing_fir_43/HI
 self_diagnosing_fir_44/HI
 self_diagnosing_fir_45/HI
 self_diagnosing_fir_46/HI
 self_diagnosing_fir_47/HI
 self_diagnosing_fir_48/HI
Found 0 partially unannotated drivers.

===========================================================================
max slew violation count 0
%OL_METRIC_I design__max_slew_violation__count__corner:nom_ff_n40C_1v95 0
max fanout violation count 0
%OL_METRIC_I design__max_fanout_violation__count__corner:nom_ff_n40C_1v95 0
max cap violation count 0
%OL_METRIC_I design__max_cap_violation__count__corner:nom_ff_n40C_1v95 0
============================================================================

===========================================================================
check_setup -verbose -unconstrained_endpoints -multiple_clock -no_clock -no_input_delay -loops -generated_clocks
===========================================================================
%OL_END_REPORT
%OL_CREATE_REPORT power.rpt

===========================================================================
 report_power
============================================================================
======================= nom_ff_n40C_1v95 Corner ===================================

Group                    Internal    Switching      Leakage        Total
                            Power        Power        Power        Power (Watts)
------------------------------------------------------------------------
Sequential           1.589457e-04 8.991974e-06 6.633090e-10 1.679384e-04  28.2%
Combinational        1.277904e-04 1.318301e-04 6.447458e-09 2.596270e-04  43.6%
Clock                1.143018e-04 5.411407e-05 2.948452e-09 1.684188e-04  28.3%
Macro                0.000000e+00 0.000000e+00 0.000000e+00 0.000000e+00   0.0%
Pad                  0.000000e+00 0.000000e+00 0.000000e+00 0.000000e+00   0.0%
------------------------------------------------------------------------
Total                4.010379e-04 1.949362e-04 1.005922e-08 5.959842e-04 100.0%
                            67.3%        32.7%         0.0%
%OL_METRIC_F power__internal__total 0.00040103791980072856
%OL_METRIC_F power__switching__total 0.0001949362049344927
%OL_METRIC_F power__leakage__total 1.0059222788072475e-8
%OL_METRIC_F power__total 0.0005959842237643898

%OL_END_REPORT
%OL_CREATE_REPORT skew.min.rpt

===========================================================================
Clock Skew (Hold)
============================================================================
%OL_METRIC_F clock__skew__worst_hold__corner:nom_ff_n40C_1v95 -0.2977724817670843
======================= nom_ff_n40C_1v95 Corner ===================================

Clock clk
0.223844 source latency _780_/CLK ^
-0.248066 target latency _748_/CLK ^
-0.250000 clock uncertainty
-0.023551 CRPR
--------------
-0.297772 hold skew

%OL_END_REPORT
%OL_CREATE_REPORT skew.max.rpt

===========================================================================
Clock Skew (Setup)
============================================================================
%OL_METRIC_F clock__skew__worst_setup__corner:nom_ff_n40C_1v95 0.2610636225534708
======================= nom_ff_n40C_1v95 Corner ===================================

Clock clk
0.248066 source latency _748_/CLK ^
-0.222842 target latency _753_/CLK ^
0.250000 clock uncertainty
-0.014160 CRPR
--------------
0.261064 setup skew

%OL_END_REPORT
%OL_CREATE_REPORT ws.min.rpt

===========================================================================
Worst Slack (Hold)
============================================================================
%OL_METRIC_F timing__hold__ws__corner:nom_ff_n40C_1v95 0.11188500442812466
nom_ff_n40C_1v95: 0.11188500442812466
%OL_END_REPORT
%OL_CREATE_REPORT ws.max.rpt

===========================================================================
Worst Slack (Setup)
============================================================================
%OL_METRIC_F timing__setup__ws__corner:nom_ff_n40C_1v95 3.008590350895989
nom_ff_n40C_1v95: 3.008590350895989
%OL_END_REPORT
%OL_CREATE_REPORT tns.min.rpt

===========================================================================
Total Negative Slack (Hold)
============================================================================
%OL_METRIC_F timing__hold__tns__corner:nom_ff_n40C_1v95 0.0
nom_ff_n40C_1v95: 0.0
%OL_END_REPORT
%OL_CREATE_REPORT tns.max.rpt

===========================================================================
Total Negative Slack (Setup)
============================================================================
%OL_METRIC_F timing__setup__tns__corner:nom_ff_n40C_1v95 0.0
nom_ff_n40C_1v95: 0.0
%OL_END_REPORT
%OL_CREATE_REPORT wns.min.rpt

===========================================================================
Worst Negative Slack (Hold)
============================================================================
%OL_METRIC_F timing__hold__wns__corner:nom_ff_n40C_1v95 0
nom_ff_n40C_1v95: 0
%OL_END_REPORT
%OL_CREATE_REPORT wns.max.rpt

===========================================================================
Worst Negative Slack (Setup)
============================================================================
%OL_METRIC_F timing__setup__wns__corner:nom_ff_n40C_1v95 0.0
nom_ff_n40C_1v95: 0.0
%OL_END_REPORT
%OL_CREATE_REPORT violator_list.rpt

===========================================================================
Violator List
============================================================================
%OL_METRIC_I timing__hold_vio__count__corner:nom_ff_n40C_1v95 0
%OL_METRIC_F timing__hold_r2r__ws__corner:nom_ff_n40C_1v95 0.111885
%OL_METRIC_I timing__hold_r2r_vio__count__corner:nom_ff_n40C_1v95 0
%OL_METRIC_I timing__setup_vio__count__corner:nom_ff_n40C_1v95 0
%OL_METRIC_F timing__setup_r2r__ws__corner:nom_ff_n40C_1v95 inf
%OL_METRIC_I timing__setup_r2r_vio__count__corner:nom_ff_n40C_1v95 0
%OL_END_REPORT
%OL_CREATE_REPORT unpropagated.rpt
%OL_END_REPORT
%OL_CREATE_REPORT clock.rpt
Clock: clk
Sources: clk 
Generated: no
Virtual: yes
Propagated: no
Period: 10.000000

===========================================================================
report_clock_properties
============================================================================
Clock                   Period          Waveform
----------------------------------------------------
clk                  10.000000    0.000000  5.000000

===========================================================================
report_clock_latency
============================================================================
Clock clk
rise -> rise
    min     max
0.000000 0.000000 source latency
0.222705         network latency _760_/CLK
        0.248115 network latency _773_/CLK
---------------
0.222705 0.248115 latency
        0.025410 skew

fall -> fall
    min     max
0.000000 0.000000 source latency
0.210338         network latency _760_/CLK
        0.234192 network latency _773_/CLK
---------------
0.210338 0.234192 latency
        0.023854 skew



===========================================================================
report_clock_min_period
============================================================================
clk period_min = 2.18 fmax = 459.33
%OL_END_REPORT
Writing SDF files for all corners…
Removing Clock latencies before writing libs…
Writing timing models for all corners…
Writing timing models for the nom_ff_n40C_1v95 corner to /Users/balliprincephilomon/Prince/Self_diagnosis_FIR/physical_design/runs/RUN_2026-09-18_23-04-08/55-openroad-stapostpnr/nom_ff_n40C_1v95/self_diagnosing_fir__nom_ff_n40C_1v95.lib…
