
===========================================================================
report_checks -path_delay max (Setup)
============================================================================
======================= max_ff_n40C_1v95 Corner ===================================

Startpoint: h0[2] (input port clocked by clk)
Endpoint: y[9] (output port clocked by clk)
Path Group: clk
Path Type: max

Fanout         Cap        Slew       Delay        Time   Description
---------------------------------------------------------------------------------------------
                                  0.000000    0.000000   clock clk (rise edge)
                                  0.000000    0.000000   clock network delay (propagated)
                                  2.000000    2.000000 ^ input external delay
     1    0.003204    0.015366    0.008758    2.008758 ^ h0[2] (in)
                                                         h0[2] (net)
                      0.015367    0.000000    2.008758 ^ input3/A (sky130_fd_sc_hd__dlymetal6s2s_1)
     8    0.038069    0.292409    0.245684    2.254441 ^ input3/X (sky130_fd_sc_hd__dlymetal6s2s_1)
                                                         net3 (net)
                      0.292430    0.002154    2.256596 ^ _455_/B (sky130_fd_sc_hd__nand4_2)
     3    0.015488    0.121371    0.129746    2.386341 v _455_/Y (sky130_fd_sc_hd__nand4_2)
                                                         _116_ (net)
                      0.121373    0.000671    2.387012 v _457_/A2 (sky130_fd_sc_hd__a21o_4)
     2    0.007996    0.027959    0.178492    2.565505 v _457_/X (sky130_fd_sc_hd__a21o_4)
                                                         _118_ (net)
                      0.027959    0.000456    2.565960 v rebuffer64/A (sky130_fd_sc_hd__buf_2)
     1    0.004603    0.020134    0.078016    2.643976 v rebuffer64/X (sky130_fd_sc_hd__buf_2)
                                                         net64 (net)
                      0.020134    0.000357    2.644334 v _458_/D (sky130_fd_sc_hd__nand4_2)
     3    0.012959    0.087330    0.084416    2.728750 ^ _458_/Y (sky130_fd_sc_hd__nand4_2)
                                                         _119_ (net)
                      0.087331    0.000763    2.729513 ^ _460_/B (sky130_fd_sc_hd__nand3_2)
     3    0.013238    0.063161    0.076318    2.805831 v _460_/Y (sky130_fd_sc_hd__nand3_2)
                                                         _121_ (net)
                      0.063165    0.000440    2.806271 v _463_/A2 (sky130_fd_sc_hd__a21o_4)
     2    0.010073    0.029709    0.158424    2.964695 v _463_/X (sky130_fd_sc_hd__a21o_4)
                                                         _124_ (net)
                      0.029709    0.000493    2.965189 v _477_/A2 (sky130_fd_sc_hd__a21o_4)
     3    0.010420    0.030040    0.145098    3.110286 v _477_/X (sky130_fd_sc_hd__a21o_4)
                                                         _138_ (net)
                      0.030047    0.000347    3.110634 v _478_/C (sky130_fd_sc_hd__and3_4)
     2    0.014324    0.034474    0.130405    3.241038 v _478_/X (sky130_fd_sc_hd__and3_4)
                                                         _139_ (net)
                      0.034518    0.001142    3.242180 v _496_/A1 (sky130_fd_sc_hd__o21a_4)
     2    0.005007    0.025824    0.136678    3.378859 v _496_/X (sky130_fd_sc_hd__o21a_4)
                                                         _157_ (net)
                      0.025824    0.000340    3.379199 v _512_/C (sky130_fd_sc_hd__or3_4)
     3    0.011066    0.053163    0.213037    3.592236 v _512_/X (sky130_fd_sc_hd__or3_4)
                                                         _173_ (net)
                      0.053163    0.000666    3.592901 v _515_/A2 (sky130_fd_sc_hd__a211o_4)
     2    0.009692    0.041050    0.229220    3.822121 v _515_/X (sky130_fd_sc_hd__a211o_4)
                                                         _176_ (net)
                      0.041050    0.000516    3.822637 v _585_/A2 (sky130_fd_sc_hd__a21o_4)
     2    0.012456    0.032070    0.152466    3.975103 v _585_/X (sky130_fd_sc_hd__a21o_4)
                                                         _245_ (net)
                      0.032119    0.000963    3.976066 v _637_/A1 (sky130_fd_sc_hd__a21o_4)
     2    0.010818    0.030412    0.137857    4.113924 v _637_/X (sky130_fd_sc_hd__a21o_4)
                                                         _296_ (net)
                      0.030425    0.000718    4.114641 v _674_/A1 (sky130_fd_sc_hd__a21o_4)
     2    0.011838    0.031413    0.138511    4.253152 v _674_/X (sky130_fd_sc_hd__a21o_4)
                                                         _332_ (net)
                      0.031457    0.000879    4.254032 v _695_/A1 (sky130_fd_sc_hd__a21o_4)
     2    0.013247    0.032847    0.140820    4.394851 v _695_/X (sky130_fd_sc_hd__a21o_4)
                                                         _352_ (net)
                      0.032908    0.001069    4.395920 v _697_/A1 (sky130_fd_sc_hd__a21o_4)
     2    0.012897    0.032452    0.141006    4.536926 v _697_/X (sky130_fd_sc_hd__a21o_4)
                                                         _353_ (net)
                      0.032475    0.000459    4.537385 v _705_/A1 (sky130_fd_sc_hd__a21o_2)
     1    0.005018    0.029262    0.125623    4.663008 v _705_/X (sky130_fd_sc_hd__a21o_2)
                                                         net34 (net)
                      0.029262    0.000254    4.663261 v output34/A (sky130_fd_sc_hd__buf_6)
     1    0.035447    0.033022    0.094242    4.757504 v output34/X (sky130_fd_sc_hd__buf_6)
                                                         y[9] (net)
                      0.033231    0.002007    4.759511 v y[9] (out)
                                              4.759511   data arrival time

                                 10.000000   10.000000   clock clk (rise edge)
                                  0.000000   10.000000   clock network delay (propagated)
                                 -0.250000    9.750000   clock uncertainty
                                  0.000000    9.750000   clock reconvergence pessimism
                                 -2.000000    7.750000   output external delay
                                              7.750000   data required time
---------------------------------------------------------------------------------------------
                                              7.750000   data required time
                                             -4.759511   data arrival time
---------------------------------------------------------------------------------------------
                                              2.990489   slack (MET)


Startpoint: h0[2] (input port clocked by clk)
Endpoint: y[8] (output port clocked by clk)
Path Group: clk
Path Type: max

Fanout         Cap        Slew       Delay        Time   Description
---------------------------------------------------------------------------------------------
                                  0.000000    0.000000   clock clk (rise edge)
                                  0.000000    0.000000   clock network delay (propagated)
                                  2.000000    2.000000 ^ input external delay
     1    0.003204    0.015366    0.008758    2.008758 ^ h0[2] (in)
                                                         h0[2] (net)
                      0.015367    0.000000    2.008758 ^ input3/A (sky130_fd_sc_hd__dlymetal6s2s_1)
     8    0.038069    0.292409    0.245684    2.254441 ^ input3/X (sky130_fd_sc_hd__dlymetal6s2s_1)
                                                         net3 (net)
                      0.292430    0.002154    2.256596 ^ _455_/B (sky130_fd_sc_hd__nand4_2)
     3    0.015488    0.121371    0.129746    2.386341 v _455_/Y (sky130_fd_sc_hd__nand4_2)
                                                         _116_ (net)
                      0.121373    0.000671    2.387012 v _457_/A2 (sky130_fd_sc_hd__a21o_4)
     2    0.007996    0.027959    0.178492    2.565505 v _457_/X (sky130_fd_sc_hd__a21o_4)
                                                         _118_ (net)
                      0.027959    0.000456    2.565960 v rebuffer64/A (sky130_fd_sc_hd__buf_2)
     1    0.004603    0.020134    0.078016    2.643976 v rebuffer64/X (sky130_fd_sc_hd__buf_2)
                                                         net64 (net)
                      0.020134    0.000357    2.644334 v _458_/D (sky130_fd_sc_hd__nand4_2)
     3    0.012959    0.087330    0.084416    2.728750 ^ _458_/Y (sky130_fd_sc_hd__nand4_2)
                                                         _119_ (net)
                      0.087331    0.000763    2.729513 ^ _460_/B (sky130_fd_sc_hd__nand3_2)
     3    0.013238    0.063161    0.076318    2.805831 v _460_/Y (sky130_fd_sc_hd__nand3_2)
                                                         _121_ (net)
                      0.063165    0.000440    2.806271 v _463_/A2 (sky130_fd_sc_hd__a21o_4)
     2    0.010073    0.029709    0.158424    2.964695 v _463_/X (sky130_fd_sc_hd__a21o_4)
                                                         _124_ (net)
                      0.029709    0.000493    2.965189 v _477_/A2 (sky130_fd_sc_hd__a21o_4)
     3    0.010420    0.030040    0.145098    3.110286 v _477_/X (sky130_fd_sc_hd__a21o_4)
                                                         _138_ (net)
                      0.030047    0.000347    3.110634 v _478_/C (sky130_fd_sc_hd__and3_4)
     2    0.014324    0.034474    0.130405    3.241038 v _478_/X (sky130_fd_sc_hd__and3_4)
                                                         _139_ (net)
                      0.034518    0.001142    3.242180 v _496_/A1 (sky130_fd_sc_hd__o21a_4)
     2    0.005007    0.025824    0.136678    3.378859 v _496_/X (sky130_fd_sc_hd__o21a_4)
                                                         _157_ (net)
                      0.025824    0.000340    3.379199 v _512_/C (sky130_fd_sc_hd__or3_4)
     3    0.011066    0.053163    0.213037    3.592236 v _512_/X (sky130_fd_sc_hd__or3_4)
                                                         _173_ (net)
                      0.053163    0.000666    3.592901 v _515_/A2 (sky130_fd_sc_hd__a211o_4)
     2    0.009692    0.041050    0.229220    3.822121 v _515_/X (sky130_fd_sc_hd__a211o_4)
                                                         _176_ (net)
                      0.041050    0.000516    3.822637 v _585_/A2 (sky130_fd_sc_hd__a21o_4)
     2    0.012456    0.032070    0.152466    3.975103 v _585_/X (sky130_fd_sc_hd__a21o_4)
                                                         _245_ (net)
                      0.032119    0.000963    3.976066 v _637_/A1 (sky130_fd_sc_hd__a21o_4)
     2    0.010818    0.030412    0.137857    4.113924 v _637_/X (sky130_fd_sc_hd__a21o_4)
                                                         _296_ (net)
                      0.030425    0.000718    4.114641 v _674_/A1 (sky130_fd_sc_hd__a21o_4)
     2    0.011838    0.031413    0.138511    4.253152 v _674_/X (sky130_fd_sc_hd__a21o_4)
                                                         _332_ (net)
                      0.031457    0.000879    4.254032 v _695_/A1 (sky130_fd_sc_hd__a21o_4)
     2    0.013247    0.032847    0.140820    4.394851 v _695_/X (sky130_fd_sc_hd__a21o_4)
                                                         _352_ (net)
                      0.032908    0.001069    4.395920 v _697_/A1 (sky130_fd_sc_hd__a21o_4)
     2    0.012897    0.032452    0.141006    4.536926 v _697_/X (sky130_fd_sc_hd__a21o_4)
                                                         _353_ (net)
                      0.032495    0.000845    4.537771 v _701_/A (sky130_fd_sc_hd__xor2_2)
     1    0.005541    0.089931    0.115966    4.653737 ^ _701_/X (sky130_fd_sc_hd__xor2_2)
                                                         net33 (net)
                      0.089931    0.000445    4.654182 ^ output33/A (sky130_fd_sc_hd__buf_6)
     1    0.035074    0.059070    0.101369    4.755552 ^ output33/X (sky130_fd_sc_hd__buf_6)
                                                         y[8] (net)
                      0.059194    0.001974    4.757525 ^ y[8] (out)
                                              4.757525   data arrival time

                                 10.000000   10.000000   clock clk (rise edge)
                                  0.000000   10.000000   clock network delay (propagated)
                                 -0.250000    9.750000   clock uncertainty
                                  0.000000    9.750000   clock reconvergence pessimism
                                 -2.000000    7.750000   output external delay
                                              7.750000   data required time
---------------------------------------------------------------------------------------------
                                              7.750000   data required time
                                             -4.757525   data arrival time
---------------------------------------------------------------------------------------------
                                              2.992475   slack (MET)


Startpoint: h0[2] (input port clocked by clk)
Endpoint: y[7] (output port clocked by clk)
Path Group: clk
Path Type: max

Fanout         Cap        Slew       Delay        Time   Description
---------------------------------------------------------------------------------------------
                                  0.000000    0.000000   clock clk (rise edge)
                                  0.000000    0.000000   clock network delay (propagated)
                                  2.000000    2.000000 ^ input external delay
     1    0.003204    0.015366    0.008758    2.008758 ^ h0[2] (in)
                                                         h0[2] (net)
                      0.015367    0.000000    2.008758 ^ input3/A (sky130_fd_sc_hd__dlymetal6s2s_1)
     8    0.038069    0.292409    0.245684    2.254441 ^ input3/X (sky130_fd_sc_hd__dlymetal6s2s_1)
                                                         net3 (net)
                      0.292430    0.002154    2.256596 ^ _455_/B (sky130_fd_sc_hd__nand4_2)
     3    0.015488    0.121371    0.129746    2.386341 v _455_/Y (sky130_fd_sc_hd__nand4_2)
                                                         _116_ (net)
                      0.121373    0.000671    2.387012 v _457_/A2 (sky130_fd_sc_hd__a21o_4)
     2    0.007996    0.027959    0.178492    2.565505 v _457_/X (sky130_fd_sc_hd__a21o_4)
                                                         _118_ (net)
                      0.027959    0.000456    2.565960 v rebuffer64/A (sky130_fd_sc_hd__buf_2)
     1    0.004603    0.020134    0.078016    2.643976 v rebuffer64/X (sky130_fd_sc_hd__buf_2)
                                                         net64 (net)
                      0.020134    0.000357    2.644334 v _458_/D (sky130_fd_sc_hd__nand4_2)
     3    0.012959    0.087330    0.084416    2.728750 ^ _458_/Y (sky130_fd_sc_hd__nand4_2)
                                                         _119_ (net)
                      0.087331    0.000763    2.729513 ^ _460_/B (sky130_fd_sc_hd__nand3_2)
     3    0.013238    0.063161    0.076318    2.805831 v _460_/Y (sky130_fd_sc_hd__nand3_2)
                                                         _121_ (net)
                      0.063165    0.000440    2.806271 v _463_/A2 (sky130_fd_sc_hd__a21o_4)
     2    0.010073    0.029709    0.158424    2.964695 v _463_/X (sky130_fd_sc_hd__a21o_4)
                                                         _124_ (net)
                      0.029709    0.000493    2.965189 v _477_/A2 (sky130_fd_sc_hd__a21o_4)
     3    0.010420    0.030040    0.145098    3.110286 v _477_/X (sky130_fd_sc_hd__a21o_4)
                                                         _138_ (net)
                      0.030047    0.000347    3.110634 v _478_/C (sky130_fd_sc_hd__and3_4)
     2    0.014324    0.034474    0.130405    3.241038 v _478_/X (sky130_fd_sc_hd__and3_4)
                                                         _139_ (net)
                      0.034518    0.001142    3.242180 v _496_/A1 (sky130_fd_sc_hd__o21a_4)
     2    0.005007    0.025824    0.136678    3.378859 v _496_/X (sky130_fd_sc_hd__o21a_4)
                                                         _157_ (net)
                      0.025824    0.000340    3.379199 v _512_/C (sky130_fd_sc_hd__or3_4)
     3    0.011066    0.053163    0.213037    3.592236 v _512_/X (sky130_fd_sc_hd__or3_4)
                                                         _173_ (net)
                      0.053163    0.000666    3.592901 v _515_/A2 (sky130_fd_sc_hd__a211o_4)
     2    0.009692    0.041050    0.229220    3.822121 v _515_/X (sky130_fd_sc_hd__a211o_4)
                                                         _176_ (net)
                      0.041050    0.000516    3.822637 v _585_/A2 (sky130_fd_sc_hd__a21o_4)
     2    0.012456    0.032070    0.152466    3.975103 v _585_/X (sky130_fd_sc_hd__a21o_4)
                                                         _245_ (net)
                      0.032119    0.000963    3.976066 v _637_/A1 (sky130_fd_sc_hd__a21o_4)
     2    0.010818    0.030412    0.137857    4.113924 v _637_/X (sky130_fd_sc_hd__a21o_4)
                                                         _296_ (net)
                      0.030425    0.000718    4.114641 v _674_/A1 (sky130_fd_sc_hd__a21o_4)
     2    0.011838    0.031413    0.138511    4.253152 v _674_/X (sky130_fd_sc_hd__a21o_4)
                                                         _332_ (net)
                      0.031457    0.000879    4.254032 v _695_/A1 (sky130_fd_sc_hd__a21o_4)
     2    0.013247    0.032847    0.140820    4.394851 v _695_/X (sky130_fd_sc_hd__a21o_4)
                                                         _352_ (net)
                      0.032887    0.000796    4.395647 v _696_/B (sky130_fd_sc_hd__xor2_2)
     1    0.004815    0.048247    0.093873    4.489520 v _696_/X (sky130_fd_sc_hd__xor2_2)
                                                         net32 (net)
                      0.048247    0.000378    4.489898 v output32/A (sky130_fd_sc_hd__buf_6)
     1    0.034781    0.032584    0.102385    4.592284 v output32/X (sky130_fd_sc_hd__buf_6)
                                                         y[7] (net)
                      0.032773    0.001890    4.594173 v y[7] (out)
                                              4.594173   data arrival time

                                 10.000000   10.000000   clock clk (rise edge)
                                  0.000000   10.000000   clock network delay (propagated)
                                 -0.250000    9.750000   clock uncertainty
                                  0.000000    9.750000   clock reconvergence pessimism
                                 -2.000000    7.750000   output external delay
                                              7.750000   data required time
---------------------------------------------------------------------------------------------
                                              7.750000   data required time
                                             -4.594173   data arrival time
---------------------------------------------------------------------------------------------
                                              3.155826   slack (MET)


Startpoint: h0[2] (input port clocked by clk)
Endpoint: y[6] (output port clocked by clk)
Path Group: clk
Path Type: max

Fanout         Cap        Slew       Delay        Time   Description
---------------------------------------------------------------------------------------------
                                  0.000000    0.000000   clock clk (rise edge)
                                  0.000000    0.000000   clock network delay (propagated)
                                  2.000000    2.000000 ^ input external delay
     1    0.003204    0.015366    0.008758    2.008758 ^ h0[2] (in)
                                                         h0[2] (net)
                      0.015367    0.000000    2.008758 ^ input3/A (sky130_fd_sc_hd__dlymetal6s2s_1)
     8    0.038069    0.292409    0.245684    2.254441 ^ input3/X (sky130_fd_sc_hd__dlymetal6s2s_1)
                                                         net3 (net)
                      0.292430    0.002154    2.256596 ^ _455_/B (sky130_fd_sc_hd__nand4_2)
     3    0.015488    0.121371    0.129746    2.386341 v _455_/Y (sky130_fd_sc_hd__nand4_2)
                                                         _116_ (net)
                      0.121373    0.000671    2.387012 v _457_/A2 (sky130_fd_sc_hd__a21o_4)
     2    0.007996    0.027959    0.178492    2.565505 v _457_/X (sky130_fd_sc_hd__a21o_4)
                                                         _118_ (net)
                      0.027959    0.000456    2.565960 v rebuffer64/A (sky130_fd_sc_hd__buf_2)
     1    0.004603    0.020134    0.078016    2.643976 v rebuffer64/X (sky130_fd_sc_hd__buf_2)
                                                         net64 (net)
                      0.020134    0.000357    2.644334 v _458_/D (sky130_fd_sc_hd__nand4_2)
     3    0.012959    0.087330    0.084416    2.728750 ^ _458_/Y (sky130_fd_sc_hd__nand4_2)
                                                         _119_ (net)
                      0.087331    0.000763    2.729513 ^ _460_/B (sky130_fd_sc_hd__nand3_2)
     3    0.013238    0.063161    0.076318    2.805831 v _460_/Y (sky130_fd_sc_hd__nand3_2)
                                                         _121_ (net)
                      0.063165    0.000440    2.806271 v _463_/A2 (sky130_fd_sc_hd__a21o_4)
     2    0.010073    0.029709    0.158424    2.964695 v _463_/X (sky130_fd_sc_hd__a21o_4)
                                                         _124_ (net)
                      0.029709    0.000493    2.965189 v _477_/A2 (sky130_fd_sc_hd__a21o_4)
     3    0.010420    0.030040    0.145098    3.110286 v _477_/X (sky130_fd_sc_hd__a21o_4)
                                                         _138_ (net)
                      0.030047    0.000347    3.110634 v _478_/C (sky130_fd_sc_hd__and3_4)
     2    0.014324    0.034474    0.130405    3.241038 v _478_/X (sky130_fd_sc_hd__and3_4)
                                                         _139_ (net)
                      0.034518    0.001142    3.242180 v _496_/A1 (sky130_fd_sc_hd__o21a_4)
     2    0.005007    0.025824    0.136678    3.378859 v _496_/X (sky130_fd_sc_hd__o21a_4)
                                                         _157_ (net)
                      0.025824    0.000340    3.379199 v _512_/C (sky130_fd_sc_hd__or3_4)
     3    0.011066    0.053163    0.213037    3.592236 v _512_/X (sky130_fd_sc_hd__or3_4)
                                                         _173_ (net)
                      0.053163    0.000666    3.592901 v _515_/A2 (sky130_fd_sc_hd__a211o_4)
     2    0.009692    0.041050    0.229220    3.822121 v _515_/X (sky130_fd_sc_hd__a211o_4)
                                                         _176_ (net)
                      0.041050    0.000516    3.822637 v _585_/A2 (sky130_fd_sc_hd__a21o_4)
     2    0.012456    0.032070    0.152466    3.975103 v _585_/X (sky130_fd_sc_hd__a21o_4)
                                                         _245_ (net)
                      0.032119    0.000963    3.976066 v _637_/A1 (sky130_fd_sc_hd__a21o_4)
     2    0.010818    0.030412    0.137857    4.113924 v _637_/X (sky130_fd_sc_hd__a21o_4)
                                                         _296_ (net)
                      0.030425    0.000718    4.114641 v _674_/A1 (sky130_fd_sc_hd__a21o_4)
     2    0.011838    0.031413    0.138511    4.253152 v _674_/X (sky130_fd_sc_hd__a21o_4)
                                                         _332_ (net)
                      0.031453    0.000830    4.253982 v rebuffer55/A (sky130_fd_sc_hd__buf_6)
     1    0.008280    0.018104    0.077117    4.331098 v rebuffer55/X (sky130_fd_sc_hd__buf_6)
                                                         net55 (net)
                      0.018107    0.000667    4.331765 v _675_/B (sky130_fd_sc_hd__xnor2_2)
     1    0.005806    0.099631    0.094221    4.425986 ^ _675_/Y (sky130_fd_sc_hd__xnor2_2)
                                                         net31 (net)
                      0.099631    0.000470    4.426456 ^ output31/A (sky130_fd_sc_hd__buf_6)
     1    0.035529    0.059841    0.103322    4.529779 ^ output31/X (sky130_fd_sc_hd__buf_6)
                                                         y[6] (net)
                      0.059948    0.002130    4.531909 ^ y[6] (out)
                                              4.531909   data arrival time

                                 10.000000   10.000000   clock clk (rise edge)
                                  0.000000   10.000000   clock network delay (propagated)
                                 -0.250000    9.750000   clock uncertainty
                                  0.000000    9.750000   clock reconvergence pessimism
                                 -2.000000    7.750000   output external delay
                                              7.750000   data required time
---------------------------------------------------------------------------------------------
                                              7.750000   data required time
                                             -4.531909   data arrival time
---------------------------------------------------------------------------------------------
                                              3.218091   slack (MET)


Startpoint: h0[2] (input port clocked by clk)
Endpoint: y[5] (output port clocked by clk)
Path Group: clk
Path Type: max

Fanout         Cap        Slew       Delay        Time   Description
---------------------------------------------------------------------------------------------
                                  0.000000    0.000000   clock clk (rise edge)
                                  0.000000    0.000000   clock network delay (propagated)
                                  2.000000    2.000000 ^ input external delay
     1    0.003204    0.015366    0.008758    2.008758 ^ h0[2] (in)
                                                         h0[2] (net)
                      0.015367    0.000000    2.008758 ^ input3/A (sky130_fd_sc_hd__dlymetal6s2s_1)
     8    0.038069    0.292409    0.245684    2.254441 ^ input3/X (sky130_fd_sc_hd__dlymetal6s2s_1)
                                                         net3 (net)
                      0.292430    0.002154    2.256596 ^ _455_/B (sky130_fd_sc_hd__nand4_2)
     3    0.015488    0.121371    0.129746    2.386341 v _455_/Y (sky130_fd_sc_hd__nand4_2)
                                                         _116_ (net)
                      0.121373    0.000671    2.387012 v _457_/A2 (sky130_fd_sc_hd__a21o_4)
     2    0.007996    0.027959    0.178492    2.565505 v _457_/X (sky130_fd_sc_hd__a21o_4)
                                                         _118_ (net)
                      0.027959    0.000456    2.565960 v rebuffer64/A (sky130_fd_sc_hd__buf_2)
     1    0.004603    0.020134    0.078016    2.643976 v rebuffer64/X (sky130_fd_sc_hd__buf_2)
                                                         net64 (net)
                      0.020134    0.000357    2.644334 v _458_/D (sky130_fd_sc_hd__nand4_2)
     3    0.012959    0.087330    0.084416    2.728750 ^ _458_/Y (sky130_fd_sc_hd__nand4_2)
                                                         _119_ (net)
                      0.087331    0.000763    2.729513 ^ _460_/B (sky130_fd_sc_hd__nand3_2)
     3    0.013238    0.063161    0.076318    2.805831 v _460_/Y (sky130_fd_sc_hd__nand3_2)
                                                         _121_ (net)
                      0.063165    0.000440    2.806271 v _463_/A2 (sky130_fd_sc_hd__a21o_4)
     2    0.010073    0.029709    0.158424    2.964695 v _463_/X (sky130_fd_sc_hd__a21o_4)
                                                         _124_ (net)
                      0.029709    0.000493    2.965189 v _477_/A2 (sky130_fd_sc_hd__a21o_4)
     3    0.010420    0.030040    0.145098    3.110286 v _477_/X (sky130_fd_sc_hd__a21o_4)
                                                         _138_ (net)
                      0.030047    0.000347    3.110634 v _478_/C (sky130_fd_sc_hd__and3_4)
     2    0.014324    0.034474    0.130405    3.241038 v _478_/X (sky130_fd_sc_hd__and3_4)
                                                         _139_ (net)
                      0.034518    0.001142    3.242180 v _496_/A1 (sky130_fd_sc_hd__o21a_4)
     2    0.005007    0.025824    0.136678    3.378859 v _496_/X (sky130_fd_sc_hd__o21a_4)
                                                         _157_ (net)
                      0.025824    0.000340    3.379199 v _512_/C (sky130_fd_sc_hd__or3_4)
     3    0.011066    0.053163    0.213037    3.592236 v _512_/X (sky130_fd_sc_hd__or3_4)
                                                         _173_ (net)
                      0.053163    0.000666    3.592901 v _515_/A2 (sky130_fd_sc_hd__a211o_4)
     2    0.009692    0.041050    0.229220    3.822121 v _515_/X (sky130_fd_sc_hd__a211o_4)
                                                         _176_ (net)
                      0.041050    0.000516    3.822637 v _585_/A2 (sky130_fd_sc_hd__a21o_4)
     2    0.012456    0.032070    0.152466    3.975103 v _585_/X (sky130_fd_sc_hd__a21o_4)
                                                         _245_ (net)
                      0.032119    0.000963    3.976066 v _637_/A1 (sky130_fd_sc_hd__a21o_4)
     2    0.010818    0.030412    0.137857    4.113924 v _637_/X (sky130_fd_sc_hd__a21o_4)
                                                         _296_ (net)
                      0.030424    0.000703    4.114627 v rebuffer62/A (sky130_fd_sc_hd__buf_6)
     1    0.007994    0.017912    0.076565    4.191192 v rebuffer62/X (sky130_fd_sc_hd__buf_6)
                                                         net62 (net)
                      0.017912    0.000210    4.191401 v _638_/B (sky130_fd_sc_hd__xor2_2)
     1    0.005979    0.093583    0.092817    4.284219 ^ _638_/X (sky130_fd_sc_hd__xor2_2)
                                                         net30 (net)
                      0.093584    0.000473    4.284692 ^ output30/A (sky130_fd_sc_hd__buf_6)
     1    0.034744    0.058674    0.101541    4.386234 ^ output30/X (sky130_fd_sc_hd__buf_6)
                                                         y[5] (net)
                      0.058779    0.002089    4.388323 ^ y[5] (out)
                                              4.388323   data arrival time

                                 10.000000   10.000000   clock clk (rise edge)
                                  0.000000   10.000000   clock network delay (propagated)
                                 -0.250000    9.750000   clock uncertainty
                                  0.000000    9.750000   clock reconvergence pessimism
                                 -2.000000    7.750000   output external delay
                                              7.750000   data required time
---------------------------------------------------------------------------------------------
                                              7.750000   data required time
                                             -4.388323   data arrival time
---------------------------------------------------------------------------------------------
                                              3.361677   slack (MET)


Startpoint: h0[2] (input port clocked by clk)
Endpoint: y[4] (output port clocked by clk)
Path Group: clk
Path Type: max

Fanout         Cap        Slew       Delay        Time   Description
---------------------------------------------------------------------------------------------
                                  0.000000    0.000000   clock clk (rise edge)
                                  0.000000    0.000000   clock network delay (propagated)
                                  2.000000    2.000000 ^ input external delay
     1    0.003204    0.015366    0.008758    2.008758 ^ h0[2] (in)
                                                         h0[2] (net)
                      0.015367    0.000000    2.008758 ^ input3/A (sky130_fd_sc_hd__dlymetal6s2s_1)
     8    0.038069    0.292409    0.245684    2.254441 ^ input3/X (sky130_fd_sc_hd__dlymetal6s2s_1)
                                                         net3 (net)
                      0.292430    0.002154    2.256596 ^ _455_/B (sky130_fd_sc_hd__nand4_2)
     3    0.015488    0.121371    0.129746    2.386341 v _455_/Y (sky130_fd_sc_hd__nand4_2)
                                                         _116_ (net)
                      0.121373    0.000671    2.387012 v _457_/A2 (sky130_fd_sc_hd__a21o_4)
     2    0.007996    0.027959    0.178492    2.565505 v _457_/X (sky130_fd_sc_hd__a21o_4)
                                                         _118_ (net)
                      0.027959    0.000456    2.565960 v rebuffer64/A (sky130_fd_sc_hd__buf_2)
     1    0.004603    0.020134    0.078016    2.643976 v rebuffer64/X (sky130_fd_sc_hd__buf_2)
                                                         net64 (net)
                      0.020134    0.000357    2.644334 v _458_/D (sky130_fd_sc_hd__nand4_2)
     3    0.012959    0.087330    0.084416    2.728750 ^ _458_/Y (sky130_fd_sc_hd__nand4_2)
                                                         _119_ (net)
                      0.087331    0.000763    2.729513 ^ _460_/B (sky130_fd_sc_hd__nand3_2)
     3    0.013238    0.063161    0.076318    2.805831 v _460_/Y (sky130_fd_sc_hd__nand3_2)
                                                         _121_ (net)
                      0.063165    0.000440    2.806271 v _463_/A2 (sky130_fd_sc_hd__a21o_4)
     2    0.010073    0.029709    0.158424    2.964695 v _463_/X (sky130_fd_sc_hd__a21o_4)
                                                         _124_ (net)
                      0.029709    0.000493    2.965189 v _477_/A2 (sky130_fd_sc_hd__a21o_4)
     3    0.010420    0.030040    0.145098    3.110286 v _477_/X (sky130_fd_sc_hd__a21o_4)
                                                         _138_ (net)
                      0.030047    0.000347    3.110634 v _478_/C (sky130_fd_sc_hd__and3_4)
     2    0.014324    0.034474    0.130405    3.241038 v _478_/X (sky130_fd_sc_hd__and3_4)
                                                         _139_ (net)
                      0.034518    0.001142    3.242180 v _496_/A1 (sky130_fd_sc_hd__o21a_4)
     2    0.005007    0.025824    0.136678    3.378859 v _496_/X (sky130_fd_sc_hd__o21a_4)
                                                         _157_ (net)
                      0.025824    0.000340    3.379199 v _512_/C (sky130_fd_sc_hd__or3_4)
     3    0.011066    0.053163    0.213037    3.592236 v _512_/X (sky130_fd_sc_hd__or3_4)
                                                         _173_ (net)
                      0.053163    0.000666    3.592901 v _515_/A2 (sky130_fd_sc_hd__a211o_4)
     2    0.009692    0.041050    0.229220    3.822121 v _515_/X (sky130_fd_sc_hd__a211o_4)
                                                         _176_ (net)
                      0.041050    0.000516    3.822637 v _585_/A2 (sky130_fd_sc_hd__a21o_4)
     2    0.012456    0.032070    0.152466    3.975103 v _585_/X (sky130_fd_sc_hd__a21o_4)
                                                         _245_ (net)
                      0.032135    0.001146    3.976249 v rebuffer54/A (sky130_fd_sc_hd__buf_6)
     1    0.009620    0.018789    0.078524    4.054773 v rebuffer54/X (sky130_fd_sc_hd__buf_6)
                                                         net54 (net)
                      0.018790    0.000617    4.055391 v _586_/B (sky130_fd_sc_hd__xor2_2)
     1    0.005671    0.091361    0.091165    4.146555 ^ _586_/X (sky130_fd_sc_hd__xor2_2)
                                                         net29 (net)
                      0.091362    0.000444    4.147000 ^ output29/A (sky130_fd_sc_hd__buf_6)
     1    0.036355    0.060919    0.102893    4.249893 ^ output29/X (sky130_fd_sc_hd__buf_6)
                                                         y[4] (net)
                      0.061019    0.002083    4.251976 ^ y[4] (out)
                                              4.251976   data arrival time

                                 10.000000   10.000000   clock clk (rise edge)
                                  0.000000   10.000000   clock network delay (propagated)
                                 -0.250000    9.750000   clock uncertainty
                                  0.000000    9.750000   clock reconvergence pessimism
                                 -2.000000    7.750000   output external delay
                                              7.750000   data required time
---------------------------------------------------------------------------------------------
                                              7.750000   data required time
                                             -4.251976   data arrival time
---------------------------------------------------------------------------------------------
                                              3.498024   slack (MET)


Startpoint: h0[2] (input port clocked by clk)
Endpoint: y[3] (output port clocked by clk)
Path Group: clk
Path Type: max

Fanout         Cap        Slew       Delay        Time   Description
---------------------------------------------------------------------------------------------
                                  0.000000    0.000000   clock clk (rise edge)
                                  0.000000    0.000000   clock network delay (propagated)
                                  2.000000    2.000000 ^ input external delay
     1    0.003204    0.015366    0.008758    2.008758 ^ h0[2] (in)
                                                         h0[2] (net)
                      0.015367    0.000000    2.008758 ^ input3/A (sky130_fd_sc_hd__dlymetal6s2s_1)
     8    0.038069    0.292409    0.245684    2.254441 ^ input3/X (sky130_fd_sc_hd__dlymetal6s2s_1)
                                                         net3 (net)
                      0.292430    0.002154    2.256596 ^ _455_/B (sky130_fd_sc_hd__nand4_2)
     3    0.015488    0.121371    0.129746    2.386341 v _455_/Y (sky130_fd_sc_hd__nand4_2)
                                                         _116_ (net)
                      0.121373    0.000671    2.387012 v _457_/A2 (sky130_fd_sc_hd__a21o_4)
     2    0.007996    0.027959    0.178492    2.565505 v _457_/X (sky130_fd_sc_hd__a21o_4)
                                                         _118_ (net)
                      0.027959    0.000456    2.565960 v rebuffer64/A (sky130_fd_sc_hd__buf_2)
     1    0.004603    0.020134    0.078016    2.643976 v rebuffer64/X (sky130_fd_sc_hd__buf_2)
                                                         net64 (net)
                      0.020134    0.000357    2.644334 v _458_/D (sky130_fd_sc_hd__nand4_2)
     3    0.012959    0.087330    0.084416    2.728750 ^ _458_/Y (sky130_fd_sc_hd__nand4_2)
                                                         _119_ (net)
                      0.087331    0.000763    2.729513 ^ _460_/B (sky130_fd_sc_hd__nand3_2)
     3    0.013238    0.063161    0.076318    2.805831 v _460_/Y (sky130_fd_sc_hd__nand3_2)
                                                         _121_ (net)
                      0.063165    0.000440    2.806271 v _463_/A2 (sky130_fd_sc_hd__a21o_4)
     2    0.010073    0.029709    0.158424    2.964695 v _463_/X (sky130_fd_sc_hd__a21o_4)
                                                         _124_ (net)
                      0.029709    0.000493    2.965189 v _477_/A2 (sky130_fd_sc_hd__a21o_4)
     3    0.010420    0.030040    0.145098    3.110286 v _477_/X (sky130_fd_sc_hd__a21o_4)
                                                         _138_ (net)
                      0.030047    0.000347    3.110634 v _478_/C (sky130_fd_sc_hd__and3_4)
     2    0.014324    0.034474    0.130405    3.241038 v _478_/X (sky130_fd_sc_hd__and3_4)
                                                         _139_ (net)
                      0.034518    0.001142    3.242180 v _496_/A1 (sky130_fd_sc_hd__o21a_4)
     2    0.005007    0.025824    0.136678    3.378859 v _496_/X (sky130_fd_sc_hd__o21a_4)
                                                         _157_ (net)
                      0.025824    0.000340    3.379199 v _512_/C (sky130_fd_sc_hd__or3_4)
     3    0.011066    0.053163    0.213037    3.592236 v _512_/X (sky130_fd_sc_hd__or3_4)
                                                         _173_ (net)
                      0.053163    0.000666    3.592901 v _515_/A2 (sky130_fd_sc_hd__a211o_4)
     2    0.009692    0.041050    0.229220    3.822121 v _515_/X (sky130_fd_sc_hd__a211o_4)
                                                         _176_ (net)
                      0.041050    0.000351    3.822473 v rebuffer52/A (sky130_fd_sc_hd__buf_6)
     1    0.010611    0.019318    0.083170    3.905643 v rebuffer52/X (sky130_fd_sc_hd__buf_6)
                                                         net52 (net)
                      0.019332    0.000884    3.906527 v _516_/B (sky130_fd_sc_hd__nand2b_4)
     1    0.009079    0.039357    0.044651    3.951178 ^ _516_/Y (sky130_fd_sc_hd__nand2b_4)
                                                         _177_ (net)
                      0.039359    0.000461    3.951639 ^ _518_/B (sky130_fd_sc_hd__xnor2_2)
     1    0.005330    0.095783    0.071313    4.022952 ^ _518_/Y (sky130_fd_sc_hd__xnor2_2)
                                                         net28 (net)
                      0.095783    0.000418    4.023369 ^ output28/A (sky130_fd_sc_hd__buf_6)
     1    0.034526    0.058361    0.101863    4.125232 ^ output28/X (sky130_fd_sc_hd__buf_6)
                                                         y[3] (net)
                      0.058464    0.001749    4.126981 ^ y[3] (out)
                                              4.126981   data arrival time

                                 10.000000   10.000000   clock clk (rise edge)
                                  0.000000   10.000000   clock network delay (propagated)
                                 -0.250000    9.750000   clock uncertainty
                                  0.000000    9.750000   clock reconvergence pessimism
                                 -2.000000    7.750000   output external delay
                                              7.750000   data required time
---------------------------------------------------------------------------------------------
                                              7.750000   data required time
                                             -4.126981   data arrival time
---------------------------------------------------------------------------------------------
                                              3.623019   slack (MET)


Startpoint: h2[1] (input port clocked by clk)
Endpoint: y[2] (output port clocked by clk)
Path Group: clk
Path Type: max

Fanout         Cap        Slew       Delay        Time   Description
---------------------------------------------------------------------------------------------
                                  0.000000    0.000000   clock clk (rise edge)
                                  0.000000    0.000000   clock network delay (propagated)
                                  2.000000    2.000000 v input external delay
     1    0.003758    0.006121    0.003334    2.003334 v h2[1] (in)
                                                         h2[1] (net)
                      0.006130    0.000000    2.003334 v input10/A (sky130_fd_sc_hd__dlymetal6s4s_1)
     6    0.023476    0.087914    0.211222    2.214556 v input10/X (sky130_fd_sc_hd__dlymetal6s4s_1)
                                                         net10 (net)
                      0.087929    0.001226    2.215781 v _413_/B (sky130_fd_sc_hd__and2_4)
     4    0.013472    0.030656    0.140009    2.355791 v _413_/X (sky130_fd_sc_hd__and2_4)
                                                         _075_ (net)
                      0.030665    0.000525    2.356315 v _414_/C (sky130_fd_sc_hd__and3_2)
     3    0.009413    0.039147    0.149587    2.505902 v _414_/X (sky130_fd_sc_hd__and3_2)
                                                         _076_ (net)
                      0.039150    0.000385    2.506287 v _418_/A (sky130_fd_sc_hd__or3b_4)
     3    0.021922    0.067743    0.282454    2.788741 v _418_/X (sky130_fd_sc_hd__or3b_4)
                                                         _080_ (net)
                      0.067743    0.001349    2.790090 v _420_/A (sky130_fd_sc_hd__and2_2)
     2    0.007478    0.034394    0.132371    2.922461 v _420_/X (sky130_fd_sc_hd__and2_2)
                                                         _082_ (net)
                      0.034405    0.000302    2.922763 v _423_/A (sky130_fd_sc_hd__nand2_2)
     3    0.026258    0.110765    0.099594    3.022357 ^ _423_/Y (sky130_fd_sc_hd__nand2_2)
                                                         _085_ (net)
                      0.110789    0.001393    3.023750 ^ _425_/A (sky130_fd_sc_hd__nand2_2)
     2    0.008969    0.044426    0.045423    3.069173 v _425_/Y (sky130_fd_sc_hd__nand2_2)
                                                         _087_ (net)
                      0.044435    0.000542    3.069716 v _426_/C (sky130_fd_sc_hd__or3_4)
     3    0.011963    0.054079    0.220270    3.289986 v _426_/X (sky130_fd_sc_hd__or3_4)
                                                         _088_ (net)
                      0.054079    0.000544    3.290529 v _439_/A1 (sky130_fd_sc_hd__a211o_2)
     2    0.007859    0.043760    0.206321    3.496851 v _439_/X (sky130_fd_sc_hd__a211o_2)
                                                         _101_ (net)
                      0.043760    0.000550    3.497401 v _440_/B (sky130_fd_sc_hd__nand2b_2)
     1    0.010159    0.055010    0.067118    3.564518 ^ _440_/Y (sky130_fd_sc_hd__nand2b_2)
                                                         _102_ (net)
                      0.055015    0.000531    3.565049 ^ _449_/A (sky130_fd_sc_hd__xnor2_2)
     1    0.002809    0.075287    0.070723    3.635772 ^ _449_/Y (sky130_fd_sc_hd__xnor2_2)
                                                         net27 (net)
                      0.075287    0.000122    3.635894 ^ output27/A (sky130_fd_sc_hd__dlymetal6s2s_1)
     1    0.035263    0.272530    0.246535    3.882429 ^ output27/X (sky130_fd_sc_hd__dlymetal6s2s_1)
                                                         y[2] (net)
                      0.272545    0.001796    3.884225 ^ y[2] (out)
                                              3.884225   data arrival time

                                 10.000000   10.000000   clock clk (rise edge)
                                  0.000000   10.000000   clock network delay (propagated)
                                 -0.250000    9.750000   clock uncertainty
                                  0.000000    9.750000   clock reconvergence pessimism
                                 -2.000000    7.750000   output external delay
                                              7.750000   data required time
---------------------------------------------------------------------------------------------
                                              7.750000   data required time
                                             -3.884225   data arrival time
---------------------------------------------------------------------------------------------
                                              3.865775   slack (MET)


Startpoint: h0[1] (input port clocked by clk)
Endpoint: y[1] (output port clocked by clk)
Path Group: clk
Path Type: max

Fanout         Cap        Slew       Delay        Time   Description
---------------------------------------------------------------------------------------------
                                  0.000000    0.000000   clock clk (rise edge)
                                  0.000000    0.000000   clock network delay (propagated)
                                  2.000000    2.000000 v input external delay
     1    0.009883    0.016191    0.010353    2.010353 v h0[1] (in)
                                                         h0[1] (net)
                      0.016213    0.000000    2.010353 v input2/A (sky130_fd_sc_hd__buf_12)
     6    0.026549    0.023648    0.082210    2.092563 v input2/X (sky130_fd_sc_hd__buf_12)
                                                         net2 (net)
                      0.023982    0.002025    2.094589 v rebuffer70/A (sky130_fd_sc_hd__buf_2)
     3    0.013180    0.033383    0.091539    2.186128 v rebuffer70/X (sky130_fd_sc_hd__buf_2)
                                                         net70 (net)
                      0.033413    0.000939    2.187067 v _380_/C (sky130_fd_sc_hd__nand4_2)
     4    0.021482    0.118487    0.117172    2.304239 ^ _380_/Y (sky130_fd_sc_hd__nand4_2)
                                                         _042_ (net)
                      0.118513    0.001420    2.305659 ^ _392_/B (sky130_fd_sc_hd__and4_2)
     3    0.014049    0.069942    0.180438    2.486097 ^ _392_/X (sky130_fd_sc_hd__and4_2)
                                                         _054_ (net)
                      0.069953    0.000944    2.487041 ^ _394_/A (sky130_fd_sc_hd__nor2_2)
     2    0.006366    0.027154    0.032278    2.519320 v _394_/Y (sky130_fd_sc_hd__nor2_2)
                                                         _056_ (net)
                      0.027155    0.000405    2.519725 v _396_/A (sky130_fd_sc_hd__and2_2)
     3    0.009349    0.037334    0.119909    2.639634 v _396_/X (sky130_fd_sc_hd__and2_2)
                                                         _058_ (net)
                      0.037335    0.000273    2.639907 v _430_/A (sky130_fd_sc_hd__or2_2)
     2    0.009612    0.050037    0.199626    2.839533 v _430_/X (sky130_fd_sc_hd__or2_2)
                                                         _092_ (net)
                      0.050042    0.000529    2.840062 v _433_/A (sky130_fd_sc_hd__nor2_2)
     3    0.013059    0.116680    0.130282    2.970344 ^ _433_/Y (sky130_fd_sc_hd__nor2_2)
                                                         _095_ (net)
                      0.116687    0.000757    2.971101 ^ _436_/A (sky130_fd_sc_hd__nor2_2)
     2    0.007210    0.036968    0.037633    3.008734 v _436_/Y (sky130_fd_sc_hd__nor2_2)
                                                         _098_ (net)
                      0.036980    0.000476    3.009210 v _437_/C (sky130_fd_sc_hd__and3_2)
     3    0.010630    0.041494    0.154909    3.164119 v _437_/X (sky130_fd_sc_hd__and3_2)
                                                         _099_ (net)
                      0.041503    0.000625    3.164744 v _442_/A (sky130_fd_sc_hd__nor2_2)
     2    0.012356    0.111583    0.122911    3.287656 ^ _442_/Y (sky130_fd_sc_hd__nor2_2)
                                                         _104_ (net)
                      0.111596    0.001028    3.288684 ^ _704_/A (sky130_fd_sc_hd__xnor2_2)
     1    0.002778    0.076767    0.077312    3.365996 ^ _704_/Y (sky130_fd_sc_hd__xnor2_2)
                                                         net26 (net)
                      0.076767    0.000207    3.366203 ^ output26/A (sky130_fd_sc_hd__clkdlybuf4s25_1)
     1    0.034966    0.264515    0.348684    3.714886 ^ output26/X (sky130_fd_sc_hd__clkdlybuf4s25_1)
                                                         y[1] (net)
                      0.264524    0.001909    3.716795 ^ y[1] (out)
                                              3.716795   data arrival time

                                 10.000000   10.000000   clock clk (rise edge)
                                  0.000000   10.000000   clock network delay (propagated)
                                 -0.250000    9.750000   clock uncertainty
                                  0.000000    9.750000   clock reconvergence pessimism
                                 -2.000000    7.750000   output external delay
                                              7.750000   data required time
---------------------------------------------------------------------------------------------
                                              7.750000   data required time
                                             -3.716795   data arrival time
---------------------------------------------------------------------------------------------
                                              4.033205   slack (MET)


Startpoint: h1[0] (input port clocked by clk)
Endpoint: y[0] (output port clocked by clk)
Path Group: clk
Path Type: max

Fanout         Cap        Slew       Delay        Time   Description
---------------------------------------------------------------------------------------------
                                  0.000000    0.000000   clock clk (rise edge)
                                  0.000000    0.000000   clock network delay (propagated)
                                  2.000000    2.000000 ^ input external delay
     1    0.003341    0.015857    0.009143    2.009143 ^ h1[0] (in)
                                                         h1[0] (net)
                      0.015859    0.000000    2.009143 ^ input5/A (sky130_fd_sc_hd__clkbuf_2)
    10    0.044020    0.184990    0.172835    2.181978 ^ input5/X (sky130_fd_sc_hd__clkbuf_2)
                                                         net5 (net)
                      0.185412    0.007552    2.189530 ^ _395_/A (sky130_fd_sc_hd__and4_2)
     3    0.013862    0.070429    0.188224    2.377754 ^ _395_/X (sky130_fd_sc_hd__and4_2)
                                                         _057_ (net)
                      0.070444    0.001066    2.378819 ^ _444_/A (sky130_fd_sc_hd__nor2_2)
     2    0.016765    0.042080    0.048259    2.427078 v _444_/Y (sky130_fd_sc_hd__nor2_2)
                                                         _106_ (net)
                      0.042137    0.001305    2.428382 v _445_/B (sky130_fd_sc_hd__xnor2_2)
     2    0.007084    0.042769    0.094460    2.522843 v _445_/Y (sky130_fd_sc_hd__xnor2_2)
                                                         _107_ (net)
                      0.042774    0.000384    2.523226 v _446_/C (sky130_fd_sc_hd__and3_2)
     2    0.008967    0.038437    0.153283    2.676510 v _446_/X (sky130_fd_sc_hd__and3_2)
                                                         _108_ (net)
                      0.038442    0.000471    2.676981 v _703_/A (sky130_fd_sc_hd__nor2_2)
     1    0.006347    0.068828    0.088244    2.765225 ^ _703_/Y (sky130_fd_sc_hd__nor2_2)
                                                         net25 (net)
                      0.068832    0.000521    2.765746 ^ output25/A (sky130_fd_sc_hd__clkdlybuf4s25_1)
     1    0.035309    0.267013    0.348818    3.114564 ^ output25/X (sky130_fd_sc_hd__clkdlybuf4s25_1)
                                                         y[0] (net)
                      0.267022    0.001961    3.116525 ^ y[0] (out)
                                              3.116525   data arrival time

                                 10.000000   10.000000   clock clk (rise edge)
                                  0.000000   10.000000   clock network delay (propagated)
                                 -0.250000    9.750000   clock uncertainty
                                  0.000000    9.750000   clock reconvergence pessimism
                                 -2.000000    7.750000   output external delay
                                              7.750000   data required time
---------------------------------------------------------------------------------------------
                                              7.750000   data required time
                                             -3.116525   data arrival time
---------------------------------------------------------------------------------------------
                                              4.633475   slack (MET)


Startpoint: rst (input port clocked by clk)
Endpoint: _748_ (rising edge-triggered flip-flop clocked by clk)
Path Group: clk
Path Type: max

Fanout         Cap        Slew       Delay        Time   Description
---------------------------------------------------------------------------------------------
                                  0.000000    0.000000   clock clk (rise edge)
                                  0.000000    0.000000   clock network delay (propagated)
                                  2.000000    2.000000 ^ input external delay
     1    0.004008    0.018249    0.010996    2.010996 ^ rst (in)
                                                         rst (net)
                      0.018252    0.000000    2.010996 ^ input17/A (sky130_fd_sc_hd__clkdlybuf4s25_1)
     3    0.017591    0.137707    0.241227    2.252223 ^ input17/X (sky130_fd_sc_hd__clkdlybuf4s25_1)
                                                         net17 (net)
                      0.137710    0.000876    2.253100 ^ _369_/A (sky130_fd_sc_hd__inv_2)
     4    0.018738    0.053283    0.053126    2.306226 v _369_/Y (sky130_fd_sc_hd__inv_2)
                                                         _367_ (net)
                      0.053312    0.001021    2.307247 v fanout37/A (sky130_fd_sc_hd__clkdlybuf4s25_1)
    10    0.029166    0.149850    0.279603    2.586850 v fanout37/X (sky130_fd_sc_hd__clkdlybuf4s25_1)
                                                         net37 (net)
                      0.149856    0.001159    2.588010 v _719_/B1 (sky130_fd_sc_hd__o41a_2)
     1    0.004807    0.049234    0.127754    2.715764 v _719_/X (sky130_fd_sc_hd__o41a_2)
                                                         _012_ (net)
                      0.049234    0.000277    2.716041 v hold94/A (sky130_fd_sc_hd__dlygate4sd3_1)
     1    0.003186    0.039632    0.387568    3.103610 v hold94/X (sky130_fd_sc_hd__dlygate4sd3_1)
                                                         net94 (net)
                      0.039632    0.000240    3.103849 v _748_/D (sky130_fd_sc_hd__dfxtp_2)
                                              3.103849   data arrival time

                                 10.000000   10.000000   clock clk (rise edge)
                                  0.000000   10.000000   clock source latency
     1    0.015558    0.057047    0.037516   10.037516 ^ clk (in)
                                                         clk (net)
                      0.057159    0.000000   10.037516 ^ clkbuf_0_clk/A (sky130_fd_sc_hd__clkbuf_16)
     4    0.041654    0.046323    0.099463   10.136979 ^ clkbuf_0_clk/X (sky130_fd_sc_hd__clkbuf_16)
                                                         clknet_0_clk (net)
                      0.046492    0.001792   10.138771 ^ clkbuf_2_2__f_clk/A (sky130_fd_sc_hd__clkbuf_16)
     9    0.027160    0.036073    0.088843   10.227613 ^ clkbuf_2_2__f_clk/X (sky130_fd_sc_hd__clkbuf_16)
                                                         clknet_2_2__leaf_clk (net)
                      0.036241    0.001545   10.229158 ^ _748_/CLK (sky130_fd_sc_hd__dfxtp_2)
                                 -0.250000    9.979158   clock uncertainty
                                  0.000000    9.979158   clock reconvergence pessimism
                                 -0.073541    9.905617   library setup time
                                              9.905617   data required time
---------------------------------------------------------------------------------------------
                                              9.905617   data required time
                                             -3.103849   data arrival time
---------------------------------------------------------------------------------------------
                                              6.801768   slack (MET)


Startpoint: _755_ (rising edge-triggered flip-flop clocked by clk)
Endpoint: diag_busy (output port clocked by clk)
Path Group: clk
Path Type: max

Fanout         Cap        Slew       Delay        Time   Description
---------------------------------------------------------------------------------------------
                                  0.000000    0.000000   clock clk (rise edge)
                                  0.000000    0.000000   clock source latency
     1    0.015558    0.057047    0.041465    0.041465 ^ clk (in)
                                                         clk (net)
                      0.057159    0.000000    0.041465 ^ clkbuf_0_clk/A (sky130_fd_sc_hd__clkbuf_16)
     4    0.041654    0.046323    0.109932    0.151397 ^ clkbuf_0_clk/X (sky130_fd_sc_hd__clkbuf_16)
                                                         clknet_0_clk (net)
                      0.046521    0.002210    0.153606 ^ clkbuf_2_0__f_clk/A (sky130_fd_sc_hd__clkbuf_16)
     9    0.026534    0.035780    0.097419    0.251025 ^ clkbuf_2_0__f_clk/X (sky130_fd_sc_hd__clkbuf_16)
                                                         clknet_2_0__leaf_clk (net)
                      0.036012    0.002166    0.253191 ^ _755_/CLK (sky130_fd_sc_hd__dfxtp_2)
     6    0.025291    0.100228    0.259841    0.513032 ^ _755_/Q (sky130_fd_sc_hd__dfxtp_2)
                                                         net23 (net)
                      0.100244    0.001320    0.514351 ^ output23/A (sky130_fd_sc_hd__clkdlybuf4s25_1)
     1    0.035530    0.268723    0.356472    0.870823 ^ output23/X (sky130_fd_sc_hd__clkdlybuf4s25_1)
                                                         diag_busy (net)
                      0.268734    0.002105    0.872928 ^ diag_busy (out)
                                              0.872928   data arrival time

                                 10.000000   10.000000   clock clk (rise edge)
                                  0.000000   10.000000   clock network delay (propagated)
                                 -0.250000    9.750000   clock uncertainty
                                  0.000000    9.750000   clock reconvergence pessimism
                                 -2.000000    7.750000   output external delay
                                              7.750000   data required time
---------------------------------------------------------------------------------------------
                                              7.750000   data required time
                                             -0.872928   data arrival time
---------------------------------------------------------------------------------------------
                                              6.877072   slack (MET)


Startpoint: _756_ (rising edge-triggered flip-flop clocked by clk)
Endpoint: diag_done (output port clocked by clk)
Path Group: clk
Path Type: max

Fanout         Cap        Slew       Delay        Time   Description
---------------------------------------------------------------------------------------------
                                  0.000000    0.000000   clock clk (rise edge)
                                  0.000000    0.000000   clock source latency
     1    0.015558    0.057047    0.041465    0.041465 ^ clk (in)
                                                         clk (net)
                      0.057159    0.000000    0.041465 ^ clkbuf_0_clk/A (sky130_fd_sc_hd__clkbuf_16)
     4    0.041654    0.046323    0.109932    0.151397 ^ clkbuf_0_clk/X (sky130_fd_sc_hd__clkbuf_16)
                                                         clknet_0_clk (net)
                      0.046492    0.001981    0.153378 ^ clkbuf_2_2__f_clk/A (sky130_fd_sc_hd__clkbuf_16)
     9    0.027160    0.036073    0.098195    0.251573 ^ clkbuf_2_2__f_clk/X (sky130_fd_sc_hd__clkbuf_16)
                                                         clknet_2_2__leaf_clk (net)
                      0.036073    0.000327    0.251900 ^ _756_/CLK (sky130_fd_sc_hd__dfxtp_2)
     1    0.002815    0.021644    0.197731    0.449631 ^ _756_/Q (sky130_fd_sc_hd__dfxtp_2)
                                                         net24 (net)
                      0.021644    0.000207    0.449837 ^ output24/A (sky130_fd_sc_hd__clkdlybuf4s25_1)
     1    0.035112    0.265750    0.335048    0.784885 ^ output24/X (sky130_fd_sc_hd__clkdlybuf4s25_1)
                                                         diag_done (net)
                      0.265758    0.001879    0.786764 ^ diag_done (out)
                                              0.786764   data arrival time

                                 10.000000   10.000000   clock clk (rise edge)
                                  0.000000   10.000000   clock network delay (propagated)
                                 -0.250000    9.750000   clock uncertainty
                                  0.000000    9.750000   clock reconvergence pessimism
                                 -2.000000    7.750000   output external delay
                                              7.750000   data required time
---------------------------------------------------------------------------------------------
                                              7.750000   data required time
                                             -0.786764   data arrival time
---------------------------------------------------------------------------------------------
                                              6.963236   slack (MET)


Startpoint: start_diag (input port clocked by clk)
Endpoint: _769_ (rising edge-triggered flip-flop clocked by clk)
Path Group: clk
Path Type: max

Fanout         Cap        Slew       Delay        Time   Description
---------------------------------------------------------------------------------------------
                                  0.000000    0.000000   clock clk (rise edge)
                                  0.000000    0.000000   clock network delay (propagated)
                                  2.000000    2.000000 ^ input external delay
     1    0.003890    0.017832    0.010667    2.010667 ^ start_diag (in)
                                                         start_diag (net)
                      0.017835    0.000000    2.010667 ^ input18/A (sky130_fd_sc_hd__clkdlybuf4s25_1)
     2    0.007660    0.065895    0.188083    2.198750 ^ input18/X (sky130_fd_sc_hd__clkdlybuf4s25_1)
                                                         net18 (net)
                      0.065897    0.000512    2.199262 ^ _370_/A (sky130_fd_sc_hd__inv_2)
     1    0.003226    0.017264    0.016689    2.215951 v _370_/Y (sky130_fd_sc_hd__inv_2)
                                                         _368_ (net)
                      0.017270    0.000253    2.216204 v _718_/A1 (sky130_fd_sc_hd__a211o_2)
     1    0.002033    0.031210    0.175038    2.391242 v _718_/X (sky130_fd_sc_hd__a211o_2)
                                                         _011_ (net)
                      0.031211    0.000147    2.391390 v hold87/A (sky130_fd_sc_hd__dlygate4sd3_1)
     1    0.002453    0.036879    0.375761    2.767151 v hold87/X (sky130_fd_sc_hd__dlygate4sd3_1)
                                                         net87 (net)
                      0.036879    0.000177    2.767328 v _769_/D (sky130_fd_sc_hd__dfxtp_2)
                                              2.767328   data arrival time

                                 10.000000   10.000000   clock clk (rise edge)
                                  0.000000   10.000000   clock source latency
     1    0.015558    0.057047    0.037516   10.037516 ^ clk (in)
                                                         clk (net)
                      0.057159    0.000000   10.037516 ^ clkbuf_0_clk/A (sky130_fd_sc_hd__clkbuf_16)
     4    0.041654    0.046323    0.099463   10.136979 ^ clkbuf_0_clk/X (sky130_fd_sc_hd__clkbuf_16)
                                                         clknet_0_clk (net)
                      0.046521    0.001998   10.138977 ^ clkbuf_2_0__f_clk/A (sky130_fd_sc_hd__clkbuf_16)
     9    0.026534    0.035780    0.088141   10.227118 ^ clkbuf_2_0__f_clk/X (sky130_fd_sc_hd__clkbuf_16)
                                                         clknet_2_0__leaf_clk (net)
                      0.035998    0.001879   10.228997 ^ _769_/CLK (sky130_fd_sc_hd__dfxtp_2)
                                 -0.250000    9.978997   clock uncertainty
                                  0.000000    9.978997   clock reconvergence pessimism
                                 -0.072581    9.906416   library setup time
                                              9.906416   data required time
---------------------------------------------------------------------------------------------
                                              9.906416   data required time
                                             -2.767328   data arrival time
---------------------------------------------------------------------------------------------
                                              7.139089   slack (MET)


Startpoint: rst (input port clocked by clk)
Endpoint: _775_ (rising edge-triggered flip-flop clocked by clk)
Path Group: clk
Path Type: max

Fanout         Cap        Slew       Delay        Time   Description
---------------------------------------------------------------------------------------------
                                  0.000000    0.000000   clock clk (rise edge)
                                  0.000000    0.000000   clock network delay (propagated)
                                  2.000000    2.000000 ^ input external delay
     1    0.004008    0.018249    0.010996    2.010996 ^ rst (in)
                                                         rst (net)
                      0.018252    0.000000    2.010996 ^ input17/A (sky130_fd_sc_hd__clkdlybuf4s25_1)
     3    0.017591    0.137707    0.241227    2.252223 ^ input17/X (sky130_fd_sc_hd__clkdlybuf4s25_1)
                                                         net17 (net)
                      0.137710    0.000876    2.253100 ^ _369_/A (sky130_fd_sc_hd__inv_2)
     4    0.018738    0.053283    0.053126    2.306226 v _369_/Y (sky130_fd_sc_hd__inv_2)
                                                         _367_ (net)
                      0.053290    0.000514    2.306740 v fanout35/A (sky130_fd_sc_hd__clkdlybuf4s25_1)
    10    0.030443    0.155976    0.284756    2.591496 v fanout35/X (sky130_fd_sc_hd__clkdlybuf4s25_1)
                                                         net35 (net)
                      0.155990    0.001572    2.593068 v _712_/A (sky130_fd_sc_hd__and2_2)
     1    0.008632    0.036186    0.171635    2.764703 v _712_/X (sky130_fd_sc_hd__and2_2)
                                                         _005_ (net)
                      0.036200    0.000685    2.765388 v _775_/D (sky130_fd_sc_hd__dfxtp_2)
                                              2.765388   data arrival time

                                 10.000000   10.000000   clock clk (rise edge)
                                  0.000000   10.000000   clock source latency
     1    0.015558    0.057047    0.037516   10.037516 ^ clk (in)
                                                         clk (net)
                      0.057159    0.000000   10.037516 ^ clkbuf_0_clk/A (sky130_fd_sc_hd__clkbuf_16)
     4    0.041654    0.046323    0.099463   10.136979 ^ clkbuf_0_clk/X (sky130_fd_sc_hd__clkbuf_16)
                                                         clknet_0_clk (net)
                      0.046521    0.001998   10.138977 ^ clkbuf_2_0__f_clk/A (sky130_fd_sc_hd__clkbuf_16)
     9    0.026534    0.035780    0.088141   10.227118 ^ clkbuf_2_0__f_clk/X (sky130_fd_sc_hd__clkbuf_16)
                                                         clknet_2_0__leaf_clk (net)
                      0.036010    0.001949   10.229067 ^ _775_/CLK (sky130_fd_sc_hd__dfxtp_2)
                                 -0.250000    9.979067   clock uncertainty
                                  0.000000    9.979067   clock reconvergence pessimism
                                 -0.072338    9.906729   library setup time
                                              9.906729   data required time
---------------------------------------------------------------------------------------------
                                              9.906729   data required time
                                             -2.765388   data arrival time
---------------------------------------------------------------------------------------------
                                              7.141341   slack (MET)


Startpoint: rst (input port clocked by clk)
Endpoint: _761_ (rising edge-triggered flip-flop clocked by clk)
Path Group: clk
Path Type: max

Fanout         Cap        Slew       Delay        Time   Description
---------------------------------------------------------------------------------------------
                                  0.000000    0.000000   clock clk (rise edge)
                                  0.000000    0.000000   clock network delay (propagated)
                                  2.000000    2.000000 ^ input external delay
     1    0.004008    0.018249    0.010996    2.010996 ^ rst (in)
                                                         rst (net)
                      0.018252    0.000000    2.010996 ^ input17/A (sky130_fd_sc_hd__clkdlybuf4s25_1)
     3    0.017591    0.137707    0.241227    2.252223 ^ input17/X (sky130_fd_sc_hd__clkdlybuf4s25_1)
                                                         net17 (net)
                      0.137710    0.000876    2.253100 ^ _369_/A (sky130_fd_sc_hd__inv_2)
     4    0.018738    0.053283    0.053126    2.306226 v _369_/Y (sky130_fd_sc_hd__inv_2)
                                                         _367_ (net)
                      0.053312    0.001021    2.307247 v fanout37/A (sky130_fd_sc_hd__clkdlybuf4s25_1)
    10    0.029166    0.149850    0.279603    2.586850 v fanout37/X (sky130_fd_sc_hd__clkdlybuf4s25_1)
                                                         net37 (net)
                      0.149871    0.001853    2.588704 v _740_/B (sky130_fd_sc_hd__and2_2)
     1    0.002584    0.026841    0.168843    2.757547 v _740_/X (sky130_fd_sc_hd__and2_2)
                                                         _025_ (net)
                      0.026841    0.000181    2.757728 v _761_/D (sky130_fd_sc_hd__dfxtp_2)
                                              2.757728   data arrival time

                                 10.000000   10.000000   clock clk (rise edge)
                                  0.000000   10.000000   clock source latency
     1    0.015558    0.057047    0.037516   10.037516 ^ clk (in)
                                                         clk (net)
                      0.057159    0.000000   10.037516 ^ clkbuf_0_clk/A (sky130_fd_sc_hd__clkbuf_16)
     4    0.041654    0.046323    0.099463   10.136979 ^ clkbuf_0_clk/X (sky130_fd_sc_hd__clkbuf_16)
                                                         clknet_0_clk (net)
                      0.046515    0.001960   10.138939 ^ clkbuf_2_3__f_clk/A (sky130_fd_sc_hd__clkbuf_16)
     9    0.025875    0.035317    0.087615   10.226554 ^ clkbuf_2_3__f_clk/X (sky130_fd_sc_hd__clkbuf_16)
                                                         clknet_2_3__leaf_clk (net)
                      0.035553    0.001932   10.228486 ^ _761_/CLK (sky130_fd_sc_hd__dfxtp_2)
                                 -0.250000    9.978486   clock uncertainty
                                  0.000000    9.978486   clock reconvergence pessimism
                                 -0.069040    9.909446   library setup time
                                              9.909446   data required time
---------------------------------------------------------------------------------------------
                                              9.909446   data required time
                                             -2.757728   data arrival time
---------------------------------------------------------------------------------------------
                                              7.151718   slack (MET)


Startpoint: rst (input port clocked by clk)
Endpoint: _751_ (rising edge-triggered flip-flop clocked by clk)
Path Group: clk
Path Type: max

Fanout         Cap        Slew       Delay        Time   Description
---------------------------------------------------------------------------------------------
                                  0.000000    0.000000   clock clk (rise edge)
                                  0.000000    0.000000   clock network delay (propagated)
                                  2.000000    2.000000 ^ input external delay
     1    0.004008    0.018249    0.010996    2.010996 ^ rst (in)
                                                         rst (net)
                      0.018252    0.000000    2.010996 ^ input17/A (sky130_fd_sc_hd__clkdlybuf4s25_1)
     3    0.017591    0.137707    0.241227    2.252223 ^ input17/X (sky130_fd_sc_hd__clkdlybuf4s25_1)
                                                         net17 (net)
                      0.137710    0.000876    2.253100 ^ _369_/A (sky130_fd_sc_hd__inv_2)
     4    0.018738    0.053283    0.053126    2.306226 v _369_/Y (sky130_fd_sc_hd__inv_2)
                                                         _367_ (net)
                      0.053290    0.000514    2.306740 v fanout35/A (sky130_fd_sc_hd__clkdlybuf4s25_1)
    10    0.030443    0.155976    0.284756    2.591496 v fanout35/X (sky130_fd_sc_hd__clkdlybuf4s25_1)
                                                         net35 (net)
                      0.155977    0.000609    2.592105 v _726_/A (sky130_fd_sc_hd__and2_2)
     1    0.004433    0.029877    0.162156    2.754261 v _726_/X (sky130_fd_sc_hd__and2_2)
                                                         _015_ (net)
                      0.029877    0.000423    2.754684 v _751_/D (sky130_fd_sc_hd__dfxtp_2)
                                              2.754684   data arrival time

                                 10.000000   10.000000   clock clk (rise edge)
                                  0.000000   10.000000   clock source latency
     1    0.015558    0.057047    0.037516   10.037516 ^ clk (in)
                                                         clk (net)
                      0.057159    0.000000   10.037516 ^ clkbuf_0_clk/A (sky130_fd_sc_hd__clkbuf_16)
     4    0.041654    0.046323    0.099463   10.136979 ^ clkbuf_0_clk/X (sky130_fd_sc_hd__clkbuf_16)
                                                         clknet_0_clk (net)
                      0.046498    0.001840   10.138819 ^ clkbuf_2_1__f_clk/A (sky130_fd_sc_hd__clkbuf_16)
     9    0.024737    0.034478    0.087166   10.225985 ^ clkbuf_2_1__f_clk/X (sky130_fd_sc_hd__clkbuf_16)
                                                         clknet_2_1__leaf_clk (net)
                      0.034529    0.001074   10.227058 ^ _751_/CLK (sky130_fd_sc_hd__dfxtp_2)
                                 -0.250000    9.977058   clock uncertainty
                                  0.000000    9.977058   clock reconvergence pessimism
                                 -0.070222    9.906837   library setup time
                                              9.906837   data required time
---------------------------------------------------------------------------------------------
                                              9.906837   data required time
                                             -2.754684   data arrival time
---------------------------------------------------------------------------------------------
                                              7.152153   slack (MET)


Startpoint: rst (input port clocked by clk)
Endpoint: _780_ (rising edge-triggered flip-flop clocked by clk)
Path Group: clk
Path Type: max

Fanout         Cap        Slew       Delay        Time   Description
---------------------------------------------------------------------------------------------
                                  0.000000    0.000000   clock clk (rise edge)
                                  0.000000    0.000000   clock network delay (propagated)
                                  2.000000    2.000000 ^ input external delay
     1    0.004008    0.018249    0.010996    2.010996 ^ rst (in)
                                                         rst (net)
                      0.018252    0.000000    2.010996 ^ input17/A (sky130_fd_sc_hd__clkdlybuf4s25_1)
     3    0.017591    0.137707    0.241227    2.252223 ^ input17/X (sky130_fd_sc_hd__clkdlybuf4s25_1)
                                                         net17 (net)
                      0.137710    0.000876    2.253100 ^ _369_/A (sky130_fd_sc_hd__inv_2)
     4    0.018738    0.053283    0.053126    2.306226 v _369_/Y (sky130_fd_sc_hd__inv_2)
                                                         _367_ (net)
                      0.053312    0.001021    2.307247 v fanout37/A (sky130_fd_sc_hd__clkdlybuf4s25_1)
    10    0.029166    0.149850    0.279603    2.586850 v fanout37/X (sky130_fd_sc_hd__clkdlybuf4s25_1)
                                                         net37 (net)
                      0.149869    0.001747    2.588597 v _706_/B (sky130_fd_sc_hd__and2_2)
     1    0.002348    0.026389    0.168073    2.756670 v _706_/X (sky130_fd_sc_hd__and2_2)
                                                         _010_ (net)
                      0.026389    0.000170    2.756840 v _780_/D (sky130_fd_sc_hd__dfxtp_2)
                                              2.756840   data arrival time

                                 10.000000   10.000000   clock clk (rise edge)
                                  0.000000   10.000000   clock source latency
     1    0.015558    0.057047    0.037516   10.037516 ^ clk (in)
                                                         clk (net)
                      0.057159    0.000000   10.037516 ^ clkbuf_0_clk/A (sky130_fd_sc_hd__clkbuf_16)
     4    0.041654    0.046323    0.099463   10.136979 ^ clkbuf_0_clk/X (sky130_fd_sc_hd__clkbuf_16)
                                                         clknet_0_clk (net)
                      0.046492    0.001792   10.138771 ^ clkbuf_2_2__f_clk/A (sky130_fd_sc_hd__clkbuf_16)
     9    0.027160    0.036073    0.088843   10.227613 ^ clkbuf_2_2__f_clk/X (sky130_fd_sc_hd__clkbuf_16)
                                                         clknet_2_2__leaf_clk (net)
                      0.036073    0.000283   10.227897 ^ _780_/CLK (sky130_fd_sc_hd__dfxtp_2)
                                 -0.250000    9.977897   clock uncertainty
                                  0.000000    9.977897   clock reconvergence pessimism
                                 -0.068828    9.909068   library setup time
                                              9.909068   data required time
---------------------------------------------------------------------------------------------
                                              9.909068   data required time
                                             -2.756840   data arrival time
---------------------------------------------------------------------------------------------
                                              7.152228   slack (MET)


Startpoint: rst (input port clocked by clk)
Endpoint: _762_ (rising edge-triggered flip-flop clocked by clk)
Path Group: clk
Path Type: max

Fanout         Cap        Slew       Delay        Time   Description
---------------------------------------------------------------------------------------------
                                  0.000000    0.000000   clock clk (rise edge)
                                  0.000000    0.000000   clock network delay (propagated)
                                  2.000000    2.000000 ^ input external delay
     1    0.004008    0.018249    0.010996    2.010996 ^ rst (in)
                                                         rst (net)
                      0.018252    0.000000    2.010996 ^ input17/A (sky130_fd_sc_hd__clkdlybuf4s25_1)
     3    0.017591    0.137707    0.241227    2.252223 ^ input17/X (sky130_fd_sc_hd__clkdlybuf4s25_1)
                                                         net17 (net)
                      0.137710    0.000876    2.253100 ^ _369_/A (sky130_fd_sc_hd__inv_2)
     4    0.018738    0.053283    0.053126    2.306226 v _369_/Y (sky130_fd_sc_hd__inv_2)
                                                         _367_ (net)
                      0.053312    0.001021    2.307247 v fanout37/A (sky130_fd_sc_hd__clkdlybuf4s25_1)
    10    0.029166    0.149850    0.279603    2.586850 v fanout37/X (sky130_fd_sc_hd__clkdlybuf4s25_1)
                                                         net37 (net)
                      0.149872    0.001869    2.588720 v _741_/B (sky130_fd_sc_hd__and2_2)
     1    0.002261    0.026220    0.167792    2.756511 v _741_/X (sky130_fd_sc_hd__and2_2)
                                                         _026_ (net)
                      0.026221    0.000161    2.756672 v _762_/D (sky130_fd_sc_hd__dfxtp_2)
                                              2.756672   data arrival time

                                 10.000000   10.000000   clock clk (rise edge)
                                  0.000000   10.000000   clock source latency
     1    0.015558    0.057047    0.037516   10.037516 ^ clk (in)
                                                         clk (net)
                      0.057159    0.000000   10.037516 ^ clkbuf_0_clk/A (sky130_fd_sc_hd__clkbuf_16)
     4    0.041654    0.046323    0.099463   10.136979 ^ clkbuf_0_clk/X (sky130_fd_sc_hd__clkbuf_16)
                                                         clknet_0_clk (net)
                      0.046515    0.001960   10.138939 ^ clkbuf_2_3__f_clk/A (sky130_fd_sc_hd__clkbuf_16)
     9    0.025875    0.035317    0.087615   10.226554 ^ clkbuf_2_3__f_clk/X (sky130_fd_sc_hd__clkbuf_16)
                                                         clknet_2_3__leaf_clk (net)
                      0.035558    0.001958   10.228512 ^ _762_/CLK (sky130_fd_sc_hd__dfxtp_2)
                                 -0.250000    9.978512   clock uncertainty
                                  0.000000    9.978512   clock reconvergence pessimism
                                 -0.068818    9.909694   library setup time
                                              9.909694   data required time
---------------------------------------------------------------------------------------------
                                              9.909694   data required time
                                             -2.756672   data arrival time
---------------------------------------------------------------------------------------------
                                              7.153021   slack (MET)


Startpoint: rst (input port clocked by clk)
Endpoint: _752_ (rising edge-triggered flip-flop clocked by clk)
Path Group: clk
Path Type: max

Fanout         Cap        Slew       Delay        Time   Description
---------------------------------------------------------------------------------------------
                                  0.000000    0.000000   clock clk (rise edge)
                                  0.000000    0.000000   clock network delay (propagated)
                                  2.000000    2.000000 ^ input external delay
     1    0.004008    0.018249    0.010996    2.010996 ^ rst (in)
                                                         rst (net)
                      0.018252    0.000000    2.010996 ^ input17/A (sky130_fd_sc_hd__clkdlybuf4s25_1)
     3    0.017591    0.137707    0.241227    2.252223 ^ input17/X (sky130_fd_sc_hd__clkdlybuf4s25_1)
                                                         net17 (net)
                      0.137710    0.000876    2.253100 ^ _369_/A (sky130_fd_sc_hd__inv_2)
     4    0.018738    0.053283    0.053126    2.306226 v _369_/Y (sky130_fd_sc_hd__inv_2)
                                                         _367_ (net)
                      0.053290    0.000514    2.306740 v fanout35/A (sky130_fd_sc_hd__clkdlybuf4s25_1)
    10    0.030443    0.155976    0.284756    2.591496 v fanout35/X (sky130_fd_sc_hd__clkdlybuf4s25_1)
                                                         net35 (net)
                      0.155977    0.000639    2.592135 v _728_/A (sky130_fd_sc_hd__and2_2)
     1    0.003179    0.027171    0.158252    2.750387 v _728_/X (sky130_fd_sc_hd__and2_2)
                                                         _016_ (net)
                      0.027171    0.000233    2.750620 v _752_/D (sky130_fd_sc_hd__dfxtp_2)
                                              2.750620   data arrival time

                                 10.000000   10.000000   clock clk (rise edge)
                                  0.000000   10.000000   clock source latency
     1    0.015558    0.057047    0.037516   10.037516 ^ clk (in)
                                                         clk (net)
                      0.057159    0.000000   10.037516 ^ clkbuf_0_clk/A (sky130_fd_sc_hd__clkbuf_16)
     4    0.041654    0.046323    0.099463   10.136979 ^ clkbuf_0_clk/X (sky130_fd_sc_hd__clkbuf_16)
                                                         clknet_0_clk (net)
                      0.046498    0.001840   10.138819 ^ clkbuf_2_1__f_clk/A (sky130_fd_sc_hd__clkbuf_16)
     9    0.024737    0.034478    0.087166   10.225985 ^ clkbuf_2_1__f_clk/X (sky130_fd_sc_hd__clkbuf_16)
                                                         clknet_2_1__leaf_clk (net)
                      0.034576    0.001452   10.227437 ^ _752_/CLK (sky130_fd_sc_hd__dfxtp_2)
                                 -0.250000    9.977437   clock uncertainty
                                  0.000000    9.977437   clock reconvergence pessimism
                                 -0.069252    9.908185   library setup time
                                              9.908185   data required time
---------------------------------------------------------------------------------------------
                                              9.908185   data required time
                                             -2.750620   data arrival time
---------------------------------------------------------------------------------------------
                                              7.157565   slack (MET)


Startpoint: rst (input port clocked by clk)
Endpoint: _771_ (rising edge-triggered flip-flop clocked by clk)
Path Group: clk
Path Type: max

Fanout         Cap        Slew       Delay        Time   Description
---------------------------------------------------------------------------------------------
                                  0.000000    0.000000   clock clk (rise edge)
                                  0.000000    0.000000   clock network delay (propagated)
                                  2.000000    2.000000 ^ input external delay
     1    0.004008    0.018249    0.010996    2.010996 ^ rst (in)
                                                         rst (net)
                      0.018252    0.000000    2.010996 ^ input17/A (sky130_fd_sc_hd__clkdlybuf4s25_1)
     3    0.017591    0.137707    0.241227    2.252223 ^ input17/X (sky130_fd_sc_hd__clkdlybuf4s25_1)
                                                         net17 (net)
                      0.137710    0.000876    2.253100 ^ _369_/A (sky130_fd_sc_hd__inv_2)
     4    0.018738    0.053283    0.053126    2.306226 v _369_/Y (sky130_fd_sc_hd__inv_2)
                                                         _367_ (net)
                      0.053290    0.000514    2.306740 v fanout35/A (sky130_fd_sc_hd__clkdlybuf4s25_1)
    10    0.030443    0.155976    0.284756    2.591496 v fanout35/X (sky130_fd_sc_hd__clkdlybuf4s25_1)
                                                         net35 (net)
                      0.155987    0.001409    2.592905 v _716_/A (sky130_fd_sc_hd__and2_2)
     1    0.002924    0.026672    0.157460    2.750365 v _716_/X (sky130_fd_sc_hd__and2_2)
                                                         _001_ (net)
                      0.026672    0.000208    2.750573 v _771_/D (sky130_fd_sc_hd__dfxtp_2)
                                              2.750573   data arrival time

                                 10.000000   10.000000   clock clk (rise edge)
                                  0.000000   10.000000   clock source latency
     1    0.015558    0.057047    0.037516   10.037516 ^ clk (in)
                                                         clk (net)
                      0.057159    0.000000   10.037516 ^ clkbuf_0_clk/A (sky130_fd_sc_hd__clkbuf_16)
     4    0.041654    0.046323    0.099463   10.136979 ^ clkbuf_0_clk/X (sky130_fd_sc_hd__clkbuf_16)
                                                         clknet_0_clk (net)
                      0.046521    0.001998   10.138977 ^ clkbuf_2_0__f_clk/A (sky130_fd_sc_hd__clkbuf_16)
     9    0.026534    0.035780    0.088141   10.227118 ^ clkbuf_2_0__f_clk/X (sky130_fd_sc_hd__clkbuf_16)
                                                         clknet_2_0__leaf_clk (net)
                      0.035899    0.001246   10.228364 ^ _771_/CLK (sky130_fd_sc_hd__dfxtp_2)
                                 -0.250000    9.978364   clock uncertainty
                                  0.000000    9.978364   clock reconvergence pessimism
                                 -0.068946    9.909417   library setup time
                                              9.909417   data required time
---------------------------------------------------------------------------------------------
                                              9.909417   data required time
                                             -2.750573   data arrival time
---------------------------------------------------------------------------------------------
                                              7.158844   slack (MET)


Startpoint: rst (input port clocked by clk)
Endpoint: _755_ (rising edge-triggered flip-flop clocked by clk)
Path Group: clk
Path Type: max

Fanout         Cap        Slew       Delay        Time   Description
---------------------------------------------------------------------------------------------
                                  0.000000    0.000000   clock clk (rise edge)
                                  0.000000    0.000000   clock network delay (propagated)
                                  2.000000    2.000000 ^ input external delay
     1    0.004008    0.018249    0.010996    2.010996 ^ rst (in)
                                                         rst (net)
                      0.018252    0.000000    2.010996 ^ input17/A (sky130_fd_sc_hd__clkdlybuf4s25_1)
     3    0.017591    0.137707    0.241227    2.252223 ^ input17/X (sky130_fd_sc_hd__clkdlybuf4s25_1)
                                                         net17 (net)
                      0.137710    0.000876    2.253100 ^ _369_/A (sky130_fd_sc_hd__inv_2)
     4    0.018738    0.053283    0.053126    2.306226 v _369_/Y (sky130_fd_sc_hd__inv_2)
                                                         _367_ (net)
                      0.053290    0.000514    2.306740 v fanout35/A (sky130_fd_sc_hd__clkdlybuf4s25_1)
    10    0.030443    0.155976    0.284756    2.591496 v fanout35/X (sky130_fd_sc_hd__clkdlybuf4s25_1)
                                                         net35 (net)
                      0.155977    0.000568    2.592064 v _734_/A (sky130_fd_sc_hd__and2_2)
     1    0.003279    0.027348    0.158567    2.750630 v _734_/X (sky130_fd_sc_hd__and2_2)
                                                         _019_ (net)
                      0.027348    0.000236    2.750867 v _755_/D (sky130_fd_sc_hd__dfxtp_2)
                                              2.750867   data arrival time

                                 10.000000   10.000000   clock clk (rise edge)
                                  0.000000   10.000000   clock source latency
     1    0.015558    0.057047    0.037516   10.037516 ^ clk (in)
                                                         clk (net)
                      0.057159    0.000000   10.037516 ^ clkbuf_0_clk/A (sky130_fd_sc_hd__clkbuf_16)
     4    0.041654    0.046323    0.099463   10.136979 ^ clkbuf_0_clk/X (sky130_fd_sc_hd__clkbuf_16)
                                                         clknet_0_clk (net)
                      0.046521    0.001998   10.138977 ^ clkbuf_2_0__f_clk/A (sky130_fd_sc_hd__clkbuf_16)
     9    0.026534    0.035780    0.088141   10.227118 ^ clkbuf_2_0__f_clk/X (sky130_fd_sc_hd__clkbuf_16)
                                                         clknet_2_0__leaf_clk (net)
                      0.036012    0.001959   10.229077 ^ _755_/CLK (sky130_fd_sc_hd__dfxtp_2)
                                 -0.250000    9.979077   clock uncertainty
                                  0.000000    9.979077   clock reconvergence pessimism
                                 -0.069177    9.909901   library setup time
                                              9.909901   data required time
---------------------------------------------------------------------------------------------
                                              9.909901   data required time
                                             -2.750867   data arrival time
---------------------------------------------------------------------------------------------
                                              7.159034   slack (MET)


Startpoint: rst (input port clocked by clk)
Endpoint: _753_ (rising edge-triggered flip-flop clocked by clk)
Path Group: clk
Path Type: max

Fanout         Cap        Slew       Delay        Time   Description
---------------------------------------------------------------------------------------------
                                  0.000000    0.000000   clock clk (rise edge)
                                  0.000000    0.000000   clock network delay (propagated)
                                  2.000000    2.000000 ^ input external delay
     1    0.004008    0.018249    0.010996    2.010996 ^ rst (in)
                                                         rst (net)
                      0.018252    0.000000    2.010996 ^ input17/A (sky130_fd_sc_hd__clkdlybuf4s25_1)
     3    0.017591    0.137707    0.241227    2.252223 ^ input17/X (sky130_fd_sc_hd__clkdlybuf4s25_1)
                                                         net17 (net)
                      0.137710    0.000876    2.253100 ^ _369_/A (sky130_fd_sc_hd__inv_2)
     4    0.018738    0.053283    0.053126    2.306226 v _369_/Y (sky130_fd_sc_hd__inv_2)
                                                         _367_ (net)
                      0.053290    0.000514    2.306740 v fanout35/A (sky130_fd_sc_hd__clkdlybuf4s25_1)
    10    0.030443    0.155976    0.284756    2.591496 v fanout35/X (sky130_fd_sc_hd__clkdlybuf4s25_1)
                                                         net35 (net)
                      0.155977    0.000697    2.592193 v _730_/A (sky130_fd_sc_hd__and2_2)
     1    0.002664    0.026205    0.156643    2.748836 v _730_/X (sky130_fd_sc_hd__and2_2)
                                                         _017_ (net)
                      0.026205    0.000183    2.749019 v _753_/D (sky130_fd_sc_hd__dfxtp_2)
                                              2.749019   data arrival time

                                 10.000000   10.000000   clock clk (rise edge)
                                  0.000000   10.000000   clock source latency
     1    0.015558    0.057047    0.037516   10.037516 ^ clk (in)
                                                         clk (net)
                      0.057159    0.000000   10.037516 ^ clkbuf_0_clk/A (sky130_fd_sc_hd__clkbuf_16)
     4    0.041654    0.046323    0.099463   10.136979 ^ clkbuf_0_clk/X (sky130_fd_sc_hd__clkbuf_16)
                                                         clknet_0_clk (net)
                      0.046498    0.001840   10.138819 ^ clkbuf_2_1__f_clk/A (sky130_fd_sc_hd__clkbuf_16)
     9    0.024737    0.034478    0.087166   10.225985 ^ clkbuf_2_1__f_clk/X (sky130_fd_sc_hd__clkbuf_16)
                                                         clknet_2_1__leaf_clk (net)
                      0.034570    0.001410   10.227395 ^ _753_/CLK (sky130_fd_sc_hd__dfxtp_2)
                                 -0.250000    9.977395   clock uncertainty
                                  0.000000    9.977395   clock reconvergence pessimism
                                 -0.068907    9.908487   library setup time
                                              9.908487   data required time
---------------------------------------------------------------------------------------------
                                              9.908487   data required time
                                             -2.749019   data arrival time
---------------------------------------------------------------------------------------------
                                              7.159469   slack (MET)


Startpoint: rst (input port clocked by clk)
Endpoint: _772_ (rising edge-triggered flip-flop clocked by clk)
Path Group: clk
Path Type: max

Fanout         Cap        Slew       Delay        Time   Description
---------------------------------------------------------------------------------------------
                                  0.000000    0.000000   clock clk (rise edge)
                                  0.000000    0.000000   clock network delay (propagated)
                                  2.000000    2.000000 ^ input external delay
     1    0.004008    0.018249    0.010996    2.010996 ^ rst (in)
                                                         rst (net)
                      0.018252    0.000000    2.010996 ^ input17/A (sky130_fd_sc_hd__clkdlybuf4s25_1)
     3    0.017591    0.137707    0.241227    2.252223 ^ input17/X (sky130_fd_sc_hd__clkdlybuf4s25_1)
                                                         net17 (net)
                      0.137710    0.000876    2.253100 ^ _369_/A (sky130_fd_sc_hd__inv_2)
     4    0.018738    0.053283    0.053126    2.306226 v _369_/Y (sky130_fd_sc_hd__inv_2)
                                                         _367_ (net)
                      0.053290    0.000514    2.306740 v fanout35/A (sky130_fd_sc_hd__clkdlybuf4s25_1)
    10    0.030443    0.155976    0.284756    2.591496 v fanout35/X (sky130_fd_sc_hd__clkdlybuf4s25_1)
                                                         net35 (net)
                      0.155985    0.001322    2.592818 v _715_/A (sky130_fd_sc_hd__and2_2)
     1    0.002629    0.026121    0.156531    2.749349 v _715_/X (sky130_fd_sc_hd__and2_2)
                                                         _002_ (net)
                      0.026121    0.000200    2.749549 v _772_/D (sky130_fd_sc_hd__dfxtp_2)
                                              2.749549   data arrival time

                                 10.000000   10.000000   clock clk (rise edge)
                                  0.000000   10.000000   clock source latency
     1    0.015558    0.057047    0.037516   10.037516 ^ clk (in)
                                                         clk (net)
                      0.057159    0.000000   10.037516 ^ clkbuf_0_clk/A (sky130_fd_sc_hd__clkbuf_16)
     4    0.041654    0.046323    0.099463   10.136979 ^ clkbuf_0_clk/X (sky130_fd_sc_hd__clkbuf_16)
                                                         clknet_0_clk (net)
                      0.046521    0.001998   10.138977 ^ clkbuf_2_0__f_clk/A (sky130_fd_sc_hd__clkbuf_16)
     9    0.026534    0.035780    0.088141   10.227118 ^ clkbuf_2_0__f_clk/X (sky130_fd_sc_hd__clkbuf_16)
                                                         clknet_2_0__leaf_clk (net)
                      0.035960    0.001657   10.228775 ^ _772_/CLK (sky130_fd_sc_hd__dfxtp_2)
                                 -0.250000    9.978775   clock uncertainty
                                  0.000000    9.978775   clock reconvergence pessimism
                                 -0.068744    9.910032   library setup time
                                              9.910032   data required time
---------------------------------------------------------------------------------------------
                                              9.910032   data required time
                                             -2.749549   data arrival time
---------------------------------------------------------------------------------------------
                                              7.160483   slack (MET)


Startpoint: rst (input port clocked by clk)
Endpoint: _770_ (rising edge-triggered flip-flop clocked by clk)
Path Group: clk
Path Type: max

Fanout         Cap        Slew       Delay        Time   Description
---------------------------------------------------------------------------------------------
                                  0.000000    0.000000   clock clk (rise edge)
                                  0.000000    0.000000   clock network delay (propagated)
                                  2.000000    2.000000 ^ input external delay
     1    0.004008    0.018249    0.010996    2.010996 ^ rst (in)
                                                         rst (net)
                      0.018252    0.000000    2.010996 ^ input17/A (sky130_fd_sc_hd__clkdlybuf4s25_1)
     3    0.017591    0.137707    0.241227    2.252223 ^ input17/X (sky130_fd_sc_hd__clkdlybuf4s25_1)
                                                         net17 (net)
                      0.137710    0.000876    2.253100 ^ _369_/A (sky130_fd_sc_hd__inv_2)
     4    0.018738    0.053283    0.053126    2.306226 v _369_/Y (sky130_fd_sc_hd__inv_2)
                                                         _367_ (net)
                      0.053290    0.000514    2.306740 v fanout35/A (sky130_fd_sc_hd__clkdlybuf4s25_1)
    10    0.030443    0.155976    0.284756    2.591496 v fanout35/X (sky130_fd_sc_hd__clkdlybuf4s25_1)
                                                         net35 (net)
                      0.155993    0.001729    2.593225 v _717_/A (sky130_fd_sc_hd__and2_2)
     1    0.002291    0.025493    0.155477    2.748702 v _717_/X (sky130_fd_sc_hd__and2_2)
                                                         _000_ (net)
                      0.025494    0.000165    2.748866 v _770_/D (sky130_fd_sc_hd__dfxtp_2)
                                              2.748866   data arrival time

                                 10.000000   10.000000   clock clk (rise edge)
                                  0.000000   10.000000   clock source latency
     1    0.015558    0.057047    0.037516   10.037516 ^ clk (in)
                                                         clk (net)
                      0.057159    0.000000   10.037516 ^ clkbuf_0_clk/A (sky130_fd_sc_hd__clkbuf_16)
     4    0.041654    0.046323    0.099463   10.136979 ^ clkbuf_0_clk/X (sky130_fd_sc_hd__clkbuf_16)
                                                         clknet_0_clk (net)
                      0.046521    0.001998   10.138977 ^ clkbuf_2_0__f_clk/A (sky130_fd_sc_hd__clkbuf_16)
     9    0.026534    0.035780    0.088141   10.227118 ^ clkbuf_2_0__f_clk/X (sky130_fd_sc_hd__clkbuf_16)
                                                         clknet_2_0__leaf_clk (net)
                      0.035897    0.001232   10.228350 ^ _770_/CLK (sky130_fd_sc_hd__dfxtp_2)
                                 -0.250000    9.978350   clock uncertainty
                                  0.000000    9.978350   clock reconvergence pessimism
                                 -0.068526    9.909824   library setup time
                                              9.909824   data required time
---------------------------------------------------------------------------------------------
                                              9.909824   data required time
                                             -2.748866   data arrival time
---------------------------------------------------------------------------------------------
                                              7.160958   slack (MET)


Startpoint: rst (input port clocked by clk)
Endpoint: _778_ (rising edge-triggered flip-flop clocked by clk)
Path Group: clk
Path Type: max

Fanout         Cap        Slew       Delay        Time   Description
---------------------------------------------------------------------------------------------
                                  0.000000    0.000000   clock clk (rise edge)
                                  0.000000    0.000000   clock network delay (propagated)
                                  2.000000    2.000000 ^ input external delay
     1    0.004008    0.018249    0.010996    2.010996 ^ rst (in)
                                                         rst (net)
                      0.018252    0.000000    2.010996 ^ input17/A (sky130_fd_sc_hd__clkdlybuf4s25_1)
     3    0.017591    0.137707    0.241227    2.252223 ^ input17/X (sky130_fd_sc_hd__clkdlybuf4s25_1)
                                                         net17 (net)
                      0.137710    0.000876    2.253100 ^ _369_/A (sky130_fd_sc_hd__inv_2)
     4    0.018738    0.053283    0.053126    2.306226 v _369_/Y (sky130_fd_sc_hd__inv_2)
                                                         _367_ (net)
                      0.053290    0.000514    2.306740 v fanout35/A (sky130_fd_sc_hd__clkdlybuf4s25_1)
    10    0.030443    0.155976    0.284756    2.591496 v fanout35/X (sky130_fd_sc_hd__clkdlybuf4s25_1)
                                                         net35 (net)
                      0.155986    0.001356    2.592852 v _708_/A (sky130_fd_sc_hd__and2_2)
     1    0.002164    0.025249    0.155071    2.747924 v _708_/X (sky130_fd_sc_hd__and2_2)
                                                         _008_ (net)
                      0.025249    0.000160    2.748084 v _778_/D (sky130_fd_sc_hd__dfxtp_2)
                                              2.748084   data arrival time

                                 10.000000   10.000000   clock clk (rise edge)
                                  0.000000   10.000000   clock source latency
     1    0.015558    0.057047    0.037516   10.037516 ^ clk (in)
                                                         clk (net)
                      0.057159    0.000000   10.037516 ^ clkbuf_0_clk/A (sky130_fd_sc_hd__clkbuf_16)
     4    0.041654    0.046323    0.099463   10.136979 ^ clkbuf_0_clk/X (sky130_fd_sc_hd__clkbuf_16)
                                                         clknet_0_clk (net)
                      0.046521    0.001998   10.138977 ^ clkbuf_2_0__f_clk/A (sky130_fd_sc_hd__clkbuf_16)
     9    0.026534    0.035780    0.088141   10.227118 ^ clkbuf_2_0__f_clk/X (sky130_fd_sc_hd__clkbuf_16)
                                                         clknet_2_0__leaf_clk (net)
                      0.035942    0.001546   10.228664 ^ _778_/CLK (sky130_fd_sc_hd__dfxtp_2)
                                 -0.250000    9.978664   clock uncertainty
                                  0.000000    9.978664   clock reconvergence pessimism
                                 -0.068434    9.910231   library setup time
                                              9.910231   data required time
---------------------------------------------------------------------------------------------
                                              9.910231   data required time
                                             -2.748084   data arrival time
---------------------------------------------------------------------------------------------
                                              7.162147   slack (MET)


Startpoint: rst (input port clocked by clk)
Endpoint: _779_ (rising edge-triggered flip-flop clocked by clk)
Path Group: clk
Path Type: max

Fanout         Cap        Slew       Delay        Time   Description
---------------------------------------------------------------------------------------------
                                  0.000000    0.000000   clock clk (rise edge)
                                  0.000000    0.000000   clock network delay (propagated)
                                  2.000000    2.000000 ^ input external delay
     1    0.004008    0.018249    0.010996    2.010996 ^ rst (in)
                                                         rst (net)
                      0.018252    0.000000    2.010996 ^ input17/A (sky130_fd_sc_hd__clkdlybuf4s25_1)
     3    0.017591    0.137707    0.241227    2.252223 ^ input17/X (sky130_fd_sc_hd__clkdlybuf4s25_1)
                                                         net17 (net)
                      0.137710    0.000876    2.253100 ^ _369_/A (sky130_fd_sc_hd__inv_2)
     4    0.018738    0.053283    0.053126    2.306226 v _369_/Y (sky130_fd_sc_hd__inv_2)
                                                         _367_ (net)
                      0.053312    0.001021    2.307247 v fanout37/A (sky130_fd_sc_hd__clkdlybuf4s25_1)
    10    0.029166    0.149850    0.279603    2.586850 v fanout37/X (sky130_fd_sc_hd__clkdlybuf4s25_1)
                                                         net37 (net)
                      0.149859    0.001325    2.588176 v _707_/A (sky130_fd_sc_hd__and2_2)
     1    0.003507    0.027763    0.156882    2.745058 v _707_/X (sky130_fd_sc_hd__and2_2)
                                                         _009_ (net)
                      0.027763    0.000237    2.745295 v _779_/D (sky130_fd_sc_hd__dfxtp_2)
                                              2.745295   data arrival time

                                 10.000000   10.000000   clock clk (rise edge)
                                  0.000000   10.000000   clock source latency
     1    0.015558    0.057047    0.037516   10.037516 ^ clk (in)
                                                         clk (net)
                      0.057159    0.000000   10.037516 ^ clkbuf_0_clk/A (sky130_fd_sc_hd__clkbuf_16)
     4    0.041654    0.046323    0.099463   10.136979 ^ clkbuf_0_clk/X (sky130_fd_sc_hd__clkbuf_16)
                                                         clknet_0_clk (net)
                      0.046492    0.001792   10.138771 ^ clkbuf_2_2__f_clk/A (sky130_fd_sc_hd__clkbuf_16)
     9    0.027160    0.036073    0.088843   10.227613 ^ clkbuf_2_2__f_clk/X (sky130_fd_sc_hd__clkbuf_16)
                                                         clknet_2_2__leaf_clk (net)
                      0.036073    0.000295   10.227908 ^ _779_/CLK (sky130_fd_sc_hd__dfxtp_2)
                                 -0.250000    9.977908   clock uncertainty
                                  0.000000    9.977908   clock reconvergence pessimism
                                 -0.069319    9.908589   library setup time
                                              9.908589   data required time
---------------------------------------------------------------------------------------------
                                              9.908589   data required time
                                             -2.745295   data arrival time
---------------------------------------------------------------------------------------------
                                              7.163295   slack (MET)


Startpoint: rst (input port clocked by clk)
Endpoint: _776_ (rising edge-triggered flip-flop clocked by clk)
Path Group: clk
Path Type: max

Fanout         Cap        Slew       Delay        Time   Description
---------------------------------------------------------------------------------------------
                                  0.000000    0.000000   clock clk (rise edge)
                                  0.000000    0.000000   clock network delay (propagated)
                                  2.000000    2.000000 ^ input external delay
     1    0.004008    0.018249    0.010996    2.010996 ^ rst (in)
                                                         rst (net)
                      0.018252    0.000000    2.010996 ^ input17/A (sky130_fd_sc_hd__clkdlybuf4s25_1)
     3    0.017591    0.137707    0.241227    2.252223 ^ input17/X (sky130_fd_sc_hd__clkdlybuf4s25_1)
                                                         net17 (net)
                      0.137710    0.000876    2.253100 ^ _369_/A (sky130_fd_sc_hd__inv_2)
     4    0.018738    0.053283    0.053126    2.306226 v _369_/Y (sky130_fd_sc_hd__inv_2)
                                                         _367_ (net)
                      0.053312    0.001021    2.307247 v fanout37/A (sky130_fd_sc_hd__clkdlybuf4s25_1)
    10    0.029166    0.149850    0.279603    2.586850 v fanout37/X (sky130_fd_sc_hd__clkdlybuf4s25_1)
                                                         net37 (net)
                      0.149873    0.001908    2.588758 v _710_/A (sky130_fd_sc_hd__and2_2)
     1    0.003639    0.027986    0.157290    2.746048 v _710_/X (sky130_fd_sc_hd__and2_2)
                                                         _006_ (net)
                      0.027986    0.000265    2.746313 v _776_/D (sky130_fd_sc_hd__dfxtp_2)
                                              2.746313   data arrival time

                                 10.000000   10.000000   clock clk (rise edge)
                                  0.000000   10.000000   clock source latency
     1    0.015558    0.057047    0.037516   10.037516 ^ clk (in)
                                                         clk (net)
                      0.057159    0.000000   10.037516 ^ clkbuf_0_clk/A (sky130_fd_sc_hd__clkbuf_16)
     4    0.041654    0.046323    0.099463   10.136979 ^ clkbuf_0_clk/X (sky130_fd_sc_hd__clkbuf_16)
                                                         clknet_0_clk (net)
                      0.046492    0.001792   10.138771 ^ clkbuf_2_2__f_clk/A (sky130_fd_sc_hd__clkbuf_16)
     9    0.027160    0.036073    0.088843   10.227613 ^ clkbuf_2_2__f_clk/X (sky130_fd_sc_hd__clkbuf_16)
                                                         clknet_2_2__leaf_clk (net)
                      0.036224    0.001424   10.229037 ^ _776_/CLK (sky130_fd_sc_hd__dfxtp_2)
                                 -0.250000    9.979037   clock uncertainty
                                  0.000000    9.979037   clock reconvergence pessimism
                                 -0.069384    9.909653   library setup time
                                              9.909653   data required time
---------------------------------------------------------------------------------------------
                                              9.909653   data required time
                                             -2.746313   data arrival time
---------------------------------------------------------------------------------------------
                                              7.163341   slack (MET)


Startpoint: rst (input port clocked by clk)
Endpoint: _774_ (rising edge-triggered flip-flop clocked by clk)
Path Group: clk
Path Type: max

Fanout         Cap        Slew       Delay        Time   Description
---------------------------------------------------------------------------------------------
                                  0.000000    0.000000   clock clk (rise edge)
                                  0.000000    0.000000   clock network delay (propagated)
                                  2.000000    2.000000 ^ input external delay
     1    0.004008    0.018249    0.010996    2.010996 ^ rst (in)
                                                         rst (net)
                      0.018252    0.000000    2.010996 ^ input17/A (sky130_fd_sc_hd__clkdlybuf4s25_1)
     3    0.017591    0.137707    0.241227    2.252223 ^ input17/X (sky130_fd_sc_hd__clkdlybuf4s25_1)
                                                         net17 (net)
                      0.137710    0.000876    2.253100 ^ _369_/A (sky130_fd_sc_hd__inv_2)
     4    0.018738    0.053283    0.053126    2.306226 v _369_/Y (sky130_fd_sc_hd__inv_2)
                                                         _367_ (net)
                      0.053312    0.001021    2.307247 v fanout37/A (sky130_fd_sc_hd__clkdlybuf4s25_1)
    10    0.029166    0.149850    0.279603    2.586850 v fanout37/X (sky130_fd_sc_hd__clkdlybuf4s25_1)
                                                         net37 (net)
                      0.149857    0.001219    2.588070 v _713_/A (sky130_fd_sc_hd__and2_2)
     1    0.003367    0.027491    0.156442    2.744511 v _713_/X (sky130_fd_sc_hd__and2_2)
                                                         _004_ (net)
                      0.027491    0.000230    2.744741 v _774_/D (sky130_fd_sc_hd__dfxtp_2)
                                              2.744741   data arrival time

                                 10.000000   10.000000   clock clk (rise edge)
                                  0.000000   10.000000   clock source latency
     1    0.015558    0.057047    0.037516   10.037516 ^ clk (in)
                                                         clk (net)
                      0.057159    0.000000   10.037516 ^ clkbuf_0_clk/A (sky130_fd_sc_hd__clkbuf_16)
     4    0.041654    0.046323    0.099463   10.136979 ^ clkbuf_0_clk/X (sky130_fd_sc_hd__clkbuf_16)
                                                         clknet_0_clk (net)
                      0.046492    0.001792   10.138771 ^ clkbuf_2_2__f_clk/A (sky130_fd_sc_hd__clkbuf_16)
     9    0.027160    0.036073    0.088843   10.227613 ^ clkbuf_2_2__f_clk/X (sky130_fd_sc_hd__clkbuf_16)
                                                         clknet_2_2__leaf_clk (net)
                      0.036181    0.001069   10.228683 ^ _774_/CLK (sky130_fd_sc_hd__dfxtp_2)
                                 -0.250000    9.978683   clock uncertainty
                                  0.000000    9.978683   clock reconvergence pessimism
                                 -0.069212    9.909472   library setup time
                                              9.909472   data required time
---------------------------------------------------------------------------------------------
                                              9.909472   data required time
                                             -2.744741   data arrival time
---------------------------------------------------------------------------------------------
                                              7.164731   slack (MET)


Startpoint: rst (input port clocked by clk)
Endpoint: _777_ (rising edge-triggered flip-flop clocked by clk)
Path Group: clk
Path Type: max

Fanout         Cap        Slew       Delay        Time   Description
---------------------------------------------------------------------------------------------
                                  0.000000    0.000000   clock clk (rise edge)
                                  0.000000    0.000000   clock network delay (propagated)
                                  2.000000    2.000000 ^ input external delay
     1    0.004008    0.018249    0.010996    2.010996 ^ rst (in)
                                                         rst (net)
                      0.018252    0.000000    2.010996 ^ input17/A (sky130_fd_sc_hd__clkdlybuf4s25_1)
     3    0.017591    0.137707    0.241227    2.252223 ^ input17/X (sky130_fd_sc_hd__clkdlybuf4s25_1)
                                                         net17 (net)
                      0.137710    0.000876    2.253100 ^ _369_/A (sky130_fd_sc_hd__inv_2)
     4    0.018738    0.053283    0.053126    2.306226 v _369_/Y (sky130_fd_sc_hd__inv_2)
                                                         _367_ (net)
                      0.053312    0.001021    2.307247 v fanout37/A (sky130_fd_sc_hd__clkdlybuf4s25_1)
    10    0.029166    0.149850    0.279603    2.586850 v fanout37/X (sky130_fd_sc_hd__clkdlybuf4s25_1)
                                                         net37 (net)
                      0.149858    0.001237    2.588087 v _709_/A (sky130_fd_sc_hd__and2_2)
     1    0.003191    0.027163    0.155894    2.743981 v _709_/X (sky130_fd_sc_hd__and2_2)
                                                         _007_ (net)
                      0.027163    0.000208    2.744189 v _777_/D (sky130_fd_sc_hd__dfxtp_2)
                                              2.744189   data arrival time

                                 10.000000   10.000000   clock clk (rise edge)
                                  0.000000   10.000000   clock source latency
     1    0.015558    0.057047    0.037516   10.037516 ^ clk (in)
                                                         clk (net)
                      0.057159    0.000000   10.037516 ^ clkbuf_0_clk/A (sky130_fd_sc_hd__clkbuf_16)
     4    0.041654    0.046323    0.099463   10.136979 ^ clkbuf_0_clk/X (sky130_fd_sc_hd__clkbuf_16)
                                                         clknet_0_clk (net)
                      0.046492    0.001792   10.138771 ^ clkbuf_2_2__f_clk/A (sky130_fd_sc_hd__clkbuf_16)
     9    0.027160    0.036073    0.088843   10.227613 ^ clkbuf_2_2__f_clk/X (sky130_fd_sc_hd__clkbuf_16)
                                                         clknet_2_2__leaf_clk (net)
                      0.036212    0.001333   10.228947 ^ _777_/CLK (sky130_fd_sc_hd__dfxtp_2)
                                 -0.250000    9.978947   clock uncertainty
                                  0.000000    9.978947   clock reconvergence pessimism
                                 -0.069091    9.909856   library setup time
                                              9.909856   data required time
---------------------------------------------------------------------------------------------
                                              9.909856   data required time
                                             -2.744189   data arrival time
---------------------------------------------------------------------------------------------
                                              7.165667   slack (MET)


Startpoint: rst (input port clocked by clk)
Endpoint: _756_ (rising edge-triggered flip-flop clocked by clk)
Path Group: clk
Path Type: max

Fanout         Cap        Slew       Delay        Time   Description
---------------------------------------------------------------------------------------------
                                  0.000000    0.000000   clock clk (rise edge)
                                  0.000000    0.000000   clock network delay (propagated)
                                  2.000000    2.000000 ^ input external delay
     1    0.004008    0.018249    0.010996    2.010996 ^ rst (in)
                                                         rst (net)
                      0.018252    0.000000    2.010996 ^ input17/A (sky130_fd_sc_hd__clkdlybuf4s25_1)
     3    0.017591    0.137707    0.241227    2.252223 ^ input17/X (sky130_fd_sc_hd__clkdlybuf4s25_1)
                                                         net17 (net)
                      0.137710    0.000876    2.253100 ^ _369_/A (sky130_fd_sc_hd__inv_2)
     4    0.018738    0.053283    0.053126    2.306226 v _369_/Y (sky130_fd_sc_hd__inv_2)
                                                         _367_ (net)
                      0.053312    0.001021    2.307247 v fanout37/A (sky130_fd_sc_hd__clkdlybuf4s25_1)
    10    0.029166    0.149850    0.279603    2.586850 v fanout37/X (sky130_fd_sc_hd__clkdlybuf4s25_1)
                                                         net37 (net)
                      0.149860    0.001369    2.588219 v _735_/A (sky130_fd_sc_hd__and2_2)
     1    0.002129    0.025192    0.152575    2.740795 v _735_/X (sky130_fd_sc_hd__and2_2)
                                                         _020_ (net)
                      0.025192    0.000101    2.740895 v _756_/D (sky130_fd_sc_hd__dfxtp_2)
                                              2.740895   data arrival time

                                 10.000000   10.000000   clock clk (rise edge)
                                  0.000000   10.000000   clock source latency
     1    0.015558    0.057047    0.037516   10.037516 ^ clk (in)
                                                         clk (net)
                      0.057159    0.000000   10.037516 ^ clkbuf_0_clk/A (sky130_fd_sc_hd__clkbuf_16)
     4    0.041654    0.046323    0.099463   10.136979 ^ clkbuf_0_clk/X (sky130_fd_sc_hd__clkbuf_16)
                                                         clknet_0_clk (net)
                      0.046492    0.001792   10.138771 ^ clkbuf_2_2__f_clk/A (sky130_fd_sc_hd__clkbuf_16)
     9    0.027160    0.036073    0.088843   10.227613 ^ clkbuf_2_2__f_clk/X (sky130_fd_sc_hd__clkbuf_16)
                                                         clknet_2_2__leaf_clk (net)
                      0.036073    0.000296   10.227909 ^ _756_/CLK (sky130_fd_sc_hd__dfxtp_2)
                                 -0.250000    9.977909   clock uncertainty
                                  0.000000    9.977909   clock reconvergence pessimism
                                 -0.068401    9.909508   library setup time
                                              9.909508   data required time
---------------------------------------------------------------------------------------------
                                              9.909508   data required time
                                             -2.740895   data arrival time
---------------------------------------------------------------------------------------------
                                              7.168612   slack (MET)


Startpoint: rst (input port clocked by clk)
Endpoint: _773_ (rising edge-triggered flip-flop clocked by clk)
Path Group: clk
Path Type: max

Fanout         Cap        Slew       Delay        Time   Description
---------------------------------------------------------------------------------------------
                                  0.000000    0.000000   clock clk (rise edge)
                                  0.000000    0.000000   clock network delay (propagated)
                                  2.000000    2.000000 ^ input external delay
     1    0.004008    0.018249    0.010996    2.010996 ^ rst (in)
                                                         rst (net)
                      0.018252    0.000000    2.010996 ^ input17/A (sky130_fd_sc_hd__clkdlybuf4s25_1)
     3    0.017591    0.137707    0.241227    2.252223 ^ input17/X (sky130_fd_sc_hd__clkdlybuf4s25_1)
                                                         net17 (net)
                      0.137710    0.000876    2.253100 ^ _369_/A (sky130_fd_sc_hd__inv_2)
     4    0.018738    0.053283    0.053126    2.306226 v _369_/Y (sky130_fd_sc_hd__inv_2)
                                                         _367_ (net)
                      0.053312    0.001021    2.307247 v fanout37/A (sky130_fd_sc_hd__clkdlybuf4s25_1)
    10    0.029166    0.149850    0.279603    2.586850 v fanout37/X (sky130_fd_sc_hd__clkdlybuf4s25_1)
                                                         net37 (net)
                      0.149862    0.001455    2.588305 v _714_/A (sky130_fd_sc_hd__and2_2)
     1    0.002123    0.025167    0.152546    2.740852 v _714_/X (sky130_fd_sc_hd__and2_2)
                                                         _003_ (net)
                      0.025167    0.000160    2.741011 v _773_/D (sky130_fd_sc_hd__dfxtp_2)
                                              2.741011   data arrival time

                                 10.000000   10.000000   clock clk (rise edge)
                                  0.000000   10.000000   clock source latency
     1    0.015558    0.057047    0.037516   10.037516 ^ clk (in)
                                                         clk (net)
                      0.057159    0.000000   10.037516 ^ clkbuf_0_clk/A (sky130_fd_sc_hd__clkbuf_16)
     4    0.041654    0.046323    0.099463   10.136979 ^ clkbuf_0_clk/X (sky130_fd_sc_hd__clkbuf_16)
                                                         clknet_0_clk (net)
                      0.046492    0.001792   10.138771 ^ clkbuf_2_2__f_clk/A (sky130_fd_sc_hd__clkbuf_16)
     9    0.027160    0.036073    0.088843   10.227613 ^ clkbuf_2_2__f_clk/X (sky130_fd_sc_hd__clkbuf_16)
                                                         clknet_2_2__leaf_clk (net)
                      0.036255    0.001640   10.229253 ^ _773_/CLK (sky130_fd_sc_hd__dfxtp_2)
                                 -0.250000    9.979253   clock uncertainty
                                  0.000000    9.979253   clock reconvergence pessimism
                                 -0.068375    9.910878   library setup time
                                              9.910878   data required time
---------------------------------------------------------------------------------------------
                                              9.910878   data required time
                                             -2.741011   data arrival time
---------------------------------------------------------------------------------------------
                                              7.169867   slack (MET)


Startpoint: rst (input port clocked by clk)
Endpoint: _750_ (rising edge-triggered flip-flop clocked by clk)
Path Group: clk
Path Type: max

Fanout         Cap        Slew       Delay        Time   Description
---------------------------------------------------------------------------------------------
                                  0.000000    0.000000   clock clk (rise edge)
                                  0.000000    0.000000   clock network delay (propagated)
                                  2.000000    2.000000 ^ input external delay
     1    0.004008    0.018249    0.010996    2.010996 ^ rst (in)
                                                         rst (net)
                      0.018252    0.000000    2.010996 ^ input17/A (sky130_fd_sc_hd__clkdlybuf4s25_1)
     3    0.017591    0.137707    0.241227    2.252223 ^ input17/X (sky130_fd_sc_hd__clkdlybuf4s25_1)
                                                         net17 (net)
                      0.137710    0.000876    2.253100 ^ _369_/A (sky130_fd_sc_hd__inv_2)
     4    0.018738    0.053283    0.053126    2.306226 v _369_/Y (sky130_fd_sc_hd__inv_2)
                                                         _367_ (net)
                      0.053290    0.000514    2.306740 v fanout35/A (sky130_fd_sc_hd__clkdlybuf4s25_1)
    10    0.030443    0.155976    0.284756    2.591496 v fanout35/X (sky130_fd_sc_hd__clkdlybuf4s25_1)
                                                         net35 (net)
                      0.155994    0.001735    2.593231 v _724_/B1 (sky130_fd_sc_hd__o21a_2)
     1    0.002146    0.023095    0.122254    2.715486 v _724_/X (sky130_fd_sc_hd__o21a_2)
                                                         _014_ (net)
                      0.023095    0.000101    2.715587 v _750_/D (sky130_fd_sc_hd__dfxtp_2)
                                              2.715587   data arrival time

                                 10.000000   10.000000   clock clk (rise edge)
                                  0.000000   10.000000   clock source latency
     1    0.015558    0.057047    0.037516   10.037516 ^ clk (in)
                                                         clk (net)
                      0.057159    0.000000   10.037516 ^ clkbuf_0_clk/A (sky130_fd_sc_hd__clkbuf_16)
     4    0.041654    0.046323    0.099463   10.136979 ^ clkbuf_0_clk/X (sky130_fd_sc_hd__clkbuf_16)
                                                         clknet_0_clk (net)
                      0.046521    0.001998   10.138977 ^ clkbuf_2_0__f_clk/A (sky130_fd_sc_hd__clkbuf_16)
     9    0.026534    0.035780    0.088141   10.227118 ^ clkbuf_2_0__f_clk/X (sky130_fd_sc_hd__clkbuf_16)
                                                         clknet_2_0__leaf_clk (net)
                      0.035895    0.001217   10.228335 ^ _750_/CLK (sky130_fd_sc_hd__dfxtp_2)
                                 -0.250000    9.978334   clock uncertainty
                                  0.000000    9.978334   clock reconvergence pessimism
                                 -0.067669    9.910666   library setup time
                                              9.910666   data required time
---------------------------------------------------------------------------------------------
                                              9.910666   data required time
                                             -2.715587   data arrival time
---------------------------------------------------------------------------------------------
                                              7.195078   slack (MET)


Startpoint: rst (input port clocked by clk)
Endpoint: _760_ (rising edge-triggered flip-flop clocked by clk)
Path Group: clk
Path Type: max

Fanout         Cap        Slew       Delay        Time   Description
---------------------------------------------------------------------------------------------
                                  0.000000    0.000000   clock clk (rise edge)
                                  0.000000    0.000000   clock network delay (propagated)
                                  2.000000    2.000000 ^ input external delay
     1    0.004008    0.018249    0.010996    2.010996 ^ rst (in)
                                                         rst (net)
                      0.018252    0.000000    2.010996 ^ input17/A (sky130_fd_sc_hd__clkdlybuf4s25_1)
     3    0.017591    0.137707    0.241227    2.252223 ^ input17/X (sky130_fd_sc_hd__clkdlybuf4s25_1)
                                                         net17 (net)
                      0.137710    0.000876    2.253100 ^ _369_/A (sky130_fd_sc_hd__inv_2)
     4    0.018738    0.053283    0.053126    2.306226 v _369_/Y (sky130_fd_sc_hd__inv_2)
                                                         _367_ (net)
                      0.053345    0.001492    2.307718 v fanout36/A (sky130_fd_sc_hd__clkdlybuf4s25_1)
     5    0.015775    0.086352    0.228225    2.535943 v fanout36/X (sky130_fd_sc_hd__clkdlybuf4s25_1)
                                                         net36 (net)
                      0.086361    0.000963    2.536906 v _739_/B (sky130_fd_sc_hd__and2_2)
     1    0.003519    0.027859    0.144241    2.681147 v _739_/X (sky130_fd_sc_hd__and2_2)
                                                         _024_ (net)
                      0.027859    0.000254    2.681401 v _760_/D (sky130_fd_sc_hd__dfxtp_2)
                                              2.681401   data arrival time

                                 10.000000   10.000000   clock clk (rise edge)
                                  0.000000   10.000000   clock source latency
     1    0.015558    0.057047    0.037516   10.037516 ^ clk (in)
                                                         clk (net)
                      0.057159    0.000000   10.037516 ^ clkbuf_0_clk/A (sky130_fd_sc_hd__clkbuf_16)
     4    0.041654    0.046323    0.099463   10.136979 ^ clkbuf_0_clk/X (sky130_fd_sc_hd__clkbuf_16)
                                                         clknet_0_clk (net)
                      0.046498    0.001840   10.138819 ^ clkbuf_2_1__f_clk/A (sky130_fd_sc_hd__clkbuf_16)
     9    0.024737    0.034478    0.087166   10.225985 ^ clkbuf_2_1__f_clk/X (sky130_fd_sc_hd__clkbuf_16)
                                                         clknet_2_1__leaf_clk (net)
                      0.034532    0.001100   10.227084 ^ _760_/CLK (sky130_fd_sc_hd__dfxtp_2)
                                 -0.250000    9.977084   clock uncertainty
                                  0.000000    9.977084   clock reconvergence pessimism
                                 -0.069502    9.907582   library setup time
                                              9.907582   data required time
---------------------------------------------------------------------------------------------
                                              9.907582   data required time
                                             -2.681401   data arrival time
---------------------------------------------------------------------------------------------
                                              7.226182   slack (MET)


Startpoint: rst (input port clocked by clk)
Endpoint: _754_ (rising edge-triggered flip-flop clocked by clk)
Path Group: clk
Path Type: max

Fanout         Cap        Slew       Delay        Time   Description
---------------------------------------------------------------------------------------------
                                  0.000000    0.000000   clock clk (rise edge)
                                  0.000000    0.000000   clock network delay (propagated)
                                  2.000000    2.000000 ^ input external delay
     1    0.004008    0.018249    0.010996    2.010996 ^ rst (in)
                                                         rst (net)
                      0.018252    0.000000    2.010996 ^ input17/A (sky130_fd_sc_hd__clkdlybuf4s25_1)
     3    0.017591    0.137707    0.241227    2.252223 ^ input17/X (sky130_fd_sc_hd__clkdlybuf4s25_1)
                                                         net17 (net)
                      0.137710    0.000876    2.253100 ^ _369_/A (sky130_fd_sc_hd__inv_2)
     4    0.018738    0.053283    0.053126    2.306226 v _369_/Y (sky130_fd_sc_hd__inv_2)
                                                         _367_ (net)
                      0.053345    0.001492    2.307718 v fanout36/A (sky130_fd_sc_hd__clkdlybuf4s25_1)
     5    0.015775    0.086352    0.228225    2.535943 v fanout36/X (sky130_fd_sc_hd__clkdlybuf4s25_1)
                                                         net36 (net)
                      0.086358    0.000821    2.536764 v _731_/B (sky130_fd_sc_hd__and3b_2)
     1    0.002706    0.027526    0.144663    2.681427 v _731_/X (sky130_fd_sc_hd__and3b_2)
                                                         _018_ (net)
                      0.027526    0.000185    2.681612 v _754_/D (sky130_fd_sc_hd__dfxtp_2)
                                              2.681612   data arrival time

                                 10.000000   10.000000   clock clk (rise edge)
                                  0.000000   10.000000   clock source latency
     1    0.015558    0.057047    0.037516   10.037516 ^ clk (in)
                                                         clk (net)
                      0.057159    0.000000   10.037516 ^ clkbuf_0_clk/A (sky130_fd_sc_hd__clkbuf_16)
     4    0.041654    0.046323    0.099463   10.136979 ^ clkbuf_0_clk/X (sky130_fd_sc_hd__clkbuf_16)
                                                         clknet_0_clk (net)
                      0.046498    0.001840   10.138819 ^ clkbuf_2_1__f_clk/A (sky130_fd_sc_hd__clkbuf_16)
     9    0.024737    0.034478    0.087166   10.225985 ^ clkbuf_2_1__f_clk/X (sky130_fd_sc_hd__clkbuf_16)
                                                         clknet_2_1__leaf_clk (net)
                      0.034555    0.001288   10.227273 ^ _754_/CLK (sky130_fd_sc_hd__dfxtp_2)
                                 -0.250000    9.977273   clock uncertainty
                                  0.000000    9.977273   clock reconvergence pessimism
                                 -0.069380    9.907892   library setup time
                                              9.907892   data required time
---------------------------------------------------------------------------------------------
                                              9.907892   data required time
                                             -2.681612   data arrival time
---------------------------------------------------------------------------------------------
                                              7.226281   slack (MET)


Startpoint: rst (input port clocked by clk)
Endpoint: _759_ (rising edge-triggered flip-flop clocked by clk)
Path Group: clk
Path Type: max

Fanout         Cap        Slew       Delay        Time   Description
---------------------------------------------------------------------------------------------
                                  0.000000    0.000000   clock clk (rise edge)
                                  0.000000    0.000000   clock network delay (propagated)
                                  2.000000    2.000000 ^ input external delay
     1    0.004008    0.018249    0.010996    2.010996 ^ rst (in)
                                                         rst (net)
                      0.018252    0.000000    2.010996 ^ input17/A (sky130_fd_sc_hd__clkdlybuf4s25_1)
     3    0.017591    0.137707    0.241227    2.252223 ^ input17/X (sky130_fd_sc_hd__clkdlybuf4s25_1)
                                                         net17 (net)
                      0.137710    0.000876    2.253100 ^ _369_/A (sky130_fd_sc_hd__inv_2)
     4    0.018738    0.053283    0.053126    2.306226 v _369_/Y (sky130_fd_sc_hd__inv_2)
                                                         _367_ (net)
                      0.053345    0.001492    2.307718 v fanout36/A (sky130_fd_sc_hd__clkdlybuf4s25_1)
     5    0.015775    0.086352    0.228225    2.535943 v fanout36/X (sky130_fd_sc_hd__clkdlybuf4s25_1)
                                                         net36 (net)
                      0.086362    0.000982    2.536925 v _738_/B (sky130_fd_sc_hd__and2_2)
     1    0.002786    0.026476    0.141859    2.678784 v _738_/X (sky130_fd_sc_hd__and2_2)
                                                         _023_ (net)
                      0.026476    0.000190    2.678974 v _759_/D (sky130_fd_sc_hd__dfxtp_2)
                                              2.678974   data arrival time

                                 10.000000   10.000000   clock clk (rise edge)
                                  0.000000   10.000000   clock source latency
     1    0.015558    0.057047    0.037516   10.037516 ^ clk (in)
                                                         clk (net)
                      0.057159    0.000000   10.037516 ^ clkbuf_0_clk/A (sky130_fd_sc_hd__clkbuf_16)
     4    0.041654    0.046323    0.099463   10.136979 ^ clkbuf_0_clk/X (sky130_fd_sc_hd__clkbuf_16)
                                                         clknet_0_clk (net)
                      0.046498    0.001840   10.138819 ^ clkbuf_2_1__f_clk/A (sky130_fd_sc_hd__clkbuf_16)
     9    0.024737    0.034478    0.087166   10.225985 ^ clkbuf_2_1__f_clk/X (sky130_fd_sc_hd__clkbuf_16)
                                                         clknet_2_1__leaf_clk (net)
                      0.034541    0.001180   10.227164 ^ _759_/CLK (sky130_fd_sc_hd__dfxtp_2)
                                 -0.250000    9.977164   clock uncertainty
                                  0.000000    9.977164   clock reconvergence pessimism
                                 -0.069007    9.908157   library setup time
                                              9.908157   data required time
---------------------------------------------------------------------------------------------
                                              9.908157   data required time
                                             -2.678974   data arrival time
---------------------------------------------------------------------------------------------
                                              7.229183   slack (MET)


Startpoint: rst (input port clocked by clk)
Endpoint: _757_ (rising edge-triggered flip-flop clocked by clk)
Path Group: clk
Path Type: max

Fanout         Cap        Slew       Delay        Time   Description
---------------------------------------------------------------------------------------------
                                  0.000000    0.000000   clock clk (rise edge)
                                  0.000000    0.000000   clock network delay (propagated)
                                  2.000000    2.000000 ^ input external delay
     1    0.004008    0.018249    0.010996    2.010996 ^ rst (in)
                                                         rst (net)
                      0.018252    0.000000    2.010996 ^ input17/A (sky130_fd_sc_hd__clkdlybuf4s25_1)
     3    0.017591    0.137707    0.241227    2.252223 ^ input17/X (sky130_fd_sc_hd__clkdlybuf4s25_1)
                                                         net17 (net)
                      0.137710    0.000876    2.253100 ^ _369_/A (sky130_fd_sc_hd__inv_2)
     4    0.018738    0.053283    0.053126    2.306226 v _369_/Y (sky130_fd_sc_hd__inv_2)
                                                         _367_ (net)
                      0.053345    0.001492    2.307718 v fanout36/A (sky130_fd_sc_hd__clkdlybuf4s25_1)
     5    0.015775    0.086352    0.228225    2.535943 v fanout36/X (sky130_fd_sc_hd__clkdlybuf4s25_1)
                                                         net36 (net)
                      0.086366    0.001146    2.537090 v _736_/B (sky130_fd_sc_hd__and2_2)
     1    0.002586    0.026096    0.141208    2.678297 v _736_/X (sky130_fd_sc_hd__and2_2)
                                                         _021_ (net)
                      0.026096    0.000180    2.678477 v _757_/D (sky130_fd_sc_hd__dfxtp_2)
                                              2.678477   data arrival time

                                 10.000000   10.000000   clock clk (rise edge)
                                  0.000000   10.000000   clock source latency
     1    0.015558    0.057047    0.037516   10.037516 ^ clk (in)
                                                         clk (net)
                      0.057159    0.000000   10.037516 ^ clkbuf_0_clk/A (sky130_fd_sc_hd__clkbuf_16)
     4    0.041654    0.046323    0.099463   10.136979 ^ clkbuf_0_clk/X (sky130_fd_sc_hd__clkbuf_16)
                                                         clknet_0_clk (net)
                      0.046498    0.001840   10.138819 ^ clkbuf_2_1__f_clk/A (sky130_fd_sc_hd__clkbuf_16)
     9    0.024737    0.034478    0.087166   10.225985 ^ clkbuf_2_1__f_clk/X (sky130_fd_sc_hd__clkbuf_16)
                                                         clknet_2_1__leaf_clk (net)
                      0.034537    0.001141   10.227126 ^ _757_/CLK (sky130_fd_sc_hd__dfxtp_2)
                                 -0.250000    9.977126   clock uncertainty
                                  0.000000    9.977126   clock reconvergence pessimism
                                 -0.068872    9.908254   library setup time
                                              9.908254   data required time
---------------------------------------------------------------------------------------------
                                              9.908254   data required time
                                             -2.678477   data arrival time
---------------------------------------------------------------------------------------------
                                              7.229777   slack (MET)


Startpoint: rst (input port clocked by clk)
Endpoint: _767_ (rising edge-triggered flip-flop clocked by clk)
Path Group: clk
Path Type: max

Fanout         Cap        Slew       Delay        Time   Description
---------------------------------------------------------------------------------------------
                                  0.000000    0.000000   clock clk (rise edge)
                                  0.000000    0.000000   clock network delay (propagated)
                                  2.000000    2.000000 ^ input external delay
     1    0.004008    0.018249    0.010996    2.010996 ^ rst (in)
                                                         rst (net)
                      0.018252    0.000000    2.010996 ^ input17/A (sky130_fd_sc_hd__clkdlybuf4s25_1)
     3    0.017591    0.137707    0.241227    2.252223 ^ input17/X (sky130_fd_sc_hd__clkdlybuf4s25_1)
                                                         net17 (net)
                      0.137710    0.000876    2.253100 ^ _369_/A (sky130_fd_sc_hd__inv_2)
     4    0.018738    0.053283    0.053126    2.306226 v _369_/Y (sky130_fd_sc_hd__inv_2)
                                                         _367_ (net)
                      0.053344    0.001475    2.307701 v fanout38/A (sky130_fd_sc_hd__clkdlybuf4s25_1)
     6    0.015241    0.083836    0.226122    2.533823 v fanout38/X (sky130_fd_sc_hd__clkdlybuf4s25_1)
                                                         net38 (net)
                      0.083852    0.001180    2.535003 v _746_/B (sky130_fd_sc_hd__and2_2)
     1    0.003466    0.027755    0.142951    2.677954 v _746_/X (sky130_fd_sc_hd__and2_2)
                                                         _031_ (net)
                      0.027755    0.000265    2.678219 v _767_/D (sky130_fd_sc_hd__dfxtp_2)
                                              2.678219   data arrival time

                                 10.000000   10.000000   clock clk (rise edge)
                                  0.000000   10.000000   clock source latency
     1    0.015558    0.057047    0.037516   10.037516 ^ clk (in)
                                                         clk (net)
                      0.057159    0.000000   10.037516 ^ clkbuf_0_clk/A (sky130_fd_sc_hd__clkbuf_16)
     4    0.041654    0.046323    0.099463   10.136979 ^ clkbuf_0_clk/X (sky130_fd_sc_hd__clkbuf_16)
                                                         clknet_0_clk (net)
                      0.046515    0.001960   10.138939 ^ clkbuf_2_3__f_clk/A (sky130_fd_sc_hd__clkbuf_16)
     9    0.025875    0.035317    0.087615   10.226554 ^ clkbuf_2_3__f_clk/X (sky130_fd_sc_hd__clkbuf_16)
                                                         clknet_2_3__leaf_clk (net)
                      0.035501    0.001637   10.228191 ^ _767_/CLK (sky130_fd_sc_hd__dfxtp_2)
                                 -0.250000    9.978191   clock uncertainty
                                  0.000000    9.978191   clock reconvergence pessimism
                                 -0.069371    9.908820   library setup time
                                              9.908820   data required time
---------------------------------------------------------------------------------------------
                                              9.908820   data required time
                                             -2.678219   data arrival time
---------------------------------------------------------------------------------------------
                                              7.230601   slack (MET)


Startpoint: rst (input port clocked by clk)
Endpoint: _758_ (rising edge-triggered flip-flop clocked by clk)
Path Group: clk
Path Type: max

Fanout         Cap        Slew       Delay        Time   Description
---------------------------------------------------------------------------------------------
                                  0.000000    0.000000   clock clk (rise edge)
                                  0.000000    0.000000   clock network delay (propagated)
                                  2.000000    2.000000 ^ input external delay
     1    0.004008    0.018249    0.010996    2.010996 ^ rst (in)
                                                         rst (net)
                      0.018252    0.000000    2.010996 ^ input17/A (sky130_fd_sc_hd__clkdlybuf4s25_1)
     3    0.017591    0.137707    0.241227    2.252223 ^ input17/X (sky130_fd_sc_hd__clkdlybuf4s25_1)
                                                         net17 (net)
                      0.137710    0.000876    2.253100 ^ _369_/A (sky130_fd_sc_hd__inv_2)
     4    0.018738    0.053283    0.053126    2.306226 v _369_/Y (sky130_fd_sc_hd__inv_2)
                                                         _367_ (net)
                      0.053345    0.001492    2.307718 v fanout36/A (sky130_fd_sc_hd__clkdlybuf4s25_1)
     5    0.015775    0.086352    0.228225    2.535943 v fanout36/X (sky130_fd_sc_hd__clkdlybuf4s25_1)
                                                         net36 (net)
                      0.086358    0.000829    2.536772 v _737_/B (sky130_fd_sc_hd__and2_2)
     1    0.002250    0.025451    0.140114    2.676886 v _737_/X (sky130_fd_sc_hd__and2_2)
                                                         _022_ (net)
                      0.025451    0.000107    2.676992 v _758_/D (sky130_fd_sc_hd__dfxtp_2)
                                              2.676992   data arrival time

                                 10.000000   10.000000   clock clk (rise edge)
                                  0.000000   10.000000   clock source latency
     1    0.015558    0.057047    0.037516   10.037516 ^ clk (in)
                                                         clk (net)
                      0.057159    0.000000   10.037516 ^ clkbuf_0_clk/A (sky130_fd_sc_hd__clkbuf_16)
     4    0.041654    0.046323    0.099463   10.136979 ^ clkbuf_0_clk/X (sky130_fd_sc_hd__clkbuf_16)
                                                         clknet_0_clk (net)
                      0.046498    0.001840   10.138819 ^ clkbuf_2_1__f_clk/A (sky130_fd_sc_hd__clkbuf_16)
     9    0.024737    0.034478    0.087166   10.225985 ^ clkbuf_2_1__f_clk/X (sky130_fd_sc_hd__clkbuf_16)
                                                         clknet_2_1__leaf_clk (net)
                      0.034532    0.001094   10.227079 ^ _758_/CLK (sky130_fd_sc_hd__dfxtp_2)
                                 -0.250000    9.977079   clock uncertainty
                                  0.000000    9.977079   clock reconvergence pessimism
                                 -0.068642    9.908437   library setup time
                                              9.908437   data required time
---------------------------------------------------------------------------------------------
                                              9.908437   data required time
                                             -2.676992   data arrival time
---------------------------------------------------------------------------------------------
                                              7.231444   slack (MET)


Startpoint: rst (input port clocked by clk)
Endpoint: _764_ (rising edge-triggered flip-flop clocked by clk)
Path Group: clk
Path Type: max

Fanout         Cap        Slew       Delay        Time   Description
---------------------------------------------------------------------------------------------
                                  0.000000    0.000000   clock clk (rise edge)
                                  0.000000    0.000000   clock network delay (propagated)
                                  2.000000    2.000000 ^ input external delay
     1    0.004008    0.018249    0.010996    2.010996 ^ rst (in)
                                                         rst (net)
                      0.018252    0.000000    2.010996 ^ input17/A (sky130_fd_sc_hd__clkdlybuf4s25_1)
     3    0.017591    0.137707    0.241227    2.252223 ^ input17/X (sky130_fd_sc_hd__clkdlybuf4s25_1)
                                                         net17 (net)
                      0.137710    0.000876    2.253100 ^ _369_/A (sky130_fd_sc_hd__inv_2)
     4    0.018738    0.053283    0.053126    2.306226 v _369_/Y (sky130_fd_sc_hd__inv_2)
                                                         _367_ (net)
                      0.053344    0.001475    2.307701 v fanout38/A (sky130_fd_sc_hd__clkdlybuf4s25_1)
     6    0.015241    0.083836    0.226122    2.533823 v fanout38/X (sky130_fd_sc_hd__clkdlybuf4s25_1)
                                                         net38 (net)
                      0.083837    0.000435    2.534258 v _743_/B (sky130_fd_sc_hd__and2_2)
     1    0.002869    0.026625    0.141017    2.675275 v _743_/X (sky130_fd_sc_hd__and2_2)
                                                         _028_ (net)
                      0.026625    0.000187    2.675461 v _764_/D (sky130_fd_sc_hd__dfxtp_2)
                                              2.675461   data arrival time

                                 10.000000   10.000000   clock clk (rise edge)
                                  0.000000   10.000000   clock source latency
     1    0.015558    0.057047    0.037516   10.037516 ^ clk (in)
                                                         clk (net)
                      0.057159    0.000000   10.037516 ^ clkbuf_0_clk/A (sky130_fd_sc_hd__clkbuf_16)
     4    0.041654    0.046323    0.099463   10.136979 ^ clkbuf_0_clk/X (sky130_fd_sc_hd__clkbuf_16)
                                                         clknet_0_clk (net)
                      0.046515    0.001960   10.138939 ^ clkbuf_2_3__f_clk/A (sky130_fd_sc_hd__clkbuf_16)
     9    0.025875    0.035317    0.087615   10.226554 ^ clkbuf_2_3__f_clk/X (sky130_fd_sc_hd__clkbuf_16)
                                                         clknet_2_3__leaf_clk (net)
                      0.035573    0.002037   10.228592 ^ _764_/CLK (sky130_fd_sc_hd__dfxtp_2)
                                 -0.250000    9.978592   clock uncertainty
                                  0.000000    9.978592   clock reconvergence pessimism
                                 -0.068961    9.909631   library setup time
                                              9.909631   data required time
---------------------------------------------------------------------------------------------
                                              9.909631   data required time
                                             -2.675461   data arrival time
---------------------------------------------------------------------------------------------
                                              7.234170   slack (MET)


Startpoint: rst (input port clocked by clk)
Endpoint: _768_ (rising edge-triggered flip-flop clocked by clk)
Path Group: clk
Path Type: max

Fanout         Cap        Slew       Delay        Time   Description
---------------------------------------------------------------------------------------------
                                  0.000000    0.000000   clock clk (rise edge)
                                  0.000000    0.000000   clock network delay (propagated)
                                  2.000000    2.000000 ^ input external delay
     1    0.004008    0.018249    0.010996    2.010996 ^ rst (in)
                                                         rst (net)
                      0.018252    0.000000    2.010996 ^ input17/A (sky130_fd_sc_hd__clkdlybuf4s25_1)
     3    0.017591    0.137707    0.241227    2.252223 ^ input17/X (sky130_fd_sc_hd__clkdlybuf4s25_1)
                                                         net17 (net)
                      0.137710    0.000876    2.253100 ^ _369_/A (sky130_fd_sc_hd__inv_2)
     4    0.018738    0.053283    0.053126    2.306226 v _369_/Y (sky130_fd_sc_hd__inv_2)
                                                         _367_ (net)
                      0.053344    0.001475    2.307701 v fanout38/A (sky130_fd_sc_hd__clkdlybuf4s25_1)
     6    0.015241    0.083836    0.226122    2.533823 v fanout38/X (sky130_fd_sc_hd__clkdlybuf4s25_1)
                                                         net38 (net)
                      0.083845    0.000934    2.534756 v _747_/B (sky130_fd_sc_hd__and2_2)
     1    0.002626    0.026167    0.140225    2.674981 v _747_/X (sky130_fd_sc_hd__and2_2)
                                                         _032_ (net)
                      0.026167    0.000177    2.675159 v _768_/D (sky130_fd_sc_hd__dfxtp_2)
                                              2.675159   data arrival time

                                 10.000000   10.000000   clock clk (rise edge)
                                  0.000000   10.000000   clock source latency
     1    0.015558    0.057047    0.037516   10.037516 ^ clk (in)
                                                         clk (net)
                      0.057159    0.000000   10.037516 ^ clkbuf_0_clk/A (sky130_fd_sc_hd__clkbuf_16)
     4    0.041654    0.046323    0.099463   10.136979 ^ clkbuf_0_clk/X (sky130_fd_sc_hd__clkbuf_16)
                                                         clknet_0_clk (net)
                      0.046515    0.001960   10.138939 ^ clkbuf_2_3__f_clk/A (sky130_fd_sc_hd__clkbuf_16)
     9    0.025875    0.035317    0.087615   10.226554 ^ clkbuf_2_3__f_clk/X (sky130_fd_sc_hd__clkbuf_16)
                                                         clknet_2_3__leaf_clk (net)
                      0.035496    0.001605   10.228159 ^ _768_/CLK (sky130_fd_sc_hd__dfxtp_2)
                                 -0.250000    9.978159   clock uncertainty
                                  0.000000    9.978159   clock reconvergence pessimism
                                 -0.068805    9.909354   library setup time
                                              9.909354   data required time
---------------------------------------------------------------------------------------------
                                              9.909354   data required time
                                             -2.675159   data arrival time
---------------------------------------------------------------------------------------------
                                              7.234196   slack (MET)


Startpoint: rst (input port clocked by clk)
Endpoint: _766_ (rising edge-triggered flip-flop clocked by clk)
Path Group: clk
Path Type: max

Fanout         Cap        Slew       Delay        Time   Description
---------------------------------------------------------------------------------------------
                                  0.000000    0.000000   clock clk (rise edge)
                                  0.000000    0.000000   clock network delay (propagated)
                                  2.000000    2.000000 ^ input external delay
     1    0.004008    0.018249    0.010996    2.010996 ^ rst (in)
                                                         rst (net)
                      0.018252    0.000000    2.010996 ^ input17/A (sky130_fd_sc_hd__clkdlybuf4s25_1)
     3    0.017591    0.137707    0.241227    2.252223 ^ input17/X (sky130_fd_sc_hd__clkdlybuf4s25_1)
                                                         net17 (net)
                      0.137710    0.000876    2.253100 ^ _369_/A (sky130_fd_sc_hd__inv_2)
     4    0.018738    0.053283    0.053126    2.306226 v _369_/Y (sky130_fd_sc_hd__inv_2)
                                                         _367_ (net)
                      0.053344    0.001475    2.307701 v fanout38/A (sky130_fd_sc_hd__clkdlybuf4s25_1)
     6    0.015241    0.083836    0.226122    2.533823 v fanout38/X (sky130_fd_sc_hd__clkdlybuf4s25_1)
                                                         net38 (net)
                      0.083852    0.001198    2.535021 v _745_/B (sky130_fd_sc_hd__and2_2)
     1    0.002470    0.025872    0.139715    2.674736 v _745_/X (sky130_fd_sc_hd__and2_2)
                                                         _030_ (net)
                      0.025872    0.000178    2.674914 v _766_/D (sky130_fd_sc_hd__dfxtp_2)
                                              2.674914   data arrival time

                                 10.000000   10.000000   clock clk (rise edge)
                                  0.000000   10.000000   clock source latency
     1    0.015558    0.057047    0.037516   10.037516 ^ clk (in)
                                                         clk (net)
                      0.057159    0.000000   10.037516 ^ clkbuf_0_clk/A (sky130_fd_sc_hd__clkbuf_16)
     4    0.041654    0.046323    0.099463   10.136979 ^ clkbuf_0_clk/X (sky130_fd_sc_hd__clkbuf_16)
                                                         clknet_0_clk (net)
                      0.046515    0.001960   10.138939 ^ clkbuf_2_3__f_clk/A (sky130_fd_sc_hd__clkbuf_16)
     9    0.025875    0.035317    0.087615   10.226554 ^ clkbuf_2_3__f_clk/X (sky130_fd_sc_hd__clkbuf_16)
                                                         clknet_2_3__leaf_clk (net)
                      0.035463    0.001399   10.227953 ^ _766_/CLK (sky130_fd_sc_hd__dfxtp_2)
                                 -0.250000    9.977953   clock uncertainty
                                  0.000000    9.977953   clock reconvergence pessimism
                                 -0.068702    9.909250   library setup time
                                              9.909250   data required time
---------------------------------------------------------------------------------------------
                                              9.909250   data required time
                                             -2.674914   data arrival time
---------------------------------------------------------------------------------------------
                                              7.234337   slack (MET)


Startpoint: rst (input port clocked by clk)
Endpoint: _763_ (rising edge-triggered flip-flop clocked by clk)
Path Group: clk
Path Type: max

Fanout         Cap        Slew       Delay        Time   Description
---------------------------------------------------------------------------------------------
                                  0.000000    0.000000   clock clk (rise edge)
                                  0.000000    0.000000   clock network delay (propagated)
                                  2.000000    2.000000 ^ input external delay
     1    0.004008    0.018249    0.010996    2.010996 ^ rst (in)
                                                         rst (net)
                      0.018252    0.000000    2.010996 ^ input17/A (sky130_fd_sc_hd__clkdlybuf4s25_1)
     3    0.017591    0.137707    0.241227    2.252223 ^ input17/X (sky130_fd_sc_hd__clkdlybuf4s25_1)
                                                         net17 (net)
                      0.137710    0.000876    2.253100 ^ _369_/A (sky130_fd_sc_hd__inv_2)
     4    0.018738    0.053283    0.053126    2.306226 v _369_/Y (sky130_fd_sc_hd__inv_2)
                                                         _367_ (net)
                      0.053344    0.001475    2.307701 v fanout38/A (sky130_fd_sc_hd__clkdlybuf4s25_1)
     6    0.015241    0.083836    0.226122    2.533823 v fanout38/X (sky130_fd_sc_hd__clkdlybuf4s25_1)
                                                         net38 (net)
                      0.083843    0.000861    2.534684 v _742_/B (sky130_fd_sc_hd__and2_2)
     1    0.002530    0.025985    0.139909    2.674592 v _742_/X (sky130_fd_sc_hd__and2_2)
                                                         _027_ (net)
                      0.025985    0.000176    2.674768 v _763_/D (sky130_fd_sc_hd__dfxtp_2)
                                              2.674768   data arrival time

                                 10.000000   10.000000   clock clk (rise edge)
                                  0.000000   10.000000   clock source latency
     1    0.015558    0.057047    0.037516   10.037516 ^ clk (in)
                                                         clk (net)
                      0.057159    0.000000   10.037516 ^ clkbuf_0_clk/A (sky130_fd_sc_hd__clkbuf_16)
     4    0.041654    0.046323    0.099463   10.136979 ^ clkbuf_0_clk/X (sky130_fd_sc_hd__clkbuf_16)
                                                         clknet_0_clk (net)
                      0.046515    0.001960   10.138939 ^ clkbuf_2_3__f_clk/A (sky130_fd_sc_hd__clkbuf_16)
     9    0.025875    0.035317    0.087615   10.226554 ^ clkbuf_2_3__f_clk/X (sky130_fd_sc_hd__clkbuf_16)
                                                         clknet_2_3__leaf_clk (net)
                      0.035584    0.002091   10.228645 ^ _763_/CLK (sky130_fd_sc_hd__dfxtp_2)
                                 -0.250000    9.978645   clock uncertainty
                                  0.000000    9.978645   clock reconvergence pessimism
                                 -0.068731    9.909913   library setup time
                                              9.909913   data required time
---------------------------------------------------------------------------------------------
                                              9.909913   data required time
                                             -2.674768   data arrival time
---------------------------------------------------------------------------------------------
                                              7.235145   slack (MET)


Startpoint: rst (input port clocked by clk)
Endpoint: _765_ (rising edge-triggered flip-flop clocked by clk)
Path Group: clk
Path Type: max

Fanout         Cap        Slew       Delay        Time   Description
---------------------------------------------------------------------------------------------
                                  0.000000    0.000000   clock clk (rise edge)
                                  0.000000    0.000000   clock network delay (propagated)
                                  2.000000    2.000000 ^ input external delay
     1    0.004008    0.018249    0.010996    2.010996 ^ rst (in)
                                                         rst (net)
                      0.018252    0.000000    2.010996 ^ input17/A (sky130_fd_sc_hd__clkdlybuf4s25_1)
     3    0.017591    0.137707    0.241227    2.252223 ^ input17/X (sky130_fd_sc_hd__clkdlybuf4s25_1)
                                                         net17 (net)
                      0.137710    0.000876    2.253100 ^ _369_/A (sky130_fd_sc_hd__inv_2)
     4    0.018738    0.053283    0.053126    2.306226 v _369_/Y (sky130_fd_sc_hd__inv_2)
                                                         _367_ (net)
                      0.053344    0.001475    2.307701 v fanout38/A (sky130_fd_sc_hd__clkdlybuf4s25_1)
     6    0.015241    0.083836    0.226122    2.533823 v fanout38/X (sky130_fd_sc_hd__clkdlybuf4s25_1)
                                                         net38 (net)
                      0.083853    0.001211    2.535034 v _744_/B (sky130_fd_sc_hd__and2_2)
     1    0.002224    0.025403    0.138909    2.673943 v _744_/X (sky130_fd_sc_hd__and2_2)
                                                         _029_ (net)
                      0.025403    0.000168    2.674111 v _765_/D (sky130_fd_sc_hd__dfxtp_2)
                                              2.674111   data arrival time

                                 10.000000   10.000000   clock clk (rise edge)
                                  0.000000   10.000000   clock source latency
     1    0.015558    0.057047    0.037516   10.037516 ^ clk (in)
                                                         clk (net)
                      0.057159    0.000000   10.037516 ^ clkbuf_0_clk/A (sky130_fd_sc_hd__clkbuf_16)
     4    0.041654    0.046323    0.099463   10.136979 ^ clkbuf_0_clk/X (sky130_fd_sc_hd__clkbuf_16)
                                                         clknet_0_clk (net)
                      0.046515    0.001960   10.138939 ^ clkbuf_2_3__f_clk/A (sky130_fd_sc_hd__clkbuf_16)
     9    0.025875    0.035317    0.087615   10.226554 ^ clkbuf_2_3__f_clk/X (sky130_fd_sc_hd__clkbuf_16)
                                                         clknet_2_3__leaf_clk (net)
                      0.035556    0.001946   10.228500 ^ _765_/CLK (sky130_fd_sc_hd__dfxtp_2)
                                 -0.250000    9.978500   clock uncertainty
                                  0.000000    9.978500   clock reconvergence pessimism
                                 -0.068526    9.909973   library setup time
                                              9.909973   data required time
---------------------------------------------------------------------------------------------
                                              9.909973   data required time
                                             -2.674111   data arrival time
---------------------------------------------------------------------------------------------
                                              7.235863   slack (MET)


Startpoint: rst (input port clocked by clk)
Endpoint: _749_ (rising edge-triggered flip-flop clocked by clk)
Path Group: clk
Path Type: max

Fanout         Cap        Slew       Delay        Time   Description
---------------------------------------------------------------------------------------------
                                  0.000000    0.000000   clock clk (rise edge)
                                  0.000000    0.000000   clock network delay (propagated)
                                  2.000000    2.000000 ^ input external delay
     1    0.004008    0.018249    0.010996    2.010996 ^ rst (in)
                                                         rst (net)
                      0.018252    0.000000    2.010996 ^ input17/A (sky130_fd_sc_hd__clkdlybuf4s25_1)
     3    0.017591    0.137707    0.241227    2.252223 ^ input17/X (sky130_fd_sc_hd__clkdlybuf4s25_1)
                                                         net17 (net)
                      0.137710    0.000927    2.253150 ^ _722_/A (sky130_fd_sc_hd__nor2_2)
     1    0.003752    0.035517    0.028698    2.281849 v _722_/Y (sky130_fd_sc_hd__nor2_2)
                                                         _013_ (net)
                      0.035517    0.000233    2.282082 v _749_/D (sky130_fd_sc_hd__dfxtp_2)
                                              2.282082   data arrival time

                                 10.000000   10.000000   clock clk (rise edge)
                                  0.000000   10.000000   clock source latency
     1    0.015558    0.057047    0.037516   10.037516 ^ clk (in)
                                                         clk (net)
                      0.057159    0.000000   10.037516 ^ clkbuf_0_clk/A (sky130_fd_sc_hd__clkbuf_16)
     4    0.041654    0.046323    0.099463   10.136979 ^ clkbuf_0_clk/X (sky130_fd_sc_hd__clkbuf_16)
                                                         clknet_0_clk (net)
                      0.046521    0.001998   10.138977 ^ clkbuf_2_0__f_clk/A (sky130_fd_sc_hd__clkbuf_16)
     9    0.026534    0.035780    0.088141   10.227118 ^ clkbuf_2_0__f_clk/X (sky130_fd_sc_hd__clkbuf_16)
                                                         clknet_2_0__leaf_clk (net)
                      0.036011    0.001953   10.229072 ^ _749_/CLK (sky130_fd_sc_hd__dfxtp_2)
                                 -0.250000    9.979072   clock uncertainty
                                  0.000000    9.979072   clock reconvergence pessimism
                                 -0.072094    9.906977   library setup time
                                              9.906977   data required time
---------------------------------------------------------------------------------------------
                                              9.906977   data required time
                                             -2.282082   data arrival time
---------------------------------------------------------------------------------------------
                                              7.624895   slack (MET)



