
===========================================================================
report_checks -path_delay max (Setup)
============================================================================
======================= nom_tt_025C_1v80 Corner ===================================

Startpoint: h0[1] (input port clocked by clk)
Endpoint: y[8] (output port clocked by clk)
Path Group: clk
Path Type: max

Fanout         Cap        Slew       Delay        Time   Description
---------------------------------------------------------------------------------------------
                      0.150000    0.000000    0.000000   clock clk (rise edge)
                                  0.000000    0.000000   clock network delay (ideal)
                                  2.000000    2.000000 v input external delay
     8    0.023986    0.054819    0.040347    2.040347 v h0[1] (in)
                                                         h0[1] (net)
                      0.054819    0.000000    2.040347 v _453_/A2 (sky130_fd_sc_hd__a22o_2)
     2    0.006362    0.049674    0.281275    2.321622 v _453_/X (sky130_fd_sc_hd__a22o_2)
                                                         _114_ (net)
                      0.049674    0.000000    2.321622 v _454_/B2 (sky130_fd_sc_hd__a22o_2)
     2    0.006612    0.050348    0.247430    2.569052 v _454_/X (sky130_fd_sc_hd__a22o_2)
                                                         _115_ (net)
                      0.050348    0.000000    2.569052 v _457_/A1 (sky130_fd_sc_hd__a21o_2)
     2    0.006362    0.043939    0.205772    2.774823 v _457_/X (sky130_fd_sc_hd__a21o_2)
                                                         _118_ (net)
                      0.043939    0.000000    2.774823 v _459_/B2 (sky130_fd_sc_hd__a22o_2)
     2    0.006488    0.050061    0.244938    3.019761 v _459_/X (sky130_fd_sc_hd__a22o_2)
                                                         _120_ (net)
                      0.050061    0.000000    3.019761 v _461_/A2 (sky130_fd_sc_hd__a21o_2)
     3    0.008752    0.049728    0.237607    3.257368 v _461_/X (sky130_fd_sc_hd__a21o_2)
                                                         _122_ (net)
                      0.049728    0.000000    3.257368 v _463_/A2 (sky130_fd_sc_hd__a21o_2)
     2    0.006544    0.044313    0.229844    3.487212 v _463_/X (sky130_fd_sc_hd__a21o_2)
                                                         _124_ (net)
                      0.044313    0.000000    3.487212 v _477_/A2 (sky130_fd_sc_hd__a21o_2)
     3    0.008328    0.048722    0.233640    3.720853 v _477_/X (sky130_fd_sc_hd__a21o_2)
                                                         _138_ (net)
                      0.048722    0.000000    3.720853 v _478_/C (sky130_fd_sc_hd__and3_2)
     2    0.006393    0.047933    0.228018    3.948871 v _478_/X (sky130_fd_sc_hd__and3_2)
                                                         _139_ (net)
                      0.047933    0.000000    3.948871 v _496_/A1 (sky130_fd_sc_hd__o21a_2)
     2    0.005663    0.042068    0.224994    4.173865 v _496_/X (sky130_fd_sc_hd__o21a_2)
                                                         _157_ (net)
                      0.042068    0.000000    4.173865 v _512_/B (sky130_fd_sc_hd__or3_2)
     3    0.006041    0.089655    0.483219    4.657084 v _512_/X (sky130_fd_sc_hd__or3_2)
                                                         _173_ (net)
                      0.089655    0.000000    4.657084 v _515_/A1 (sky130_fd_sc_hd__a211o_2)
     2    0.006621    0.059720    0.335616    4.992700 v _515_/X (sky130_fd_sc_hd__a211o_2)
                                                         _176_ (net)
                      0.059720    0.000000    4.992700 v _585_/A1 (sky130_fd_sc_hd__a21o_2)
     2    0.010044    0.052939    0.222212    5.214912 v _585_/X (sky130_fd_sc_hd__a21o_2)
                                                         _245_ (net)
                      0.052939    0.000000    5.214912 v _637_/A2 (sky130_fd_sc_hd__a21o_2)
     2    0.010044    0.052941    0.243311    5.458223 v _637_/X (sky130_fd_sc_hd__a21o_2)
                                                         _296_ (net)
                      0.052941    0.000000    5.458223 v _674_/A2 (sky130_fd_sc_hd__a21o_2)
     2    0.010284    0.053542    0.244139    5.702363 v _674_/X (sky130_fd_sc_hd__a21o_2)
                                                         _332_ (net)
                      0.053542    0.000000    5.702363 v _695_/A2 (sky130_fd_sc_hd__a21o_2)
     2    0.010044    0.052939    0.243563    5.945925 v _695_/X (sky130_fd_sc_hd__a21o_2)
                                                         _352_ (net)
                      0.052939    0.000000    5.945925 v _697_/A2 (sky130_fd_sc_hd__a21o_2)
     2    0.010859    0.054983    0.246120    6.192045 v _697_/X (sky130_fd_sc_hd__a21o_2)
                                                         _353_ (net)
                      0.054983    0.000000    6.192045 v _701_/A (sky130_fd_sc_hd__xor2_2)
     1    0.033442    0.428984    0.403529    6.595573 ^ _701_/X (sky130_fd_sc_hd__xor2_2)
                                                         y[8] (net)
                      0.428984    0.000000    6.595573 ^ y[8] (out)
                                              6.595573   data arrival time

                      0.150000   10.000000   10.000000   clock clk (rise edge)
                                  0.000000   10.000000   clock network delay (ideal)
                                 -0.250000    9.750000   clock uncertainty
                                  0.000000    9.750000   clock reconvergence pessimism
                                 -2.000000    7.750000   output external delay
                                              7.750000   data required time
---------------------------------------------------------------------------------------------
                                              7.750000   data required time
                                             -6.595573   data arrival time
---------------------------------------------------------------------------------------------
                                              1.154426   slack (MET)


Startpoint: h0[1] (input port clocked by clk)
Endpoint: y[9] (output port clocked by clk)
Path Group: clk
Path Type: max

Fanout         Cap        Slew       Delay        Time   Description
---------------------------------------------------------------------------------------------
                      0.150000    0.000000    0.000000   clock clk (rise edge)
                                  0.000000    0.000000   clock network delay (ideal)
                                  2.000000    2.000000 v input external delay
     8    0.023986    0.054819    0.040347    2.040347 v h0[1] (in)
                                                         h0[1] (net)
                      0.054819    0.000000    2.040347 v _453_/A2 (sky130_fd_sc_hd__a22o_2)
     2    0.006362    0.049674    0.281275    2.321622 v _453_/X (sky130_fd_sc_hd__a22o_2)
                                                         _114_ (net)
                      0.049674    0.000000    2.321622 v _454_/B2 (sky130_fd_sc_hd__a22o_2)
     2    0.006612    0.050348    0.247430    2.569052 v _454_/X (sky130_fd_sc_hd__a22o_2)
                                                         _115_ (net)
                      0.050348    0.000000    2.569052 v _457_/A1 (sky130_fd_sc_hd__a21o_2)
     2    0.006362    0.043939    0.205772    2.774823 v _457_/X (sky130_fd_sc_hd__a21o_2)
                                                         _118_ (net)
                      0.043939    0.000000    2.774823 v _459_/B2 (sky130_fd_sc_hd__a22o_2)
     2    0.006488    0.050061    0.244938    3.019761 v _459_/X (sky130_fd_sc_hd__a22o_2)
                                                         _120_ (net)
                      0.050061    0.000000    3.019761 v _461_/A2 (sky130_fd_sc_hd__a21o_2)
     3    0.008752    0.049728    0.237607    3.257368 v _461_/X (sky130_fd_sc_hd__a21o_2)
                                                         _122_ (net)
                      0.049728    0.000000    3.257368 v _463_/A2 (sky130_fd_sc_hd__a21o_2)
     2    0.006544    0.044313    0.229844    3.487212 v _463_/X (sky130_fd_sc_hd__a21o_2)
                                                         _124_ (net)
                      0.044313    0.000000    3.487212 v _477_/A2 (sky130_fd_sc_hd__a21o_2)
     3    0.008328    0.048722    0.233640    3.720853 v _477_/X (sky130_fd_sc_hd__a21o_2)
                                                         _138_ (net)
                      0.048722    0.000000    3.720853 v _478_/C (sky130_fd_sc_hd__and3_2)
     2    0.006393    0.047933    0.228018    3.948871 v _478_/X (sky130_fd_sc_hd__and3_2)
                                                         _139_ (net)
                      0.047933    0.000000    3.948871 v _496_/A1 (sky130_fd_sc_hd__o21a_2)
     2    0.005663    0.042068    0.224994    4.173865 v _496_/X (sky130_fd_sc_hd__o21a_2)
                                                         _157_ (net)
                      0.042068    0.000000    4.173865 v _512_/B (sky130_fd_sc_hd__or3_2)
     3    0.006041    0.089655    0.483219    4.657084 v _512_/X (sky130_fd_sc_hd__or3_2)
                                                         _173_ (net)
                      0.089655    0.000000    4.657084 v _515_/A1 (sky130_fd_sc_hd__a211o_2)
     2    0.006621    0.059720    0.335616    4.992700 v _515_/X (sky130_fd_sc_hd__a211o_2)
                                                         _176_ (net)
                      0.059720    0.000000    4.992700 v _585_/A1 (sky130_fd_sc_hd__a21o_2)
     2    0.010044    0.052939    0.222212    5.214912 v _585_/X (sky130_fd_sc_hd__a21o_2)
                                                         _245_ (net)
                      0.052939    0.000000    5.214912 v _637_/A2 (sky130_fd_sc_hd__a21o_2)
     2    0.010044    0.052941    0.243311    5.458223 v _637_/X (sky130_fd_sc_hd__a21o_2)
                                                         _296_ (net)
                      0.052941    0.000000    5.458223 v _674_/A2 (sky130_fd_sc_hd__a21o_2)
     2    0.010284    0.053542    0.244139    5.702363 v _674_/X (sky130_fd_sc_hd__a21o_2)
                                                         _332_ (net)
                      0.053542    0.000000    5.702363 v _695_/A2 (sky130_fd_sc_hd__a21o_2)
     2    0.010044    0.052939    0.243563    5.945925 v _695_/X (sky130_fd_sc_hd__a21o_2)
                                                         _352_ (net)
                      0.052939    0.000000    5.945925 v _697_/A2 (sky130_fd_sc_hd__a21o_2)
     2    0.010859    0.054983    0.246120    6.192045 v _697_/X (sky130_fd_sc_hd__a21o_2)
                                                         _353_ (net)
                      0.054983    0.000000    6.192045 v _705_/A1 (sky130_fd_sc_hd__a21o_2)
     1    0.033442    0.102883    0.277104    6.469149 v _705_/X (sky130_fd_sc_hd__a21o_2)
                                                         y[9] (net)
                      0.102883    0.000000    6.469149 v y[9] (out)
                                              6.469149   data arrival time

                      0.150000   10.000000   10.000000   clock clk (rise edge)
                                  0.000000   10.000000   clock network delay (ideal)
                                 -0.250000    9.750000   clock uncertainty
                                  0.000000    9.750000   clock reconvergence pessimism
                                 -2.000000    7.750000   output external delay
                                              7.750000   data required time
---------------------------------------------------------------------------------------------
                                              7.750000   data required time
                                             -6.469149   data arrival time
---------------------------------------------------------------------------------------------
                                              1.280851   slack (MET)


Startpoint: h0[1] (input port clocked by clk)
Endpoint: y[7] (output port clocked by clk)
Path Group: clk
Path Type: max

Fanout         Cap        Slew       Delay        Time   Description
---------------------------------------------------------------------------------------------
                      0.150000    0.000000    0.000000   clock clk (rise edge)
                                  0.000000    0.000000   clock network delay (ideal)
                                  2.000000    2.000000 v input external delay
     8    0.023986    0.054819    0.040347    2.040347 v h0[1] (in)
                                                         h0[1] (net)
                      0.054819    0.000000    2.040347 v _453_/A2 (sky130_fd_sc_hd__a22o_2)
     2    0.006362    0.049674    0.281275    2.321622 v _453_/X (sky130_fd_sc_hd__a22o_2)
                                                         _114_ (net)
                      0.049674    0.000000    2.321622 v _454_/B2 (sky130_fd_sc_hd__a22o_2)
     2    0.006612    0.050348    0.247430    2.569052 v _454_/X (sky130_fd_sc_hd__a22o_2)
                                                         _115_ (net)
                      0.050348    0.000000    2.569052 v _457_/A1 (sky130_fd_sc_hd__a21o_2)
     2    0.006362    0.043939    0.205772    2.774823 v _457_/X (sky130_fd_sc_hd__a21o_2)
                                                         _118_ (net)
                      0.043939    0.000000    2.774823 v _459_/B2 (sky130_fd_sc_hd__a22o_2)
     2    0.006488    0.050061    0.244938    3.019761 v _459_/X (sky130_fd_sc_hd__a22o_2)
                                                         _120_ (net)
                      0.050061    0.000000    3.019761 v _461_/A2 (sky130_fd_sc_hd__a21o_2)
     3    0.008752    0.049728    0.237607    3.257368 v _461_/X (sky130_fd_sc_hd__a21o_2)
                                                         _122_ (net)
                      0.049728    0.000000    3.257368 v _463_/A2 (sky130_fd_sc_hd__a21o_2)
     2    0.006544    0.044313    0.229844    3.487212 v _463_/X (sky130_fd_sc_hd__a21o_2)
                                                         _124_ (net)
                      0.044313    0.000000    3.487212 v _477_/A2 (sky130_fd_sc_hd__a21o_2)
     3    0.008328    0.048722    0.233640    3.720853 v _477_/X (sky130_fd_sc_hd__a21o_2)
                                                         _138_ (net)
                      0.048722    0.000000    3.720853 v _478_/C (sky130_fd_sc_hd__and3_2)
     2    0.006393    0.047933    0.228018    3.948871 v _478_/X (sky130_fd_sc_hd__and3_2)
                                                         _139_ (net)
                      0.047933    0.000000    3.948871 v _496_/A1 (sky130_fd_sc_hd__o21a_2)
     2    0.005663    0.042068    0.224994    4.173865 v _496_/X (sky130_fd_sc_hd__o21a_2)
                                                         _157_ (net)
                      0.042068    0.000000    4.173865 v _512_/B (sky130_fd_sc_hd__or3_2)
     3    0.006041    0.089655    0.483219    4.657084 v _512_/X (sky130_fd_sc_hd__or3_2)
                                                         _173_ (net)
                      0.089655    0.000000    4.657084 v _515_/A1 (sky130_fd_sc_hd__a211o_2)
     2    0.006621    0.059720    0.335616    4.992700 v _515_/X (sky130_fd_sc_hd__a211o_2)
                                                         _176_ (net)
                      0.059720    0.000000    4.992700 v _585_/A1 (sky130_fd_sc_hd__a21o_2)
     2    0.010044    0.052939    0.222212    5.214912 v _585_/X (sky130_fd_sc_hd__a21o_2)
                                                         _245_ (net)
                      0.052939    0.000000    5.214912 v _637_/A2 (sky130_fd_sc_hd__a21o_2)
     2    0.010044    0.052941    0.243311    5.458223 v _637_/X (sky130_fd_sc_hd__a21o_2)
                                                         _296_ (net)
                      0.052941    0.000000    5.458223 v _674_/A2 (sky130_fd_sc_hd__a21o_2)
     2    0.010284    0.053542    0.244139    5.702363 v _674_/X (sky130_fd_sc_hd__a21o_2)
                                                         _332_ (net)
                      0.053542    0.000000    5.702363 v _695_/A2 (sky130_fd_sc_hd__a21o_2)
     2    0.010044    0.052939    0.243563    5.945925 v _695_/X (sky130_fd_sc_hd__a21o_2)
                                                         _352_ (net)
                      0.052939    0.000000    5.945925 v _696_/B (sky130_fd_sc_hd__xor2_2)
     1    0.033442    0.428888    0.374220    6.320146 ^ _696_/X (sky130_fd_sc_hd__xor2_2)
                                                         y[7] (net)
                      0.428888    0.000000    6.320146 ^ y[7] (out)
                                              6.320146   data arrival time

                      0.150000   10.000000   10.000000   clock clk (rise edge)
                                  0.000000   10.000000   clock network delay (ideal)
                                 -0.250000    9.750000   clock uncertainty
                                  0.000000    9.750000   clock reconvergence pessimism
                                 -2.000000    7.750000   output external delay
                                              7.750000   data required time
---------------------------------------------------------------------------------------------
                                              7.750000   data required time
                                             -6.320146   data arrival time
---------------------------------------------------------------------------------------------
                                              1.429855   slack (MET)


Startpoint: h0[1] (input port clocked by clk)
Endpoint: y[6] (output port clocked by clk)
Path Group: clk
Path Type: max

Fanout         Cap        Slew       Delay        Time   Description
---------------------------------------------------------------------------------------------
                      0.150000    0.000000    0.000000   clock clk (rise edge)
                                  0.000000    0.000000   clock network delay (ideal)
                                  2.000000    2.000000 v input external delay
     8    0.023986    0.054819    0.040347    2.040347 v h0[1] (in)
                                                         h0[1] (net)
                      0.054819    0.000000    2.040347 v _453_/A2 (sky130_fd_sc_hd__a22o_2)
     2    0.006362    0.049674    0.281275    2.321622 v _453_/X (sky130_fd_sc_hd__a22o_2)
                                                         _114_ (net)
                      0.049674    0.000000    2.321622 v _454_/B2 (sky130_fd_sc_hd__a22o_2)
     2    0.006612    0.050348    0.247430    2.569052 v _454_/X (sky130_fd_sc_hd__a22o_2)
                                                         _115_ (net)
                      0.050348    0.000000    2.569052 v _457_/A1 (sky130_fd_sc_hd__a21o_2)
     2    0.006362    0.043939    0.205772    2.774823 v _457_/X (sky130_fd_sc_hd__a21o_2)
                                                         _118_ (net)
                      0.043939    0.000000    2.774823 v _459_/B2 (sky130_fd_sc_hd__a22o_2)
     2    0.006488    0.050061    0.244938    3.019761 v _459_/X (sky130_fd_sc_hd__a22o_2)
                                                         _120_ (net)
                      0.050061    0.000000    3.019761 v _461_/A2 (sky130_fd_sc_hd__a21o_2)
     3    0.008752    0.049728    0.237607    3.257368 v _461_/X (sky130_fd_sc_hd__a21o_2)
                                                         _122_ (net)
                      0.049728    0.000000    3.257368 v _463_/A2 (sky130_fd_sc_hd__a21o_2)
     2    0.006544    0.044313    0.229844    3.487212 v _463_/X (sky130_fd_sc_hd__a21o_2)
                                                         _124_ (net)
                      0.044313    0.000000    3.487212 v _477_/A2 (sky130_fd_sc_hd__a21o_2)
     3    0.008328    0.048722    0.233640    3.720853 v _477_/X (sky130_fd_sc_hd__a21o_2)
                                                         _138_ (net)
                      0.048722    0.000000    3.720853 v _478_/C (sky130_fd_sc_hd__and3_2)
     2    0.006393    0.047933    0.228018    3.948871 v _478_/X (sky130_fd_sc_hd__and3_2)
                                                         _139_ (net)
                      0.047933    0.000000    3.948871 v _496_/A1 (sky130_fd_sc_hd__o21a_2)
     2    0.005663    0.042068    0.224994    4.173865 v _496_/X (sky130_fd_sc_hd__o21a_2)
                                                         _157_ (net)
                      0.042068    0.000000    4.173865 v _512_/B (sky130_fd_sc_hd__or3_2)
     3    0.006041    0.089655    0.483219    4.657084 v _512_/X (sky130_fd_sc_hd__or3_2)
                                                         _173_ (net)
                      0.089655    0.000000    4.657084 v _515_/A1 (sky130_fd_sc_hd__a211o_2)
     2    0.006621    0.059720    0.335616    4.992700 v _515_/X (sky130_fd_sc_hd__a211o_2)
                                                         _176_ (net)
                      0.059720    0.000000    4.992700 v _585_/A1 (sky130_fd_sc_hd__a21o_2)
     2    0.010044    0.052939    0.222212    5.214912 v _585_/X (sky130_fd_sc_hd__a21o_2)
                                                         _245_ (net)
                      0.052939    0.000000    5.214912 v _637_/A2 (sky130_fd_sc_hd__a21o_2)
     2    0.010044    0.052941    0.243311    5.458223 v _637_/X (sky130_fd_sc_hd__a21o_2)
                                                         _296_ (net)
                      0.052941    0.000000    5.458223 v _674_/A2 (sky130_fd_sc_hd__a21o_2)
     2    0.010284    0.053542    0.244139    5.702363 v _674_/X (sky130_fd_sc_hd__a21o_2)
                                                         _332_ (net)
                      0.053542    0.000000    5.702363 v _675_/B (sky130_fd_sc_hd__xnor2_2)
     1    0.033442    0.453847    0.385814    6.088176 ^ _675_/Y (sky130_fd_sc_hd__xnor2_2)
                                                         y[6] (net)
                      0.453847    0.000000    6.088176 ^ y[6] (out)
                                              6.088176   data arrival time

                      0.150000   10.000000   10.000000   clock clk (rise edge)
                                  0.000000   10.000000   clock network delay (ideal)
                                 -0.250000    9.750000   clock uncertainty
                                  0.000000    9.750000   clock reconvergence pessimism
                                 -2.000000    7.750000   output external delay
                                              7.750000   data required time
---------------------------------------------------------------------------------------------
                                              7.750000   data required time
                                             -6.088176   data arrival time
---------------------------------------------------------------------------------------------
                                              1.661824   slack (MET)


Startpoint: h0[1] (input port clocked by clk)
Endpoint: y[5] (output port clocked by clk)
Path Group: clk
Path Type: max

Fanout         Cap        Slew       Delay        Time   Description
---------------------------------------------------------------------------------------------
                      0.150000    0.000000    0.000000   clock clk (rise edge)
                                  0.000000    0.000000   clock network delay (ideal)
                                  2.000000    2.000000 v input external delay
     8    0.023986    0.054819    0.040347    2.040347 v h0[1] (in)
                                                         h0[1] (net)
                      0.054819    0.000000    2.040347 v _453_/A2 (sky130_fd_sc_hd__a22o_2)
     2    0.006362    0.049674    0.281275    2.321622 v _453_/X (sky130_fd_sc_hd__a22o_2)
                                                         _114_ (net)
                      0.049674    0.000000    2.321622 v _454_/B2 (sky130_fd_sc_hd__a22o_2)
     2    0.006612    0.050348    0.247430    2.569052 v _454_/X (sky130_fd_sc_hd__a22o_2)
                                                         _115_ (net)
                      0.050348    0.000000    2.569052 v _457_/A1 (sky130_fd_sc_hd__a21o_2)
     2    0.006362    0.043939    0.205772    2.774823 v _457_/X (sky130_fd_sc_hd__a21o_2)
                                                         _118_ (net)
                      0.043939    0.000000    2.774823 v _459_/B2 (sky130_fd_sc_hd__a22o_2)
     2    0.006488    0.050061    0.244938    3.019761 v _459_/X (sky130_fd_sc_hd__a22o_2)
                                                         _120_ (net)
                      0.050061    0.000000    3.019761 v _461_/A2 (sky130_fd_sc_hd__a21o_2)
     3    0.008752    0.049728    0.237607    3.257368 v _461_/X (sky130_fd_sc_hd__a21o_2)
                                                         _122_ (net)
                      0.049728    0.000000    3.257368 v _463_/A2 (sky130_fd_sc_hd__a21o_2)
     2    0.006544    0.044313    0.229844    3.487212 v _463_/X (sky130_fd_sc_hd__a21o_2)
                                                         _124_ (net)
                      0.044313    0.000000    3.487212 v _477_/A2 (sky130_fd_sc_hd__a21o_2)
     3    0.008328    0.048722    0.233640    3.720853 v _477_/X (sky130_fd_sc_hd__a21o_2)
                                                         _138_ (net)
                      0.048722    0.000000    3.720853 v _478_/C (sky130_fd_sc_hd__and3_2)
     2    0.006393    0.047933    0.228018    3.948871 v _478_/X (sky130_fd_sc_hd__and3_2)
                                                         _139_ (net)
                      0.047933    0.000000    3.948871 v _496_/A1 (sky130_fd_sc_hd__o21a_2)
     2    0.005663    0.042068    0.224994    4.173865 v _496_/X (sky130_fd_sc_hd__o21a_2)
                                                         _157_ (net)
                      0.042068    0.000000    4.173865 v _512_/B (sky130_fd_sc_hd__or3_2)
     3    0.006041    0.089655    0.483219    4.657084 v _512_/X (sky130_fd_sc_hd__or3_2)
                                                         _173_ (net)
                      0.089655    0.000000    4.657084 v _515_/A1 (sky130_fd_sc_hd__a211o_2)
     2    0.006621    0.059720    0.335616    4.992700 v _515_/X (sky130_fd_sc_hd__a211o_2)
                                                         _176_ (net)
                      0.059720    0.000000    4.992700 v _585_/A1 (sky130_fd_sc_hd__a21o_2)
     2    0.010044    0.052939    0.222212    5.214912 v _585_/X (sky130_fd_sc_hd__a21o_2)
                                                         _245_ (net)
                      0.052939    0.000000    5.214912 v _637_/A2 (sky130_fd_sc_hd__a21o_2)
     2    0.010044    0.052941    0.243311    5.458223 v _637_/X (sky130_fd_sc_hd__a21o_2)
                                                         _296_ (net)
                      0.052941    0.000000    5.458223 v _638_/B (sky130_fd_sc_hd__xor2_2)
     1    0.033442    0.428874    0.374221    5.832445 ^ _638_/X (sky130_fd_sc_hd__xor2_2)
                                                         y[5] (net)
                      0.428874    0.000000    5.832445 ^ y[5] (out)
                                              5.832445   data arrival time

                      0.150000   10.000000   10.000000   clock clk (rise edge)
                                  0.000000   10.000000   clock network delay (ideal)
                                 -0.250000    9.750000   clock uncertainty
                                  0.000000    9.750000   clock reconvergence pessimism
                                 -2.000000    7.750000   output external delay
                                              7.750000   data required time
---------------------------------------------------------------------------------------------
                                              7.750000   data required time
                                             -5.832445   data arrival time
---------------------------------------------------------------------------------------------
                                              1.917555   slack (MET)


Startpoint: h0[1] (input port clocked by clk)
Endpoint: y[4] (output port clocked by clk)
Path Group: clk
Path Type: max

Fanout         Cap        Slew       Delay        Time   Description
---------------------------------------------------------------------------------------------
                      0.150000    0.000000    0.000000   clock clk (rise edge)
                                  0.000000    0.000000   clock network delay (ideal)
                                  2.000000    2.000000 v input external delay
     8    0.023986    0.054819    0.040347    2.040347 v h0[1] (in)
                                                         h0[1] (net)
                      0.054819    0.000000    2.040347 v _453_/A2 (sky130_fd_sc_hd__a22o_2)
     2    0.006362    0.049674    0.281275    2.321622 v _453_/X (sky130_fd_sc_hd__a22o_2)
                                                         _114_ (net)
                      0.049674    0.000000    2.321622 v _454_/B2 (sky130_fd_sc_hd__a22o_2)
     2    0.006612    0.050348    0.247430    2.569052 v _454_/X (sky130_fd_sc_hd__a22o_2)
                                                         _115_ (net)
                      0.050348    0.000000    2.569052 v _457_/A1 (sky130_fd_sc_hd__a21o_2)
     2    0.006362    0.043939    0.205772    2.774823 v _457_/X (sky130_fd_sc_hd__a21o_2)
                                                         _118_ (net)
                      0.043939    0.000000    2.774823 v _459_/B2 (sky130_fd_sc_hd__a22o_2)
     2    0.006488    0.050061    0.244938    3.019761 v _459_/X (sky130_fd_sc_hd__a22o_2)
                                                         _120_ (net)
                      0.050061    0.000000    3.019761 v _461_/A2 (sky130_fd_sc_hd__a21o_2)
     3    0.008752    0.049728    0.237607    3.257368 v _461_/X (sky130_fd_sc_hd__a21o_2)
                                                         _122_ (net)
                      0.049728    0.000000    3.257368 v _463_/A2 (sky130_fd_sc_hd__a21o_2)
     2    0.006544    0.044313    0.229844    3.487212 v _463_/X (sky130_fd_sc_hd__a21o_2)
                                                         _124_ (net)
                      0.044313    0.000000    3.487212 v _477_/A2 (sky130_fd_sc_hd__a21o_2)
     3    0.008328    0.048722    0.233640    3.720853 v _477_/X (sky130_fd_sc_hd__a21o_2)
                                                         _138_ (net)
                      0.048722    0.000000    3.720853 v _478_/C (sky130_fd_sc_hd__and3_2)
     2    0.006393    0.047933    0.228018    3.948871 v _478_/X (sky130_fd_sc_hd__and3_2)
                                                         _139_ (net)
                      0.047933    0.000000    3.948871 v _496_/A1 (sky130_fd_sc_hd__o21a_2)
     2    0.005663    0.042068    0.224994    4.173865 v _496_/X (sky130_fd_sc_hd__o21a_2)
                                                         _157_ (net)
                      0.042068    0.000000    4.173865 v _512_/B (sky130_fd_sc_hd__or3_2)
     3    0.006041    0.089655    0.483219    4.657084 v _512_/X (sky130_fd_sc_hd__or3_2)
                                                         _173_ (net)
                      0.089655    0.000000    4.657084 v _515_/A1 (sky130_fd_sc_hd__a211o_2)
     2    0.006621    0.059720    0.335616    4.992700 v _515_/X (sky130_fd_sc_hd__a211o_2)
                                                         _176_ (net)
                      0.059720    0.000000    4.992700 v _585_/A1 (sky130_fd_sc_hd__a21o_2)
     2    0.010044    0.052939    0.222212    5.214912 v _585_/X (sky130_fd_sc_hd__a21o_2)
                                                         _245_ (net)
                      0.052939    0.000000    5.214912 v _586_/B (sky130_fd_sc_hd__xor2_2)
     1    0.033442    0.428888    0.374220    5.589132 ^ _586_/X (sky130_fd_sc_hd__xor2_2)
                                                         y[4] (net)
                      0.428888    0.000000    5.589132 ^ y[4] (out)
                                              5.589132   data arrival time

                      0.150000   10.000000   10.000000   clock clk (rise edge)
                                  0.000000   10.000000   clock network delay (ideal)
                                 -0.250000    9.750000   clock uncertainty
                                  0.000000    9.750000   clock reconvergence pessimism
                                 -2.000000    7.750000   output external delay
                                              7.750000   data required time
---------------------------------------------------------------------------------------------
                                              7.750000   data required time
                                             -5.589132   data arrival time
---------------------------------------------------------------------------------------------
                                              2.160867   slack (MET)


Startpoint: h0[1] (input port clocked by clk)
Endpoint: y[3] (output port clocked by clk)
Path Group: clk
Path Type: max

Fanout         Cap        Slew       Delay        Time   Description
---------------------------------------------------------------------------------------------
                      0.150000    0.000000    0.000000   clock clk (rise edge)
                                  0.000000    0.000000   clock network delay (ideal)
                                  2.000000    2.000000 v input external delay
     8    0.023986    0.054819    0.040347    2.040347 v h0[1] (in)
                                                         h0[1] (net)
                      0.054819    0.000000    2.040347 v _453_/A2 (sky130_fd_sc_hd__a22o_2)
     2    0.006362    0.049674    0.281275    2.321622 v _453_/X (sky130_fd_sc_hd__a22o_2)
                                                         _114_ (net)
                      0.049674    0.000000    2.321622 v _454_/B2 (sky130_fd_sc_hd__a22o_2)
     2    0.006612    0.050348    0.247430    2.569052 v _454_/X (sky130_fd_sc_hd__a22o_2)
                                                         _115_ (net)
                      0.050348    0.000000    2.569052 v _457_/A1 (sky130_fd_sc_hd__a21o_2)
     2    0.006362    0.043939    0.205772    2.774823 v _457_/X (sky130_fd_sc_hd__a21o_2)
                                                         _118_ (net)
                      0.043939    0.000000    2.774823 v _459_/B2 (sky130_fd_sc_hd__a22o_2)
     2    0.006488    0.050061    0.244938    3.019761 v _459_/X (sky130_fd_sc_hd__a22o_2)
                                                         _120_ (net)
                      0.050061    0.000000    3.019761 v _461_/A2 (sky130_fd_sc_hd__a21o_2)
     3    0.008752    0.049728    0.237607    3.257368 v _461_/X (sky130_fd_sc_hd__a21o_2)
                                                         _122_ (net)
                      0.049728    0.000000    3.257368 v _463_/A2 (sky130_fd_sc_hd__a21o_2)
     2    0.006544    0.044313    0.229844    3.487212 v _463_/X (sky130_fd_sc_hd__a21o_2)
                                                         _124_ (net)
                      0.044313    0.000000    3.487212 v _477_/A2 (sky130_fd_sc_hd__a21o_2)
     3    0.008328    0.048722    0.233640    3.720853 v _477_/X (sky130_fd_sc_hd__a21o_2)
                                                         _138_ (net)
                      0.048722    0.000000    3.720853 v _478_/C (sky130_fd_sc_hd__and3_2)
     2    0.006393    0.047933    0.228018    3.948871 v _478_/X (sky130_fd_sc_hd__and3_2)
                                                         _139_ (net)
                      0.047933    0.000000    3.948871 v _496_/A1 (sky130_fd_sc_hd__o21a_2)
     2    0.005663    0.042068    0.224994    4.173865 v _496_/X (sky130_fd_sc_hd__o21a_2)
                                                         _157_ (net)
                      0.042068    0.000000    4.173865 v _512_/B (sky130_fd_sc_hd__or3_2)
     3    0.006041    0.089655    0.483219    4.657084 v _512_/X (sky130_fd_sc_hd__or3_2)
                                                         _173_ (net)
                      0.089655    0.000000    4.657084 v _514_/B1 (sky130_fd_sc_hd__o211a_2)
     2    0.003512    0.043599    0.158014    4.815098 v _514_/X (sky130_fd_sc_hd__o211a_2)
                                                         _175_ (net)
                      0.043599    0.000000    4.815098 v _516_/A_N (sky130_fd_sc_hd__nand2b_2)
     1    0.008318    0.061120    0.195614    5.010712 v _516_/Y (sky130_fd_sc_hd__nand2b_2)
                                                         _177_ (net)
                      0.061120    0.000000    5.010712 v _518_/A (sky130_fd_sc_hd__xnor2_2)
     1    0.033442    0.453846    0.416116    5.426828 ^ _518_/Y (sky130_fd_sc_hd__xnor2_2)
                                                         y[3] (net)
                      0.453846    0.000000    5.426828 ^ y[3] (out)
                                              5.426828   data arrival time

                      0.150000   10.000000   10.000000   clock clk (rise edge)
                                  0.000000   10.000000   clock network delay (ideal)
                                 -0.250000    9.750000   clock uncertainty
                                  0.000000    9.750000   clock reconvergence pessimism
                                 -2.000000    7.750000   output external delay
                                              7.750000   data required time
---------------------------------------------------------------------------------------------
                                              7.750000   data required time
                                             -5.426828   data arrival time
---------------------------------------------------------------------------------------------
                                              2.323172   slack (MET)


Startpoint: h3[1] (input port clocked by clk)
Endpoint: y[2] (output port clocked by clk)
Path Group: clk
Path Type: max

Fanout         Cap        Slew       Delay        Time   Description
---------------------------------------------------------------------------------------------
                      0.150000    0.000000    0.000000   clock clk (rise edge)
                                  0.000000    0.000000   clock network delay (ideal)
                                  2.000000    2.000000 v input external delay
     8    0.020550    0.047490    0.034629    2.034629 v h3[1] (in)
                                                         h3[1] (net)
                      0.047490    0.000000    2.034629 v _399_/D (sky130_fd_sc_hd__and4_2)
     3    0.009949    0.058381    0.264454    2.299083 v _399_/X (sky130_fd_sc_hd__and4_2)
                                                         _061_ (net)
                      0.058381    0.000000    2.299083 v _403_/A (sky130_fd_sc_hd__or3b_2)
     3    0.011461    0.110424    0.538156    2.837240 v _403_/X (sky130_fd_sc_hd__or3b_2)
                                                         _065_ (net)
                      0.110424    0.000000    2.837240 v _405_/A (sky130_fd_sc_hd__and2_2)
     2    0.005719    0.044909    0.212186    3.049426 v _405_/X (sky130_fd_sc_hd__and2_2)
                                                         _067_ (net)
                      0.044909    0.000000    3.049426 v _409_/A (sky130_fd_sc_hd__or2_2)
     1    0.004215    0.060583    0.310195    3.359620 v _409_/X (sky130_fd_sc_hd__or2_2)
                                                         _071_ (net)
                      0.060583    0.000000    3.359620 v _410_/B (sky130_fd_sc_hd__nand2_2)
     2    0.007183    0.058268    0.083099    3.442719 ^ _410_/Y (sky130_fd_sc_hd__nand2_2)
                                                         _072_ (net)
                      0.058268    0.000000    3.442719 ^ _411_/C (sky130_fd_sc_hd__nor3_2)
     4    0.010529    0.062139    0.053936    3.496655 v _411_/Y (sky130_fd_sc_hd__nor3_2)
                                                         _073_ (net)
                      0.062139    0.000000    3.496655 v _426_/A (sky130_fd_sc_hd__or3_2)
     3    0.008776    0.099205    0.531538    4.028192 v _426_/X (sky130_fd_sc_hd__or3_2)
                                                         _088_ (net)
                      0.099205    0.000000    4.028192 v _438_/B1 (sky130_fd_sc_hd__o211a_2)
     2    0.003512    0.043755    0.162645    4.190837 v _438_/X (sky130_fd_sc_hd__o211a_2)
                                                         _100_ (net)
                      0.043755    0.000000    4.190837 v _440_/A_N (sky130_fd_sc_hd__nand2b_2)
     1    0.008318    0.061121    0.195685    4.386522 v _440_/Y (sky130_fd_sc_hd__nand2b_2)
                                                         _102_ (net)
                      0.061121    0.000000    4.386522 v _449_/A (sky130_fd_sc_hd__xnor2_2)
     1    0.033442    0.453846    0.416116    4.802639 ^ _449_/Y (sky130_fd_sc_hd__xnor2_2)
                                                         y[2] (net)
                      0.453846    0.000000    4.802639 ^ y[2] (out)
                                              4.802639   data arrival time

                      0.150000   10.000000   10.000000   clock clk (rise edge)
                                  0.000000   10.000000   clock network delay (ideal)
                                 -0.250000    9.750000   clock uncertainty
                                  0.000000    9.750000   clock reconvergence pessimism
                                 -2.000000    7.750000   output external delay
                                              7.750000   data required time
---------------------------------------------------------------------------------------------
                                              7.750000   data required time
                                             -4.802639   data arrival time
---------------------------------------------------------------------------------------------
                                              2.947361   slack (MET)


Startpoint: h1[0] (input port clocked by clk)
Endpoint: y[1] (output port clocked by clk)
Path Group: clk
Path Type: max

Fanout         Cap        Slew       Delay        Time   Description
---------------------------------------------------------------------------------------------
                      0.150000    0.000000    0.000000   clock clk (rise edge)
                                  0.000000    0.000000   clock network delay (ideal)
                                  2.000000    2.000000 ^ input external delay
    10    0.029749    0.141156    0.100696    2.100696 ^ h1[0] (in)
                                                         h1[0] (net)
                      0.141156    0.000000    2.100696 ^ _390_/A1 (sky130_fd_sc_hd__a22o_2)
     2    0.006136    0.051813    0.181841    2.282537 ^ _390_/X (sky130_fd_sc_hd__a22o_2)
                                                         _052_ (net)
                      0.051813    0.000000    2.282537 ^ _392_/C (sky130_fd_sc_hd__and4_2)
     3    0.011724    0.095271    0.267560    2.550097 ^ _392_/X (sky130_fd_sc_hd__and4_2)
                                                         _054_ (net)
                      0.095271    0.000000    2.550097 ^ _394_/A (sky130_fd_sc_hd__nor2_2)
     2    0.005608    0.039946    0.055975    2.606071 v _394_/Y (sky130_fd_sc_hd__nor2_2)
                                                         _056_ (net)
                      0.039946    0.000000    2.606071 v _396_/A (sky130_fd_sc_hd__and2_2)
     3    0.007660    0.049168    0.185970    2.792041 v _396_/X (sky130_fd_sc_hd__and2_2)
                                                         _058_ (net)
                      0.049168    0.000000    2.792041 v _430_/A (sky130_fd_sc_hd__or2_2)
     2    0.005608    0.064603    0.318141    3.110183 v _430_/X (sky130_fd_sc_hd__or2_2)
                                                         _092_ (net)
                      0.064603    0.000000    3.110183 v _435_/A (sky130_fd_sc_hd__and2_2)
     1    0.004136    0.041165    0.185450    3.295633 v _435_/X (sky130_fd_sc_hd__and2_2)
                                                         _097_ (net)
                      0.041165    0.000000    3.295633 v _436_/B (sky130_fd_sc_hd__nor2_2)
     2    0.006300    0.097751    0.099306    3.394939 ^ _436_/Y (sky130_fd_sc_hd__nor2_2)
                                                         _098_ (net)
                      0.097751    0.000000    3.394939 ^ _437_/C (sky130_fd_sc_hd__and3_2)
     3    0.009620    0.074781    0.222624    3.617563 ^ _437_/X (sky130_fd_sc_hd__and3_2)
                                                         _099_ (net)
                      0.074781    0.000000    3.617563 ^ _442_/A (sky130_fd_sc_hd__nor2_2)
     2    0.009859    0.040639    0.059481    3.677044 v _442_/Y (sky130_fd_sc_hd__nor2_2)
                                                         _104_ (net)
                      0.040639    0.000000    3.677044 v _704_/A (sky130_fd_sc_hd__xnor2_2)
     1    0.033442    0.453534    0.407184    4.084228 ^ _704_/Y (sky130_fd_sc_hd__xnor2_2)
                                                         y[1] (net)
                      0.453534    0.000000    4.084228 ^ y[1] (out)
                                              4.084228   data arrival time

                      0.150000   10.000000   10.000000   clock clk (rise edge)
                                  0.000000   10.000000   clock network delay (ideal)
                                 -0.250000    9.750000   clock uncertainty
                                  0.000000    9.750000   clock reconvergence pessimism
                                 -2.000000    7.750000   output external delay
                                              7.750000   data required time
---------------------------------------------------------------------------------------------
                                              7.750000   data required time
                                             -4.084228   data arrival time
---------------------------------------------------------------------------------------------
                                              3.665772   slack (MET)


Startpoint: h1[0] (input port clocked by clk)
Endpoint: y[0] (output port clocked by clk)
Path Group: clk
Path Type: max

Fanout         Cap        Slew       Delay        Time   Description
---------------------------------------------------------------------------------------------
                      0.150000    0.000000    0.000000   clock clk (rise edge)
                                  0.000000    0.000000   clock network delay (ideal)
                                  2.000000    2.000000 ^ input external delay
    10    0.029749    0.141156    0.100696    2.100696 ^ h1[0] (in)
                                                         h1[0] (net)
                      0.141156    0.000000    2.100696 ^ _395_/A (sky130_fd_sc_hd__and4_2)
     3    0.010892    0.091296    0.274653    2.375349 ^ _395_/X (sky130_fd_sc_hd__and4_2)
                                                         _057_ (net)
                      0.091296    0.000000    2.375349 ^ _444_/A (sky130_fd_sc_hd__nor2_2)
     2    0.012236    0.052632    0.069444    2.444793 v _444_/Y (sky130_fd_sc_hd__nor2_2)
                                                         _106_ (net)
                      0.052632    0.000000    2.444793 v _445_/B (sky130_fd_sc_hd__xnor2_2)
     2    0.005574    0.054217    0.139259    2.584052 v _445_/Y (sky130_fd_sc_hd__xnor2_2)
                                                         _107_ (net)
                      0.054217    0.000000    2.584052 v _446_/C (sky130_fd_sc_hd__and3_2)
     2    0.008266    0.052426    0.237177    2.821229 v _446_/X (sky130_fd_sc_hd__and3_2)
                                                         _108_ (net)
                      0.052426    0.000000    2.821229 v _703_/A (sky130_fd_sc_hd__nor2_2)
     1    0.033442    0.373461    0.339985    3.161214 ^ _703_/Y (sky130_fd_sc_hd__nor2_2)
                                                         y[0] (net)
                      0.373461    0.000000    3.161214 ^ y[0] (out)
                                              3.161214   data arrival time

                      0.150000   10.000000   10.000000   clock clk (rise edge)
                                  0.000000   10.000000   clock network delay (ideal)
                                 -0.250000    9.750000   clock uncertainty
                                  0.000000    9.750000   clock reconvergence pessimism
                                 -2.000000    7.750000   output external delay
                                              7.750000   data required time
---------------------------------------------------------------------------------------------
                                              7.750000   data required time
                                             -3.161214   data arrival time
---------------------------------------------------------------------------------------------
                                              4.588787   slack (MET)


Startpoint: start_diag (input port clocked by clk)
Endpoint: _755_ (rising edge-triggered flip-flop clocked by clk)
Path Group: clk
Path Type: max

Fanout         Cap        Slew       Delay        Time   Description
---------------------------------------------------------------------------------------------
                      0.150000    0.000000    0.000000   clock clk (rise edge)
                                  0.000000    0.000000   clock network delay (ideal)
                                  2.000000    2.000000 v input external delay
     2    0.005694    0.015549    0.009650    2.009650 v start_diag (in)
                                                         start_diag (net)
                      0.015549    0.000000    2.009650 v _711_/A (sky130_fd_sc_hd__and2_2)
     2    0.002908    0.037446    0.158006    2.167655 v _711_/X (sky130_fd_sc_hd__and2_2)
                                                         _358_ (net)
                      0.037446    0.000000    2.167655 v _733_/A0 (sky130_fd_sc_hd__mux2_1)
     1    0.001403    0.048603    0.274216    2.441871 v _733_/X (sky130_fd_sc_hd__mux2_1)
                                                         _366_ (net)
                      0.048603    0.000000    2.441871 v _734_/B (sky130_fd_sc_hd__and2_2)
     1    0.001681    0.033716    0.187570    2.629441 v _734_/X (sky130_fd_sc_hd__and2_2)
                                                         _019_ (net)
                      0.033716    0.000000    2.629441 v _755_/D (sky130_fd_sc_hd__dfxtp_2)
                                              2.629441   data arrival time

                      0.150000   10.000000   10.000000   clock clk (rise edge)
                                  0.000000   10.000000   clock network delay (ideal)
                                 -0.250000    9.750000   clock uncertainty
                                  0.000000    9.750000   clock reconvergence pessimism
                                              9.750000 ^ _755_/CLK (sky130_fd_sc_hd__dfxtp_2)
                                 -0.083453    9.666547   library setup time
                                              9.666547   data required time
---------------------------------------------------------------------------------------------
                                              9.666547   data required time
                                             -2.629441   data arrival time
---------------------------------------------------------------------------------------------
                                              7.037106   slack (MET)


Startpoint: x[0] (input port clocked by clk)
Endpoint: _751_ (rising edge-triggered flip-flop clocked by clk)
Path Group: clk
Path Type: max

Fanout         Cap        Slew       Delay        Time   Description
---------------------------------------------------------------------------------------------
                      0.150000    0.000000    0.000000   clock clk (rise edge)
                                  0.000000    0.000000   clock network delay (ideal)
                                  2.000000    2.000000 v input external delay
     1    0.001505    0.005865    0.002342    2.002342 v x[0] (in)
                                                         x[0] (net)
                      0.005865    0.000000    2.002342 v _725_/A0 (sky130_fd_sc_hd__mux2_1)
     1    0.001403    0.048671    0.265493    2.267835 v _725_/X (sky130_fd_sc_hd__mux2_1)
                                                         _362_ (net)
                      0.048671    0.000000    2.267835 v _726_/B (sky130_fd_sc_hd__and2_2)
     1    0.001681    0.033716    0.187602    2.455437 v _726_/X (sky130_fd_sc_hd__and2_2)
                                                         _015_ (net)
                      0.033716    0.000000    2.455437 v _751_/D (sky130_fd_sc_hd__dfxtp_2)
                                              2.455437   data arrival time

                      0.150000   10.000000   10.000000   clock clk (rise edge)
                                  0.000000   10.000000   clock network delay (ideal)
                                 -0.250000    9.750000   clock uncertainty
                                  0.000000    9.750000   clock reconvergence pessimism
                                              9.750000 ^ _751_/CLK (sky130_fd_sc_hd__dfxtp_2)
                                 -0.083453    9.666547   library setup time
                                              9.666547   data required time
---------------------------------------------------------------------------------------------
                                              9.666547   data required time
                                             -2.455437   data arrival time
---------------------------------------------------------------------------------------------
                                              7.211110   slack (MET)


Startpoint: x[1] (input port clocked by clk)
Endpoint: _752_ (rising edge-triggered flip-flop clocked by clk)
Path Group: clk
Path Type: max

Fanout         Cap        Slew       Delay        Time   Description
---------------------------------------------------------------------------------------------
                      0.150000    0.000000    0.000000   clock clk (rise edge)
                                  0.000000    0.000000   clock network delay (ideal)
                                  2.000000    2.000000 v input external delay
     1    0.001505    0.005865    0.002342    2.002342 v x[1] (in)
                                                         x[1] (net)
                      0.005865    0.000000    2.002342 v _727_/A0 (sky130_fd_sc_hd__mux2_1)
     1    0.001403    0.048671    0.265493    2.267835 v _727_/X (sky130_fd_sc_hd__mux2_1)
                                                         _363_ (net)
                      0.048671    0.000000    2.267835 v _728_/B (sky130_fd_sc_hd__and2_2)
     1    0.001681    0.033716    0.187602    2.455437 v _728_/X (sky130_fd_sc_hd__and2_2)
                                                         _016_ (net)
                      0.033716    0.000000    2.455437 v _752_/D (sky130_fd_sc_hd__dfxtp_2)
                                              2.455437   data arrival time

                      0.150000   10.000000   10.000000   clock clk (rise edge)
                                  0.000000   10.000000   clock network delay (ideal)
                                 -0.250000    9.750000   clock uncertainty
                                  0.000000    9.750000   clock reconvergence pessimism
                                              9.750000 ^ _752_/CLK (sky130_fd_sc_hd__dfxtp_2)
                                 -0.083453    9.666547   library setup time
                                              9.666547   data required time
---------------------------------------------------------------------------------------------
                                              9.666547   data required time
                                             -2.455437   data arrival time
---------------------------------------------------------------------------------------------
                                              7.211110   slack (MET)


Startpoint: x[2] (input port clocked by clk)
Endpoint: _753_ (rising edge-triggered flip-flop clocked by clk)
Path Group: clk
Path Type: max

Fanout         Cap        Slew       Delay        Time   Description
---------------------------------------------------------------------------------------------
                      0.150000    0.000000    0.000000   clock clk (rise edge)
                                  0.000000    0.000000   clock network delay (ideal)
                                  2.000000    2.000000 v input external delay
     1    0.001505    0.005865    0.002342    2.002342 v x[2] (in)
                                                         x[2] (net)
                      0.005865    0.000000    2.002342 v _729_/A0 (sky130_fd_sc_hd__mux2_1)
     1    0.001403    0.048671    0.265493    2.267835 v _729_/X (sky130_fd_sc_hd__mux2_1)
                                                         _364_ (net)
                      0.048671    0.000000    2.267835 v _730_/B (sky130_fd_sc_hd__and2_2)
     1    0.001681    0.033716    0.187602    2.455437 v _730_/X (sky130_fd_sc_hd__and2_2)
                                                         _017_ (net)
                      0.033716    0.000000    2.455437 v _753_/D (sky130_fd_sc_hd__dfxtp_2)
                                              2.455437   data arrival time

                      0.150000   10.000000   10.000000   clock clk (rise edge)
                                  0.000000   10.000000   clock network delay (ideal)
                                 -0.250000    9.750000   clock uncertainty
                                  0.000000    9.750000   clock reconvergence pessimism
                                              9.750000 ^ _753_/CLK (sky130_fd_sc_hd__dfxtp_2)
                                 -0.083453    9.666547   library setup time
                                              9.666547   data required time
---------------------------------------------------------------------------------------------
                                              9.666547   data required time
                                             -2.455437   data arrival time
---------------------------------------------------------------------------------------------
                                              7.211110   slack (MET)


Startpoint: _755_ (rising edge-triggered flip-flop clocked by clk)
Endpoint: diag_busy (output port clocked by clk)
Path Group: clk
Path Type: max

Fanout         Cap        Slew       Delay        Time   Description
---------------------------------------------------------------------------------------------
                      0.150000    0.000000    0.000000   clock clk (rise edge)
                                  0.000000    0.000000   clock network delay (ideal)
                      0.150000    0.000000    0.000000 ^ _755_/CLK (sky130_fd_sc_hd__dfxtp_2)
     6    0.047420    0.243680    0.523579    0.523579 ^ _755_/Q (sky130_fd_sc_hd__dfxtp_2)
                                                         diag_busy (net)
                      0.243680    0.000000    0.523579 ^ diag_busy (out)
                                              0.523579   data arrival time

                      0.150000   10.000000   10.000000   clock clk (rise edge)
                                  0.000000   10.000000   clock network delay (ideal)
                                 -0.250000    9.750000   clock uncertainty
                                  0.000000    9.750000   clock reconvergence pessimism
                                 -2.000000    7.750000   output external delay
                                              7.750000   data required time
---------------------------------------------------------------------------------------------
                                              7.750000   data required time
                                             -0.523579   data arrival time
---------------------------------------------------------------------------------------------
                                              7.226421   slack (MET)


Startpoint: _756_ (rising edge-triggered flip-flop clocked by clk)
Endpoint: diag_done (output port clocked by clk)
Path Group: clk
Path Type: max

Fanout         Cap        Slew       Delay        Time   Description
---------------------------------------------------------------------------------------------
                      0.150000    0.000000    0.000000   clock clk (rise edge)
                                  0.000000    0.000000   clock network delay (ideal)
                      0.150000    0.000000    0.000000 ^ _756_/CLK (sky130_fd_sc_hd__dfxtp_2)
     1    0.033442    0.175432    0.473259    0.473259 ^ _756_/Q (sky130_fd_sc_hd__dfxtp_2)
                                                         diag_done (net)
                      0.175432    0.000000    0.473259 ^ diag_done (out)
                                              0.473259   data arrival time

                      0.150000   10.000000   10.000000   clock clk (rise edge)
                                  0.000000   10.000000   clock network delay (ideal)
                                 -0.250000    9.750000   clock uncertainty
                                  0.000000    9.750000   clock reconvergence pessimism
                                 -2.000000    7.750000   output external delay
                                              7.750000   data required time
---------------------------------------------------------------------------------------------
                                              7.750000   data required time
                                             -0.473259   data arrival time
---------------------------------------------------------------------------------------------
                                              7.276741   slack (MET)


Startpoint: rst (input port clocked by clk)
Endpoint: _754_ (rising edge-triggered flip-flop clocked by clk)
Path Group: clk
Path Type: max

Fanout         Cap        Slew       Delay        Time   Description
---------------------------------------------------------------------------------------------
                      0.150000    0.000000    0.000000   clock clk (rise edge)
                                  0.000000    0.000000   clock network delay (ideal)
                                  2.000000    2.000000 v input external delay
     3    0.010600    0.026188    0.017990    2.017990 v rst (in)
                                                         rst (net)
                      0.026188    0.000000    2.017990 v _369_/A (sky130_fd_sc_hd__inv_2)
    31    0.048698    0.225187    0.185873    2.203863 ^ _369_/Y (sky130_fd_sc_hd__inv_2)
                                                         _367_ (net)
                      0.225187    0.000000    2.203863 ^ _731_/B (sky130_fd_sc_hd__and3b_2)
     1    0.001674    0.038817    0.214746    2.418609 ^ _731_/X (sky130_fd_sc_hd__and3b_2)
                                                         _018_ (net)
                      0.038817    0.000000    2.418609 ^ _754_/D (sky130_fd_sc_hd__dfxtp_2)
                                              2.418609   data arrival time

                      0.150000   10.000000   10.000000   clock clk (rise edge)
                                  0.000000   10.000000   clock network delay (ideal)
                                 -0.250000    9.750000   clock uncertainty
                                  0.000000    9.750000   clock reconvergence pessimism
                                              9.750000 ^ _754_/CLK (sky130_fd_sc_hd__dfxtp_2)
                                 -0.041919    9.708081   library setup time
                                              9.708081   data required time
---------------------------------------------------------------------------------------------
                                              9.708081   data required time
                                             -2.418609   data arrival time
---------------------------------------------------------------------------------------------
                                              7.289472   slack (MET)


Startpoint: rst (input port clocked by clk)
Endpoint: _757_ (rising edge-triggered flip-flop clocked by clk)
Path Group: clk
Path Type: max

Fanout         Cap        Slew       Delay        Time   Description
---------------------------------------------------------------------------------------------
                      0.150000    0.000000    0.000000   clock clk (rise edge)
                                  0.000000    0.000000   clock network delay (ideal)
                                  2.000000    2.000000 ^ input external delay
     3    0.011775    0.060625    0.041681    2.041681 ^ rst (in)
                                                         rst (net)
                      0.060625    0.000000    2.041681 ^ _369_/A (sky130_fd_sc_hd__inv_2)
    31    0.045550    0.101362    0.109377    2.151058 v _369_/Y (sky130_fd_sc_hd__inv_2)
                                                         _367_ (net)
                      0.101362    0.000000    2.151058 v _736_/B (sky130_fd_sc_hd__and2_2)
     1    0.001681    0.033707    0.212942    2.364000 v _736_/X (sky130_fd_sc_hd__and2_2)
                                                         _021_ (net)
                      0.033707    0.000000    2.364000 v _757_/D (sky130_fd_sc_hd__dfxtp_2)
                                              2.364000   data arrival time

                      0.150000   10.000000   10.000000   clock clk (rise edge)
                                  0.000000   10.000000   clock network delay (ideal)
                                 -0.250000    9.750000   clock uncertainty
                                  0.000000    9.750000   clock reconvergence pessimism
                                              9.750000 ^ _757_/CLK (sky130_fd_sc_hd__dfxtp_2)
                                 -0.083449    9.666552   library setup time
                                              9.666552   data required time
---------------------------------------------------------------------------------------------
                                              9.666552   data required time
                                             -2.364000   data arrival time
---------------------------------------------------------------------------------------------
                                              7.302552   slack (MET)


Startpoint: rst (input port clocked by clk)
Endpoint: _758_ (rising edge-triggered flip-flop clocked by clk)
Path Group: clk
Path Type: max

Fanout         Cap        Slew       Delay        Time   Description
---------------------------------------------------------------------------------------------
                      0.150000    0.000000    0.000000   clock clk (rise edge)
                                  0.000000    0.000000   clock network delay (ideal)
                                  2.000000    2.000000 ^ input external delay
     3    0.011775    0.060625    0.041681    2.041681 ^ rst (in)
                                                         rst (net)
                      0.060625    0.000000    2.041681 ^ _369_/A (sky130_fd_sc_hd__inv_2)
    31    0.045550    0.101362    0.109377    2.151058 v _369_/Y (sky130_fd_sc_hd__inv_2)
                                                         _367_ (net)
                      0.101362    0.000000    2.151058 v _737_/B (sky130_fd_sc_hd__and2_2)
     1    0.001681    0.033707    0.212942    2.364000 v _737_/X (sky130_fd_sc_hd__and2_2)
                                                         _022_ (net)
                      0.033707    0.000000    2.364000 v _758_/D (sky130_fd_sc_hd__dfxtp_2)
                                              2.364000   data arrival time

                      0.150000   10.000000   10.000000   clock clk (rise edge)
                                  0.000000   10.000000   clock network delay (ideal)
                                 -0.250000    9.750000   clock uncertainty
                                  0.000000    9.750000   clock reconvergence pessimism
                                              9.750000 ^ _758_/CLK (sky130_fd_sc_hd__dfxtp_2)
                                 -0.083449    9.666552   library setup time
                                              9.666552   data required time
---------------------------------------------------------------------------------------------
                                              9.666552   data required time
                                             -2.364000   data arrival time
---------------------------------------------------------------------------------------------
                                              7.302552   slack (MET)


Startpoint: rst (input port clocked by clk)
Endpoint: _759_ (rising edge-triggered flip-flop clocked by clk)
Path Group: clk
Path Type: max

Fanout         Cap        Slew       Delay        Time   Description
---------------------------------------------------------------------------------------------
                      0.150000    0.000000    0.000000   clock clk (rise edge)
                                  0.000000    0.000000   clock network delay (ideal)
                                  2.000000    2.000000 ^ input external delay
     3    0.011775    0.060625    0.041681    2.041681 ^ rst (in)
                                                         rst (net)
                      0.060625    0.000000    2.041681 ^ _369_/A (sky130_fd_sc_hd__inv_2)
    31    0.045550    0.101362    0.109377    2.151058 v _369_/Y (sky130_fd_sc_hd__inv_2)
                                                         _367_ (net)
                      0.101362    0.000000    2.151058 v _738_/B (sky130_fd_sc_hd__and2_2)
     1    0.001681    0.033707    0.212942    2.364000 v _738_/X (sky130_fd_sc_hd__and2_2)
                                                         _023_ (net)
                      0.033707    0.000000    2.364000 v _759_/D (sky130_fd_sc_hd__dfxtp_2)
                                              2.364000   data arrival time

                      0.150000   10.000000   10.000000   clock clk (rise edge)
                                  0.000000   10.000000   clock network delay (ideal)
                                 -0.250000    9.750000   clock uncertainty
                                  0.000000    9.750000   clock reconvergence pessimism
                                              9.750000 ^ _759_/CLK (sky130_fd_sc_hd__dfxtp_2)
                                 -0.083449    9.666552   library setup time
                                              9.666552   data required time
---------------------------------------------------------------------------------------------
                                              9.666552   data required time
                                             -2.364000   data arrival time
---------------------------------------------------------------------------------------------
                                              7.302552   slack (MET)


Startpoint: rst (input port clocked by clk)
Endpoint: _760_ (rising edge-triggered flip-flop clocked by clk)
Path Group: clk
Path Type: max

Fanout         Cap        Slew       Delay        Time   Description
---------------------------------------------------------------------------------------------
                      0.150000    0.000000    0.000000   clock clk (rise edge)
                                  0.000000    0.000000   clock network delay (ideal)
                                  2.000000    2.000000 ^ input external delay
     3    0.011775    0.060625    0.041681    2.041681 ^ rst (in)
                                                         rst (net)
                      0.060625    0.000000    2.041681 ^ _369_/A (sky130_fd_sc_hd__inv_2)
    31    0.045550    0.101362    0.109377    2.151058 v _369_/Y (sky130_fd_sc_hd__inv_2)
                                                         _367_ (net)
                      0.101362    0.000000    2.151058 v _739_/B (sky130_fd_sc_hd__and2_2)
     1    0.001681    0.033707    0.212942    2.364000 v _739_/X (sky130_fd_sc_hd__and2_2)
                                                         _024_ (net)
                      0.033707    0.000000    2.364000 v _760_/D (sky130_fd_sc_hd__dfxtp_2)
                                              2.364000   data arrival time

                      0.150000   10.000000   10.000000   clock clk (rise edge)
                                  0.000000   10.000000   clock network delay (ideal)
                                 -0.250000    9.750000   clock uncertainty
                                  0.000000    9.750000   clock reconvergence pessimism
                                              9.750000 ^ _760_/CLK (sky130_fd_sc_hd__dfxtp_2)
                                 -0.083449    9.666552   library setup time
                                              9.666552   data required time
---------------------------------------------------------------------------------------------
                                              9.666552   data required time
                                             -2.364000   data arrival time
---------------------------------------------------------------------------------------------
                                              7.302552   slack (MET)


Startpoint: rst (input port clocked by clk)
Endpoint: _761_ (rising edge-triggered flip-flop clocked by clk)
Path Group: clk
Path Type: max

Fanout         Cap        Slew       Delay        Time   Description
---------------------------------------------------------------------------------------------
                      0.150000    0.000000    0.000000   clock clk (rise edge)
                                  0.000000    0.000000   clock network delay (ideal)
                                  2.000000    2.000000 ^ input external delay
     3    0.011775    0.060625    0.041681    2.041681 ^ rst (in)
                                                         rst (net)
                      0.060625    0.000000    2.041681 ^ _369_/A (sky130_fd_sc_hd__inv_2)
    31    0.045550    0.101362    0.109377    2.151058 v _369_/Y (sky130_fd_sc_hd__inv_2)
                                                         _367_ (net)
                      0.101362    0.000000    2.151058 v _740_/B (sky130_fd_sc_hd__and2_2)
     1    0.001681    0.033707    0.212942    2.364000 v _740_/X (sky130_fd_sc_hd__and2_2)
                                                         _025_ (net)
                      0.033707    0.000000    2.364000 v _761_/D (sky130_fd_sc_hd__dfxtp_2)
                                              2.364000   data arrival time

                      0.150000   10.000000   10.000000   clock clk (rise edge)
                                  0.000000   10.000000   clock network delay (ideal)
                                 -0.250000    9.750000   clock uncertainty
                                  0.000000    9.750000   clock reconvergence pessimism
                                              9.750000 ^ _761_/CLK (sky130_fd_sc_hd__dfxtp_2)
                                 -0.083449    9.666552   library setup time
                                              9.666552   data required time
---------------------------------------------------------------------------------------------
                                              9.666552   data required time
                                             -2.364000   data arrival time
---------------------------------------------------------------------------------------------
                                              7.302552   slack (MET)


Startpoint: rst (input port clocked by clk)
Endpoint: _762_ (rising edge-triggered flip-flop clocked by clk)
Path Group: clk
Path Type: max

Fanout         Cap        Slew       Delay        Time   Description
---------------------------------------------------------------------------------------------
                      0.150000    0.000000    0.000000   clock clk (rise edge)
                                  0.000000    0.000000   clock network delay (ideal)
                                  2.000000    2.000000 ^ input external delay
     3    0.011775    0.060625    0.041681    2.041681 ^ rst (in)
                                                         rst (net)
                      0.060625    0.000000    2.041681 ^ _369_/A (sky130_fd_sc_hd__inv_2)
    31    0.045550    0.101362    0.109377    2.151058 v _369_/Y (sky130_fd_sc_hd__inv_2)
                                                         _367_ (net)
                      0.101362    0.000000    2.151058 v _741_/B (sky130_fd_sc_hd__and2_2)
     1    0.001681    0.033707    0.212942    2.364000 v _741_/X (sky130_fd_sc_hd__and2_2)
                                                         _026_ (net)
                      0.033707    0.000000    2.364000 v _762_/D (sky130_fd_sc_hd__dfxtp_2)
                                              2.364000   data arrival time

                      0.150000   10.000000   10.000000   clock clk (rise edge)
                                  0.000000   10.000000   clock network delay (ideal)
                                 -0.250000    9.750000   clock uncertainty
                                  0.000000    9.750000   clock reconvergence pessimism
                                              9.750000 ^ _762_/CLK (sky130_fd_sc_hd__dfxtp_2)
                                 -0.083449    9.666552   library setup time
                                              9.666552   data required time
---------------------------------------------------------------------------------------------
                                              9.666552   data required time
                                             -2.364000   data arrival time
---------------------------------------------------------------------------------------------
                                              7.302552   slack (MET)


Startpoint: rst (input port clocked by clk)
Endpoint: _763_ (rising edge-triggered flip-flop clocked by clk)
Path Group: clk
Path Type: max

Fanout         Cap        Slew       Delay        Time   Description
---------------------------------------------------------------------------------------------
                      0.150000    0.000000    0.000000   clock clk (rise edge)
                                  0.000000    0.000000   clock network delay (ideal)
                                  2.000000    2.000000 ^ input external delay
     3    0.011775    0.060625    0.041681    2.041681 ^ rst (in)
                                                         rst (net)
                      0.060625    0.000000    2.041681 ^ _369_/A (sky130_fd_sc_hd__inv_2)
    31    0.045550    0.101362    0.109377    2.151058 v _369_/Y (sky130_fd_sc_hd__inv_2)
                                                         _367_ (net)
                      0.101362    0.000000    2.151058 v _742_/B (sky130_fd_sc_hd__and2_2)
     1    0.001681    0.033707    0.212942    2.364000 v _742_/X (sky130_fd_sc_hd__and2_2)
                                                         _027_ (net)
                      0.033707    0.000000    2.364000 v _763_/D (sky130_fd_sc_hd__dfxtp_2)
                                              2.364000   data arrival time

                      0.150000   10.000000   10.000000   clock clk (rise edge)
                                  0.000000   10.000000   clock network delay (ideal)
                                 -0.250000    9.750000   clock uncertainty
                                  0.000000    9.750000   clock reconvergence pessimism
                                              9.750000 ^ _763_/CLK (sky130_fd_sc_hd__dfxtp_2)
                                 -0.083449    9.666552   library setup time
                                              9.666552   data required time
---------------------------------------------------------------------------------------------
                                              9.666552   data required time
                                             -2.364000   data arrival time
---------------------------------------------------------------------------------------------
                                              7.302552   slack (MET)


Startpoint: rst (input port clocked by clk)
Endpoint: _764_ (rising edge-triggered flip-flop clocked by clk)
Path Group: clk
Path Type: max

Fanout         Cap        Slew       Delay        Time   Description
---------------------------------------------------------------------------------------------
                      0.150000    0.000000    0.000000   clock clk (rise edge)
                                  0.000000    0.000000   clock network delay (ideal)
                                  2.000000    2.000000 ^ input external delay
     3    0.011775    0.060625    0.041681    2.041681 ^ rst (in)
                                                         rst (net)
                      0.060625    0.000000    2.041681 ^ _369_/A (sky130_fd_sc_hd__inv_2)
    31    0.045550    0.101362    0.109377    2.151058 v _369_/Y (sky130_fd_sc_hd__inv_2)
                                                         _367_ (net)
                      0.101362    0.000000    2.151058 v _743_/B (sky130_fd_sc_hd__and2_2)
     1    0.001681    0.033707    0.212942    2.364000 v _743_/X (sky130_fd_sc_hd__and2_2)
                                                         _028_ (net)
                      0.033707    0.000000    2.364000 v _764_/D (sky130_fd_sc_hd__dfxtp_2)
                                              2.364000   data arrival time

                      0.150000   10.000000   10.000000   clock clk (rise edge)
                                  0.000000   10.000000   clock network delay (ideal)
                                 -0.250000    9.750000   clock uncertainty
                                  0.000000    9.750000   clock reconvergence pessimism
                                              9.750000 ^ _764_/CLK (sky130_fd_sc_hd__dfxtp_2)
                                 -0.083449    9.666552   library setup time
                                              9.666552   data required time
---------------------------------------------------------------------------------------------
                                              9.666552   data required time
                                             -2.364000   data arrival time
---------------------------------------------------------------------------------------------
                                              7.302552   slack (MET)


Startpoint: rst (input port clocked by clk)
Endpoint: _765_ (rising edge-triggered flip-flop clocked by clk)
Path Group: clk
Path Type: max

Fanout         Cap        Slew       Delay        Time   Description
---------------------------------------------------------------------------------------------
                      0.150000    0.000000    0.000000   clock clk (rise edge)
                                  0.000000    0.000000   clock network delay (ideal)
                                  2.000000    2.000000 ^ input external delay
     3    0.011775    0.060625    0.041681    2.041681 ^ rst (in)
                                                         rst (net)
                      0.060625    0.000000    2.041681 ^ _369_/A (sky130_fd_sc_hd__inv_2)
    31    0.045550    0.101362    0.109377    2.151058 v _369_/Y (sky130_fd_sc_hd__inv_2)
                                                         _367_ (net)
                      0.101362    0.000000    2.151058 v _744_/B (sky130_fd_sc_hd__and2_2)
     1    0.001681    0.033707    0.212942    2.364000 v _744_/X (sky130_fd_sc_hd__and2_2)
                                                         _029_ (net)
                      0.033707    0.000000    2.364000 v _765_/D (sky130_fd_sc_hd__dfxtp_2)
                                              2.364000   data arrival time

                      0.150000   10.000000   10.000000   clock clk (rise edge)
                                  0.000000   10.000000   clock network delay (ideal)
                                 -0.250000    9.750000   clock uncertainty
                                  0.000000    9.750000   clock reconvergence pessimism
                                              9.750000 ^ _765_/CLK (sky130_fd_sc_hd__dfxtp_2)
                                 -0.083449    9.666552   library setup time
                                              9.666552   data required time
---------------------------------------------------------------------------------------------
                                              9.666552   data required time
                                             -2.364000   data arrival time
---------------------------------------------------------------------------------------------
                                              7.302552   slack (MET)


Startpoint: rst (input port clocked by clk)
Endpoint: _766_ (rising edge-triggered flip-flop clocked by clk)
Path Group: clk
Path Type: max

Fanout         Cap        Slew       Delay        Time   Description
---------------------------------------------------------------------------------------------
                      0.150000    0.000000    0.000000   clock clk (rise edge)
                                  0.000000    0.000000   clock network delay (ideal)
                                  2.000000    2.000000 ^ input external delay
     3    0.011775    0.060625    0.041681    2.041681 ^ rst (in)
                                                         rst (net)
                      0.060625    0.000000    2.041681 ^ _369_/A (sky130_fd_sc_hd__inv_2)
    31    0.045550    0.101362    0.109377    2.151058 v _369_/Y (sky130_fd_sc_hd__inv_2)
                                                         _367_ (net)
                      0.101362    0.000000    2.151058 v _745_/B (sky130_fd_sc_hd__and2_2)
     1    0.001681    0.033707    0.212942    2.364000 v _745_/X (sky130_fd_sc_hd__and2_2)
                                                         _030_ (net)
                      0.033707    0.000000    2.364000 v _766_/D (sky130_fd_sc_hd__dfxtp_2)
                                              2.364000   data arrival time

                      0.150000   10.000000   10.000000   clock clk (rise edge)
                                  0.000000   10.000000   clock network delay (ideal)
                                 -0.250000    9.750000   clock uncertainty
                                  0.000000    9.750000   clock reconvergence pessimism
                                              9.750000 ^ _766_/CLK (sky130_fd_sc_hd__dfxtp_2)
                                 -0.083449    9.666552   library setup time
                                              9.666552   data required time
---------------------------------------------------------------------------------------------
                                              9.666552   data required time
                                             -2.364000   data arrival time
---------------------------------------------------------------------------------------------
                                              7.302552   slack (MET)


Startpoint: rst (input port clocked by clk)
Endpoint: _767_ (rising edge-triggered flip-flop clocked by clk)
Path Group: clk
Path Type: max

Fanout         Cap        Slew       Delay        Time   Description
---------------------------------------------------------------------------------------------
                      0.150000    0.000000    0.000000   clock clk (rise edge)
                                  0.000000    0.000000   clock network delay (ideal)
                                  2.000000    2.000000 ^ input external delay
     3    0.011775    0.060625    0.041681    2.041681 ^ rst (in)
                                                         rst (net)
                      0.060625    0.000000    2.041681 ^ _369_/A (sky130_fd_sc_hd__inv_2)
    31    0.045550    0.101362    0.109377    2.151058 v _369_/Y (sky130_fd_sc_hd__inv_2)
                                                         _367_ (net)
                      0.101362    0.000000    2.151058 v _746_/B (sky130_fd_sc_hd__and2_2)
     1    0.001681    0.033707    0.212942    2.364000 v _746_/X (sky130_fd_sc_hd__and2_2)
                                                         _031_ (net)
                      0.033707    0.000000    2.364000 v _767_/D (sky130_fd_sc_hd__dfxtp_2)
                                              2.364000   data arrival time

                      0.150000   10.000000   10.000000   clock clk (rise edge)
                                  0.000000   10.000000   clock network delay (ideal)
                                 -0.250000    9.750000   clock uncertainty
                                  0.000000    9.750000   clock reconvergence pessimism
                                              9.750000 ^ _767_/CLK (sky130_fd_sc_hd__dfxtp_2)
                                 -0.083449    9.666552   library setup time
                                              9.666552   data required time
---------------------------------------------------------------------------------------------
                                              9.666552   data required time
                                             -2.364000   data arrival time
---------------------------------------------------------------------------------------------
                                              7.302552   slack (MET)


Startpoint: rst (input port clocked by clk)
Endpoint: _768_ (rising edge-triggered flip-flop clocked by clk)
Path Group: clk
Path Type: max

Fanout         Cap        Slew       Delay        Time   Description
---------------------------------------------------------------------------------------------
                      0.150000    0.000000    0.000000   clock clk (rise edge)
                                  0.000000    0.000000   clock network delay (ideal)
                                  2.000000    2.000000 ^ input external delay
     3    0.011775    0.060625    0.041681    2.041681 ^ rst (in)
                                                         rst (net)
                      0.060625    0.000000    2.041681 ^ _369_/A (sky130_fd_sc_hd__inv_2)
    31    0.045550    0.101362    0.109377    2.151058 v _369_/Y (sky130_fd_sc_hd__inv_2)
                                                         _367_ (net)
                      0.101362    0.000000    2.151058 v _747_/B (sky130_fd_sc_hd__and2_2)
     1    0.001681    0.033707    0.212942    2.364000 v _747_/X (sky130_fd_sc_hd__and2_2)
                                                         _032_ (net)
                      0.033707    0.000000    2.364000 v _768_/D (sky130_fd_sc_hd__dfxtp_2)
                                              2.364000   data arrival time

                      0.150000   10.000000   10.000000   clock clk (rise edge)
                                  0.000000   10.000000   clock network delay (ideal)
                                 -0.250000    9.750000   clock uncertainty
                                  0.000000    9.750000   clock reconvergence pessimism
                                              9.750000 ^ _768_/CLK (sky130_fd_sc_hd__dfxtp_2)
                                 -0.083449    9.666552   library setup time
                                              9.666552   data required time
---------------------------------------------------------------------------------------------
                                              9.666552   data required time
                                             -2.364000   data arrival time
---------------------------------------------------------------------------------------------
                                              7.302552   slack (MET)


Startpoint: rst (input port clocked by clk)
Endpoint: _780_ (rising edge-triggered flip-flop clocked by clk)
Path Group: clk
Path Type: max

Fanout         Cap        Slew       Delay        Time   Description
---------------------------------------------------------------------------------------------
                      0.150000    0.000000    0.000000   clock clk (rise edge)
                                  0.000000    0.000000   clock network delay (ideal)
                                  2.000000    2.000000 ^ input external delay
     3    0.011775    0.060625    0.041681    2.041681 ^ rst (in)
                                                         rst (net)
                      0.060625    0.000000    2.041681 ^ _369_/A (sky130_fd_sc_hd__inv_2)
    31    0.045550    0.101362    0.109377    2.151058 v _369_/Y (sky130_fd_sc_hd__inv_2)
                                                         _367_ (net)
                      0.101362    0.000000    2.151058 v _706_/B (sky130_fd_sc_hd__and2_2)
     1    0.001681    0.033707    0.212942    2.364000 v _706_/X (sky130_fd_sc_hd__and2_2)
                                                         _010_ (net)
                      0.033707    0.000000    2.364000 v _780_/D (sky130_fd_sc_hd__dfxtp_2)
                                              2.364000   data arrival time

                      0.150000   10.000000   10.000000   clock clk (rise edge)
                                  0.000000   10.000000   clock network delay (ideal)
                                 -0.250000    9.750000   clock uncertainty
                                  0.000000    9.750000   clock reconvergence pessimism
                                              9.750000 ^ _780_/CLK (sky130_fd_sc_hd__dfxtp_2)
                                 -0.083449    9.666552   library setup time
                                              9.666552   data required time
---------------------------------------------------------------------------------------------
                                              9.666552   data required time
                                             -2.364000   data arrival time
---------------------------------------------------------------------------------------------
                                              7.302552   slack (MET)


Startpoint: start_diag (input port clocked by clk)
Endpoint: _775_ (rising edge-triggered flip-flop clocked by clk)
Path Group: clk
Path Type: max

Fanout         Cap        Slew       Delay        Time   Description
---------------------------------------------------------------------------------------------
                      0.150000    0.000000    0.000000   clock clk (rise edge)
                                  0.000000    0.000000   clock network delay (ideal)
                                  2.000000    2.000000 v input external delay
     2    0.005694    0.015549    0.009650    2.009650 v start_diag (in)
                                                         start_diag (net)
                      0.015549    0.000000    2.009650 v _711_/A (sky130_fd_sc_hd__and2_2)
     2    0.002908    0.037446    0.158006    2.167655 v _711_/X (sky130_fd_sc_hd__and2_2)
                                                         _358_ (net)
                      0.037446    0.000000    2.167655 v _712_/B (sky130_fd_sc_hd__and2_2)
     1    0.001681    0.033741    0.182421    2.350077 v _712_/X (sky130_fd_sc_hd__and2_2)
                                                         _005_ (net)
                      0.033741    0.000000    2.350077 v _775_/D (sky130_fd_sc_hd__dfxtp_2)
                                              2.350077   data arrival time

                      0.150000   10.000000   10.000000   clock clk (rise edge)
                                  0.000000   10.000000   clock network delay (ideal)
                                 -0.250000    9.750000   clock uncertainty
                                  0.000000    9.750000   clock reconvergence pessimism
                                              9.750000 ^ _775_/CLK (sky130_fd_sc_hd__dfxtp_2)
                                 -0.083464    9.666536   library setup time
                                              9.666536   data required time
---------------------------------------------------------------------------------------------
                                              9.666536   data required time
                                             -2.350077   data arrival time
---------------------------------------------------------------------------------------------
                                              7.316460   slack (MET)


Startpoint: rst (input port clocked by clk)
Endpoint: _756_ (rising edge-triggered flip-flop clocked by clk)
Path Group: clk
Path Type: max

Fanout         Cap        Slew       Delay        Time   Description
---------------------------------------------------------------------------------------------
                      0.150000    0.000000    0.000000   clock clk (rise edge)
                                  0.000000    0.000000   clock network delay (ideal)
                                  2.000000    2.000000 v input external delay
     3    0.010600    0.026188    0.017990    2.017990 v rst (in)
                                                         rst (net)
                      0.026188    0.000000    2.017990 v _369_/A (sky130_fd_sc_hd__inv_2)
    31    0.048698    0.225187    0.185873    2.203863 ^ _369_/Y (sky130_fd_sc_hd__inv_2)
                                                         _367_ (net)
                      0.225187    0.000000    2.203863 ^ _735_/A (sky130_fd_sc_hd__and2_2)
     1    0.001674    0.035156    0.183657    2.387520 ^ _735_/X (sky130_fd_sc_hd__and2_2)
                                                         _020_ (net)
                      0.035156    0.000000    2.387520 ^ _756_/D (sky130_fd_sc_hd__dfxtp_2)
                                              2.387520   data arrival time

                      0.150000   10.000000   10.000000   clock clk (rise edge)
                                  0.000000   10.000000   clock network delay (ideal)
                                 -0.250000    9.750000   clock uncertainty
                                  0.000000    9.750000   clock reconvergence pessimism
                                              9.750000 ^ _756_/CLK (sky130_fd_sc_hd__dfxtp_2)
                                 -0.041080    9.708920   library setup time
                                              9.708920   data required time
---------------------------------------------------------------------------------------------
                                              9.708920   data required time
                                             -2.387520   data arrival time
---------------------------------------------------------------------------------------------
                                              7.321401   slack (MET)


Startpoint: rst (input port clocked by clk)
Endpoint: _770_ (rising edge-triggered flip-flop clocked by clk)
Path Group: clk
Path Type: max

Fanout         Cap        Slew       Delay        Time   Description
---------------------------------------------------------------------------------------------
                      0.150000    0.000000    0.000000   clock clk (rise edge)
                                  0.000000    0.000000   clock network delay (ideal)
                                  2.000000    2.000000 v input external delay
     3    0.010600    0.026188    0.017990    2.017990 v rst (in)
                                                         rst (net)
                      0.026188    0.000000    2.017990 v _369_/A (sky130_fd_sc_hd__inv_2)
    31    0.048698    0.225187    0.185873    2.203863 ^ _369_/Y (sky130_fd_sc_hd__inv_2)
                                                         _367_ (net)
                      0.225187    0.000000    2.203863 ^ _717_/A (sky130_fd_sc_hd__and2_2)
     1    0.001674    0.035156    0.183657    2.387520 ^ _717_/X (sky130_fd_sc_hd__and2_2)
                                                         _000_ (net)
                      0.035156    0.000000    2.387520 ^ _770_/D (sky130_fd_sc_hd__dfxtp_2)
                                              2.387520   data arrival time

                      0.150000   10.000000   10.000000   clock clk (rise edge)
                                  0.000000   10.000000   clock network delay (ideal)
                                 -0.250000    9.750000   clock uncertainty
                                  0.000000    9.750000   clock reconvergence pessimism
                                              9.750000 ^ _770_/CLK (sky130_fd_sc_hd__dfxtp_2)
                                 -0.041080    9.708920   library setup time
                                              9.708920   data required time
---------------------------------------------------------------------------------------------
                                              9.708920   data required time
                                             -2.387520   data arrival time
---------------------------------------------------------------------------------------------
                                              7.321401   slack (MET)


Startpoint: rst (input port clocked by clk)
Endpoint: _771_ (rising edge-triggered flip-flop clocked by clk)
Path Group: clk
Path Type: max

Fanout         Cap        Slew       Delay        Time   Description
---------------------------------------------------------------------------------------------
                      0.150000    0.000000    0.000000   clock clk (rise edge)
                                  0.000000    0.000000   clock network delay (ideal)
                                  2.000000    2.000000 v input external delay
     3    0.010600    0.026188    0.017990    2.017990 v rst (in)
                                                         rst (net)
                      0.026188    0.000000    2.017990 v _369_/A (sky130_fd_sc_hd__inv_2)
    31    0.048698    0.225187    0.185873    2.203863 ^ _369_/Y (sky130_fd_sc_hd__inv_2)
                                                         _367_ (net)
                      0.225187    0.000000    2.203863 ^ _716_/A (sky130_fd_sc_hd__and2_2)
     1    0.001674    0.035156    0.183657    2.387520 ^ _716_/X (sky130_fd_sc_hd__and2_2)
                                                         _001_ (net)
                      0.035156    0.000000    2.387520 ^ _771_/D (sky130_fd_sc_hd__dfxtp_2)
                                              2.387520   data arrival time

                      0.150000   10.000000   10.000000   clock clk (rise edge)
                                  0.000000   10.000000   clock network delay (ideal)
                                 -0.250000    9.750000   clock uncertainty
                                  0.000000    9.750000   clock reconvergence pessimism
                                              9.750000 ^ _771_/CLK (sky130_fd_sc_hd__dfxtp_2)
                                 -0.041080    9.708920   library setup time
                                              9.708920   data required time
---------------------------------------------------------------------------------------------
                                              9.708920   data required time
                                             -2.387520   data arrival time
---------------------------------------------------------------------------------------------
                                              7.321401   slack (MET)


Startpoint: rst (input port clocked by clk)
Endpoint: _772_ (rising edge-triggered flip-flop clocked by clk)
Path Group: clk
Path Type: max

Fanout         Cap        Slew       Delay        Time   Description
---------------------------------------------------------------------------------------------
                      0.150000    0.000000    0.000000   clock clk (rise edge)
                                  0.000000    0.000000   clock network delay (ideal)
                                  2.000000    2.000000 v input external delay
     3    0.010600    0.026188    0.017990    2.017990 v rst (in)
                                                         rst (net)
                      0.026188    0.000000    2.017990 v _369_/A (sky130_fd_sc_hd__inv_2)
    31    0.048698    0.225187    0.185873    2.203863 ^ _369_/Y (sky130_fd_sc_hd__inv_2)
                                                         _367_ (net)
                      0.225187    0.000000    2.203863 ^ _715_/A (sky130_fd_sc_hd__and2_2)
     1    0.001674    0.035156    0.183657    2.387520 ^ _715_/X (sky130_fd_sc_hd__and2_2)
                                                         _002_ (net)
                      0.035156    0.000000    2.387520 ^ _772_/D (sky130_fd_sc_hd__dfxtp_2)
                                              2.387520   data arrival time

                      0.150000   10.000000   10.000000   clock clk (rise edge)
                                  0.000000   10.000000   clock network delay (ideal)
                                 -0.250000    9.750000   clock uncertainty
                                  0.000000    9.750000   clock reconvergence pessimism
                                              9.750000 ^ _772_/CLK (sky130_fd_sc_hd__dfxtp_2)
                                 -0.041080    9.708920   library setup time
                                              9.708920   data required time
---------------------------------------------------------------------------------------------
                                              9.708920   data required time
                                             -2.387520   data arrival time
---------------------------------------------------------------------------------------------
                                              7.321401   slack (MET)


Startpoint: rst (input port clocked by clk)
Endpoint: _773_ (rising edge-triggered flip-flop clocked by clk)
Path Group: clk
Path Type: max

Fanout         Cap        Slew       Delay        Time   Description
---------------------------------------------------------------------------------------------
                      0.150000    0.000000    0.000000   clock clk (rise edge)
                                  0.000000    0.000000   clock network delay (ideal)
                                  2.000000    2.000000 v input external delay
     3    0.010600    0.026188    0.017990    2.017990 v rst (in)
                                                         rst (net)
                      0.026188    0.000000    2.017990 v _369_/A (sky130_fd_sc_hd__inv_2)
    31    0.048698    0.225187    0.185873    2.203863 ^ _369_/Y (sky130_fd_sc_hd__inv_2)
                                                         _367_ (net)
                      0.225187    0.000000    2.203863 ^ _714_/A (sky130_fd_sc_hd__and2_2)
     1    0.001674    0.035156    0.183657    2.387520 ^ _714_/X (sky130_fd_sc_hd__and2_2)
                                                         _003_ (net)
                      0.035156    0.000000    2.387520 ^ _773_/D (sky130_fd_sc_hd__dfxtp_2)
                                              2.387520   data arrival time

                      0.150000   10.000000   10.000000   clock clk (rise edge)
                                  0.000000   10.000000   clock network delay (ideal)
                                 -0.250000    9.750000   clock uncertainty
                                  0.000000    9.750000   clock reconvergence pessimism
                                              9.750000 ^ _773_/CLK (sky130_fd_sc_hd__dfxtp_2)
                                 -0.041080    9.708920   library setup time
                                              9.708920   data required time
---------------------------------------------------------------------------------------------
                                              9.708920   data required time
                                             -2.387520   data arrival time
---------------------------------------------------------------------------------------------
                                              7.321401   slack (MET)


Startpoint: rst (input port clocked by clk)
Endpoint: _774_ (rising edge-triggered flip-flop clocked by clk)
Path Group: clk
Path Type: max

Fanout         Cap        Slew       Delay        Time   Description
---------------------------------------------------------------------------------------------
                      0.150000    0.000000    0.000000   clock clk (rise edge)
                                  0.000000    0.000000   clock network delay (ideal)
                                  2.000000    2.000000 v input external delay
     3    0.010600    0.026188    0.017990    2.017990 v rst (in)
                                                         rst (net)
                      0.026188    0.000000    2.017990 v _369_/A (sky130_fd_sc_hd__inv_2)
    31    0.048698    0.225187    0.185873    2.203863 ^ _369_/Y (sky130_fd_sc_hd__inv_2)
                                                         _367_ (net)
                      0.225187    0.000000    2.203863 ^ _713_/A (sky130_fd_sc_hd__and2_2)
     1    0.001674    0.035156    0.183657    2.387520 ^ _713_/X (sky130_fd_sc_hd__and2_2)
                                                         _004_ (net)
                      0.035156    0.000000    2.387520 ^ _774_/D (sky130_fd_sc_hd__dfxtp_2)
                                              2.387520   data arrival time

                      0.150000   10.000000   10.000000   clock clk (rise edge)
                                  0.000000   10.000000   clock network delay (ideal)
                                 -0.250000    9.750000   clock uncertainty
                                  0.000000    9.750000   clock reconvergence pessimism
                                              9.750000 ^ _774_/CLK (sky130_fd_sc_hd__dfxtp_2)
                                 -0.041080    9.708920   library setup time
                                              9.708920   data required time
---------------------------------------------------------------------------------------------
                                              9.708920   data required time
                                             -2.387520   data arrival time
---------------------------------------------------------------------------------------------
                                              7.321401   slack (MET)


Startpoint: rst (input port clocked by clk)
Endpoint: _776_ (rising edge-triggered flip-flop clocked by clk)
Path Group: clk
Path Type: max

Fanout         Cap        Slew       Delay        Time   Description
---------------------------------------------------------------------------------------------
                      0.150000    0.000000    0.000000   clock clk (rise edge)
                                  0.000000    0.000000   clock network delay (ideal)
                                  2.000000    2.000000 v input external delay
     3    0.010600    0.026188    0.017990    2.017990 v rst (in)
                                                         rst (net)
                      0.026188    0.000000    2.017990 v _369_/A (sky130_fd_sc_hd__inv_2)
    31    0.048698    0.225187    0.185873    2.203863 ^ _369_/Y (sky130_fd_sc_hd__inv_2)
                                                         _367_ (net)
                      0.225187    0.000000    2.203863 ^ _710_/A (sky130_fd_sc_hd__and2_2)
     1    0.001674    0.035156    0.183657    2.387520 ^ _710_/X (sky130_fd_sc_hd__and2_2)
                                                         _006_ (net)
                      0.035156    0.000000    2.387520 ^ _776_/D (sky130_fd_sc_hd__dfxtp_2)
                                              2.387520   data arrival time

                      0.150000   10.000000   10.000000   clock clk (rise edge)
                                  0.000000   10.000000   clock network delay (ideal)
                                 -0.250000    9.750000   clock uncertainty
                                  0.000000    9.750000   clock reconvergence pessimism
                                              9.750000 ^ _776_/CLK (sky130_fd_sc_hd__dfxtp_2)
                                 -0.041080    9.708920   library setup time
                                              9.708920   data required time
---------------------------------------------------------------------------------------------
                                              9.708920   data required time
                                             -2.387520   data arrival time
---------------------------------------------------------------------------------------------
                                              7.321401   slack (MET)


Startpoint: rst (input port clocked by clk)
Endpoint: _777_ (rising edge-triggered flip-flop clocked by clk)
Path Group: clk
Path Type: max

Fanout         Cap        Slew       Delay        Time   Description
---------------------------------------------------------------------------------------------
                      0.150000    0.000000    0.000000   clock clk (rise edge)
                                  0.000000    0.000000   clock network delay (ideal)
                                  2.000000    2.000000 v input external delay
     3    0.010600    0.026188    0.017990    2.017990 v rst (in)
                                                         rst (net)
                      0.026188    0.000000    2.017990 v _369_/A (sky130_fd_sc_hd__inv_2)
    31    0.048698    0.225187    0.185873    2.203863 ^ _369_/Y (sky130_fd_sc_hd__inv_2)
                                                         _367_ (net)
                      0.225187    0.000000    2.203863 ^ _709_/A (sky130_fd_sc_hd__and2_2)
     1    0.001674    0.035156    0.183657    2.387520 ^ _709_/X (sky130_fd_sc_hd__and2_2)
                                                         _007_ (net)
                      0.035156    0.000000    2.387520 ^ _777_/D (sky130_fd_sc_hd__dfxtp_2)
                                              2.387520   data arrival time

                      0.150000   10.000000   10.000000   clock clk (rise edge)
                                  0.000000   10.000000   clock network delay (ideal)
                                 -0.250000    9.750000   clock uncertainty
                                  0.000000    9.750000   clock reconvergence pessimism
                                              9.750000 ^ _777_/CLK (sky130_fd_sc_hd__dfxtp_2)
                                 -0.041080    9.708920   library setup time
                                              9.708920   data required time
---------------------------------------------------------------------------------------------
                                              9.708920   data required time
                                             -2.387520   data arrival time
---------------------------------------------------------------------------------------------
                                              7.321401   slack (MET)


Startpoint: rst (input port clocked by clk)
Endpoint: _778_ (rising edge-triggered flip-flop clocked by clk)
Path Group: clk
Path Type: max

Fanout         Cap        Slew       Delay        Time   Description
---------------------------------------------------------------------------------------------
                      0.150000    0.000000    0.000000   clock clk (rise edge)
                                  0.000000    0.000000   clock network delay (ideal)
                                  2.000000    2.000000 v input external delay
     3    0.010600    0.026188    0.017990    2.017990 v rst (in)
                                                         rst (net)
                      0.026188    0.000000    2.017990 v _369_/A (sky130_fd_sc_hd__inv_2)
    31    0.048698    0.225187    0.185873    2.203863 ^ _369_/Y (sky130_fd_sc_hd__inv_2)
                                                         _367_ (net)
                      0.225187    0.000000    2.203863 ^ _708_/A (sky130_fd_sc_hd__and2_2)
     1    0.001674    0.035156    0.183657    2.387520 ^ _708_/X (sky130_fd_sc_hd__and2_2)
                                                         _008_ (net)
                      0.035156    0.000000    2.387520 ^ _778_/D (sky130_fd_sc_hd__dfxtp_2)
                                              2.387520   data arrival time

                      0.150000   10.000000   10.000000   clock clk (rise edge)
                                  0.000000   10.000000   clock network delay (ideal)
                                 -0.250000    9.750000   clock uncertainty
                                  0.000000    9.750000   clock reconvergence pessimism
                                              9.750000 ^ _778_/CLK (sky130_fd_sc_hd__dfxtp_2)
                                 -0.041080    9.708920   library setup time
                                              9.708920   data required time
---------------------------------------------------------------------------------------------
                                              9.708920   data required time
                                             -2.387520   data arrival time
---------------------------------------------------------------------------------------------
                                              7.321401   slack (MET)


Startpoint: rst (input port clocked by clk)
Endpoint: _779_ (rising edge-triggered flip-flop clocked by clk)
Path Group: clk
Path Type: max

Fanout         Cap        Slew       Delay        Time   Description
---------------------------------------------------------------------------------------------
                      0.150000    0.000000    0.000000   clock clk (rise edge)
                                  0.000000    0.000000   clock network delay (ideal)
                                  2.000000    2.000000 v input external delay
     3    0.010600    0.026188    0.017990    2.017990 v rst (in)
                                                         rst (net)
                      0.026188    0.000000    2.017990 v _369_/A (sky130_fd_sc_hd__inv_2)
    31    0.048698    0.225187    0.185873    2.203863 ^ _369_/Y (sky130_fd_sc_hd__inv_2)
                                                         _367_ (net)
                      0.225187    0.000000    2.203863 ^ _707_/A (sky130_fd_sc_hd__and2_2)
     1    0.001674    0.035156    0.183657    2.387520 ^ _707_/X (sky130_fd_sc_hd__and2_2)
                                                         _009_ (net)
                      0.035156    0.000000    2.387520 ^ _779_/D (sky130_fd_sc_hd__dfxtp_2)
                                              2.387520   data arrival time

                      0.150000   10.000000   10.000000   clock clk (rise edge)
                                  0.000000   10.000000   clock network delay (ideal)
                                 -0.250000    9.750000   clock uncertainty
                                  0.000000    9.750000   clock reconvergence pessimism
                                              9.750000 ^ _779_/CLK (sky130_fd_sc_hd__dfxtp_2)
                                 -0.041080    9.708920   library setup time
                                              9.708920   data required time
---------------------------------------------------------------------------------------------
                                              9.708920   data required time
                                             -2.387520   data arrival time
---------------------------------------------------------------------------------------------
                                              7.321401   slack (MET)


Startpoint: rst (input port clocked by clk)
Endpoint: _748_ (rising edge-triggered flip-flop clocked by clk)
Path Group: clk
Path Type: max

Fanout         Cap        Slew       Delay        Time   Description
---------------------------------------------------------------------------------------------
                      0.150000    0.000000    0.000000   clock clk (rise edge)
                                  0.000000    0.000000   clock network delay (ideal)
                                  2.000000    2.000000 v input external delay
     3    0.010600    0.026188    0.017990    2.017990 v rst (in)
                                                         rst (net)
                      0.026188    0.000000    2.017990 v _369_/A (sky130_fd_sc_hd__inv_2)
    31    0.048698    0.225187    0.185873    2.203863 ^ _369_/Y (sky130_fd_sc_hd__inv_2)
                                                         _367_ (net)
                      0.225187    0.000000    2.203863 ^ _719_/B1 (sky130_fd_sc_hd__o41a_2)
     1    0.001674    0.029889    0.182951    2.386814 ^ _719_/X (sky130_fd_sc_hd__o41a_2)
                                                         _012_ (net)
                      0.029889    0.000000    2.386814 ^ _748_/D (sky130_fd_sc_hd__dfxtp_2)
                                              2.386814   data arrival time

                      0.150000   10.000000   10.000000   clock clk (rise edge)
                                  0.000000   10.000000   clock network delay (ideal)
                                 -0.250000    9.750000   clock uncertainty
                                  0.000000    9.750000   clock reconvergence pessimism
                                              9.750000 ^ _748_/CLK (sky130_fd_sc_hd__dfxtp_2)
                                 -0.039872    9.710128   library setup time
                                              9.710128   data required time
---------------------------------------------------------------------------------------------
                                              9.710128   data required time
                                             -2.386814   data arrival time
---------------------------------------------------------------------------------------------
                                              7.323314   slack (MET)


Startpoint: start_diag (input port clocked by clk)
Endpoint: _769_ (rising edge-triggered flip-flop clocked by clk)
Path Group: clk
Path Type: max

Fanout         Cap        Slew       Delay        Time   Description
---------------------------------------------------------------------------------------------
                      0.150000    0.000000    0.000000   clock clk (rise edge)
                                  0.000000    0.000000   clock network delay (ideal)
                                  2.000000    2.000000 ^ input external delay
     2    0.006125    0.035366    0.022516    2.022516 ^ start_diag (in)
                                                         start_diag (net)
                      0.035366    0.000000    2.022516 ^ _370_/A (sky130_fd_sc_hd__inv_2)
     1    0.002240    0.012204    0.023392    2.045908 v _370_/Y (sky130_fd_sc_hd__inv_2)
                                                         _368_ (net)
                      0.012204    0.000000    2.045908 v _718_/A1 (sky130_fd_sc_hd__a211o_2)
     1    0.001681    0.042844    0.279935    2.325843 v _718_/X (sky130_fd_sc_hd__a211o_2)
                                                         _011_ (net)
                      0.042844    0.000000    2.325843 v _769_/D (sky130_fd_sc_hd__dfxtp_2)
                                              2.325843   data arrival time

                      0.150000   10.000000   10.000000   clock clk (rise edge)
                                  0.000000   10.000000   clock network delay (ideal)
                                 -0.250000    9.750000   clock uncertainty
                                  0.000000    9.750000   clock reconvergence pessimism
                                              9.750000 ^ _769_/CLK (sky130_fd_sc_hd__dfxtp_2)
                                 -0.087418    9.662582   library setup time
                                              9.662582   data required time
---------------------------------------------------------------------------------------------
                                              9.662582   data required time
                                             -2.325843   data arrival time
---------------------------------------------------------------------------------------------
                                              7.336739   slack (MET)


Startpoint: rst (input port clocked by clk)
Endpoint: _750_ (rising edge-triggered flip-flop clocked by clk)
Path Group: clk
Path Type: max

Fanout         Cap        Slew       Delay        Time   Description
---------------------------------------------------------------------------------------------
                      0.150000    0.000000    0.000000   clock clk (rise edge)
                                  0.000000    0.000000   clock network delay (ideal)
                                  2.000000    2.000000 v input external delay
     3    0.010600    0.026188    0.017990    2.017990 v rst (in)
                                                         rst (net)
                      0.026188    0.000000    2.017990 v _369_/A (sky130_fd_sc_hd__inv_2)
    31    0.048698    0.225187    0.185873    2.203863 ^ _369_/Y (sky130_fd_sc_hd__inv_2)
                                                         _367_ (net)
                      0.225187    0.000000    2.203863 ^ _724_/B1 (sky130_fd_sc_hd__o21a_2)
     1    0.001674    0.029052    0.169689    2.373552 ^ _724_/X (sky130_fd_sc_hd__o21a_2)
                                                         _014_ (net)
                      0.029052    0.000000    2.373552 ^ _750_/D (sky130_fd_sc_hd__dfxtp_2)
                                              2.373552   data arrival time

                      0.150000   10.000000   10.000000   clock clk (rise edge)
                                  0.000000   10.000000   clock network delay (ideal)
                                 -0.250000    9.750000   clock uncertainty
                                  0.000000    9.750000   clock reconvergence pessimism
                                              9.750000 ^ _750_/CLK (sky130_fd_sc_hd__dfxtp_2)
                                 -0.039680    9.710320   library setup time
                                              9.710320   data required time
---------------------------------------------------------------------------------------------
                                              9.710320   data required time
                                             -2.373552   data arrival time
---------------------------------------------------------------------------------------------
                                              7.336769   slack (MET)


Startpoint: rst (input port clocked by clk)
Endpoint: _749_ (rising edge-triggered flip-flop clocked by clk)
Path Group: clk
Path Type: max

Fanout         Cap        Slew       Delay        Time   Description
---------------------------------------------------------------------------------------------
                      0.150000    0.000000    0.000000   clock clk (rise edge)
                                  0.000000    0.000000   clock network delay (ideal)
                                  2.000000    2.000000 ^ input external delay
     3    0.011775    0.060625    0.041681    2.041681 ^ rst (in)
                                                         rst (net)
                      0.060625    0.000000    2.041681 ^ _722_/A (sky130_fd_sc_hd__nor2_2)
     1    0.001681    0.032795    0.037810    2.079491 v _722_/Y (sky130_fd_sc_hd__nor2_2)
                                                         _013_ (net)
                      0.032795    0.000000    2.079491 v _749_/D (sky130_fd_sc_hd__dfxtp_2)
                                              2.079491   data arrival time

                      0.150000   10.000000   10.000000   clock clk (rise edge)
                                  0.000000   10.000000   clock network delay (ideal)
                                 -0.250000    9.750000   clock uncertainty
                                  0.000000    9.750000   clock reconvergence pessimism
                                              9.750000 ^ _749_/CLK (sky130_fd_sc_hd__dfxtp_2)
                                 -0.083053    9.666947   library setup time
                                              9.666947   data required time
---------------------------------------------------------------------------------------------
                                              9.666947   data required time
                                             -2.079491   data arrival time
---------------------------------------------------------------------------------------------
                                              7.587457   slack (MET)



