+ define_corners nom_tt_025C_1v80
Reading timing models for corner nom_tt_025C_1v80…
Reading cell library for the 'nom_tt_025C_1v80' corner at '/Users/balliprincephilomon/.ciel/ciel/sky130/versions/8afc8346a57fe1ab7934ba5a6056ea8b43078e71/sky130A/libs.ref/sky130_fd_sc_hd/lib/sky130_fd_sc_hd__tt_025C_1v80.lib'…
Reading top-level netlist at '/Users/balliprincephilomon/Prince/Self_diagnosis_FIR/physical_design/runs/RUN_2026-09-18_23-04-08/06-yosys-synthesis/self_diagnosing_fir.nl.v'…
Linking design 'self_diagnosing_fir' from netlist…
Reading design constraints file at '/nix/store/ljb503jj13ih6kqgymr6k5ac4k23cps5-python3-3.13.9-env/lib/python3.13/site-packages/librelane/scripts/base.sdc'…
[INFO] Using clock clk…
[INFO] Setting output delay to: 2.0
[INFO] Setting input delay to: 2.0
[INFO] Setting load to: 0.033442
[INFO] Setting clock uncertainty to: 0.25
[INFO] Setting clock transition to: 0.1499999999999999944488848768742172978818416595458984375
[INFO] Setting timing derate to: 5.0%
%OL_CREATE_REPORT min.rpt

===========================================================================
report_checks -path_delay min (Hold)
============================================================================
======================= nom_tt_025C_1v80 Corner ===================================

Startpoint: _779_ (rising edge-triggered flip-flop clocked by clk)
Endpoint: _769_ (rising edge-triggered flip-flop clocked by clk)
Path Group: clk
Path Type: min

Fanout         Cap        Slew       Delay        Time   Description
---------------------------------------------------------------------------------------------
                      0.150000    0.000000    0.000000   clock clk (rise edge)
                                  0.000000    0.000000   clock network delay (ideal)
                      0.150000    0.000000    0.000000 ^ _779_/CLK (sky130_fd_sc_hd__dfxtp_2)
     2    0.004065    0.036518    0.328978    0.328978 ^ _779_/Q (sky130_fd_sc_hd__dfxtp_2)
                                                         controller.state[10] (net)
                      0.036518    0.000000    0.328978 ^ _718_/B1 (sky130_fd_sc_hd__a211o_2)
     1    0.001674    0.021687    0.076055    0.405033 ^ _718_/X (sky130_fd_sc_hd__a211o_2)
                                                         _011_ (net)
                      0.021687    0.000000    0.405033 ^ _769_/D (sky130_fd_sc_hd__dfxtp_2)
                                              0.405033   data arrival time

                      0.150000    0.000000    0.000000   clock clk (rise edge)
                                  0.000000    0.000000   clock network delay (ideal)
                                  0.250000    0.250000   clock uncertainty
                                  0.000000    0.250000   clock reconvergence pessimism
                                              0.250000 ^ _769_/CLK (sky130_fd_sc_hd__dfxtp_2)
                                 -0.012599    0.237401   library hold time
                                              0.237401   data required time
---------------------------------------------------------------------------------------------
                                              0.237401   data required time
                                             -0.405033   data arrival time
---------------------------------------------------------------------------------------------
                                              0.167632   slack (MET)


Startpoint: _771_ (rising edge-triggered flip-flop clocked by clk)
Endpoint: _749_ (rising edge-triggered flip-flop clocked by clk)
Path Group: clk
Path Type: min

Fanout         Cap        Slew       Delay        Time   Description
---------------------------------------------------------------------------------------------
                      0.150000    0.000000    0.000000   clock clk (rise edge)
                                  0.000000    0.000000   clock network delay (ideal)
                      0.150000    0.000000    0.000000 ^ _771_/CLK (sky130_fd_sc_hd__dfxtp_2)
     2    0.006142    0.045885    0.336512    0.336512 ^ _771_/Q (sky130_fd_sc_hd__dfxtp_2)
                                                         controller.state[2] (net)
                      0.045885    0.000000    0.336512 ^ _721_/A (sky130_fd_sc_hd__nor3_2)
     2    0.005512    0.023829    0.040351    0.376862 v _721_/Y (sky130_fd_sc_hd__nor3_2)
                                                         _360_ (net)
                      0.023829    0.000000    0.376862 v _722_/B (sky130_fd_sc_hd__nor2_2)
     1    0.001674    0.050105    0.049862    0.426724 ^ _722_/Y (sky130_fd_sc_hd__nor2_2)
                                                         _013_ (net)
                      0.050105    0.000000    0.426724 ^ _749_/D (sky130_fd_sc_hd__dfxtp_2)
                                              0.426724   data arrival time

                      0.150000    0.000000    0.000000   clock clk (rise edge)
                                  0.000000    0.000000   clock network delay (ideal)
                                  0.250000    0.250000   clock uncertainty
                                  0.000000    0.250000   clock reconvergence pessimism
                                              0.250000 ^ _749_/CLK (sky130_fd_sc_hd__dfxtp_2)
                                 -0.018409    0.231591   library hold time
                                              0.231591   data required time
---------------------------------------------------------------------------------------------
                                              0.231591   data required time
                                             -0.426724   data arrival time
---------------------------------------------------------------------------------------------
                                              0.195133   slack (MET)


Startpoint: _774_ (rising edge-triggered flip-flop clocked by clk)
Endpoint: _780_ (rising edge-triggered flip-flop clocked by clk)
Path Group: clk
Path Type: min

Fanout         Cap        Slew       Delay        Time   Description
---------------------------------------------------------------------------------------------
                      0.150000    0.000000    0.000000   clock clk (rise edge)
                                  0.000000    0.000000   clock network delay (ideal)
                      0.150000    0.000000    0.000000 ^ _774_/CLK (sky130_fd_sc_hd__dfxtp_2)
     2    0.002989    0.031796    0.324244    0.324244 ^ _774_/Q (sky130_fd_sc_hd__dfxtp_2)
                                                         controller.state[5] (net)
                      0.031796    0.000000    0.324244 ^ _706_/A (sky130_fd_sc_hd__and2_2)
     1    0.001674    0.032314    0.106891    0.431135 ^ _706_/X (sky130_fd_sc_hd__and2_2)
                                                         _010_ (net)
                      0.032314    0.000000    0.431135 ^ _780_/D (sky130_fd_sc_hd__dfxtp_2)
                                              0.431135   data arrival time

                      0.150000    0.000000    0.000000   clock clk (rise edge)
                                  0.000000    0.000000   clock network delay (ideal)
                                  0.250000    0.250000   clock uncertainty
                                  0.000000    0.250000   clock reconvergence pessimism
                                              0.250000 ^ _780_/CLK (sky130_fd_sc_hd__dfxtp_2)
                                 -0.014771    0.235229   library hold time
                                              0.235229   data required time
---------------------------------------------------------------------------------------------
                                              0.235229   data required time
                                             -0.431135   data arrival time
---------------------------------------------------------------------------------------------
                                              0.195906   slack (MET)


Startpoint: _780_ (rising edge-triggered flip-flop clocked by clk)
Endpoint: _748_ (rising edge-triggered flip-flop clocked by clk)
Path Group: clk
Path Type: min

Fanout         Cap        Slew       Delay        Time   Description
---------------------------------------------------------------------------------------------
                      0.150000    0.000000    0.000000   clock clk (rise edge)
                                  0.000000    0.000000   clock network delay (ideal)
                      0.150000    0.000000    0.000000 ^ _780_/CLK (sky130_fd_sc_hd__dfxtp_2)
     3    0.005616    0.043507    0.334639    0.334639 ^ _780_/Q (sky130_fd_sc_hd__dfxtp_2)
                                                         controller.state[11] (net)
                      0.043507    0.000000    0.334639 ^ _719_/A4 (sky130_fd_sc_hd__o41a_2)
     1    0.001674    0.025015    0.098414    0.433053 ^ _719_/X (sky130_fd_sc_hd__o41a_2)
                                                         _012_ (net)
                      0.025015    0.000000    0.433053 ^ _748_/D (sky130_fd_sc_hd__dfxtp_2)
                                              0.433053   data arrival time

                      0.150000    0.000000    0.000000   clock clk (rise edge)
                                  0.000000    0.000000   clock network delay (ideal)
                                  0.250000    0.250000   clock uncertainty
                                  0.000000    0.250000   clock reconvergence pessimism
                                              0.250000 ^ _748_/CLK (sky130_fd_sc_hd__dfxtp_2)
                                 -0.013279    0.236721   library hold time
                                              0.236721   data required time
---------------------------------------------------------------------------------------------
                                              0.236721   data required time
                                             -0.433053   data arrival time
---------------------------------------------------------------------------------------------
                                              0.196332   slack (MET)


Startpoint: _775_ (rising edge-triggered flip-flop clocked by clk)
Endpoint: _772_ (rising edge-triggered flip-flop clocked by clk)
Path Group: clk
Path Type: min

Fanout         Cap        Slew       Delay        Time   Description
---------------------------------------------------------------------------------------------
                      0.150000    0.000000    0.000000   clock clk (rise edge)
                                  0.000000    0.000000   clock network delay (ideal)
                      0.150000    0.000000    0.000000 ^ _775_/CLK (sky130_fd_sc_hd__dfxtp_2)
     2    0.003037    0.032007    0.324455    0.324455 ^ _775_/Q (sky130_fd_sc_hd__dfxtp_2)
                                                         controller.state[6] (net)
                      0.032007    0.000000    0.324455 ^ _715_/B (sky130_fd_sc_hd__and2_2)
     1    0.001674    0.032315    0.111977    0.436432 ^ _715_/X (sky130_fd_sc_hd__and2_2)
                                                         _002_ (net)
                      0.032315    0.000000    0.436432 ^ _772_/D (sky130_fd_sc_hd__dfxtp_2)
                                              0.436432   data arrival time

                      0.150000    0.000000    0.000000   clock clk (rise edge)
                                  0.000000    0.000000   clock network delay (ideal)
                                  0.250000    0.250000   clock uncertainty
                                  0.000000    0.250000   clock reconvergence pessimism
                                              0.250000 ^ _772_/CLK (sky130_fd_sc_hd__dfxtp_2)
                                 -0.014772    0.235228   library hold time
                                              0.235228   data required time
---------------------------------------------------------------------------------------------
                                              0.235228   data required time
                                             -0.436432   data arrival time
---------------------------------------------------------------------------------------------
                                              0.201204   slack (MET)


Startpoint: _772_ (rising edge-triggered flip-flop clocked by clk)
Endpoint: _778_ (rising edge-triggered flip-flop clocked by clk)
Path Group: clk
Path Type: min

Fanout         Cap        Slew       Delay        Time   Description
---------------------------------------------------------------------------------------------
                      0.150000    0.000000    0.000000   clock clk (rise edge)
                                  0.000000    0.000000   clock network delay (ideal)
                      0.150000    0.000000    0.000000 ^ _772_/CLK (sky130_fd_sc_hd__dfxtp_2)
     2    0.003111    0.032332    0.324781    0.324781 ^ _772_/Q (sky130_fd_sc_hd__dfxtp_2)
                                                         controller.state[3] (net)
                      0.032332    0.000000    0.324781 ^ _708_/B (sky130_fd_sc_hd__and2_2)
     1    0.001674    0.032315    0.112070    0.436851 ^ _708_/X (sky130_fd_sc_hd__and2_2)
                                                         _008_ (net)
                      0.032315    0.000000    0.436851 ^ _778_/D (sky130_fd_sc_hd__dfxtp_2)
                                              0.436851   data arrival time

                      0.150000    0.000000    0.000000   clock clk (rise edge)
                                  0.000000    0.000000   clock network delay (ideal)
                                  0.250000    0.250000   clock uncertainty
                                  0.000000    0.250000   clock reconvergence pessimism
                                              0.250000 ^ _778_/CLK (sky130_fd_sc_hd__dfxtp_2)
                                 -0.014771    0.235229   library hold time
                                              0.235229   data required time
---------------------------------------------------------------------------------------------
                                              0.235229   data required time
                                             -0.436851   data arrival time
---------------------------------------------------------------------------------------------
                                              0.201623   slack (MET)


Startpoint: _777_ (rising edge-triggered flip-flop clocked by clk)
Endpoint: _774_ (rising edge-triggered flip-flop clocked by clk)
Path Group: clk
Path Type: min

Fanout         Cap        Slew       Delay        Time   Description
---------------------------------------------------------------------------------------------
                      0.150000    0.000000    0.000000   clock clk (rise edge)
                                  0.000000    0.000000   clock network delay (ideal)
                      0.150000    0.000000    0.000000 ^ _777_/CLK (sky130_fd_sc_hd__dfxtp_2)
     2    0.003148    0.032494    0.324944    0.324944 ^ _777_/Q (sky130_fd_sc_hd__dfxtp_2)
                                                         controller.state[8] (net)
                      0.032494    0.000000    0.324944 ^ _713_/B (sky130_fd_sc_hd__and2_2)
     1    0.001674    0.032315    0.112117    0.437060 ^ _713_/X (sky130_fd_sc_hd__and2_2)
                                                         _004_ (net)
                      0.032315    0.000000    0.437060 ^ _774_/D (sky130_fd_sc_hd__dfxtp_2)
                                              0.437060   data arrival time

                      0.150000    0.000000    0.000000   clock clk (rise edge)
                                  0.000000    0.000000   clock network delay (ideal)
                                  0.250000    0.250000   clock uncertainty
                                  0.000000    0.250000   clock reconvergence pessimism
                                              0.250000 ^ _774_/CLK (sky130_fd_sc_hd__dfxtp_2)
                                 -0.014771    0.235229   library hold time
                                              0.235229   data required time
---------------------------------------------------------------------------------------------
                                              0.235229   data required time
                                             -0.437060   data arrival time
---------------------------------------------------------------------------------------------
                                              0.201832   slack (MET)


Startpoint: _779_ (rising edge-triggered flip-flop clocked by clk)
Endpoint: _756_ (rising edge-triggered flip-flop clocked by clk)
Path Group: clk
Path Type: min

Fanout         Cap        Slew       Delay        Time   Description
---------------------------------------------------------------------------------------------
                      0.150000    0.000000    0.000000   clock clk (rise edge)
                                  0.000000    0.000000   clock network delay (ideal)
                      0.150000    0.000000    0.000000 ^ _779_/CLK (sky130_fd_sc_hd__dfxtp_2)
     2    0.004065    0.036518    0.328978    0.328978 ^ _779_/Q (sky130_fd_sc_hd__dfxtp_2)
                                                         controller.state[10] (net)
                      0.036518    0.000000    0.328978 ^ _735_/B (sky130_fd_sc_hd__and2_2)
     1    0.001674    0.032308    0.113271    0.442248 ^ _735_/X (sky130_fd_sc_hd__and2_2)
                                                         _020_ (net)
                      0.032308    0.000000    0.442248 ^ _756_/D (sky130_fd_sc_hd__dfxtp_2)
                                              0.442248   data arrival time

                      0.150000    0.000000    0.000000   clock clk (rise edge)
                                  0.000000    0.000000   clock network delay (ideal)
                                  0.250000    0.250000   clock uncertainty
                                  0.000000    0.250000   clock reconvergence pessimism
                                              0.250000 ^ _756_/CLK (sky130_fd_sc_hd__dfxtp_2)
                                 -0.014770    0.235230   library hold time
                                              0.235230   data required time
---------------------------------------------------------------------------------------------
                                              0.235230   data required time
                                             -0.442248   data arrival time
---------------------------------------------------------------------------------------------
                                              0.207018   slack (MET)


Startpoint: _776_ (rising edge-triggered flip-flop clocked by clk)
Endpoint: _773_ (rising edge-triggered flip-flop clocked by clk)
Path Group: clk
Path Type: min

Fanout         Cap        Slew       Delay        Time   Description
---------------------------------------------------------------------------------------------
                      0.150000    0.000000    0.000000   clock clk (rise edge)
                                  0.000000    0.000000   clock network delay (ideal)
                      0.150000    0.000000    0.000000 ^ _776_/CLK (sky130_fd_sc_hd__dfxtp_2)
     3    0.005527    0.043105    0.334322    0.334322 ^ _776_/Q (sky130_fd_sc_hd__dfxtp_2)
                                                         controller.state[7] (net)
                      0.043105    0.000000    0.334322 ^ _714_/B (sky130_fd_sc_hd__and2_2)
     1    0.001674    0.032296    0.115159    0.449481 ^ _714_/X (sky130_fd_sc_hd__and2_2)
                                                         _003_ (net)
                      0.032296    0.000000    0.449481 ^ _773_/D (sky130_fd_sc_hd__dfxtp_2)
                                              0.449481   data arrival time

                      0.150000    0.000000    0.000000   clock clk (rise edge)
                                  0.000000    0.000000   clock network delay (ideal)
                                  0.250000    0.250000   clock uncertainty
                                  0.000000    0.250000   clock reconvergence pessimism
                                              0.250000 ^ _773_/CLK (sky130_fd_sc_hd__dfxtp_2)
                                 -0.014768    0.235232   library hold time
                                              0.235232   data required time
---------------------------------------------------------------------------------------------
                                              0.235232   data required time
                                             -0.449481   data arrival time
---------------------------------------------------------------------------------------------
                                              0.214249   slack (MET)


Startpoint: _780_ (rising edge-triggered flip-flop clocked by clk)
Endpoint: _770_ (rising edge-triggered flip-flop clocked by clk)
Path Group: clk
Path Type: min

Fanout         Cap        Slew       Delay        Time   Description
---------------------------------------------------------------------------------------------
                      0.150000    0.000000    0.000000   clock clk (rise edge)
                                  0.000000    0.000000   clock network delay (ideal)
                      0.150000    0.000000    0.000000 ^ _780_/CLK (sky130_fd_sc_hd__dfxtp_2)
     3    0.005616    0.043507    0.334639    0.334639 ^ _780_/Q (sky130_fd_sc_hd__dfxtp_2)
                                                         controller.state[11] (net)
                      0.043507    0.000000    0.334639 ^ _717_/B (sky130_fd_sc_hd__and2_2)
     1    0.001674    0.032295    0.115275    0.449914 ^ _717_/X (sky130_fd_sc_hd__and2_2)
                                                         _000_ (net)
                      0.032295    0.000000    0.449914 ^ _770_/D (sky130_fd_sc_hd__dfxtp_2)
                                              0.449914   data arrival time

                      0.150000    0.000000    0.000000   clock clk (rise edge)
                                  0.000000    0.000000   clock network delay (ideal)
                                  0.250000    0.250000   clock uncertainty
                                  0.000000    0.250000   clock reconvergence pessimism
                                              0.250000 ^ _770_/CLK (sky130_fd_sc_hd__dfxtp_2)
                                 -0.014767    0.235233   library hold time
                                              0.235233   data required time
---------------------------------------------------------------------------------------------
                                              0.235233   data required time
                                             -0.449914   data arrival time
---------------------------------------------------------------------------------------------
                                              0.214681   slack (MET)


Startpoint: _770_ (rising edge-triggered flip-flop clocked by clk)
Endpoint: _776_ (rising edge-triggered flip-flop clocked by clk)
Path Group: clk
Path Type: min

Fanout         Cap        Slew       Delay        Time   Description
---------------------------------------------------------------------------------------------
                      0.150000    0.000000    0.000000   clock clk (rise edge)
                                  0.000000    0.000000   clock network delay (ideal)
                      0.150000    0.000000    0.000000 ^ _770_/CLK (sky130_fd_sc_hd__dfxtp_2)
     3    0.005616    0.043507    0.334639    0.334639 ^ _770_/Q (sky130_fd_sc_hd__dfxtp_2)
                                                         controller.state[1] (net)
                      0.043507    0.000000    0.334639 ^ _710_/B (sky130_fd_sc_hd__and2_2)
     1    0.001674    0.032295    0.115275    0.449914 ^ _710_/X (sky130_fd_sc_hd__and2_2)
                                                         _006_ (net)
                      0.032295    0.000000    0.449914 ^ _776_/D (sky130_fd_sc_hd__dfxtp_2)
                                              0.449914   data arrival time

                      0.150000    0.000000    0.000000   clock clk (rise edge)
                                  0.000000    0.000000   clock network delay (ideal)
                                  0.250000    0.250000   clock uncertainty
                                  0.000000    0.250000   clock reconvergence pessimism
                                              0.250000 ^ _776_/CLK (sky130_fd_sc_hd__dfxtp_2)
                                 -0.014767    0.235233   library hold time
                                              0.235233   data required time
---------------------------------------------------------------------------------------------
                                              0.235233   data required time
                                             -0.449914   data arrival time
---------------------------------------------------------------------------------------------
                                              0.214681   slack (MET)


Startpoint: _773_ (rising edge-triggered flip-flop clocked by clk)
Endpoint: _779_ (rising edge-triggered flip-flop clocked by clk)
Path Group: clk
Path Type: min

Fanout         Cap        Slew       Delay        Time   Description
---------------------------------------------------------------------------------------------
                      0.150000    0.000000    0.000000   clock clk (rise edge)
                                  0.000000    0.000000   clock network delay (ideal)
                      0.150000    0.000000    0.000000 ^ _773_/CLK (sky130_fd_sc_hd__dfxtp_2)
     3    0.005832    0.044483    0.335408    0.335408 ^ _773_/Q (sky130_fd_sc_hd__dfxtp_2)
                                                         controller.state[4] (net)
                      0.044483    0.000000    0.335408 ^ _707_/B (sky130_fd_sc_hd__and2_2)
     1    0.001674    0.032294    0.115555    0.450963 ^ _707_/X (sky130_fd_sc_hd__and2_2)
                                                         _009_ (net)
                      0.032294    0.000000    0.450963 ^ _779_/D (sky130_fd_sc_hd__dfxtp_2)
                                              0.450963   data arrival time

                      0.150000    0.000000    0.000000   clock clk (rise edge)
                                  0.000000    0.000000   clock network delay (ideal)
                                  0.250000    0.250000   clock uncertainty
                                  0.000000    0.250000   clock reconvergence pessimism
                                              0.250000 ^ _779_/CLK (sky130_fd_sc_hd__dfxtp_2)
                                 -0.014767    0.235233   library hold time
                                              0.235233   data required time
---------------------------------------------------------------------------------------------
                                              0.235233   data required time
                                             -0.450963   data arrival time
---------------------------------------------------------------------------------------------
                                              0.215730   slack (MET)


Startpoint: _771_ (rising edge-triggered flip-flop clocked by clk)
Endpoint: _777_ (rising edge-triggered flip-flop clocked by clk)
Path Group: clk
Path Type: min

Fanout         Cap        Slew       Delay        Time   Description
---------------------------------------------------------------------------------------------
                      0.150000    0.000000    0.000000   clock clk (rise edge)
                                  0.000000    0.000000   clock network delay (ideal)
                      0.150000    0.000000    0.000000 ^ _771_/CLK (sky130_fd_sc_hd__dfxtp_2)
     2    0.006142    0.045885    0.336512    0.336512 ^ _771_/Q (sky130_fd_sc_hd__dfxtp_2)
                                                         controller.state[2] (net)
                      0.045885    0.000000    0.336512 ^ _709_/B (sky130_fd_sc_hd__and2_2)
     1    0.001674    0.032291    0.115956    0.452468 ^ _709_/X (sky130_fd_sc_hd__and2_2)
                                                         _007_ (net)
                      0.032291    0.000000    0.452468 ^ _777_/D (sky130_fd_sc_hd__dfxtp_2)
                                              0.452468   data arrival time

                      0.150000    0.000000    0.000000   clock clk (rise edge)
                                  0.000000    0.000000   clock network delay (ideal)
                                  0.250000    0.250000   clock uncertainty
                                  0.000000    0.250000   clock reconvergence pessimism
                                              0.250000 ^ _777_/CLK (sky130_fd_sc_hd__dfxtp_2)
                                 -0.014767    0.235233   library hold time
                                              0.235233   data required time
---------------------------------------------------------------------------------------------
                                              0.235233   data required time
                                             -0.452468   data arrival time
---------------------------------------------------------------------------------------------
                                              0.217235   slack (MET)


Startpoint: _778_ (rising edge-triggered flip-flop clocked by clk)
Endpoint: _771_ (rising edge-triggered flip-flop clocked by clk)
Path Group: clk
Path Type: min

Fanout         Cap        Slew       Delay        Time   Description
---------------------------------------------------------------------------------------------
                      0.150000    0.000000    0.000000   clock clk (rise edge)
                                  0.000000    0.000000   clock network delay (ideal)
                      0.150000    0.000000    0.000000 ^ _778_/CLK (sky130_fd_sc_hd__dfxtp_2)
     2    0.006216    0.046219    0.336775    0.336775 ^ _778_/Q (sky130_fd_sc_hd__dfxtp_2)
                                                         controller.state[9] (net)
                      0.046219    0.000000    0.336775 ^ _716_/B (sky130_fd_sc_hd__and2_2)
     1    0.001674    0.032291    0.116052    0.452827 ^ _716_/X (sky130_fd_sc_hd__and2_2)
                                                         _001_ (net)
                      0.032291    0.000000    0.452827 ^ _771_/D (sky130_fd_sc_hd__dfxtp_2)
                                              0.452827   data arrival time

                      0.150000    0.000000    0.000000   clock clk (rise edge)
                                  0.000000    0.000000   clock network delay (ideal)
                                  0.250000    0.250000   clock uncertainty
                                  0.000000    0.250000   clock reconvergence pessimism
                                              0.250000 ^ _771_/CLK (sky130_fd_sc_hd__dfxtp_2)
                                 -0.014767    0.235233   library hold time
                                              0.235233   data required time
---------------------------------------------------------------------------------------------
                                              0.235233   data required time
                                             -0.452827   data arrival time
---------------------------------------------------------------------------------------------
                                              0.217594   slack (MET)


Startpoint: _763_ (rising edge-triggered flip-flop clocked by clk)
Endpoint: _767_ (rising edge-triggered flip-flop clocked by clk)
Path Group: clk
Path Type: min

Fanout         Cap        Slew       Delay        Time   Description
---------------------------------------------------------------------------------------------
                      0.150000    0.000000    0.000000   clock clk (rise edge)
                                  0.000000    0.000000   clock network delay (ideal)
                      0.150000    0.000000    0.000000 ^ _763_/CLK (sky130_fd_sc_hd__dfxtp_2)
     5    0.012446    0.074421    0.358919    0.358919 ^ _763_/Q (sky130_fd_sc_hd__dfxtp_2)
                                                         diagnostic.x2[2] (net)
                      0.074421    0.000000    0.358919 ^ _746_/A (sky130_fd_sc_hd__and2_2)
     1    0.001674    0.032382    0.121327    0.480246 ^ _746_/X (sky130_fd_sc_hd__and2_2)
                                                         _031_ (net)
                      0.032382    0.000000    0.480246 ^ _767_/D (sky130_fd_sc_hd__dfxtp_2)
                                              0.480246   data arrival time

                      0.150000    0.000000    0.000000   clock clk (rise edge)
                                  0.000000    0.000000   clock network delay (ideal)
                                  0.250000    0.250000   clock uncertainty
                                  0.000000    0.250000   clock reconvergence pessimism
                                              0.250000 ^ _767_/CLK (sky130_fd_sc_hd__dfxtp_2)
                                 -0.014785    0.235215   library hold time
                                              0.235215   data required time
---------------------------------------------------------------------------------------------
                                              0.235215   data required time
                                             -0.480246   data arrival time
---------------------------------------------------------------------------------------------
                                              0.245031   slack (MET)


Startpoint: _775_ (rising edge-triggered flip-flop clocked by clk)
Endpoint: _750_ (rising edge-triggered flip-flop clocked by clk)
Path Group: clk
Path Type: min

Fanout         Cap        Slew       Delay        Time   Description
---------------------------------------------------------------------------------------------
                      0.150000    0.000000    0.000000   clock clk (rise edge)
                                  0.000000    0.000000   clock network delay (ideal)
                      0.150000    0.000000    0.000000 ^ _775_/CLK (sky130_fd_sc_hd__dfxtp_2)
     2    0.003037    0.032007    0.324455    0.324455 ^ _775_/Q (sky130_fd_sc_hd__dfxtp_2)
                                                         controller.state[6] (net)
                      0.032007    0.000000    0.324455 ^ _723_/B (sky130_fd_sc_hd__or2_2)
     2    0.004121    0.035823    0.089482    0.413938 ^ _723_/X (sky130_fd_sc_hd__or2_2)
                                                         _361_ (net)
                      0.035823    0.000000    0.413938 ^ _724_/A2 (sky130_fd_sc_hd__o21a_2)
     1    0.001674    0.024996    0.090201    0.504138 ^ _724_/X (sky130_fd_sc_hd__o21a_2)
                                                         _014_ (net)
                      0.024996    0.000000    0.504138 ^ _750_/D (sky130_fd_sc_hd__dfxtp_2)
                                              0.504138   data arrival time

                      0.150000    0.000000    0.000000   clock clk (rise edge)
                                  0.000000    0.000000   clock network delay (ideal)
                                  0.250000    0.250000   clock uncertainty
                                  0.000000    0.250000   clock reconvergence pessimism
                                              0.250000 ^ _750_/CLK (sky130_fd_sc_hd__dfxtp_2)
                                 -0.013275    0.236725   library hold time
                                              0.236725   data required time
---------------------------------------------------------------------------------------------
                                              0.236725   data required time
                                             -0.504138   data arrival time
---------------------------------------------------------------------------------------------
                                              0.267414   slack (MET)


Startpoint: _754_ (rising edge-triggered flip-flop clocked by clk)
Endpoint: _760_ (rising edge-triggered flip-flop clocked by clk)
Path Group: clk
Path Type: min

Fanout         Cap        Slew       Delay        Time   Description
---------------------------------------------------------------------------------------------
                      0.150000    0.000000    0.000000   clock clk (rise edge)
                                  0.000000    0.000000   clock network delay (ideal)
                      0.150000    0.000000    0.000000 ^ _754_/CLK (sky130_fd_sc_hd__dfxtp_2)
     8    0.020585    0.060994    0.361215    0.361215 v _754_/Q (sky130_fd_sc_hd__dfxtp_2)
                                                         diagnostic.x0[3] (net)
                      0.060994    0.000000    0.361215 v _739_/A (sky130_fd_sc_hd__and2_2)
     1    0.001681    0.031939    0.155952    0.517167 v _739_/X (sky130_fd_sc_hd__and2_2)
                                                         _024_ (net)
                      0.031939    0.000000    0.517167 v _760_/D (sky130_fd_sc_hd__dfxtp_2)
                                              0.517167   data arrival time

                      0.150000    0.000000    0.000000   clock clk (rise edge)
                                  0.000000    0.000000   clock network delay (ideal)
                                  0.250000    0.250000   clock uncertainty
                                  0.000000    0.250000   clock reconvergence pessimism
                                              0.250000 ^ _760_/CLK (sky130_fd_sc_hd__dfxtp_2)
                                 -0.017297    0.232703   library hold time
                                              0.232703   data required time
---------------------------------------------------------------------------------------------
                                              0.232703   data required time
                                             -0.517167   data arrival time
---------------------------------------------------------------------------------------------
                                              0.284464   slack (MET)


Startpoint: _757_ (rising edge-triggered flip-flop clocked by clk)
Endpoint: _761_ (rising edge-triggered flip-flop clocked by clk)
Path Group: clk
Path Type: min

Fanout         Cap        Slew       Delay        Time   Description
---------------------------------------------------------------------------------------------
                      0.150000    0.000000    0.000000   clock clk (rise edge)
                                  0.000000    0.000000   clock network delay (ideal)
                      0.150000    0.000000    0.000000 ^ _757_/CLK (sky130_fd_sc_hd__dfxtp_2)
     8    0.020624    0.061072    0.361285    0.361285 v _757_/Q (sky130_fd_sc_hd__dfxtp_2)
                                                         diagnostic.x1[0] (net)
                      0.061072    0.000000    0.361285 v _740_/A (sky130_fd_sc_hd__and2_2)
     1    0.001681    0.031939    0.155985    0.517270 v _740_/X (sky130_fd_sc_hd__and2_2)
                                                         _025_ (net)
                      0.031939    0.000000    0.517270 v _761_/D (sky130_fd_sc_hd__dfxtp_2)
                                              0.517270   data arrival time

                      0.150000    0.000000    0.000000   clock clk (rise edge)
                                  0.000000    0.000000   clock network delay (ideal)
                                  0.250000    0.250000   clock uncertainty
                                  0.000000    0.250000   clock reconvergence pessimism
                                              0.250000 ^ _761_/CLK (sky130_fd_sc_hd__dfxtp_2)
                                 -0.017297    0.232703   library hold time
                                              0.232703   data required time
---------------------------------------------------------------------------------------------
                                              0.232703   data required time
                                             -0.517270   data arrival time
---------------------------------------------------------------------------------------------
                                              0.284567   slack (MET)


Startpoint: _761_ (rising edge-triggered flip-flop clocked by clk)
Endpoint: _765_ (rising edge-triggered flip-flop clocked by clk)
Path Group: clk
Path Type: min

Fanout         Cap        Slew       Delay        Time   Description
---------------------------------------------------------------------------------------------
                      0.150000    0.000000    0.000000   clock clk (rise edge)
                                  0.000000    0.000000   clock network delay (ideal)
                      0.150000    0.000000    0.000000 ^ _761_/CLK (sky130_fd_sc_hd__dfxtp_2)
     8    0.021067    0.061960    0.362082    0.362082 v _761_/Q (sky130_fd_sc_hd__dfxtp_2)
                                                         diagnostic.x2[0] (net)
                      0.061960    0.000000    0.362082 v _744_/A (sky130_fd_sc_hd__and2_2)
     1    0.001681    0.031939    0.156361    0.518443 v _744_/X (sky130_fd_sc_hd__and2_2)
                                                         _029_ (net)
                      0.031939    0.000000    0.518443 v _765_/D (sky130_fd_sc_hd__dfxtp_2)
                                              0.518443   data arrival time

                      0.150000    0.000000    0.000000   clock clk (rise edge)
                                  0.000000    0.000000   clock network delay (ideal)
                                  0.250000    0.250000   clock uncertainty
                                  0.000000    0.250000   clock reconvergence pessimism
                                              0.250000 ^ _765_/CLK (sky130_fd_sc_hd__dfxtp_2)
                                 -0.017297    0.232703   library hold time
                                              0.232703   data required time
---------------------------------------------------------------------------------------------
                                              0.232703   data required time
                                             -0.518443   data arrival time
---------------------------------------------------------------------------------------------
                                              0.285740   slack (MET)


Startpoint: _764_ (rising edge-triggered flip-flop clocked by clk)
Endpoint: _768_ (rising edge-triggered flip-flop clocked by clk)
Path Group: clk
Path Type: min

Fanout         Cap        Slew       Delay        Time   Description
---------------------------------------------------------------------------------------------
                      0.150000    0.000000    0.000000   clock clk (rise edge)
                                  0.000000    0.000000   clock network delay (ideal)
                      0.150000    0.000000    0.000000 ^ _764_/CLK (sky130_fd_sc_hd__dfxtp_2)
     8    0.021131    0.062089    0.362197    0.362197 v _764_/Q (sky130_fd_sc_hd__dfxtp_2)
                                                         diagnostic.x2[3] (net)
                      0.062089    0.000000    0.362197 v _747_/A (sky130_fd_sc_hd__and2_2)
     1    0.001681    0.031939    0.156415    0.518612 v _747_/X (sky130_fd_sc_hd__and2_2)
                                                         _032_ (net)
                      0.031939    0.000000    0.518612 v _768_/D (sky130_fd_sc_hd__dfxtp_2)
                                              0.518612   data arrival time

                      0.150000    0.000000    0.000000   clock clk (rise edge)
                                  0.000000    0.000000   clock network delay (ideal)
                                  0.250000    0.250000   clock uncertainty
                                  0.000000    0.250000   clock reconvergence pessimism
                                              0.250000 ^ _768_/CLK (sky130_fd_sc_hd__dfxtp_2)
                                 -0.017297    0.232703   library hold time
                                              0.232703   data required time
---------------------------------------------------------------------------------------------
                                              0.232703   data required time
                                             -0.518612   data arrival time
---------------------------------------------------------------------------------------------
                                              0.285909   slack (MET)


Startpoint: _760_ (rising edge-triggered flip-flop clocked by clk)
Endpoint: _764_ (rising edge-triggered flip-flop clocked by clk)
Path Group: clk
Path Type: min

Fanout         Cap        Slew       Delay        Time   Description
---------------------------------------------------------------------------------------------
                      0.150000    0.000000    0.000000   clock clk (rise edge)
                                  0.000000    0.000000   clock network delay (ideal)
                      0.150000    0.000000    0.000000 ^ _760_/CLK (sky130_fd_sc_hd__dfxtp_2)
     8    0.021487    0.062803    0.362837    0.362837 v _760_/Q (sky130_fd_sc_hd__dfxtp_2)
                                                         diagnostic.x1[3] (net)
                      0.062803    0.000000    0.362837 v _743_/A (sky130_fd_sc_hd__and2_2)
     1    0.001681    0.031939    0.156718    0.519555 v _743_/X (sky130_fd_sc_hd__and2_2)
                                                         _028_ (net)
                      0.031939    0.000000    0.519555 v _764_/D (sky130_fd_sc_hd__dfxtp_2)
                                              0.519555   data arrival time

                      0.150000    0.000000    0.000000   clock clk (rise edge)
                                  0.000000    0.000000   clock network delay (ideal)
                                  0.250000    0.250000   clock uncertainty
                                  0.000000    0.250000   clock reconvergence pessimism
                                              0.250000 ^ _764_/CLK (sky130_fd_sc_hd__dfxtp_2)
                                 -0.017297    0.232703   library hold time
                                              0.232703   data required time
---------------------------------------------------------------------------------------------
                                              0.232703   data required time
                                             -0.519555   data arrival time
---------------------------------------------------------------------------------------------
                                              0.286852   slack (MET)


Startpoint: _762_ (rising edge-triggered flip-flop clocked by clk)
Endpoint: _766_ (rising edge-triggered flip-flop clocked by clk)
Path Group: clk
Path Type: min

Fanout         Cap        Slew       Delay        Time   Description
---------------------------------------------------------------------------------------------
                      0.150000    0.000000    0.000000   clock clk (rise edge)
                                  0.000000    0.000000   clock network delay (ideal)
                      0.150000    0.000000    0.000000 ^ _762_/CLK (sky130_fd_sc_hd__dfxtp_2)
    10    0.021856    0.063543    0.363501    0.363501 v _762_/Q (sky130_fd_sc_hd__dfxtp_2)
                                                         diagnostic.x2[1] (net)
                      0.063543    0.000000    0.363501 v _745_/A (sky130_fd_sc_hd__and2_2)
     1    0.001681    0.031939    0.157031    0.520532 v _745_/X (sky130_fd_sc_hd__and2_2)
                                                         _030_ (net)
                      0.031939    0.000000    0.520532 v _766_/D (sky130_fd_sc_hd__dfxtp_2)
                                              0.520532   data arrival time

                      0.150000    0.000000    0.000000   clock clk (rise edge)
                                  0.000000    0.000000   clock network delay (ideal)
                                  0.250000    0.250000   clock uncertainty
                                  0.000000    0.250000   clock reconvergence pessimism
                                              0.250000 ^ _766_/CLK (sky130_fd_sc_hd__dfxtp_2)
                                 -0.017297    0.232703   library hold time
                                              0.232703   data required time
---------------------------------------------------------------------------------------------
                                              0.232703   data required time
                                             -0.520532   data arrival time
---------------------------------------------------------------------------------------------
                                              0.287829   slack (MET)


Startpoint: _750_ (rising edge-triggered flip-flop clocked by clk)
Endpoint: _751_ (rising edge-triggered flip-flop clocked by clk)
Path Group: clk
Path Type: min

Fanout         Cap        Slew       Delay        Time   Description
---------------------------------------------------------------------------------------------
                      0.150000    0.000000    0.000000   clock clk (rise edge)
                                  0.000000    0.000000   clock network delay (ideal)
                      0.150000    0.000000    0.000000 ^ _750_/CLK (sky130_fd_sc_hd__dfxtp_2)
     1    0.001964    0.027299    0.319735    0.319735 ^ _750_/Q (sky130_fd_sc_hd__dfxtp_2)
                                                         controller.test_x[0] (net)
                      0.027299    0.000000    0.319735 ^ _725_/A1 (sky130_fd_sc_hd__mux2_1)
     1    0.001541    0.032834    0.095999    0.415734 ^ _725_/X (sky130_fd_sc_hd__mux2_1)
                                                         _362_ (net)
                      0.032834    0.000000    0.415734 ^ _726_/B (sky130_fd_sc_hd__and2_2)
     1    0.001674    0.032314    0.112214    0.527948 ^ _726_/X (sky130_fd_sc_hd__and2_2)
                                                         _015_ (net)
                      0.032314    0.000000    0.527948 ^ _751_/D (sky130_fd_sc_hd__dfxtp_2)
                                              0.527948   data arrival time

                      0.150000    0.000000    0.000000   clock clk (rise edge)
                                  0.000000    0.000000   clock network delay (ideal)
                                  0.250000    0.250000   clock uncertainty
                                  0.000000    0.250000   clock reconvergence pessimism
                                              0.250000 ^ _751_/CLK (sky130_fd_sc_hd__dfxtp_2)
                                 -0.014771    0.235229   library hold time
                                              0.235229   data required time
---------------------------------------------------------------------------------------------
                                              0.235229   data required time
                                             -0.527948   data arrival time
---------------------------------------------------------------------------------------------
                                              0.292720   slack (MET)


Startpoint: _749_ (rising edge-triggered flip-flop clocked by clk)
Endpoint: _752_ (rising edge-triggered flip-flop clocked by clk)
Path Group: clk
Path Type: min

Fanout         Cap        Slew       Delay        Time   Description
---------------------------------------------------------------------------------------------
                      0.150000    0.000000    0.000000   clock clk (rise edge)
                                  0.000000    0.000000   clock network delay (ideal)
                      0.150000    0.000000    0.000000 ^ _749_/CLK (sky130_fd_sc_hd__dfxtp_2)
     1    0.001964    0.027299    0.319735    0.319735 ^ _749_/Q (sky130_fd_sc_hd__dfxtp_2)
                                                         controller.test_x[1] (net)
                      0.027299    0.000000    0.319735 ^ _727_/A1 (sky130_fd_sc_hd__mux2_1)
     1    0.001541    0.032834    0.095999    0.415734 ^ _727_/X (sky130_fd_sc_hd__mux2_1)
                                                         _363_ (net)
                      0.032834    0.000000    0.415734 ^ _728_/B (sky130_fd_sc_hd__and2_2)
     1    0.001674    0.032314    0.112214    0.527948 ^ _728_/X (sky130_fd_sc_hd__and2_2)
                                                         _016_ (net)
                      0.032314    0.000000    0.527948 ^ _752_/D (sky130_fd_sc_hd__dfxtp_2)
                                              0.527948   data arrival time

                      0.150000    0.000000    0.000000   clock clk (rise edge)
                                  0.000000    0.000000   clock network delay (ideal)
                                  0.250000    0.250000   clock uncertainty
                                  0.000000    0.250000   clock reconvergence pessimism
                                              0.250000 ^ _752_/CLK (sky130_fd_sc_hd__dfxtp_2)
                                 -0.014771    0.235229   library hold time
                                              0.235229   data required time
---------------------------------------------------------------------------------------------
                                              0.235229   data required time
                                             -0.527948   data arrival time
---------------------------------------------------------------------------------------------
                                              0.292720   slack (MET)


Startpoint: _748_ (rising edge-triggered flip-flop clocked by clk)
Endpoint: _753_ (rising edge-triggered flip-flop clocked by clk)
Path Group: clk
Path Type: min

Fanout         Cap        Slew       Delay        Time   Description
---------------------------------------------------------------------------------------------
                      0.150000    0.000000    0.000000   clock clk (rise edge)
                                  0.000000    0.000000   clock network delay (ideal)
                      0.150000    0.000000    0.000000 ^ _748_/CLK (sky130_fd_sc_hd__dfxtp_2)
     1    0.001964    0.027299    0.319735    0.319735 ^ _748_/Q (sky130_fd_sc_hd__dfxtp_2)
                                                         controller.test_x[2] (net)
                      0.027299    0.000000    0.319735 ^ _729_/A1 (sky130_fd_sc_hd__mux2_1)
     1    0.001541    0.032834    0.095999    0.415734 ^ _729_/X (sky130_fd_sc_hd__mux2_1)
                                                         _364_ (net)
                      0.032834    0.000000    0.415734 ^ _730_/B (sky130_fd_sc_hd__and2_2)
     1    0.001674    0.032314    0.112214    0.527948 ^ _730_/X (sky130_fd_sc_hd__and2_2)
                                                         _017_ (net)
                      0.032314    0.000000    0.527948 ^ _753_/D (sky130_fd_sc_hd__dfxtp_2)
                                              0.527948   data arrival time

                      0.150000    0.000000    0.000000   clock clk (rise edge)
                                  0.000000    0.000000   clock network delay (ideal)
                                  0.250000    0.250000   clock uncertainty
                                  0.000000    0.250000   clock reconvergence pessimism
                                              0.250000 ^ _753_/CLK (sky130_fd_sc_hd__dfxtp_2)
                                 -0.014771    0.235229   library hold time
                                              0.235229   data required time
---------------------------------------------------------------------------------------------
                                              0.235229   data required time
                                             -0.527948   data arrival time
---------------------------------------------------------------------------------------------
                                              0.292720   slack (MET)


Startpoint: _759_ (rising edge-triggered flip-flop clocked by clk)
Endpoint: _763_ (rising edge-triggered flip-flop clocked by clk)
Path Group: clk
Path Type: min

Fanout         Cap        Slew       Delay        Time   Description
---------------------------------------------------------------------------------------------
                      0.150000    0.000000    0.000000   clock clk (rise edge)
                                  0.000000    0.000000   clock network delay (ideal)
                      0.150000    0.000000    0.000000 ^ _759_/CLK (sky130_fd_sc_hd__dfxtp_2)
     9    0.023755    0.067351    0.366917    0.366917 v _759_/Q (sky130_fd_sc_hd__dfxtp_2)
                                                         diagnostic.x1[2] (net)
                      0.067351    0.000000    0.366917 v _742_/A (sky130_fd_sc_hd__and2_2)
     1    0.001681    0.031940    0.158642    0.525559 v _742_/X (sky130_fd_sc_hd__and2_2)
                                                         _027_ (net)
                      0.031940    0.000000    0.525559 v _763_/D (sky130_fd_sc_hd__dfxtp_2)
                                              0.525559   data arrival time

                      0.150000    0.000000    0.000000   clock clk (rise edge)
                                  0.000000    0.000000   clock network delay (ideal)
                                  0.250000    0.250000   clock uncertainty
                                  0.000000    0.250000   clock reconvergence pessimism
                                              0.250000 ^ _763_/CLK (sky130_fd_sc_hd__dfxtp_2)
                                 -0.017297    0.232703   library hold time
                                              0.232703   data required time
---------------------------------------------------------------------------------------------
                                              0.232703   data required time
                                             -0.525559   data arrival time
---------------------------------------------------------------------------------------------
                                              0.292857   slack (MET)


Startpoint: _753_ (rising edge-triggered flip-flop clocked by clk)
Endpoint: _759_ (rising edge-triggered flip-flop clocked by clk)
Path Group: clk
Path Type: min

Fanout         Cap        Slew       Delay        Time   Description
---------------------------------------------------------------------------------------------
                      0.150000    0.000000    0.000000   clock clk (rise edge)
                                  0.000000    0.000000   clock network delay (ideal)
                      0.150000    0.000000    0.000000 ^ _753_/CLK (sky130_fd_sc_hd__dfxtp_2)
     9    0.024703    0.069252    0.368623    0.368623 v _753_/Q (sky130_fd_sc_hd__dfxtp_2)
                                                         diagnostic.x0[2] (net)
                      0.069252    0.000000    0.368623 v _738_/A (sky130_fd_sc_hd__and2_2)
     1    0.001681    0.031940    0.159446    0.528069 v _738_/X (sky130_fd_sc_hd__and2_2)
                                                         _023_ (net)
                      0.031940    0.000000    0.528069 v _759_/D (sky130_fd_sc_hd__dfxtp_2)
                                              0.528069   data arrival time

                      0.150000    0.000000    0.000000   clock clk (rise edge)
                                  0.000000    0.000000   clock network delay (ideal)
                                  0.250000    0.250000   clock uncertainty
                                  0.000000    0.250000   clock reconvergence pessimism
                                              0.250000 ^ _759_/CLK (sky130_fd_sc_hd__dfxtp_2)
                                 -0.017297    0.232703   library hold time
                                              0.232703   data required time
---------------------------------------------------------------------------------------------
                                              0.232703   data required time
                                             -0.528069   data arrival time
---------------------------------------------------------------------------------------------
                                              0.295367   slack (MET)


Startpoint: _751_ (rising edge-triggered flip-flop clocked by clk)
Endpoint: _757_ (rising edge-triggered flip-flop clocked by clk)
Path Group: clk
Path Type: min

Fanout         Cap        Slew       Delay        Time   Description
---------------------------------------------------------------------------------------------
                      0.150000    0.000000    0.000000   clock clk (rise edge)
                                  0.000000    0.000000   clock network delay (ideal)
                      0.150000    0.000000    0.000000 ^ _751_/CLK (sky130_fd_sc_hd__dfxtp_2)
     9    0.025389    0.070628    0.369857    0.369857 v _751_/Q (sky130_fd_sc_hd__dfxtp_2)
                                                         diagnostic.x0[0] (net)
                      0.070628    0.000000    0.369857 v _736_/A (sky130_fd_sc_hd__and2_2)
     1    0.001681    0.031940    0.160029    0.529885 v _736_/X (sky130_fd_sc_hd__and2_2)
                                                         _021_ (net)
                      0.031940    0.000000    0.529885 v _757_/D (sky130_fd_sc_hd__dfxtp_2)
                                              0.529885   data arrival time

                      0.150000    0.000000    0.000000   clock clk (rise edge)
                                  0.000000    0.000000   clock network delay (ideal)
                                  0.250000    0.250000   clock uncertainty
                                  0.000000    0.250000   clock reconvergence pessimism
                                              0.250000 ^ _757_/CLK (sky130_fd_sc_hd__dfxtp_2)
                                 -0.017298    0.232702   library hold time
                                              0.232702   data required time
---------------------------------------------------------------------------------------------
                                              0.232702   data required time
                                             -0.529885   data arrival time
---------------------------------------------------------------------------------------------
                                              0.297183   slack (MET)


Startpoint: _752_ (rising edge-triggered flip-flop clocked by clk)
Endpoint: _758_ (rising edge-triggered flip-flop clocked by clk)
Path Group: clk
Path Type: min

Fanout         Cap        Slew       Delay        Time   Description
---------------------------------------------------------------------------------------------
                      0.150000    0.000000    0.000000   clock clk (rise edge)
                                  0.000000    0.000000   clock network delay (ideal)
                      0.150000    0.000000    0.000000 ^ _752_/CLK (sky130_fd_sc_hd__dfxtp_2)
     9    0.025560    0.070971    0.370164    0.370164 v _752_/Q (sky130_fd_sc_hd__dfxtp_2)
                                                         diagnostic.x0[1] (net)
                      0.070971    0.000000    0.370164 v _737_/A (sky130_fd_sc_hd__and2_2)
     1    0.001681    0.031940    0.160174    0.530338 v _737_/X (sky130_fd_sc_hd__and2_2)
                                                         _022_ (net)
                      0.031940    0.000000    0.530338 v _758_/D (sky130_fd_sc_hd__dfxtp_2)
                                              0.530338   data arrival time

                      0.150000    0.000000    0.000000   clock clk (rise edge)
                                  0.000000    0.000000   clock network delay (ideal)
                                  0.250000    0.250000   clock uncertainty
                                  0.000000    0.250000   clock reconvergence pessimism
                                              0.250000 ^ _758_/CLK (sky130_fd_sc_hd__dfxtp_2)
                                 -0.017298    0.232702   library hold time
                                              0.232702   data required time
---------------------------------------------------------------------------------------------
                                              0.232702   data required time
                                             -0.530338   data arrival time
---------------------------------------------------------------------------------------------
                                              0.297636   slack (MET)


Startpoint: _758_ (rising edge-triggered flip-flop clocked by clk)
Endpoint: _762_ (rising edge-triggered flip-flop clocked by clk)
Path Group: clk
Path Type: min

Fanout         Cap        Slew       Delay        Time   Description
---------------------------------------------------------------------------------------------
                      0.150000    0.000000    0.000000   clock clk (rise edge)
                                  0.000000    0.000000   clock network delay (ideal)
                      0.150000    0.000000    0.000000 ^ _758_/CLK (sky130_fd_sc_hd__dfxtp_2)
    10    0.028044    0.075952    0.374633    0.374633 v _758_/Q (sky130_fd_sc_hd__dfxtp_2)
                                                         diagnostic.x1[1] (net)
                      0.075952    0.000000    0.374633 v _741_/A (sky130_fd_sc_hd__and2_2)
     1    0.001681    0.031941    0.162281    0.536914 v _741_/X (sky130_fd_sc_hd__and2_2)
                                                         _026_ (net)
                      0.031941    0.000000    0.536914 v _762_/D (sky130_fd_sc_hd__dfxtp_2)
                                              0.536914   data arrival time

                      0.150000    0.000000    0.000000   clock clk (rise edge)
                                  0.000000    0.000000   clock network delay (ideal)
                                  0.250000    0.250000   clock uncertainty
                                  0.000000    0.250000   clock reconvergence pessimism
                                              0.250000 ^ _762_/CLK (sky130_fd_sc_hd__dfxtp_2)
                                 -0.017298    0.232702   library hold time
                                              0.232702   data required time
---------------------------------------------------------------------------------------------
                                              0.232702   data required time
                                             -0.536914   data arrival time
---------------------------------------------------------------------------------------------
                                              0.304212   slack (MET)


Startpoint: _769_ (rising edge-triggered flip-flop clocked by clk)
Endpoint: _775_ (rising edge-triggered flip-flop clocked by clk)
Path Group: clk
Path Type: min

Fanout         Cap        Slew       Delay        Time   Description
---------------------------------------------------------------------------------------------
                      0.150000    0.000000    0.000000   clock clk (rise edge)
                                  0.000000    0.000000   clock network delay (ideal)
                      0.150000    0.000000    0.000000 ^ _769_/CLK (sky130_fd_sc_hd__dfxtp_2)
     2    0.004057    0.036483    0.328942    0.328942 ^ _769_/Q (sky130_fd_sc_hd__dfxtp_2)
                                                         controller.state[0] (net)
                      0.036483    0.000000    0.328942 ^ _711_/B (sky130_fd_sc_hd__and2_2)
     2    0.003152    0.039389    0.120482    0.449424 ^ _711_/X (sky130_fd_sc_hd__and2_2)
                                                         _358_ (net)
                      0.039389    0.000000    0.449424 ^ _712_/B (sky130_fd_sc_hd__and2_2)
     1    0.001674    0.032303    0.114094    0.563518 ^ _712_/X (sky130_fd_sc_hd__and2_2)
                                                         _005_ (net)
                      0.032303    0.000000    0.563518 ^ _775_/D (sky130_fd_sc_hd__dfxtp_2)
                                              0.563518   data arrival time

                      0.150000    0.000000    0.000000   clock clk (rise edge)
                                  0.000000    0.000000   clock network delay (ideal)
                                  0.250000    0.250000   clock uncertainty
                                  0.000000    0.250000   clock reconvergence pessimism
                                              0.250000 ^ _775_/CLK (sky130_fd_sc_hd__dfxtp_2)
                                 -0.014769    0.235231   library hold time
                                              0.235231   data required time
---------------------------------------------------------------------------------------------
                                              0.235231   data required time
                                             -0.563518   data arrival time
---------------------------------------------------------------------------------------------
                                              0.328287   slack (MET)


Startpoint: _755_ (rising edge-triggered flip-flop clocked by clk)
Endpoint: _754_ (rising edge-triggered flip-flop clocked by clk)
Path Group: clk
Path Type: min

Fanout         Cap        Slew       Delay        Time   Description
---------------------------------------------------------------------------------------------
                      0.150000    0.000000    0.000000   clock clk (rise edge)
                                  0.000000    0.000000   clock network delay (ideal)
                      0.150000    0.000000    0.000000 ^ _755_/CLK (sky130_fd_sc_hd__dfxtp_2)
     6    0.046473    0.113839    0.405372    0.405372 v _755_/Q (sky130_fd_sc_hd__dfxtp_2)
                                                         diag_busy (net)
                      0.113839    0.000000    0.405372 v _731_/A_N (sky130_fd_sc_hd__and3b_2)
     1    0.001674    0.037501    0.227743    0.633115 ^ _731_/X (sky130_fd_sc_hd__and3b_2)
                                                         _018_ (net)
                      0.037501    0.000000    0.633115 ^ _754_/D (sky130_fd_sc_hd__dfxtp_2)
                                              0.633115   data arrival time

                      0.150000    0.000000    0.000000   clock clk (rise edge)
                                  0.000000    0.000000   clock network delay (ideal)
                                  0.250000    0.250000   clock uncertainty
                                  0.000000    0.250000   clock reconvergence pessimism
                                              0.250000 ^ _754_/CLK (sky130_fd_sc_hd__dfxtp_2)
                                 -0.015832    0.234168   library hold time
                                              0.234168   data required time
---------------------------------------------------------------------------------------------
                                              0.234168   data required time
                                             -0.633115   data arrival time
---------------------------------------------------------------------------------------------
                                              0.398947   slack (MET)


Startpoint: _780_ (rising edge-triggered flip-flop clocked by clk)
Endpoint: _755_ (rising edge-triggered flip-flop clocked by clk)
Path Group: clk
Path Type: min

Fanout         Cap        Slew       Delay        Time   Description
---------------------------------------------------------------------------------------------
                      0.150000    0.000000    0.000000   clock clk (rise edge)
                                  0.000000    0.000000   clock network delay (ideal)
                      0.150000    0.000000    0.000000 ^ _780_/CLK (sky130_fd_sc_hd__dfxtp_2)
     3    0.005616    0.043507    0.334639    0.334639 ^ _780_/Q (sky130_fd_sc_hd__dfxtp_2)
                                                         controller.state[11] (net)
                      0.043507    0.000000    0.334639 ^ _732_/C (sky130_fd_sc_hd__or4b_2)
     1    0.003520    0.036130    0.100816    0.435455 ^ _732_/X (sky130_fd_sc_hd__or4b_2)
                                                         _365_ (net)
                      0.036130    0.000000    0.435455 ^ _733_/S (sky130_fd_sc_hd__mux2_1)
     1    0.001541    0.032842    0.105224    0.540679 ^ _733_/X (sky130_fd_sc_hd__mux2_1)
                                                         _366_ (net)
                      0.032842    0.000000    0.540679 ^ _734_/B (sky130_fd_sc_hd__and2_2)
     1    0.001674    0.032314    0.112217    0.652895 ^ _734_/X (sky130_fd_sc_hd__and2_2)
                                                         _019_ (net)
                      0.032314    0.000000    0.652895 ^ _755_/D (sky130_fd_sc_hd__dfxtp_2)
                                              0.652895   data arrival time

                      0.150000    0.000000    0.000000   clock clk (rise edge)
                                  0.000000    0.000000   clock network delay (ideal)
                                  0.250000    0.250000   clock uncertainty
                                  0.000000    0.250000   clock reconvergence pessimism
                                              0.250000 ^ _755_/CLK (sky130_fd_sc_hd__dfxtp_2)
                                 -0.014771    0.235229   library hold time
                                              0.235229   data required time
---------------------------------------------------------------------------------------------
                                              0.235229   data required time
                                             -0.652895   data arrival time
---------------------------------------------------------------------------------------------
                                              0.417667   slack (MET)


Startpoint: _756_ (rising edge-triggered flip-flop clocked by clk)
Endpoint: diag_done (output port clocked by clk)
Path Group: clk
Path Type: min

Fanout         Cap        Slew       Delay        Time   Description
---------------------------------------------------------------------------------------------
                      0.150000    0.000000    0.000000   clock clk (rise edge)
                                  0.000000    0.000000   clock network delay (ideal)
                      0.150000    0.000000    0.000000 ^ _756_/CLK (sky130_fd_sc_hd__dfxtp_2)
     1    0.033442    0.086777    0.384343    0.384343 v _756_/Q (sky130_fd_sc_hd__dfxtp_2)
                                                         diag_done (net)
                      0.086777    0.000000    0.384343 v diag_done (out)
                                              0.384343   data arrival time

                      0.150000    0.000000    0.000000   clock clk (rise edge)
                                  0.000000    0.000000   clock network delay (ideal)
                                  0.250000    0.250000   clock uncertainty
                                  0.000000    0.250000   clock reconvergence pessimism
                                 -2.000000   -1.750000   output external delay
                                             -1.750000   data required time
---------------------------------------------------------------------------------------------
                                             -1.750000   data required time
                                             -0.384343   data arrival time
---------------------------------------------------------------------------------------------
                                              2.134343   slack (MET)


Startpoint: _755_ (rising edge-triggered flip-flop clocked by clk)
Endpoint: diag_busy (output port clocked by clk)
Path Group: clk
Path Type: min

Fanout         Cap        Slew       Delay        Time   Description
---------------------------------------------------------------------------------------------
                      0.150000    0.000000    0.000000   clock clk (rise edge)
                                  0.000000    0.000000   clock network delay (ideal)
                      0.150000    0.000000    0.000000 ^ _755_/CLK (sky130_fd_sc_hd__dfxtp_2)
     6    0.046473    0.113839    0.405372    0.405372 v _755_/Q (sky130_fd_sc_hd__dfxtp_2)
                                                         diag_busy (net)
                      0.113839    0.000000    0.405372 v diag_busy (out)
                                              0.405372   data arrival time

                      0.150000    0.000000    0.000000   clock clk (rise edge)
                                  0.000000    0.000000   clock network delay (ideal)
                                  0.250000    0.250000   clock uncertainty
                                  0.000000    0.250000   clock reconvergence pessimism
                                 -2.000000   -1.750000   output external delay
                                             -1.750000   data required time
---------------------------------------------------------------------------------------------
                                             -1.750000   data required time
                                             -0.405372   data arrival time
---------------------------------------------------------------------------------------------
                                              2.155372   slack (MET)


Startpoint: _761_ (rising edge-triggered flip-flop clocked by clk)
Endpoint: y[0] (output port clocked by clk)
Path Group: clk
Path Type: min

Fanout         Cap        Slew       Delay        Time   Description
---------------------------------------------------------------------------------------------
                      0.150000    0.000000    0.000000   clock clk (rise edge)
                                  0.000000    0.000000   clock network delay (ideal)
                      0.150000    0.000000    0.000000 ^ _761_/CLK (sky130_fd_sc_hd__dfxtp_2)
     8    0.021067    0.061960    0.362082    0.362082 v _761_/Q (sky130_fd_sc_hd__dfxtp_2)
                                                         diagnostic.x2[0] (net)
                      0.061960    0.000000    0.362082 v _702_/A2 (sky130_fd_sc_hd__a21oi_2)
     1    0.004740    0.091849    0.135998    0.498080 ^ _702_/Y (sky130_fd_sc_hd__a21oi_2)
                                                         _357_ (net)
                      0.091849    0.000000    0.498080 ^ _703_/B (sky130_fd_sc_hd__nor2_2)
     1    0.033442    0.083524    0.093862    0.591942 v _703_/Y (sky130_fd_sc_hd__nor2_2)
                                                         y[0] (net)
                      0.083524    0.000000    0.591942 v y[0] (out)
                                              0.591942   data arrival time

                      0.150000    0.000000    0.000000   clock clk (rise edge)
                                  0.000000    0.000000   clock network delay (ideal)
                                  0.250000    0.250000   clock uncertainty
                                  0.000000    0.250000   clock reconvergence pessimism
                                 -2.000000   -1.750000   output external delay
                                             -1.750000   data required time
---------------------------------------------------------------------------------------------
                                             -1.750000   data required time
                                             -0.591942   data arrival time
---------------------------------------------------------------------------------------------
                                              2.341942   slack (MET)


Startpoint: _765_ (rising edge-triggered flip-flop clocked by clk)
Endpoint: y[1] (output port clocked by clk)
Path Group: clk
Path Type: min

Fanout         Cap        Slew       Delay        Time   Description
---------------------------------------------------------------------------------------------
                      0.150000    0.000000    0.000000   clock clk (rise edge)
                                  0.000000    0.000000   clock network delay (ideal)
                      0.150000    0.000000    0.000000 ^ _765_/CLK (sky130_fd_sc_hd__dfxtp_2)
     6    0.021356    0.117287    0.388314    0.388314 ^ _765_/Q (sky130_fd_sc_hd__dfxtp_2)
                                                         diagnostic.x3[0] (net)
                      0.117287    0.000000    0.388314 ^ _447_/A2 (sky130_fd_sc_hd__a31oi_2)
     2    0.009568    0.042065    0.116925    0.505238 v _447_/Y (sky130_fd_sc_hd__a31oi_2)
                                                         _109_ (net)
                      0.042065    0.000000    0.505238 v _704_/B (sky130_fd_sc_hd__xnor2_2)
     1    0.033442    0.155499    0.204729    0.709968 v _704_/Y (sky130_fd_sc_hd__xnor2_2)
                                                         y[1] (net)
                      0.155499    0.000000    0.709968 v y[1] (out)
                                              0.709968   data arrival time

                      0.150000    0.000000    0.000000   clock clk (rise edge)
                                  0.000000    0.000000   clock network delay (ideal)
                                  0.250000    0.250000   clock uncertainty
                                  0.000000    0.250000   clock reconvergence pessimism
                                 -2.000000   -1.750000   output external delay
                                             -1.750000   data required time
---------------------------------------------------------------------------------------------
                                             -1.750000   data required time
                                             -0.709968   data arrival time
---------------------------------------------------------------------------------------------
                                              2.459968   slack (MET)


Startpoint: _765_ (rising edge-triggered flip-flop clocked by clk)
Endpoint: y[2] (output port clocked by clk)
Path Group: clk
Path Type: min

Fanout         Cap        Slew       Delay        Time   Description
---------------------------------------------------------------------------------------------
                      0.150000    0.000000    0.000000   clock clk (rise edge)
                                  0.000000    0.000000   clock network delay (ideal)
                      0.150000    0.000000    0.000000 ^ _765_/CLK (sky130_fd_sc_hd__dfxtp_2)
     6    0.021356    0.117287    0.388314    0.388314 ^ _765_/Q (sky130_fd_sc_hd__dfxtp_2)
                                                         diagnostic.x3[0] (net)
                      0.117287    0.000000    0.388314 ^ _447_/A2 (sky130_fd_sc_hd__a31oi_2)
     2    0.009568    0.042065    0.116925    0.505238 v _447_/Y (sky130_fd_sc_hd__a31oi_2)
                                                         _109_ (net)
                      0.042065    0.000000    0.505238 v _448_/A_N (sky130_fd_sc_hd__and2b_2)
     2    0.010865    0.071877    0.219459    0.724697 ^ _448_/X (sky130_fd_sc_hd__and2b_2)
                                                         _110_ (net)
                      0.071877    0.000000    0.724697 ^ _449_/B (sky130_fd_sc_hd__xnor2_2)
     1    0.033442    0.155030    0.146222    0.870919 v _449_/Y (sky130_fd_sc_hd__xnor2_2)
                                                         y[2] (net)
                      0.155030    0.000000    0.870919 v y[2] (out)
                                              0.870919   data arrival time

                      0.150000    0.000000    0.000000   clock clk (rise edge)
                                  0.000000    0.000000   clock network delay (ideal)
                                  0.250000    0.250000   clock uncertainty
                                  0.000000    0.250000   clock reconvergence pessimism
                                 -2.000000   -1.750000   output external delay
                                             -1.750000   data required time
---------------------------------------------------------------------------------------------
                                             -1.750000   data required time
                                             -0.870919   data arrival time
---------------------------------------------------------------------------------------------
                                              2.620919   slack (MET)


Startpoint: _765_ (rising edge-triggered flip-flop clocked by clk)
Endpoint: y[3] (output port clocked by clk)
Path Group: clk
Path Type: min

Fanout         Cap        Slew       Delay        Time   Description
---------------------------------------------------------------------------------------------
                      0.150000    0.000000    0.000000   clock clk (rise edge)
                                  0.000000    0.000000   clock network delay (ideal)
                      0.150000    0.000000    0.000000 ^ _765_/CLK (sky130_fd_sc_hd__dfxtp_2)
     6    0.021356    0.117287    0.388314    0.388314 ^ _765_/Q (sky130_fd_sc_hd__dfxtp_2)
                                                         diagnostic.x3[0] (net)
                      0.117287    0.000000    0.388314 ^ _447_/A2 (sky130_fd_sc_hd__a31oi_2)
     2    0.009568    0.042065    0.116925    0.505238 v _447_/Y (sky130_fd_sc_hd__a31oi_2)
                                                         _109_ (net)
                      0.042065    0.000000    0.505238 v _448_/A_N (sky130_fd_sc_hd__and2b_2)
     2    0.010865    0.071877    0.219459    0.724697 ^ _448_/X (sky130_fd_sc_hd__and2b_2)
                                                         _110_ (net)
                      0.071877    0.000000    0.724697 ^ _517_/A2 (sky130_fd_sc_hd__a21o_2)
     2    0.010865    0.063473    0.143147    0.867845 ^ _517_/X (sky130_fd_sc_hd__a21o_2)
                                                         _178_ (net)
                      0.063473    0.000000    0.867845 ^ _518_/B (sky130_fd_sc_hd__xnor2_2)
     1    0.033442    0.154903    0.144133    1.011978 v _518_/Y (sky130_fd_sc_hd__xnor2_2)
                                                         y[3] (net)
                      0.154903    0.000000    1.011978 v y[3] (out)
                                              1.011978   data arrival time

                      0.150000    0.000000    0.000000   clock clk (rise edge)
                                  0.000000    0.000000   clock network delay (ideal)
                                  0.250000    0.250000   clock uncertainty
                                  0.000000    0.250000   clock reconvergence pessimism
                                 -2.000000   -1.750000   output external delay
                                             -1.750000   data required time
---------------------------------------------------------------------------------------------
                                             -1.750000   data required time
                                             -1.011978   data arrival time
---------------------------------------------------------------------------------------------
                                              2.761978   slack (MET)


Startpoint: _764_ (rising edge-triggered flip-flop clocked by clk)
Endpoint: y[7] (output port clocked by clk)
Path Group: clk
Path Type: min

Fanout         Cap        Slew       Delay        Time   Description
---------------------------------------------------------------------------------------------
                      0.150000    0.000000    0.000000   clock clk (rise edge)
                                  0.000000    0.000000   clock network delay (ideal)
                      0.150000    0.000000    0.000000 ^ _764_/CLK (sky130_fd_sc_hd__dfxtp_2)
     8    0.021131    0.062089    0.362197    0.362197 v _764_/Q (sky130_fd_sc_hd__dfxtp_2)
                                                         diagnostic.x2[3] (net)
                      0.062089    0.000000    0.362197 v _625_/A (sky130_fd_sc_hd__nand2_2)
     2    0.005128    0.041638    0.059758    0.421955 ^ _625_/Y (sky130_fd_sc_hd__nand2_2)
                                                         _284_ (net)
                      0.041638    0.000000    0.421955 ^ _676_/B1 (sky130_fd_sc_hd__a21o_2)
     1    0.004621    0.034923    0.080894    0.502849 ^ _676_/X (sky130_fd_sc_hd__a21o_2)
                                                         _333_ (net)
                      0.034923    0.000000    0.502849 ^ _677_/B (sky130_fd_sc_hd__nand2_2)
     2    0.010002    0.049239    0.057728    0.560577 v _677_/Y (sky130_fd_sc_hd__nand2_2)
                                                         _334_ (net)
                      0.049239    0.000000    0.560577 v _691_/A (sky130_fd_sc_hd__xor2_2)
     2    0.010729    0.157324    0.190284    0.750861 ^ _691_/X (sky130_fd_sc_hd__xor2_2)
                                                         _348_ (net)
                      0.157324    0.000000    0.750861 ^ _694_/A (sky130_fd_sc_hd__xnor2_2)
     2    0.011820    0.076993    0.150821    0.901683 ^ _694_/Y (sky130_fd_sc_hd__xnor2_2)
                                                         _351_ (net)
                      0.076993    0.000000    0.901683 ^ _696_/A (sky130_fd_sc_hd__xor2_2)
     1    0.033442    0.101085    0.149312    1.050995 v _696_/X (sky130_fd_sc_hd__xor2_2)
                                                         y[7] (net)
                      0.101085    0.000000    1.050995 v y[7] (out)
                                              1.050995   data arrival time

                      0.150000    0.000000    0.000000   clock clk (rise edge)
                                  0.000000    0.000000   clock network delay (ideal)
                                  0.250000    0.250000   clock uncertainty
                                  0.000000    0.250000   clock reconvergence pessimism
                                 -2.000000   -1.750000   output external delay
                                             -1.750000   data required time
---------------------------------------------------------------------------------------------
                                             -1.750000   data required time
                                             -1.050995   data arrival time
---------------------------------------------------------------------------------------------
                                              2.800995   slack (MET)


Startpoint: _763_ (rising edge-triggered flip-flop clocked by clk)
Endpoint: y[9] (output port clocked by clk)
Path Group: clk
Path Type: min

Fanout         Cap        Slew       Delay        Time   Description
---------------------------------------------------------------------------------------------
                      0.150000    0.000000    0.000000   clock clk (rise edge)
                                  0.000000    0.000000   clock network delay (ideal)
                      0.150000    0.000000    0.000000 ^ _763_/CLK (sky130_fd_sc_hd__dfxtp_2)
     5    0.012446    0.074421    0.358919    0.358919 ^ _763_/Q (sky130_fd_sc_hd__dfxtp_2)
                                                         diagnostic.x2[2] (net)
                      0.074421    0.000000    0.358919 ^ _521_/A (sky130_fd_sc_hd__nand2_2)
     4    0.010565    0.054137    0.065260    0.424179 v _521_/Y (sky130_fd_sc_hd__nand2_2)
                                                         _181_ (net)
                      0.054137    0.000000    0.424179 v _676_/A1 (sky130_fd_sc_hd__a21o_2)
     1    0.004215    0.036335    0.180994    0.605173 v _676_/X (sky130_fd_sc_hd__a21o_2)
                                                         _333_ (net)
                      0.036335    0.000000    0.605173 v _677_/B (sky130_fd_sc_hd__nand2_2)
     2    0.010859    0.067694    0.077402    0.682575 ^ _677_/Y (sky130_fd_sc_hd__nand2_2)
                                                         _334_ (net)
                      0.067694    0.000000    0.682575 ^ _690_/A (sky130_fd_sc_hd__and2_2)
     2    0.003912    0.043033    0.129979    0.812554 ^ _690_/X (sky130_fd_sc_hd__and2_2)
                                                         _347_ (net)
                      0.043033    0.000000    0.812554 ^ _698_/B2 (sky130_fd_sc_hd__o22a_2)
     2    0.004178    0.038239    0.111840    0.924394 ^ _698_/X (sky130_fd_sc_hd__o22a_2)
                                                         _354_ (net)
                      0.038239    0.000000    0.924394 ^ _705_/B1 (sky130_fd_sc_hd__a21o_2)
     1    0.033442    0.171494    0.172933    1.097327 ^ _705_/X (sky130_fd_sc_hd__a21o_2)
                                                         y[9] (net)
                      0.171494    0.000000    1.097327 ^ y[9] (out)
                                              1.097327   data arrival time

                      0.150000    0.000000    0.000000   clock clk (rise edge)
                                  0.000000    0.000000   clock network delay (ideal)
                                  0.250000    0.250000   clock uncertainty
                                  0.000000    0.250000   clock reconvergence pessimism
                                 -2.000000   -1.750000   output external delay
                                             -1.750000   data required time
---------------------------------------------------------------------------------------------
                                             -1.750000   data required time
                                             -1.097327   data arrival time
---------------------------------------------------------------------------------------------
                                              2.847327   slack (MET)


Startpoint: _765_ (rising edge-triggered flip-flop clocked by clk)
Endpoint: y[4] (output port clocked by clk)
Path Group: clk
Path Type: min

Fanout         Cap        Slew       Delay        Time   Description
---------------------------------------------------------------------------------------------
                      0.150000    0.000000    0.000000   clock clk (rise edge)
                                  0.000000    0.000000   clock network delay (ideal)
                      0.150000    0.000000    0.000000 ^ _765_/CLK (sky130_fd_sc_hd__dfxtp_2)
     6    0.021356    0.117287    0.388314    0.388314 ^ _765_/Q (sky130_fd_sc_hd__dfxtp_2)
                                                         diagnostic.x3[0] (net)
                      0.117287    0.000000    0.388314 ^ _447_/A2 (sky130_fd_sc_hd__a31oi_2)
     2    0.009568    0.042065    0.116925    0.505238 v _447_/Y (sky130_fd_sc_hd__a31oi_2)
                                                         _109_ (net)
                      0.042065    0.000000    0.505238 v _448_/A_N (sky130_fd_sc_hd__and2b_2)
     2    0.010865    0.071877    0.219459    0.724697 ^ _448_/X (sky130_fd_sc_hd__and2b_2)
                                                         _110_ (net)
                      0.071877    0.000000    0.724697 ^ _517_/A2 (sky130_fd_sc_hd__a21o_2)
     2    0.010865    0.063473    0.143147    0.867845 ^ _517_/X (sky130_fd_sc_hd__a21o_2)
                                                         _178_ (net)
                      0.063473    0.000000    0.867845 ^ _585_/A2 (sky130_fd_sc_hd__a21o_2)
     2    0.010916    0.063706    0.140891    1.008736 ^ _585_/X (sky130_fd_sc_hd__a21o_2)
                                                         _245_ (net)
                      0.063706    0.000000    1.008736 ^ _586_/B (sky130_fd_sc_hd__xor2_2)
     1    0.033442    0.101072    0.139049    1.147785 v _586_/X (sky130_fd_sc_hd__xor2_2)
                                                         y[4] (net)
                      0.101072    0.000000    1.147785 v y[4] (out)
                                              1.147785   data arrival time

                      0.150000    0.000000    0.000000   clock clk (rise edge)
                                  0.000000    0.000000   clock network delay (ideal)
                                  0.250000    0.250000   clock uncertainty
                                  0.000000    0.250000   clock reconvergence pessimism
                                 -2.000000   -1.750000   output external delay
                                             -1.750000   data required time
---------------------------------------------------------------------------------------------
                                             -1.750000   data required time
                                             -1.147785   data arrival time
---------------------------------------------------------------------------------------------
                                              2.897784   slack (MET)


Startpoint: _764_ (rising edge-triggered flip-flop clocked by clk)
Endpoint: y[8] (output port clocked by clk)
Path Group: clk
Path Type: min

Fanout         Cap        Slew       Delay        Time   Description
---------------------------------------------------------------------------------------------
                      0.150000    0.000000    0.000000   clock clk (rise edge)
                                  0.000000    0.000000   clock network delay (ideal)
                      0.150000    0.000000    0.000000 ^ _764_/CLK (sky130_fd_sc_hd__dfxtp_2)
     8    0.021131    0.062089    0.362197    0.362197 v _764_/Q (sky130_fd_sc_hd__dfxtp_2)
                                                         diagnostic.x2[3] (net)
                      0.062089    0.000000    0.362197 v _625_/A (sky130_fd_sc_hd__nand2_2)
     2    0.005128    0.041638    0.059758    0.421955 ^ _625_/Y (sky130_fd_sc_hd__nand2_2)
                                                         _284_ (net)
                      0.041638    0.000000    0.421955 ^ _676_/B1 (sky130_fd_sc_hd__a21o_2)
     1    0.004621    0.034923    0.080894    0.502849 ^ _676_/X (sky130_fd_sc_hd__a21o_2)
                                                         _333_ (net)
                      0.034923    0.000000    0.502849 ^ _677_/B (sky130_fd_sc_hd__nand2_2)
     2    0.010002    0.049239    0.057728    0.560577 v _677_/Y (sky130_fd_sc_hd__nand2_2)
                                                         _334_ (net)
                      0.049239    0.000000    0.560577 v _691_/A (sky130_fd_sc_hd__xor2_2)
     2    0.010729    0.157324    0.190284    0.750861 ^ _691_/X (sky130_fd_sc_hd__xor2_2)
                                                         _348_ (net)
                      0.157324    0.000000    0.750861 ^ _693_/B (sky130_fd_sc_hd__and2b_2)
     1    0.002564    0.034603    0.149280    0.900141 ^ _693_/X (sky130_fd_sc_hd__and2b_2)
                                                         _350_ (net)
                      0.034603    0.000000    0.900141 ^ _697_/B1 (sky130_fd_sc_hd__a21o_2)
     2    0.011820    0.067855    0.102626    1.002767 ^ _697_/X (sky130_fd_sc_hd__a21o_2)
                                                         _353_ (net)
                      0.067855    0.000000    1.002767 ^ _701_/A (sky130_fd_sc_hd__xor2_2)
     1    0.033442    0.101066    0.146659    1.149426 v _701_/X (sky130_fd_sc_hd__xor2_2)
                                                         y[8] (net)
                      0.101066    0.000000    1.149426 v y[8] (out)
                                              1.149426   data arrival time

                      0.150000    0.000000    0.000000   clock clk (rise edge)
                                  0.000000    0.000000   clock network delay (ideal)
                                  0.250000    0.250000   clock uncertainty
                                  0.000000    0.250000   clock reconvergence pessimism
                                 -2.000000   -1.750000   output external delay
                                             -1.750000   data required time
---------------------------------------------------------------------------------------------
                                             -1.750000   data required time
                                             -1.149426   data arrival time
---------------------------------------------------------------------------------------------
                                              2.899426   slack (MET)


Startpoint: _765_ (rising edge-triggered flip-flop clocked by clk)
Endpoint: y[5] (output port clocked by clk)
Path Group: clk
Path Type: min

Fanout         Cap        Slew       Delay        Time   Description
---------------------------------------------------------------------------------------------
                      0.150000    0.000000    0.000000   clock clk (rise edge)
                                  0.000000    0.000000   clock network delay (ideal)
                      0.150000    0.000000    0.000000 ^ _765_/CLK (sky130_fd_sc_hd__dfxtp_2)
     6    0.021356    0.117287    0.388314    0.388314 ^ _765_/Q (sky130_fd_sc_hd__dfxtp_2)
                                                         diagnostic.x3[0] (net)
                      0.117287    0.000000    0.388314 ^ _447_/A2 (sky130_fd_sc_hd__a31oi_2)
     2    0.009568    0.042065    0.116925    0.505238 v _447_/Y (sky130_fd_sc_hd__a31oi_2)
                                                         _109_ (net)
                      0.042065    0.000000    0.505238 v _448_/A_N (sky130_fd_sc_hd__and2b_2)
     2    0.010865    0.071877    0.219459    0.724697 ^ _448_/X (sky130_fd_sc_hd__and2b_2)
                                                         _110_ (net)
                      0.071877    0.000000    0.724697 ^ _517_/A2 (sky130_fd_sc_hd__a21o_2)
     2    0.010865    0.063473    0.143147    0.867845 ^ _517_/X (sky130_fd_sc_hd__a21o_2)
                                                         _178_ (net)
                      0.063473    0.000000    0.867845 ^ _585_/A2 (sky130_fd_sc_hd__a21o_2)
     2    0.010916    0.063706    0.140891    1.008736 ^ _585_/X (sky130_fd_sc_hd__a21o_2)
                                                         _245_ (net)
                      0.063706    0.000000    1.008736 ^ _637_/A2 (sky130_fd_sc_hd__a21o_2)
     2    0.010916    0.063764    0.140958    1.149694 ^ _637_/X (sky130_fd_sc_hd__a21o_2)
                                                         _296_ (net)
                      0.063764    0.000000    1.149694 ^ _638_/B (sky130_fd_sc_hd__xor2_2)
     1    0.033442    0.101081    0.139067    1.288761 v _638_/X (sky130_fd_sc_hd__xor2_2)
                                                         y[5] (net)
                      0.101081    0.000000    1.288761 v y[5] (out)
                                              1.288761   data arrival time

                      0.150000    0.000000    0.000000   clock clk (rise edge)
                                  0.000000    0.000000   clock network delay (ideal)
                                  0.250000    0.250000   clock uncertainty
                                  0.000000    0.250000   clock reconvergence pessimism
                                 -2.000000   -1.750000   output external delay
                                             -1.750000   data required time
---------------------------------------------------------------------------------------------
                                             -1.750000   data required time
                                             -1.288761   data arrival time
---------------------------------------------------------------------------------------------
                                              3.038761   slack (MET)


Startpoint: _766_ (rising edge-triggered flip-flop clocked by clk)
Endpoint: y[6] (output port clocked by clk)
Path Group: clk
Path Type: min

Fanout         Cap        Slew       Delay        Time   Description
---------------------------------------------------------------------------------------------
                      0.150000    0.000000    0.000000   clock clk (rise edge)
                                  0.000000    0.000000   clock network delay (ideal)
                      0.150000    0.000000    0.000000 ^ _766_/CLK (sky130_fd_sc_hd__dfxtp_2)
     8    0.020738    0.061301    0.361490    0.361490 v _766_/Q (sky130_fd_sc_hd__dfxtp_2)
                                                         diagnostic.x3[1] (net)
                      0.061301    0.000000    0.361490 v _484_/A (sky130_fd_sc_hd__nand2_2)
     1    0.008442    0.057151    0.070767    0.432257 ^ _484_/Y (sky130_fd_sc_hd__nand2_2)
                                                         _145_ (net)
                      0.057151    0.000000    0.432257 ^ _486_/B (sky130_fd_sc_hd__xnor2_2)
     2    0.013494    0.084072    0.128551    0.560809 ^ _486_/Y (sky130_fd_sc_hd__xnor2_2)
                                                         _147_ (net)
                      0.084072    0.000000    0.560809 ^ _575_/A2 (sky130_fd_sc_hd__a21oi_2)
     2    0.011973    0.042293    0.078281    0.639090 v _575_/Y (sky130_fd_sc_hd__a21oi_2)
                                                         _235_ (net)
                      0.042293    0.000000    0.639090 v _576_/B (sky130_fd_sc_hd__nor2_2)
     2    0.004060    0.074537    0.073981    0.713071 ^ _576_/Y (sky130_fd_sc_hd__nor2_2)
                                                         _236_ (net)
                      0.074537    0.000000    0.713071 ^ _613_/B1 (sky130_fd_sc_hd__a21o_2)
     1    0.009040    0.055375    0.106314    0.819385 ^ _613_/X (sky130_fd_sc_hd__a21o_2)
                                                         _272_ (net)
                      0.055375    0.000000    0.819385 ^ _621_/A (sky130_fd_sc_hd__xnor2_2)
     2    0.012213    0.070567    0.087853    0.907238 v _621_/Y (sky130_fd_sc_hd__xnor2_2)
                                                         _280_ (net)
                      0.070567    0.000000    0.907238 v _622_/B (sky130_fd_sc_hd__nor2_2)
     2    0.004038    0.075204    0.084130    0.991368 ^ _622_/Y (sky130_fd_sc_hd__nor2_2)
                                                         _281_ (net)
                      0.075204    0.000000    0.991368 ^ _672_/A (sky130_fd_sc_hd__or3b_2)
     2    0.007220    0.054881    0.125000    1.116369 ^ _672_/X (sky130_fd_sc_hd__or3b_2)
                                                         _330_ (net)
                      0.054881    0.000000    1.116369 ^ _673_/B (sky130_fd_sc_hd__nand2b_2)
     1    0.008318    0.048700    0.064419    1.180788 v _673_/Y (sky130_fd_sc_hd__nand2b_2)
                                                         _331_ (net)
                      0.048700    0.000000    1.180788 v _675_/A (sky130_fd_sc_hd__xnor2_2)
     1    0.033442    0.154903    0.213519    1.394306 v _675_/Y (sky130_fd_sc_hd__xnor2_2)
                                                         y[6] (net)
                      0.154903    0.000000    1.394306 v y[6] (out)
                                              1.394306   data arrival time

                      0.150000    0.000000    0.000000   clock clk (rise edge)
                                  0.000000    0.000000   clock network delay (ideal)
                                  0.250000    0.250000   clock uncertainty
                                  0.000000    0.250000   clock reconvergence pessimism
                                 -2.000000   -1.750000   output external delay
                                             -1.750000   data required time
---------------------------------------------------------------------------------------------
                                             -1.750000   data required time
                                             -1.394306   data arrival time
---------------------------------------------------------------------------------------------
                                              3.144306   slack (MET)



%OL_END_REPORT
%OL_CREATE_REPORT max.rpt

===========================================================================
report_checks -path_delay max (Setup)
============================================================================
======================= nom_tt_025C_1v80 Corner ===================================

Startpoint: h0[1] (input port clocked by clk)
Endpoint: y[8] (output port clocked by clk)
Path Group: clk
Path Type: max

Fanout         Cap        Slew       Delay        Time   Description
---------------------------------------------------------------------------------------------
                      0.150000    0.000000    0.000000   clock clk (rise edge)
                                  0.000000    0.000000   clock network delay (ideal)
                                  2.000000    2.000000 v input external delay
     8    0.023986    0.054819    0.040347    2.040347 v h0[1] (in)
                                                         h0[1] (net)
                      0.054819    0.000000    2.040347 v _453_/A2 (sky130_fd_sc_hd__a22o_2)
     2    0.006362    0.049674    0.281275    2.321622 v _453_/X (sky130_fd_sc_hd__a22o_2)
                                                         _114_ (net)
                      0.049674    0.000000    2.321622 v _454_/B2 (sky130_fd_sc_hd__a22o_2)
     2    0.006612    0.050348    0.247430    2.569052 v _454_/X (sky130_fd_sc_hd__a22o_2)
                                                         _115_ (net)
                      0.050348    0.000000    2.569052 v _457_/A1 (sky130_fd_sc_hd__a21o_2)
     2    0.006362    0.043939    0.205772    2.774823 v _457_/X (sky130_fd_sc_hd__a21o_2)
                                                         _118_ (net)
                      0.043939    0.000000    2.774823 v _459_/B2 (sky130_fd_sc_hd__a22o_2)
     2    0.006488    0.050061    0.244938    3.019761 v _459_/X (sky130_fd_sc_hd__a22o_2)
                                                         _120_ (net)
                      0.050061    0.000000    3.019761 v _461_/A2 (sky130_fd_sc_hd__a21o_2)
     3    0.008752    0.049728    0.237607    3.257368 v _461_/X (sky130_fd_sc_hd__a21o_2)
                                                         _122_ (net)
                      0.049728    0.000000    3.257368 v _463_/A2 (sky130_fd_sc_hd__a21o_2)
     2    0.006544    0.044313    0.229844    3.487212 v _463_/X (sky130_fd_sc_hd__a21o_2)
                                                         _124_ (net)
                      0.044313    0.000000    3.487212 v _477_/A2 (sky130_fd_sc_hd__a21o_2)
     3    0.008328    0.048722    0.233640    3.720853 v _477_/X (sky130_fd_sc_hd__a21o_2)
                                                         _138_ (net)
                      0.048722    0.000000    3.720853 v _478_/C (sky130_fd_sc_hd__and3_2)
     2    0.006393    0.047933    0.228018    3.948871 v _478_/X (sky130_fd_sc_hd__and3_2)
                                                         _139_ (net)
                      0.047933    0.000000    3.948871 v _496_/A1 (sky130_fd_sc_hd__o21a_2)
     2    0.005663    0.042068    0.224994    4.173865 v _496_/X (sky130_fd_sc_hd__o21a_2)
                                                         _157_ (net)
                      0.042068    0.000000    4.173865 v _512_/B (sky130_fd_sc_hd__or3_2)
     3    0.006041    0.089655    0.483219    4.657084 v _512_/X (sky130_fd_sc_hd__or3_2)
                                                         _173_ (net)
                      0.089655    0.000000    4.657084 v _515_/A1 (sky130_fd_sc_hd__a211o_2)
     2    0.006621    0.059720    0.335616    4.992700 v _515_/X (sky130_fd_sc_hd__a211o_2)
                                                         _176_ (net)
                      0.059720    0.000000    4.992700 v _585_/A1 (sky130_fd_sc_hd__a21o_2)
     2    0.010044    0.052939    0.222212    5.214912 v _585_/X (sky130_fd_sc_hd__a21o_2)
                                                         _245_ (net)
                      0.052939    0.000000    5.214912 v _637_/A2 (sky130_fd_sc_hd__a21o_2)
     2    0.010044    0.052941    0.243311    5.458223 v _637_/X (sky130_fd_sc_hd__a21o_2)
                                                         _296_ (net)
                      0.052941    0.000000    5.458223 v _674_/A2 (sky130_fd_sc_hd__a21o_2)
     2    0.010284    0.053542    0.244139    5.702363 v _674_/X (sky130_fd_sc_hd__a21o_2)
                                                         _332_ (net)
                      0.053542    0.000000    5.702363 v _695_/A2 (sky130_fd_sc_hd__a21o_2)
     2    0.010044    0.052939    0.243563    5.945925 v _695_/X (sky130_fd_sc_hd__a21o_2)
                                                         _352_ (net)
                      0.052939    0.000000    5.945925 v _697_/A2 (sky130_fd_sc_hd__a21o_2)
     2    0.010859    0.054983    0.246120    6.192045 v _697_/X (sky130_fd_sc_hd__a21o_2)
                                                         _353_ (net)
                      0.054983    0.000000    6.192045 v _701_/A (sky130_fd_sc_hd__xor2_2)
     1    0.033442    0.428984    0.403529    6.595573 ^ _701_/X (sky130_fd_sc_hd__xor2_2)
                                                         y[8] (net)
                      0.428984    0.000000    6.595573 ^ y[8] (out)
                                              6.595573   data arrival time

                      0.150000   10.000000   10.000000   clock clk (rise edge)
                                  0.000000   10.000000   clock network delay (ideal)
                                 -0.250000    9.750000   clock uncertainty
                                  0.000000    9.750000   clock reconvergence pessimism
                                 -2.000000    7.750000   output external delay
                                              7.750000   data required time
---------------------------------------------------------------------------------------------
                                              7.750000   data required time
                                             -6.595573   data arrival time
---------------------------------------------------------------------------------------------
                                              1.154426   slack (MET)


Startpoint: h0[1] (input port clocked by clk)
Endpoint: y[9] (output port clocked by clk)
Path Group: clk
Path Type: max

Fanout         Cap        Slew       Delay        Time   Description
---------------------------------------------------------------------------------------------
                      0.150000    0.000000    0.000000   clock clk (rise edge)
                                  0.000000    0.000000   clock network delay (ideal)
                                  2.000000    2.000000 v input external delay
     8    0.023986    0.054819    0.040347    2.040347 v h0[1] (in)
                                                         h0[1] (net)
                      0.054819    0.000000    2.040347 v _453_/A2 (sky130_fd_sc_hd__a22o_2)
     2    0.006362    0.049674    0.281275    2.321622 v _453_/X (sky130_fd_sc_hd__a22o_2)
                                                         _114_ (net)
                      0.049674    0.000000    2.321622 v _454_/B2 (sky130_fd_sc_hd__a22o_2)
     2    0.006612    0.050348    0.247430    2.569052 v _454_/X (sky130_fd_sc_hd__a22o_2)
                                                         _115_ (net)
                      0.050348    0.000000    2.569052 v _457_/A1 (sky130_fd_sc_hd__a21o_2)
     2    0.006362    0.043939    0.205772    2.774823 v _457_/X (sky130_fd_sc_hd__a21o_2)
                                                         _118_ (net)
                      0.043939    0.000000    2.774823 v _459_/B2 (sky130_fd_sc_hd__a22o_2)
     2    0.006488    0.050061    0.244938    3.019761 v _459_/X (sky130_fd_sc_hd__a22o_2)
                                                         _120_ (net)
                      0.050061    0.000000    3.019761 v _461_/A2 (sky130_fd_sc_hd__a21o_2)
     3    0.008752    0.049728    0.237607    3.257368 v _461_/X (sky130_fd_sc_hd__a21o_2)
                                                         _122_ (net)
                      0.049728    0.000000    3.257368 v _463_/A2 (sky130_fd_sc_hd__a21o_2)
     2    0.006544    0.044313    0.229844    3.487212 v _463_/X (sky130_fd_sc_hd__a21o_2)
                                                         _124_ (net)
                      0.044313    0.000000    3.487212 v _477_/A2 (sky130_fd_sc_hd__a21o_2)
     3    0.008328    0.048722    0.233640    3.720853 v _477_/X (sky130_fd_sc_hd__a21o_2)
                                                         _138_ (net)
                      0.048722    0.000000    3.720853 v _478_/C (sky130_fd_sc_hd__and3_2)
     2    0.006393    0.047933    0.228018    3.948871 v _478_/X (sky130_fd_sc_hd__and3_2)
                                                         _139_ (net)
                      0.047933    0.000000    3.948871 v _496_/A1 (sky130_fd_sc_hd__o21a_2)
     2    0.005663    0.042068    0.224994    4.173865 v _496_/X (sky130_fd_sc_hd__o21a_2)
                                                         _157_ (net)
                      0.042068    0.000000    4.173865 v _512_/B (sky130_fd_sc_hd__or3_2)
     3    0.006041    0.089655    0.483219    4.657084 v _512_/X (sky130_fd_sc_hd__or3_2)
                                                         _173_ (net)
                      0.089655    0.000000    4.657084 v _515_/A1 (sky130_fd_sc_hd__a211o_2)
     2    0.006621    0.059720    0.335616    4.992700 v _515_/X (sky130_fd_sc_hd__a211o_2)
                                                         _176_ (net)
                      0.059720    0.000000    4.992700 v _585_/A1 (sky130_fd_sc_hd__a21o_2)
     2    0.010044    0.052939    0.222212    5.214912 v _585_/X (sky130_fd_sc_hd__a21o_2)
                                                         _245_ (net)
                      0.052939    0.000000    5.214912 v _637_/A2 (sky130_fd_sc_hd__a21o_2)
     2    0.010044    0.052941    0.243311    5.458223 v _637_/X (sky130_fd_sc_hd__a21o_2)
                                                         _296_ (net)
                      0.052941    0.000000    5.458223 v _674_/A2 (sky130_fd_sc_hd__a21o_2)
     2    0.010284    0.053542    0.244139    5.702363 v _674_/X (sky130_fd_sc_hd__a21o_2)
                                                         _332_ (net)
                      0.053542    0.000000    5.702363 v _695_/A2 (sky130_fd_sc_hd__a21o_2)
     2    0.010044    0.052939    0.243563    5.945925 v _695_/X (sky130_fd_sc_hd__a21o_2)
                                                         _352_ (net)
                      0.052939    0.000000    5.945925 v _697_/A2 (sky130_fd_sc_hd__a21o_2)
     2    0.010859    0.054983    0.246120    6.192045 v _697_/X (sky130_fd_sc_hd__a21o_2)
                                                         _353_ (net)
                      0.054983    0.000000    6.192045 v _705_/A1 (sky130_fd_sc_hd__a21o_2)
     1    0.033442    0.102883    0.277104    6.469149 v _705_/X (sky130_fd_sc_hd__a21o_2)
                                                         y[9] (net)
                      0.102883    0.000000    6.469149 v y[9] (out)
                                              6.469149   data arrival time

                      0.150000   10.000000   10.000000   clock clk (rise edge)
                                  0.000000   10.000000   clock network delay (ideal)
                                 -0.250000    9.750000   clock uncertainty
                                  0.000000    9.750000   clock reconvergence pessimism
                                 -2.000000    7.750000   output external delay
                                              7.750000   data required time
---------------------------------------------------------------------------------------------
                                              7.750000   data required time
                                             -6.469149   data arrival time
---------------------------------------------------------------------------------------------
                                              1.280851   slack (MET)


Startpoint: h0[1] (input port clocked by clk)
Endpoint: y[7] (output port clocked by clk)
Path Group: clk
Path Type: max

Fanout         Cap        Slew       Delay        Time   Description
---------------------------------------------------------------------------------------------
                      0.150000    0.000000    0.000000   clock clk (rise edge)
                                  0.000000    0.000000   clock network delay (ideal)
                                  2.000000    2.000000 v input external delay
     8    0.023986    0.054819    0.040347    2.040347 v h0[1] (in)
                                                         h0[1] (net)
                      0.054819    0.000000    2.040347 v _453_/A2 (sky130_fd_sc_hd__a22o_2)
     2    0.006362    0.049674    0.281275    2.321622 v _453_/X (sky130_fd_sc_hd__a22o_2)
                                                         _114_ (net)
                      0.049674    0.000000    2.321622 v _454_/B2 (sky130_fd_sc_hd__a22o_2)
     2    0.006612    0.050348    0.247430    2.569052 v _454_/X (sky130_fd_sc_hd__a22o_2)
                                                         _115_ (net)
                      0.050348    0.000000    2.569052 v _457_/A1 (sky130_fd_sc_hd__a21o_2)
     2    0.006362    0.043939    0.205772    2.774823 v _457_/X (sky130_fd_sc_hd__a21o_2)
                                                         _118_ (net)
                      0.043939    0.000000    2.774823 v _459_/B2 (sky130_fd_sc_hd__a22o_2)
     2    0.006488    0.050061    0.244938    3.019761 v _459_/X (sky130_fd_sc_hd__a22o_2)
                                                         _120_ (net)
                      0.050061    0.000000    3.019761 v _461_/A2 (sky130_fd_sc_hd__a21o_2)
     3    0.008752    0.049728    0.237607    3.257368 v _461_/X (sky130_fd_sc_hd__a21o_2)
                                                         _122_ (net)
                      0.049728    0.000000    3.257368 v _463_/A2 (sky130_fd_sc_hd__a21o_2)
     2    0.006544    0.044313    0.229844    3.487212 v _463_/X (sky130_fd_sc_hd__a21o_2)
                                                         _124_ (net)
                      0.044313    0.000000    3.487212 v _477_/A2 (sky130_fd_sc_hd__a21o_2)
     3    0.008328    0.048722    0.233640    3.720853 v _477_/X (sky130_fd_sc_hd__a21o_2)
                                                         _138_ (net)
                      0.048722    0.000000    3.720853 v _478_/C (sky130_fd_sc_hd__and3_2)
     2    0.006393    0.047933    0.228018    3.948871 v _478_/X (sky130_fd_sc_hd__and3_2)
                                                         _139_ (net)
                      0.047933    0.000000    3.948871 v _496_/A1 (sky130_fd_sc_hd__o21a_2)
     2    0.005663    0.042068    0.224994    4.173865 v _496_/X (sky130_fd_sc_hd__o21a_2)
                                                         _157_ (net)
                      0.042068    0.000000    4.173865 v _512_/B (sky130_fd_sc_hd__or3_2)
     3    0.006041    0.089655    0.483219    4.657084 v _512_/X (sky130_fd_sc_hd__or3_2)
                                                         _173_ (net)
                      0.089655    0.000000    4.657084 v _515_/A1 (sky130_fd_sc_hd__a211o_2)
     2    0.006621    0.059720    0.335616    4.992700 v _515_/X (sky130_fd_sc_hd__a211o_2)
                                                         _176_ (net)
                      0.059720    0.000000    4.992700 v _585_/A1 (sky130_fd_sc_hd__a21o_2)
     2    0.010044    0.052939    0.222212    5.214912 v _585_/X (sky130_fd_sc_hd__a21o_2)
                                                         _245_ (net)
                      0.052939    0.000000    5.214912 v _637_/A2 (sky130_fd_sc_hd__a21o_2)
     2    0.010044    0.052941    0.243311    5.458223 v _637_/X (sky130_fd_sc_hd__a21o_2)
                                                         _296_ (net)
                      0.052941    0.000000    5.458223 v _674_/A2 (sky130_fd_sc_hd__a21o_2)
     2    0.010284    0.053542    0.244139    5.702363 v _674_/X (sky130_fd_sc_hd__a21o_2)
                                                         _332_ (net)
                      0.053542    0.000000    5.702363 v _695_/A2 (sky130_fd_sc_hd__a21o_2)
     2    0.010044    0.052939    0.243563    5.945925 v _695_/X (sky130_fd_sc_hd__a21o_2)
                                                         _352_ (net)
                      0.052939    0.000000    5.945925 v _696_/B (sky130_fd_sc_hd__xor2_2)
     1    0.033442    0.428888    0.374220    6.320146 ^ _696_/X (sky130_fd_sc_hd__xor2_2)
                                                         y[7] (net)
                      0.428888    0.000000    6.320146 ^ y[7] (out)
                                              6.320146   data arrival time

                      0.150000   10.000000   10.000000   clock clk (rise edge)
                                  0.000000   10.000000   clock network delay (ideal)
                                 -0.250000    9.750000   clock uncertainty
                                  0.000000    9.750000   clock reconvergence pessimism
                                 -2.000000    7.750000   output external delay
                                              7.750000   data required time
---------------------------------------------------------------------------------------------
                                              7.750000   data required time
                                             -6.320146   data arrival time
---------------------------------------------------------------------------------------------
                                              1.429855   slack (MET)


Startpoint: h0[1] (input port clocked by clk)
Endpoint: y[6] (output port clocked by clk)
Path Group: clk
Path Type: max

Fanout         Cap        Slew       Delay        Time   Description
---------------------------------------------------------------------------------------------
                      0.150000    0.000000    0.000000   clock clk (rise edge)
                                  0.000000    0.000000   clock network delay (ideal)
                                  2.000000    2.000000 v input external delay
     8    0.023986    0.054819    0.040347    2.040347 v h0[1] (in)
                                                         h0[1] (net)
                      0.054819    0.000000    2.040347 v _453_/A2 (sky130_fd_sc_hd__a22o_2)
     2    0.006362    0.049674    0.281275    2.321622 v _453_/X (sky130_fd_sc_hd__a22o_2)
                                                         _114_ (net)
                      0.049674    0.000000    2.321622 v _454_/B2 (sky130_fd_sc_hd__a22o_2)
     2    0.006612    0.050348    0.247430    2.569052 v _454_/X (sky130_fd_sc_hd__a22o_2)
                                                         _115_ (net)
                      0.050348    0.000000    2.569052 v _457_/A1 (sky130_fd_sc_hd__a21o_2)
     2    0.006362    0.043939    0.205772    2.774823 v _457_/X (sky130_fd_sc_hd__a21o_2)
                                                         _118_ (net)
                      0.043939    0.000000    2.774823 v _459_/B2 (sky130_fd_sc_hd__a22o_2)
     2    0.006488    0.050061    0.244938    3.019761 v _459_/X (sky130_fd_sc_hd__a22o_2)
                                                         _120_ (net)
                      0.050061    0.000000    3.019761 v _461_/A2 (sky130_fd_sc_hd__a21o_2)
     3    0.008752    0.049728    0.237607    3.257368 v _461_/X (sky130_fd_sc_hd__a21o_2)
                                                         _122_ (net)
                      0.049728    0.000000    3.257368 v _463_/A2 (sky130_fd_sc_hd__a21o_2)
     2    0.006544    0.044313    0.229844    3.487212 v _463_/X (sky130_fd_sc_hd__a21o_2)
                                                         _124_ (net)
                      0.044313    0.000000    3.487212 v _477_/A2 (sky130_fd_sc_hd__a21o_2)
     3    0.008328    0.048722    0.233640    3.720853 v _477_/X (sky130_fd_sc_hd__a21o_2)
                                                         _138_ (net)
                      0.048722    0.000000    3.720853 v _478_/C (sky130_fd_sc_hd__and3_2)
     2    0.006393    0.047933    0.228018    3.948871 v _478_/X (sky130_fd_sc_hd__and3_2)
                                                         _139_ (net)
                      0.047933    0.000000    3.948871 v _496_/A1 (sky130_fd_sc_hd__o21a_2)
     2    0.005663    0.042068    0.224994    4.173865 v _496_/X (sky130_fd_sc_hd__o21a_2)
                                                         _157_ (net)
                      0.042068    0.000000    4.173865 v _512_/B (sky130_fd_sc_hd__or3_2)
     3    0.006041    0.089655    0.483219    4.657084 v _512_/X (sky130_fd_sc_hd__or3_2)
                                                         _173_ (net)
                      0.089655    0.000000    4.657084 v _515_/A1 (sky130_fd_sc_hd__a211o_2)
     2    0.006621    0.059720    0.335616    4.992700 v _515_/X (sky130_fd_sc_hd__a211o_2)
                                                         _176_ (net)
                      0.059720    0.000000    4.992700 v _585_/A1 (sky130_fd_sc_hd__a21o_2)
     2    0.010044    0.052939    0.222212    5.214912 v _585_/X (sky130_fd_sc_hd__a21o_2)
                                                         _245_ (net)
                      0.052939    0.000000    5.214912 v _637_/A2 (sky130_fd_sc_hd__a21o_2)
     2    0.010044    0.052941    0.243311    5.458223 v _637_/X (sky130_fd_sc_hd__a21o_2)
                                                         _296_ (net)
                      0.052941    0.000000    5.458223 v _674_/A2 (sky130_fd_sc_hd__a21o_2)
     2    0.010284    0.053542    0.244139    5.702363 v _674_/X (sky130_fd_sc_hd__a21o_2)
                                                         _332_ (net)
                      0.053542    0.000000    5.702363 v _675_/B (sky130_fd_sc_hd__xnor2_2)
     1    0.033442    0.453847    0.385814    6.088176 ^ _675_/Y (sky130_fd_sc_hd__xnor2_2)
                                                         y[6] (net)
                      0.453847    0.000000    6.088176 ^ y[6] (out)
                                              6.088176   data arrival time

                      0.150000   10.000000   10.000000   clock clk (rise edge)
                                  0.000000   10.000000   clock network delay (ideal)
                                 -0.250000    9.750000   clock uncertainty
                                  0.000000    9.750000   clock reconvergence pessimism
                                 -2.000000    7.750000   output external delay
                                              7.750000   data required time
---------------------------------------------------------------------------------------------
                                              7.750000   data required time
                                             -6.088176   data arrival time
---------------------------------------------------------------------------------------------
                                              1.661824   slack (MET)


Startpoint: h0[1] (input port clocked by clk)
Endpoint: y[5] (output port clocked by clk)
Path Group: clk
Path Type: max

Fanout         Cap        Slew       Delay        Time   Description
---------------------------------------------------------------------------------------------
                      0.150000    0.000000    0.000000   clock clk (rise edge)
                                  0.000000    0.000000   clock network delay (ideal)
                                  2.000000    2.000000 v input external delay
     8    0.023986    0.054819    0.040347    2.040347 v h0[1] (in)
                                                         h0[1] (net)
                      0.054819    0.000000    2.040347 v _453_/A2 (sky130_fd_sc_hd__a22o_2)
     2    0.006362    0.049674    0.281275    2.321622 v _453_/X (sky130_fd_sc_hd__a22o_2)
                                                         _114_ (net)
                      0.049674    0.000000    2.321622 v _454_/B2 (sky130_fd_sc_hd__a22o_2)
     2    0.006612    0.050348    0.247430    2.569052 v _454_/X (sky130_fd_sc_hd__a22o_2)
                                                         _115_ (net)
                      0.050348    0.000000    2.569052 v _457_/A1 (sky130_fd_sc_hd__a21o_2)
     2    0.006362    0.043939    0.205772    2.774823 v _457_/X (sky130_fd_sc_hd__a21o_2)
                                                         _118_ (net)
                      0.043939    0.000000    2.774823 v _459_/B2 (sky130_fd_sc_hd__a22o_2)
     2    0.006488    0.050061    0.244938    3.019761 v _459_/X (sky130_fd_sc_hd__a22o_2)
                                                         _120_ (net)
                      0.050061    0.000000    3.019761 v _461_/A2 (sky130_fd_sc_hd__a21o_2)
     3    0.008752    0.049728    0.237607    3.257368 v _461_/X (sky130_fd_sc_hd__a21o_2)
                                                         _122_ (net)
                      0.049728    0.000000    3.257368 v _463_/A2 (sky130_fd_sc_hd__a21o_2)
     2    0.006544    0.044313    0.229844    3.487212 v _463_/X (sky130_fd_sc_hd__a21o_2)
                                                         _124_ (net)
                      0.044313    0.000000    3.487212 v _477_/A2 (sky130_fd_sc_hd__a21o_2)
     3    0.008328    0.048722    0.233640    3.720853 v _477_/X (sky130_fd_sc_hd__a21o_2)
                                                         _138_ (net)
                      0.048722    0.000000    3.720853 v _478_/C (sky130_fd_sc_hd__and3_2)
     2    0.006393    0.047933    0.228018    3.948871 v _478_/X (sky130_fd_sc_hd__and3_2)
                                                         _139_ (net)
                      0.047933    0.000000    3.948871 v _496_/A1 (sky130_fd_sc_hd__o21a_2)
     2    0.005663    0.042068    0.224994    4.173865 v _496_/X (sky130_fd_sc_hd__o21a_2)
                                                         _157_ (net)
                      0.042068    0.000000    4.173865 v _512_/B (sky130_fd_sc_hd__or3_2)
     3    0.006041    0.089655    0.483219    4.657084 v _512_/X (sky130_fd_sc_hd__or3_2)
                                                         _173_ (net)
                      0.089655    0.000000    4.657084 v _515_/A1 (sky130_fd_sc_hd__a211o_2)
     2    0.006621    0.059720    0.335616    4.992700 v _515_/X (sky130_fd_sc_hd__a211o_2)
                                                         _176_ (net)
                      0.059720    0.000000    4.992700 v _585_/A1 (sky130_fd_sc_hd__a21o_2)
     2    0.010044    0.052939    0.222212    5.214912 v _585_/X (sky130_fd_sc_hd__a21o_2)
                                                         _245_ (net)
                      0.052939    0.000000    5.214912 v _637_/A2 (sky130_fd_sc_hd__a21o_2)
     2    0.010044    0.052941    0.243311    5.458223 v _637_/X (sky130_fd_sc_hd__a21o_2)
                                                         _296_ (net)
                      0.052941    0.000000    5.458223 v _638_/B (sky130_fd_sc_hd__xor2_2)
     1    0.033442    0.428874    0.374221    5.832445 ^ _638_/X (sky130_fd_sc_hd__xor2_2)
                                                         y[5] (net)
                      0.428874    0.000000    5.832445 ^ y[5] (out)
                                              5.832445   data arrival time

                      0.150000   10.000000   10.000000   clock clk (rise edge)
                                  0.000000   10.000000   clock network delay (ideal)
                                 -0.250000    9.750000   clock uncertainty
                                  0.000000    9.750000   clock reconvergence pessimism
                                 -2.000000    7.750000   output external delay
                                              7.750000   data required time
---------------------------------------------------------------------------------------------
                                              7.750000   data required time
                                             -5.832445   data arrival time
---------------------------------------------------------------------------------------------
                                              1.917555   slack (MET)


Startpoint: h0[1] (input port clocked by clk)
Endpoint: y[4] (output port clocked by clk)
Path Group: clk
Path Type: max

Fanout         Cap        Slew       Delay        Time   Description
---------------------------------------------------------------------------------------------
                      0.150000    0.000000    0.000000   clock clk (rise edge)
                                  0.000000    0.000000   clock network delay (ideal)
                                  2.000000    2.000000 v input external delay
     8    0.023986    0.054819    0.040347    2.040347 v h0[1] (in)
                                                         h0[1] (net)
                      0.054819    0.000000    2.040347 v _453_/A2 (sky130_fd_sc_hd__a22o_2)
     2    0.006362    0.049674    0.281275    2.321622 v _453_/X (sky130_fd_sc_hd__a22o_2)
                                                         _114_ (net)
                      0.049674    0.000000    2.321622 v _454_/B2 (sky130_fd_sc_hd__a22o_2)
     2    0.006612    0.050348    0.247430    2.569052 v _454_/X (sky130_fd_sc_hd__a22o_2)
                                                         _115_ (net)
                      0.050348    0.000000    2.569052 v _457_/A1 (sky130_fd_sc_hd__a21o_2)
     2    0.006362    0.043939    0.205772    2.774823 v _457_/X (sky130_fd_sc_hd__a21o_2)
                                                         _118_ (net)
                      0.043939    0.000000    2.774823 v _459_/B2 (sky130_fd_sc_hd__a22o_2)
     2    0.006488    0.050061    0.244938    3.019761 v _459_/X (sky130_fd_sc_hd__a22o_2)
                                                         _120_ (net)
                      0.050061    0.000000    3.019761 v _461_/A2 (sky130_fd_sc_hd__a21o_2)
     3    0.008752    0.049728    0.237607    3.257368 v _461_/X (sky130_fd_sc_hd__a21o_2)
                                                         _122_ (net)
                      0.049728    0.000000    3.257368 v _463_/A2 (sky130_fd_sc_hd__a21o_2)
     2    0.006544    0.044313    0.229844    3.487212 v _463_/X (sky130_fd_sc_hd__a21o_2)
                                                         _124_ (net)
                      0.044313    0.000000    3.487212 v _477_/A2 (sky130_fd_sc_hd__a21o_2)
     3    0.008328    0.048722    0.233640    3.720853 v _477_/X (sky130_fd_sc_hd__a21o_2)
                                                         _138_ (net)
                      0.048722    0.000000    3.720853 v _478_/C (sky130_fd_sc_hd__and3_2)
     2    0.006393    0.047933    0.228018    3.948871 v _478_/X (sky130_fd_sc_hd__and3_2)
                                                         _139_ (net)
                      0.047933    0.000000    3.948871 v _496_/A1 (sky130_fd_sc_hd__o21a_2)
     2    0.005663    0.042068    0.224994    4.173865 v _496_/X (sky130_fd_sc_hd__o21a_2)
                                                         _157_ (net)
                      0.042068    0.000000    4.173865 v _512_/B (sky130_fd_sc_hd__or3_2)
     3    0.006041    0.089655    0.483219    4.657084 v _512_/X (sky130_fd_sc_hd__or3_2)
                                                         _173_ (net)
                      0.089655    0.000000    4.657084 v _515_/A1 (sky130_fd_sc_hd__a211o_2)
     2    0.006621    0.059720    0.335616    4.992700 v _515_/X (sky130_fd_sc_hd__a211o_2)
                                                         _176_ (net)
                      0.059720    0.000000    4.992700 v _585_/A1 (sky130_fd_sc_hd__a21o_2)
     2    0.010044    0.052939    0.222212    5.214912 v _585_/X (sky130_fd_sc_hd__a21o_2)
                                                         _245_ (net)
                      0.052939    0.000000    5.214912 v _586_/B (sky130_fd_sc_hd__xor2_2)
     1    0.033442    0.428888    0.374220    5.589132 ^ _586_/X (sky130_fd_sc_hd__xor2_2)
                                                         y[4] (net)
                      0.428888    0.000000    5.589132 ^ y[4] (out)
                                              5.589132   data arrival time

                      0.150000   10.000000   10.000000   clock clk (rise edge)
                                  0.000000   10.000000   clock network delay (ideal)
                                 -0.250000    9.750000   clock uncertainty
                                  0.000000    9.750000   clock reconvergence pessimism
                                 -2.000000    7.750000   output external delay
                                              7.750000   data required time
---------------------------------------------------------------------------------------------
                                              7.750000   data required time
                                             -5.589132   data arrival time
---------------------------------------------------------------------------------------------
                                              2.160867   slack (MET)


Startpoint: h0[1] (input port clocked by clk)
Endpoint: y[3] (output port clocked by clk)
Path Group: clk
Path Type: max

Fanout         Cap        Slew       Delay        Time   Description
---------------------------------------------------------------------------------------------
                      0.150000    0.000000    0.000000   clock clk (rise edge)
                                  0.000000    0.000000   clock network delay (ideal)
                                  2.000000    2.000000 v input external delay
     8    0.023986    0.054819    0.040347    2.040347 v h0[1] (in)
                                                         h0[1] (net)
                      0.054819    0.000000    2.040347 v _453_/A2 (sky130_fd_sc_hd__a22o_2)
     2    0.006362    0.049674    0.281275    2.321622 v _453_/X (sky130_fd_sc_hd__a22o_2)
                                                         _114_ (net)
                      0.049674    0.000000    2.321622 v _454_/B2 (sky130_fd_sc_hd__a22o_2)
     2    0.006612    0.050348    0.247430    2.569052 v _454_/X (sky130_fd_sc_hd__a22o_2)
                                                         _115_ (net)
                      0.050348    0.000000    2.569052 v _457_/A1 (sky130_fd_sc_hd__a21o_2)
     2    0.006362    0.043939    0.205772    2.774823 v _457_/X (sky130_fd_sc_hd__a21o_2)
                                                         _118_ (net)
                      0.043939    0.000000    2.774823 v _459_/B2 (sky130_fd_sc_hd__a22o_2)
     2    0.006488    0.050061    0.244938    3.019761 v _459_/X (sky130_fd_sc_hd__a22o_2)
                                                         _120_ (net)
                      0.050061    0.000000    3.019761 v _461_/A2 (sky130_fd_sc_hd__a21o_2)
     3    0.008752    0.049728    0.237607    3.257368 v _461_/X (sky130_fd_sc_hd__a21o_2)
                                                         _122_ (net)
                      0.049728    0.000000    3.257368 v _463_/A2 (sky130_fd_sc_hd__a21o_2)
     2    0.006544    0.044313    0.229844    3.487212 v _463_/X (sky130_fd_sc_hd__a21o_2)
                                                         _124_ (net)
                      0.044313    0.000000    3.487212 v _477_/A2 (sky130_fd_sc_hd__a21o_2)
     3    0.008328    0.048722    0.233640    3.720853 v _477_/X (sky130_fd_sc_hd__a21o_2)
                                                         _138_ (net)
                      0.048722    0.000000    3.720853 v _478_/C (sky130_fd_sc_hd__and3_2)
     2    0.006393    0.047933    0.228018    3.948871 v _478_/X (sky130_fd_sc_hd__and3_2)
                                                         _139_ (net)
                      0.047933    0.000000    3.948871 v _496_/A1 (sky130_fd_sc_hd__o21a_2)
     2    0.005663    0.042068    0.224994    4.173865 v _496_/X (sky130_fd_sc_hd__o21a_2)
                                                         _157_ (net)
                      0.042068    0.000000    4.173865 v _512_/B (sky130_fd_sc_hd__or3_2)
     3    0.006041    0.089655    0.483219    4.657084 v _512_/X (sky130_fd_sc_hd__or3_2)
                                                         _173_ (net)
                      0.089655    0.000000    4.657084 v _514_/B1 (sky130_fd_sc_hd__o211a_2)
     2    0.003512    0.043599    0.158014    4.815098 v _514_/X (sky130_fd_sc_hd__o211a_2)
                                                         _175_ (net)
                      0.043599    0.000000    4.815098 v _516_/A_N (sky130_fd_sc_hd__nand2b_2)
     1    0.008318    0.061120    0.195614    5.010712 v _516_/Y (sky130_fd_sc_hd__nand2b_2)
                                                         _177_ (net)
                      0.061120    0.000000    5.010712 v _518_/A (sky130_fd_sc_hd__xnor2_2)
     1    0.033442    0.453846    0.416116    5.426828 ^ _518_/Y (sky130_fd_sc_hd__xnor2_2)
                                                         y[3] (net)
                      0.453846    0.000000    5.426828 ^ y[3] (out)
                                              5.426828   data arrival time

                      0.150000   10.000000   10.000000   clock clk (rise edge)
                                  0.000000   10.000000   clock network delay (ideal)
                                 -0.250000    9.750000   clock uncertainty
                                  0.000000    9.750000   clock reconvergence pessimism
                                 -2.000000    7.750000   output external delay
                                              7.750000   data required time
---------------------------------------------------------------------------------------------
                                              7.750000   data required time
                                             -5.426828   data arrival time
---------------------------------------------------------------------------------------------
                                              2.323172   slack (MET)


Startpoint: h3[1] (input port clocked by clk)
Endpoint: y[2] (output port clocked by clk)
Path Group: clk
Path Type: max

Fanout         Cap        Slew       Delay        Time   Description
---------------------------------------------------------------------------------------------
                      0.150000    0.000000    0.000000   clock clk (rise edge)
                                  0.000000    0.000000   clock network delay (ideal)
                                  2.000000    2.000000 v input external delay
     8    0.020550    0.047490    0.034629    2.034629 v h3[1] (in)
                                                         h3[1] (net)
                      0.047490    0.000000    2.034629 v _399_/D (sky130_fd_sc_hd__and4_2)
     3    0.009949    0.058381    0.264454    2.299083 v _399_/X (sky130_fd_sc_hd__and4_2)
                                                         _061_ (net)
                      0.058381    0.000000    2.299083 v _403_/A (sky130_fd_sc_hd__or3b_2)
     3    0.011461    0.110424    0.538156    2.837240 v _403_/X (sky130_fd_sc_hd__or3b_2)
                                                         _065_ (net)
                      0.110424    0.000000    2.837240 v _405_/A (sky130_fd_sc_hd__and2_2)
     2    0.005719    0.044909    0.212186    3.049426 v _405_/X (sky130_fd_sc_hd__and2_2)
                                                         _067_ (net)
                      0.044909    0.000000    3.049426 v _409_/A (sky130_fd_sc_hd__or2_2)
     1    0.004215    0.060583    0.310195    3.359620 v _409_/X (sky130_fd_sc_hd__or2_2)
                                                         _071_ (net)
                      0.060583    0.000000    3.359620 v _410_/B (sky130_fd_sc_hd__nand2_2)
     2    0.007183    0.058268    0.083099    3.442719 ^ _410_/Y (sky130_fd_sc_hd__nand2_2)
                                                         _072_ (net)
                      0.058268    0.000000    3.442719 ^ _411_/C (sky130_fd_sc_hd__nor3_2)
     4    0.010529    0.062139    0.053936    3.496655 v _411_/Y (sky130_fd_sc_hd__nor3_2)
                                                         _073_ (net)
                      0.062139    0.000000    3.496655 v _426_/A (sky130_fd_sc_hd__or3_2)
     3    0.008776    0.099205    0.531538    4.028192 v _426_/X (sky130_fd_sc_hd__or3_2)
                                                         _088_ (net)
                      0.099205    0.000000    4.028192 v _438_/B1 (sky130_fd_sc_hd__o211a_2)
     2    0.003512    0.043755    0.162645    4.190837 v _438_/X (sky130_fd_sc_hd__o211a_2)
                                                         _100_ (net)
                      0.043755    0.000000    4.190837 v _440_/A_N (sky130_fd_sc_hd__nand2b_2)
     1    0.008318    0.061121    0.195685    4.386522 v _440_/Y (sky130_fd_sc_hd__nand2b_2)
                                                         _102_ (net)
                      0.061121    0.000000    4.386522 v _449_/A (sky130_fd_sc_hd__xnor2_2)
     1    0.033442    0.453846    0.416116    4.802639 ^ _449_/Y (sky130_fd_sc_hd__xnor2_2)
                                                         y[2] (net)
                      0.453846    0.000000    4.802639 ^ y[2] (out)
                                              4.802639   data arrival time

                      0.150000   10.000000   10.000000   clock clk (rise edge)
                                  0.000000   10.000000   clock network delay (ideal)
                                 -0.250000    9.750000   clock uncertainty
                                  0.000000    9.750000   clock reconvergence pessimism
                                 -2.000000    7.750000   output external delay
                                              7.750000   data required time
---------------------------------------------------------------------------------------------
                                              7.750000   data required time
                                             -4.802639   data arrival time
---------------------------------------------------------------------------------------------
                                              2.947361   slack (MET)


Startpoint: h1[0] (input port clocked by clk)
Endpoint: y[1] (output port clocked by clk)
Path Group: clk
Path Type: max

Fanout         Cap        Slew       Delay        Time   Description
---------------------------------------------------------------------------------------------
                      0.150000    0.000000    0.000000   clock clk (rise edge)
                                  0.000000    0.000000   clock network delay (ideal)
                                  2.000000    2.000000 ^ input external delay
    10    0.029749    0.141156    0.100696    2.100696 ^ h1[0] (in)
                                                         h1[0] (net)
                      0.141156    0.000000    2.100696 ^ _390_/A1 (sky130_fd_sc_hd__a22o_2)
     2    0.006136    0.051813    0.181841    2.282537 ^ _390_/X (sky130_fd_sc_hd__a22o_2)
                                                         _052_ (net)
                      0.051813    0.000000    2.282537 ^ _392_/C (sky130_fd_sc_hd__and4_2)
     3    0.011724    0.095271    0.267560    2.550097 ^ _392_/X (sky130_fd_sc_hd__and4_2)
                                                         _054_ (net)
                      0.095271    0.000000    2.550097 ^ _394_/A (sky130_fd_sc_hd__nor2_2)
     2    0.005608    0.039946    0.055975    2.606071 v _394_/Y (sky130_fd_sc_hd__nor2_2)
                                                         _056_ (net)
                      0.039946    0.000000    2.606071 v _396_/A (sky130_fd_sc_hd__and2_2)
     3    0.007660    0.049168    0.185970    2.792041 v _396_/X (sky130_fd_sc_hd__and2_2)
                                                         _058_ (net)
                      0.049168    0.000000    2.792041 v _430_/A (sky130_fd_sc_hd__or2_2)
     2    0.005608    0.064603    0.318141    3.110183 v _430_/X (sky130_fd_sc_hd__or2_2)
                                                         _092_ (net)
                      0.064603    0.000000    3.110183 v _435_/A (sky130_fd_sc_hd__and2_2)
     1    0.004136    0.041165    0.185450    3.295633 v _435_/X (sky130_fd_sc_hd__and2_2)
                                                         _097_ (net)
                      0.041165    0.000000    3.295633 v _436_/B (sky130_fd_sc_hd__nor2_2)
     2    0.006300    0.097751    0.099306    3.394939 ^ _436_/Y (sky130_fd_sc_hd__nor2_2)
                                                         _098_ (net)
                      0.097751    0.000000    3.394939 ^ _437_/C (sky130_fd_sc_hd__and3_2)
     3    0.009620    0.074781    0.222624    3.617563 ^ _437_/X (sky130_fd_sc_hd__and3_2)
                                                         _099_ (net)
                      0.074781    0.000000    3.617563 ^ _442_/A (sky130_fd_sc_hd__nor2_2)
     2    0.009859    0.040639    0.059481    3.677044 v _442_/Y (sky130_fd_sc_hd__nor2_2)
                                                         _104_ (net)
                      0.040639    0.000000    3.677044 v _704_/A (sky130_fd_sc_hd__xnor2_2)
     1    0.033442    0.453534    0.407184    4.084228 ^ _704_/Y (sky130_fd_sc_hd__xnor2_2)
                                                         y[1] (net)
                      0.453534    0.000000    4.084228 ^ y[1] (out)
                                              4.084228   data arrival time

                      0.150000   10.000000   10.000000   clock clk (rise edge)
                                  0.000000   10.000000   clock network delay (ideal)
                                 -0.250000    9.750000   clock uncertainty
                                  0.000000    9.750000   clock reconvergence pessimism
                                 -2.000000    7.750000   output external delay
                                              7.750000   data required time
---------------------------------------------------------------------------------------------
                                              7.750000   data required time
                                             -4.084228   data arrival time
---------------------------------------------------------------------------------------------
                                              3.665772   slack (MET)


Startpoint: h1[0] (input port clocked by clk)
Endpoint: y[0] (output port clocked by clk)
Path Group: clk
Path Type: max

Fanout         Cap        Slew       Delay        Time   Description
---------------------------------------------------------------------------------------------
                      0.150000    0.000000    0.000000   clock clk (rise edge)
                                  0.000000    0.000000   clock network delay (ideal)
                                  2.000000    2.000000 ^ input external delay
    10    0.029749    0.141156    0.100696    2.100696 ^ h1[0] (in)
                                                         h1[0] (net)
                      0.141156    0.000000    2.100696 ^ _395_/A (sky130_fd_sc_hd__and4_2)
     3    0.010892    0.091296    0.274653    2.375349 ^ _395_/X (sky130_fd_sc_hd__and4_2)
                                                         _057_ (net)
                      0.091296    0.000000    2.375349 ^ _444_/A (sky130_fd_sc_hd__nor2_2)
     2    0.012236    0.052632    0.069444    2.444793 v _444_/Y (sky130_fd_sc_hd__nor2_2)
                                                         _106_ (net)
                      0.052632    0.000000    2.444793 v _445_/B (sky130_fd_sc_hd__xnor2_2)
     2    0.005574    0.054217    0.139259    2.584052 v _445_/Y (sky130_fd_sc_hd__xnor2_2)
                                                         _107_ (net)
                      0.054217    0.000000    2.584052 v _446_/C (sky130_fd_sc_hd__and3_2)
     2    0.008266    0.052426    0.237177    2.821229 v _446_/X (sky130_fd_sc_hd__and3_2)
                                                         _108_ (net)
                      0.052426    0.000000    2.821229 v _703_/A (sky130_fd_sc_hd__nor2_2)
     1    0.033442    0.373461    0.339985    3.161214 ^ _703_/Y (sky130_fd_sc_hd__nor2_2)
                                                         y[0] (net)
                      0.373461    0.000000    3.161214 ^ y[0] (out)
                                              3.161214   data arrival time

                      0.150000   10.000000   10.000000   clock clk (rise edge)
                                  0.000000   10.000000   clock network delay (ideal)
                                 -0.250000    9.750000   clock uncertainty
                                  0.000000    9.750000   clock reconvergence pessimism
                                 -2.000000    7.750000   output external delay
                                              7.750000   data required time
---------------------------------------------------------------------------------------------
                                              7.750000   data required time
                                             -3.161214   data arrival time
---------------------------------------------------------------------------------------------
                                              4.588787   slack (MET)


Startpoint: start_diag (input port clocked by clk)
Endpoint: _755_ (rising edge-triggered flip-flop clocked by clk)
Path Group: clk
Path Type: max

Fanout         Cap        Slew       Delay        Time   Description
---------------------------------------------------------------------------------------------
                      0.150000    0.000000    0.000000   clock clk (rise edge)
                                  0.000000    0.000000   clock network delay (ideal)
                                  2.000000    2.000000 v input external delay
     2    0.005694    0.015549    0.009650    2.009650 v start_diag (in)
                                                         start_diag (net)
                      0.015549    0.000000    2.009650 v _711_/A (sky130_fd_sc_hd__and2_2)
     2    0.002908    0.037446    0.158006    2.167655 v _711_/X (sky130_fd_sc_hd__and2_2)
                                                         _358_ (net)
                      0.037446    0.000000    2.167655 v _733_/A0 (sky130_fd_sc_hd__mux2_1)
     1    0.001403    0.048603    0.274216    2.441871 v _733_/X (sky130_fd_sc_hd__mux2_1)
                                                         _366_ (net)
                      0.048603    0.000000    2.441871 v _734_/B (sky130_fd_sc_hd__and2_2)
     1    0.001681    0.033716    0.187570    2.629441 v _734_/X (sky130_fd_sc_hd__and2_2)
                                                         _019_ (net)
                      0.033716    0.000000    2.629441 v _755_/D (sky130_fd_sc_hd__dfxtp_2)
                                              2.629441   data arrival time

                      0.150000   10.000000   10.000000   clock clk (rise edge)
                                  0.000000   10.000000   clock network delay (ideal)
                                 -0.250000    9.750000   clock uncertainty
                                  0.000000    9.750000   clock reconvergence pessimism
                                              9.750000 ^ _755_/CLK (sky130_fd_sc_hd__dfxtp_2)
                                 -0.083453    9.666547   library setup time
                                              9.666547   data required time
---------------------------------------------------------------------------------------------
                                              9.666547   data required time
                                             -2.629441   data arrival time
---------------------------------------------------------------------------------------------
                                              7.037106   slack (MET)


Startpoint: x[0] (input port clocked by clk)
Endpoint: _751_ (rising edge-triggered flip-flop clocked by clk)
Path Group: clk
Path Type: max

Fanout         Cap        Slew       Delay        Time   Description
---------------------------------------------------------------------------------------------
                      0.150000    0.000000    0.000000   clock clk (rise edge)
                                  0.000000    0.000000   clock network delay (ideal)
                                  2.000000    2.000000 v input external delay
     1    0.001505    0.005865    0.002342    2.002342 v x[0] (in)
                                                         x[0] (net)
                      0.005865    0.000000    2.002342 v _725_/A0 (sky130_fd_sc_hd__mux2_1)
     1    0.001403    0.048671    0.265493    2.267835 v _725_/X (sky130_fd_sc_hd__mux2_1)
                                                         _362_ (net)
                      0.048671    0.000000    2.267835 v _726_/B (sky130_fd_sc_hd__and2_2)
     1    0.001681    0.033716    0.187602    2.455437 v _726_/X (sky130_fd_sc_hd__and2_2)
                                                         _015_ (net)
                      0.033716    0.000000    2.455437 v _751_/D (sky130_fd_sc_hd__dfxtp_2)
                                              2.455437   data arrival time

                      0.150000   10.000000   10.000000   clock clk (rise edge)
                                  0.000000   10.000000   clock network delay (ideal)
                                 -0.250000    9.750000   clock uncertainty
                                  0.000000    9.750000   clock reconvergence pessimism
                                              9.750000 ^ _751_/CLK (sky130_fd_sc_hd__dfxtp_2)
                                 -0.083453    9.666547   library setup time
                                              9.666547   data required time
---------------------------------------------------------------------------------------------
                                              9.666547   data required time
                                             -2.455437   data arrival time
---------------------------------------------------------------------------------------------
                                              7.211110   slack (MET)


Startpoint: x[1] (input port clocked by clk)
Endpoint: _752_ (rising edge-triggered flip-flop clocked by clk)
Path Group: clk
Path Type: max

Fanout         Cap        Slew       Delay        Time   Description
---------------------------------------------------------------------------------------------
                      0.150000    0.000000    0.000000   clock clk (rise edge)
                                  0.000000    0.000000   clock network delay (ideal)
                                  2.000000    2.000000 v input external delay
     1    0.001505    0.005865    0.002342    2.002342 v x[1] (in)
                                                         x[1] (net)
                      0.005865    0.000000    2.002342 v _727_/A0 (sky130_fd_sc_hd__mux2_1)
     1    0.001403    0.048671    0.265493    2.267835 v _727_/X (sky130_fd_sc_hd__mux2_1)
                                                         _363_ (net)
                      0.048671    0.000000    2.267835 v _728_/B (sky130_fd_sc_hd__and2_2)
     1    0.001681    0.033716    0.187602    2.455437 v _728_/X (sky130_fd_sc_hd__and2_2)
                                                         _016_ (net)
                      0.033716    0.000000    2.455437 v _752_/D (sky130_fd_sc_hd__dfxtp_2)
                                              2.455437   data arrival time

                      0.150000   10.000000   10.000000   clock clk (rise edge)
                                  0.000000   10.000000   clock network delay (ideal)
                                 -0.250000    9.750000   clock uncertainty
                                  0.000000    9.750000   clock reconvergence pessimism
                                              9.750000 ^ _752_/CLK (sky130_fd_sc_hd__dfxtp_2)
                                 -0.083453    9.666547   library setup time
                                              9.666547   data required time
---------------------------------------------------------------------------------------------
                                              9.666547   data required time
                                             -2.455437   data arrival time
---------------------------------------------------------------------------------------------
                                              7.211110   slack (MET)


Startpoint: x[2] (input port clocked by clk)
Endpoint: _753_ (rising edge-triggered flip-flop clocked by clk)
Path Group: clk
Path Type: max

Fanout         Cap        Slew       Delay        Time   Description
---------------------------------------------------------------------------------------------
                      0.150000    0.000000    0.000000   clock clk (rise edge)
                                  0.000000    0.000000   clock network delay (ideal)
                                  2.000000    2.000000 v input external delay
     1    0.001505    0.005865    0.002342    2.002342 v x[2] (in)
                                                         x[2] (net)
                      0.005865    0.000000    2.002342 v _729_/A0 (sky130_fd_sc_hd__mux2_1)
     1    0.001403    0.048671    0.265493    2.267835 v _729_/X (sky130_fd_sc_hd__mux2_1)
                                                         _364_ (net)
                      0.048671    0.000000    2.267835 v _730_/B (sky130_fd_sc_hd__and2_2)
     1    0.001681    0.033716    0.187602    2.455437 v _730_/X (sky130_fd_sc_hd__and2_2)
                                                         _017_ (net)
                      0.033716    0.000000    2.455437 v _753_/D (sky130_fd_sc_hd__dfxtp_2)
                                              2.455437   data arrival time

                      0.150000   10.000000   10.000000   clock clk (rise edge)
                                  0.000000   10.000000   clock network delay (ideal)
                                 -0.250000    9.750000   clock uncertainty
                                  0.000000    9.750000   clock reconvergence pessimism
                                              9.750000 ^ _753_/CLK (sky130_fd_sc_hd__dfxtp_2)
                                 -0.083453    9.666547   library setup time
                                              9.666547   data required time
---------------------------------------------------------------------------------------------
                                              9.666547   data required time
                                             -2.455437   data arrival time
---------------------------------------------------------------------------------------------
                                              7.211110   slack (MET)


Startpoint: _755_ (rising edge-triggered flip-flop clocked by clk)
Endpoint: diag_busy (output port clocked by clk)
Path Group: clk
Path Type: max

Fanout         Cap        Slew       Delay        Time   Description
---------------------------------------------------------------------------------------------
                      0.150000    0.000000    0.000000   clock clk (rise edge)
                                  0.000000    0.000000   clock network delay (ideal)
                      0.150000    0.000000    0.000000 ^ _755_/CLK (sky130_fd_sc_hd__dfxtp_2)
     6    0.047420    0.243680    0.523579    0.523579 ^ _755_/Q (sky130_fd_sc_hd__dfxtp_2)
                                                         diag_busy (net)
                      0.243680    0.000000    0.523579 ^ diag_busy (out)
                                              0.523579   data arrival time

                      0.150000   10.000000   10.000000   clock clk (rise edge)
                                  0.000000   10.000000   clock network delay (ideal)
                                 -0.250000    9.750000   clock uncertainty
                                  0.000000    9.750000   clock reconvergence pessimism
                                 -2.000000    7.750000   output external delay
                                              7.750000   data required time
---------------------------------------------------------------------------------------------
                                              7.750000   data required time
                                             -0.523579   data arrival time
---------------------------------------------------------------------------------------------
                                              7.226421   slack (MET)


Startpoint: _756_ (rising edge-triggered flip-flop clocked by clk)
Endpoint: diag_done (output port clocked by clk)
Path Group: clk
Path Type: max

Fanout         Cap        Slew       Delay        Time   Description
---------------------------------------------------------------------------------------------
                      0.150000    0.000000    0.000000   clock clk (rise edge)
                                  0.000000    0.000000   clock network delay (ideal)
                      0.150000    0.000000    0.000000 ^ _756_/CLK (sky130_fd_sc_hd__dfxtp_2)
     1    0.033442    0.175432    0.473259    0.473259 ^ _756_/Q (sky130_fd_sc_hd__dfxtp_2)
                                                         diag_done (net)
                      0.175432    0.000000    0.473259 ^ diag_done (out)
                                              0.473259   data arrival time

                      0.150000   10.000000   10.000000   clock clk (rise edge)
                                  0.000000   10.000000   clock network delay (ideal)
                                 -0.250000    9.750000   clock uncertainty
                                  0.000000    9.750000   clock reconvergence pessimism
                                 -2.000000    7.750000   output external delay
                                              7.750000   data required time
---------------------------------------------------------------------------------------------
                                              7.750000   data required time
                                             -0.473259   data arrival time
---------------------------------------------------------------------------------------------
                                              7.276741   slack (MET)


Startpoint: rst (input port clocked by clk)
Endpoint: _754_ (rising edge-triggered flip-flop clocked by clk)
Path Group: clk
Path Type: max

Fanout         Cap        Slew       Delay        Time   Description
---------------------------------------------------------------------------------------------
                      0.150000    0.000000    0.000000   clock clk (rise edge)
                                  0.000000    0.000000   clock network delay (ideal)
                                  2.000000    2.000000 v input external delay
     3    0.010600    0.026188    0.017990    2.017990 v rst (in)
                                                         rst (net)
                      0.026188    0.000000    2.017990 v _369_/A (sky130_fd_sc_hd__inv_2)
    31    0.048698    0.225187    0.185873    2.203863 ^ _369_/Y (sky130_fd_sc_hd__inv_2)
                                                         _367_ (net)
                      0.225187    0.000000    2.203863 ^ _731_/B (sky130_fd_sc_hd__and3b_2)
     1    0.001674    0.038817    0.214746    2.418609 ^ _731_/X (sky130_fd_sc_hd__and3b_2)
                                                         _018_ (net)
                      0.038817    0.000000    2.418609 ^ _754_/D (sky130_fd_sc_hd__dfxtp_2)
                                              2.418609   data arrival time

                      0.150000   10.000000   10.000000   clock clk (rise edge)
                                  0.000000   10.000000   clock network delay (ideal)
                                 -0.250000    9.750000   clock uncertainty
                                  0.000000    9.750000   clock reconvergence pessimism
                                              9.750000 ^ _754_/CLK (sky130_fd_sc_hd__dfxtp_2)
                                 -0.041919    9.708081   library setup time
                                              9.708081   data required time
---------------------------------------------------------------------------------------------
                                              9.708081   data required time
                                             -2.418609   data arrival time
---------------------------------------------------------------------------------------------
                                              7.289472   slack (MET)


Startpoint: rst (input port clocked by clk)
Endpoint: _757_ (rising edge-triggered flip-flop clocked by clk)
Path Group: clk
Path Type: max

Fanout         Cap        Slew       Delay        Time   Description
---------------------------------------------------------------------------------------------
                      0.150000    0.000000    0.000000   clock clk (rise edge)
                                  0.000000    0.000000   clock network delay (ideal)
                                  2.000000    2.000000 ^ input external delay
     3    0.011775    0.060625    0.041681    2.041681 ^ rst (in)
                                                         rst (net)
                      0.060625    0.000000    2.041681 ^ _369_/A (sky130_fd_sc_hd__inv_2)
    31    0.045550    0.101362    0.109377    2.151058 v _369_/Y (sky130_fd_sc_hd__inv_2)
                                                         _367_ (net)
                      0.101362    0.000000    2.151058 v _736_/B (sky130_fd_sc_hd__and2_2)
     1    0.001681    0.033707    0.212942    2.364000 v _736_/X (sky130_fd_sc_hd__and2_2)
                                                         _021_ (net)
                      0.033707    0.000000    2.364000 v _757_/D (sky130_fd_sc_hd__dfxtp_2)
                                              2.364000   data arrival time

                      0.150000   10.000000   10.000000   clock clk (rise edge)
                                  0.000000   10.000000   clock network delay (ideal)
                                 -0.250000    9.750000   clock uncertainty
                                  0.000000    9.750000   clock reconvergence pessimism
                                              9.750000 ^ _757_/CLK (sky130_fd_sc_hd__dfxtp_2)
                                 -0.083449    9.666552   library setup time
                                              9.666552   data required time
---------------------------------------------------------------------------------------------
                                              9.666552   data required time
                                             -2.364000   data arrival time
---------------------------------------------------------------------------------------------
                                              7.302552   slack (MET)


Startpoint: rst (input port clocked by clk)
Endpoint: _758_ (rising edge-triggered flip-flop clocked by clk)
Path Group: clk
Path Type: max

Fanout         Cap        Slew       Delay        Time   Description
---------------------------------------------------------------------------------------------
                      0.150000    0.000000    0.000000   clock clk (rise edge)
                                  0.000000    0.000000   clock network delay (ideal)
                                  2.000000    2.000000 ^ input external delay
     3    0.011775    0.060625    0.041681    2.041681 ^ rst (in)
                                                         rst (net)
                      0.060625    0.000000    2.041681 ^ _369_/A (sky130_fd_sc_hd__inv_2)
    31    0.045550    0.101362    0.109377    2.151058 v _369_/Y (sky130_fd_sc_hd__inv_2)
                                                         _367_ (net)
                      0.101362    0.000000    2.151058 v _737_/B (sky130_fd_sc_hd__and2_2)
     1    0.001681    0.033707    0.212942    2.364000 v _737_/X (sky130_fd_sc_hd__and2_2)
                                                         _022_ (net)
                      0.033707    0.000000    2.364000 v _758_/D (sky130_fd_sc_hd__dfxtp_2)
                                              2.364000   data arrival time

                      0.150000   10.000000   10.000000   clock clk (rise edge)
                                  0.000000   10.000000   clock network delay (ideal)
                                 -0.250000    9.750000   clock uncertainty
                                  0.000000    9.750000   clock reconvergence pessimism
                                              9.750000 ^ _758_/CLK (sky130_fd_sc_hd__dfxtp_2)
                                 -0.083449    9.666552   library setup time
                                              9.666552   data required time
---------------------------------------------------------------------------------------------
                                              9.666552   data required time
                                             -2.364000   data arrival time
---------------------------------------------------------------------------------------------
                                              7.302552   slack (MET)


Startpoint: rst (input port clocked by clk)
Endpoint: _759_ (rising edge-triggered flip-flop clocked by clk)
Path Group: clk
Path Type: max

Fanout         Cap        Slew       Delay        Time   Description
---------------------------------------------------------------------------------------------
                      0.150000    0.000000    0.000000   clock clk (rise edge)
                                  0.000000    0.000000   clock network delay (ideal)
                                  2.000000    2.000000 ^ input external delay
     3    0.011775    0.060625    0.041681    2.041681 ^ rst (in)
                                                         rst (net)
                      0.060625    0.000000    2.041681 ^ _369_/A (sky130_fd_sc_hd__inv_2)
    31    0.045550    0.101362    0.109377    2.151058 v _369_/Y (sky130_fd_sc_hd__inv_2)
                                                         _367_ (net)
                      0.101362    0.000000    2.151058 v _738_/B (sky130_fd_sc_hd__and2_2)
     1    0.001681    0.033707    0.212942    2.364000 v _738_/X (sky130_fd_sc_hd__and2_2)
                                                         _023_ (net)
                      0.033707    0.000000    2.364000 v _759_/D (sky130_fd_sc_hd__dfxtp_2)
                                              2.364000   data arrival time

                      0.150000   10.000000   10.000000   clock clk (rise edge)
                                  0.000000   10.000000   clock network delay (ideal)
                                 -0.250000    9.750000   clock uncertainty
                                  0.000000    9.750000   clock reconvergence pessimism
                                              9.750000 ^ _759_/CLK (sky130_fd_sc_hd__dfxtp_2)
                                 -0.083449    9.666552   library setup time
                                              9.666552   data required time
---------------------------------------------------------------------------------------------
                                              9.666552   data required time
                                             -2.364000   data arrival time
---------------------------------------------------------------------------------------------
                                              7.302552   slack (MET)


Startpoint: rst (input port clocked by clk)
Endpoint: _760_ (rising edge-triggered flip-flop clocked by clk)
Path Group: clk
Path Type: max

Fanout         Cap        Slew       Delay        Time   Description
---------------------------------------------------------------------------------------------
                      0.150000    0.000000    0.000000   clock clk (rise edge)
                                  0.000000    0.000000   clock network delay (ideal)
                                  2.000000    2.000000 ^ input external delay
     3    0.011775    0.060625    0.041681    2.041681 ^ rst (in)
                                                         rst (net)
                      0.060625    0.000000    2.041681 ^ _369_/A (sky130_fd_sc_hd__inv_2)
    31    0.045550    0.101362    0.109377    2.151058 v _369_/Y (sky130_fd_sc_hd__inv_2)
                                                         _367_ (net)
                      0.101362    0.000000    2.151058 v _739_/B (sky130_fd_sc_hd__and2_2)
     1    0.001681    0.033707    0.212942    2.364000 v _739_/X (sky130_fd_sc_hd__and2_2)
                                                         _024_ (net)
                      0.033707    0.000000    2.364000 v _760_/D (sky130_fd_sc_hd__dfxtp_2)
                                              2.364000   data arrival time

                      0.150000   10.000000   10.000000   clock clk (rise edge)
                                  0.000000   10.000000   clock network delay (ideal)
                                 -0.250000    9.750000   clock uncertainty
                                  0.000000    9.750000   clock reconvergence pessimism
                                              9.750000 ^ _760_/CLK (sky130_fd_sc_hd__dfxtp_2)
                                 -0.083449    9.666552   library setup time
                                              9.666552   data required time
---------------------------------------------------------------------------------------------
                                              9.666552   data required time
                                             -2.364000   data arrival time
---------------------------------------------------------------------------------------------
                                              7.302552   slack (MET)


Startpoint: rst (input port clocked by clk)
Endpoint: _761_ (rising edge-triggered flip-flop clocked by clk)
Path Group: clk
Path Type: max

Fanout         Cap        Slew       Delay        Time   Description
---------------------------------------------------------------------------------------------
                      0.150000    0.000000    0.000000   clock clk (rise edge)
                                  0.000000    0.000000   clock network delay (ideal)
                                  2.000000    2.000000 ^ input external delay
     3    0.011775    0.060625    0.041681    2.041681 ^ rst (in)
                                                         rst (net)
                      0.060625    0.000000    2.041681 ^ _369_/A (sky130_fd_sc_hd__inv_2)
    31    0.045550    0.101362    0.109377    2.151058 v _369_/Y (sky130_fd_sc_hd__inv_2)
                                                         _367_ (net)
                      0.101362    0.000000    2.151058 v _740_/B (sky130_fd_sc_hd__and2_2)
     1    0.001681    0.033707    0.212942    2.364000 v _740_/X (sky130_fd_sc_hd__and2_2)
                                                         _025_ (net)
                      0.033707    0.000000    2.364000 v _761_/D (sky130_fd_sc_hd__dfxtp_2)
                                              2.364000   data arrival time

                      0.150000   10.000000   10.000000   clock clk (rise edge)
                                  0.000000   10.000000   clock network delay (ideal)
                                 -0.250000    9.750000   clock uncertainty
                                  0.000000    9.750000   clock reconvergence pessimism
                                              9.750000 ^ _761_/CLK (sky130_fd_sc_hd__dfxtp_2)
                                 -0.083449    9.666552   library setup time
                                              9.666552   data required time
---------------------------------------------------------------------------------------------
                                              9.666552   data required time
                                             -2.364000   data arrival time
---------------------------------------------------------------------------------------------
                                              7.302552   slack (MET)


Startpoint: rst (input port clocked by clk)
Endpoint: _762_ (rising edge-triggered flip-flop clocked by clk)
Path Group: clk
Path Type: max

Fanout         Cap        Slew       Delay        Time   Description
---------------------------------------------------------------------------------------------
                      0.150000    0.000000    0.000000   clock clk (rise edge)
                                  0.000000    0.000000   clock network delay (ideal)
                                  2.000000    2.000000 ^ input external delay
     3    0.011775    0.060625    0.041681    2.041681 ^ rst (in)
                                                         rst (net)
                      0.060625    0.000000    2.041681 ^ _369_/A (sky130_fd_sc_hd__inv_2)
    31    0.045550    0.101362    0.109377    2.151058 v _369_/Y (sky130_fd_sc_hd__inv_2)
                                                         _367_ (net)
                      0.101362    0.000000    2.151058 v _741_/B (sky130_fd_sc_hd__and2_2)
     1    0.001681    0.033707    0.212942    2.364000 v _741_/X (sky130_fd_sc_hd__and2_2)
                                                         _026_ (net)
                      0.033707    0.000000    2.364000 v _762_/D (sky130_fd_sc_hd__dfxtp_2)
                                              2.364000   data arrival time

                      0.150000   10.000000   10.000000   clock clk (rise edge)
                                  0.000000   10.000000   clock network delay (ideal)
                                 -0.250000    9.750000   clock uncertainty
                                  0.000000    9.750000   clock reconvergence pessimism
                                              9.750000 ^ _762_/CLK (sky130_fd_sc_hd__dfxtp_2)
                                 -0.083449    9.666552   library setup time
                                              9.666552   data required time
---------------------------------------------------------------------------------------------
                                              9.666552   data required time
                                             -2.364000   data arrival time
---------------------------------------------------------------------------------------------
                                              7.302552   slack (MET)


Startpoint: rst (input port clocked by clk)
Endpoint: _763_ (rising edge-triggered flip-flop clocked by clk)
Path Group: clk
Path Type: max

Fanout         Cap        Slew       Delay        Time   Description
---------------------------------------------------------------------------------------------
                      0.150000    0.000000    0.000000   clock clk (rise edge)
                                  0.000000    0.000000   clock network delay (ideal)
                                  2.000000    2.000000 ^ input external delay
     3    0.011775    0.060625    0.041681    2.041681 ^ rst (in)
                                                         rst (net)
                      0.060625    0.000000    2.041681 ^ _369_/A (sky130_fd_sc_hd__inv_2)
    31    0.045550    0.101362    0.109377    2.151058 v _369_/Y (sky130_fd_sc_hd__inv_2)
                                                         _367_ (net)
                      0.101362    0.000000    2.151058 v _742_/B (sky130_fd_sc_hd__and2_2)
     1    0.001681    0.033707    0.212942    2.364000 v _742_/X (sky130_fd_sc_hd__and2_2)
                                                         _027_ (net)
                      0.033707    0.000000    2.364000 v _763_/D (sky130_fd_sc_hd__dfxtp_2)
                                              2.364000   data arrival time

                      0.150000   10.000000   10.000000   clock clk (rise edge)
                                  0.000000   10.000000   clock network delay (ideal)
                                 -0.250000    9.750000   clock uncertainty
                                  0.000000    9.750000   clock reconvergence pessimism
                                              9.750000 ^ _763_/CLK (sky130_fd_sc_hd__dfxtp_2)
                                 -0.083449    9.666552   library setup time
                                              9.666552   data required time
---------------------------------------------------------------------------------------------
                                              9.666552   data required time
                                             -2.364000   data arrival time
---------------------------------------------------------------------------------------------
                                              7.302552   slack (MET)


Startpoint: rst (input port clocked by clk)
Endpoint: _764_ (rising edge-triggered flip-flop clocked by clk)
Path Group: clk
Path Type: max

Fanout         Cap        Slew       Delay        Time   Description
---------------------------------------------------------------------------------------------
                      0.150000    0.000000    0.000000   clock clk (rise edge)
                                  0.000000    0.000000   clock network delay (ideal)
                                  2.000000    2.000000 ^ input external delay
     3    0.011775    0.060625    0.041681    2.041681 ^ rst (in)
                                                         rst (net)
                      0.060625    0.000000    2.041681 ^ _369_/A (sky130_fd_sc_hd__inv_2)
    31    0.045550    0.101362    0.109377    2.151058 v _369_/Y (sky130_fd_sc_hd__inv_2)
                                                         _367_ (net)
                      0.101362    0.000000    2.151058 v _743_/B (sky130_fd_sc_hd__and2_2)
     1    0.001681    0.033707    0.212942    2.364000 v _743_/X (sky130_fd_sc_hd__and2_2)
                                                         _028_ (net)
                      0.033707    0.000000    2.364000 v _764_/D (sky130_fd_sc_hd__dfxtp_2)
                                              2.364000   data arrival time

                      0.150000   10.000000   10.000000   clock clk (rise edge)
                                  0.000000   10.000000   clock network delay (ideal)
                                 -0.250000    9.750000   clock uncertainty
                                  0.000000    9.750000   clock reconvergence pessimism
                                              9.750000 ^ _764_/CLK (sky130_fd_sc_hd__dfxtp_2)
                                 -0.083449    9.666552   library setup time
                                              9.666552   data required time
---------------------------------------------------------------------------------------------
                                              9.666552   data required time
                                             -2.364000   data arrival time
---------------------------------------------------------------------------------------------
                                              7.302552   slack (MET)


Startpoint: rst (input port clocked by clk)
Endpoint: _765_ (rising edge-triggered flip-flop clocked by clk)
Path Group: clk
Path Type: max

Fanout         Cap        Slew       Delay        Time   Description
---------------------------------------------------------------------------------------------
                      0.150000    0.000000    0.000000   clock clk (rise edge)
                                  0.000000    0.000000   clock network delay (ideal)
                                  2.000000    2.000000 ^ input external delay
     3    0.011775    0.060625    0.041681    2.041681 ^ rst (in)
                                                         rst (net)
                      0.060625    0.000000    2.041681 ^ _369_/A (sky130_fd_sc_hd__inv_2)
    31    0.045550    0.101362    0.109377    2.151058 v _369_/Y (sky130_fd_sc_hd__inv_2)
                                                         _367_ (net)
                      0.101362    0.000000    2.151058 v _744_/B (sky130_fd_sc_hd__and2_2)
     1    0.001681    0.033707    0.212942    2.364000 v _744_/X (sky130_fd_sc_hd__and2_2)
                                                         _029_ (net)
                      0.033707    0.000000    2.364000 v _765_/D (sky130_fd_sc_hd__dfxtp_2)
                                              2.364000   data arrival time

                      0.150000   10.000000   10.000000   clock clk (rise edge)
                                  0.000000   10.000000   clock network delay (ideal)
                                 -0.250000    9.750000   clock uncertainty
                                  0.000000    9.750000   clock reconvergence pessimism
                                              9.750000 ^ _765_/CLK (sky130_fd_sc_hd__dfxtp_2)
                                 -0.083449    9.666552   library setup time
                                              9.666552   data required time
---------------------------------------------------------------------------------------------
                                              9.666552   data required time
                                             -2.364000   data arrival time
---------------------------------------------------------------------------------------------
                                              7.302552   slack (MET)


Startpoint: rst (input port clocked by clk)
Endpoint: _766_ (rising edge-triggered flip-flop clocked by clk)
Path Group: clk
Path Type: max

Fanout         Cap        Slew       Delay        Time   Description
---------------------------------------------------------------------------------------------
                      0.150000    0.000000    0.000000   clock clk (rise edge)
                                  0.000000    0.000000   clock network delay (ideal)
                                  2.000000    2.000000 ^ input external delay
     3    0.011775    0.060625    0.041681    2.041681 ^ rst (in)
                                                         rst (net)
                      0.060625    0.000000    2.041681 ^ _369_/A (sky130_fd_sc_hd__inv_2)
    31    0.045550    0.101362    0.109377    2.151058 v _369_/Y (sky130_fd_sc_hd__inv_2)
                                                         _367_ (net)
                      0.101362    0.000000    2.151058 v _745_/B (sky130_fd_sc_hd__and2_2)
     1    0.001681    0.033707    0.212942    2.364000 v _745_/X (sky130_fd_sc_hd__and2_2)
                                                         _030_ (net)
                      0.033707    0.000000    2.364000 v _766_/D (sky130_fd_sc_hd__dfxtp_2)
                                              2.364000   data arrival time

                      0.150000   10.000000   10.000000   clock clk (rise edge)
                                  0.000000   10.000000   clock network delay (ideal)
                                 -0.250000    9.750000   clock uncertainty
                                  0.000000    9.750000   clock reconvergence pessimism
                                              9.750000 ^ _766_/CLK (sky130_fd_sc_hd__dfxtp_2)
                                 -0.083449    9.666552   library setup time
                                              9.666552   data required time
---------------------------------------------------------------------------------------------
                                              9.666552   data required time
                                             -2.364000   data arrival time
---------------------------------------------------------------------------------------------
                                              7.302552   slack (MET)


Startpoint: rst (input port clocked by clk)
Endpoint: _767_ (rising edge-triggered flip-flop clocked by clk)
Path Group: clk
Path Type: max

Fanout         Cap        Slew       Delay        Time   Description
---------------------------------------------------------------------------------------------
                      0.150000    0.000000    0.000000   clock clk (rise edge)
                                  0.000000    0.000000   clock network delay (ideal)
                                  2.000000    2.000000 ^ input external delay
     3    0.011775    0.060625    0.041681    2.041681 ^ rst (in)
                                                         rst (net)
                      0.060625    0.000000    2.041681 ^ _369_/A (sky130_fd_sc_hd__inv_2)
    31    0.045550    0.101362    0.109377    2.151058 v _369_/Y (sky130_fd_sc_hd__inv_2)
                                                         _367_ (net)
                      0.101362    0.000000    2.151058 v _746_/B (sky130_fd_sc_hd__and2_2)
     1    0.001681    0.033707    0.212942    2.364000 v _746_/X (sky130_fd_sc_hd__and2_2)
                                                         _031_ (net)
                      0.033707    0.000000    2.364000 v _767_/D (sky130_fd_sc_hd__dfxtp_2)
                                              2.364000   data arrival time

                      0.150000   10.000000   10.000000   clock clk (rise edge)
                                  0.000000   10.000000   clock network delay (ideal)
                                 -0.250000    9.750000   clock uncertainty
                                  0.000000    9.750000   clock reconvergence pessimism
                                              9.750000 ^ _767_/CLK (sky130_fd_sc_hd__dfxtp_2)
                                 -0.083449    9.666552   library setup time
                                              9.666552   data required time
---------------------------------------------------------------------------------------------
                                              9.666552   data required time
                                             -2.364000   data arrival time
---------------------------------------------------------------------------------------------
                                              7.302552   slack (MET)


Startpoint: rst (input port clocked by clk)
Endpoint: _768_ (rising edge-triggered flip-flop clocked by clk)
Path Group: clk
Path Type: max

Fanout         Cap        Slew       Delay        Time   Description
---------------------------------------------------------------------------------------------
                      0.150000    0.000000    0.000000   clock clk (rise edge)
                                  0.000000    0.000000   clock network delay (ideal)
                                  2.000000    2.000000 ^ input external delay
     3    0.011775    0.060625    0.041681    2.041681 ^ rst (in)
                                                         rst (net)
                      0.060625    0.000000    2.041681 ^ _369_/A (sky130_fd_sc_hd__inv_2)
    31    0.045550    0.101362    0.109377    2.151058 v _369_/Y (sky130_fd_sc_hd__inv_2)
                                                         _367_ (net)
                      0.101362    0.000000    2.151058 v _747_/B (sky130_fd_sc_hd__and2_2)
     1    0.001681    0.033707    0.212942    2.364000 v _747_/X (sky130_fd_sc_hd__and2_2)
                                                         _032_ (net)
                      0.033707    0.000000    2.364000 v _768_/D (sky130_fd_sc_hd__dfxtp_2)
                                              2.364000   data arrival time

                      0.150000   10.000000   10.000000   clock clk (rise edge)
                                  0.000000   10.000000   clock network delay (ideal)
                                 -0.250000    9.750000   clock uncertainty
                                  0.000000    9.750000   clock reconvergence pessimism
                                              9.750000 ^ _768_/CLK (sky130_fd_sc_hd__dfxtp_2)
                                 -0.083449    9.666552   library setup time
                                              9.666552   data required time
---------------------------------------------------------------------------------------------
                                              9.666552   data required time
                                             -2.364000   data arrival time
---------------------------------------------------------------------------------------------
                                              7.302552   slack (MET)


Startpoint: rst (input port clocked by clk)
Endpoint: _780_ (rising edge-triggered flip-flop clocked by clk)
Path Group: clk
Path Type: max

Fanout         Cap        Slew       Delay        Time   Description
---------------------------------------------------------------------------------------------
                      0.150000    0.000000    0.000000   clock clk (rise edge)
                                  0.000000    0.000000   clock network delay (ideal)
                                  2.000000    2.000000 ^ input external delay
     3    0.011775    0.060625    0.041681    2.041681 ^ rst (in)
                                                         rst (net)
                      0.060625    0.000000    2.041681 ^ _369_/A (sky130_fd_sc_hd__inv_2)
    31    0.045550    0.101362    0.109377    2.151058 v _369_/Y (sky130_fd_sc_hd__inv_2)
                                                         _367_ (net)
                      0.101362    0.000000    2.151058 v _706_/B (sky130_fd_sc_hd__and2_2)
     1    0.001681    0.033707    0.212942    2.364000 v _706_/X (sky130_fd_sc_hd__and2_2)
                                                         _010_ (net)
                      0.033707    0.000000    2.364000 v _780_/D (sky130_fd_sc_hd__dfxtp_2)
                                              2.364000   data arrival time

                      0.150000   10.000000   10.000000   clock clk (rise edge)
                                  0.000000   10.000000   clock network delay (ideal)
                                 -0.250000    9.750000   clock uncertainty
                                  0.000000    9.750000   clock reconvergence pessimism
                                              9.750000 ^ _780_/CLK (sky130_fd_sc_hd__dfxtp_2)
                                 -0.083449    9.666552   library setup time
                                              9.666552   data required time
---------------------------------------------------------------------------------------------
                                              9.666552   data required time
                                             -2.364000   data arrival time
---------------------------------------------------------------------------------------------
                                              7.302552   slack (MET)


Startpoint: start_diag (input port clocked by clk)
Endpoint: _775_ (rising edge-triggered flip-flop clocked by clk)
Path Group: clk
Path Type: max

Fanout         Cap        Slew       Delay        Time   Description
---------------------------------------------------------------------------------------------
                      0.150000    0.000000    0.000000   clock clk (rise edge)
                                  0.000000    0.000000   clock network delay (ideal)
                                  2.000000    2.000000 v input external delay
     2    0.005694    0.015549    0.009650    2.009650 v start_diag (in)
                                                         start_diag (net)
                      0.015549    0.000000    2.009650 v _711_/A (sky130_fd_sc_hd__and2_2)
     2    0.002908    0.037446    0.158006    2.167655 v _711_/X (sky130_fd_sc_hd__and2_2)
                                                         _358_ (net)
                      0.037446    0.000000    2.167655 v _712_/B (sky130_fd_sc_hd__and2_2)
     1    0.001681    0.033741    0.182421    2.350077 v _712_/X (sky130_fd_sc_hd__and2_2)
                                                         _005_ (net)
                      0.033741    0.000000    2.350077 v _775_/D (sky130_fd_sc_hd__dfxtp_2)
                                              2.350077   data arrival time

                      0.150000   10.000000   10.000000   clock clk (rise edge)
                                  0.000000   10.000000   clock network delay (ideal)
                                 -0.250000    9.750000   clock uncertainty
                                  0.000000    9.750000   clock reconvergence pessimism
                                              9.750000 ^ _775_/CLK (sky130_fd_sc_hd__dfxtp_2)
                                 -0.083464    9.666536   library setup time
                                              9.666536   data required time
---------------------------------------------------------------------------------------------
                                              9.666536   data required time
                                             -2.350077   data arrival time
---------------------------------------------------------------------------------------------
                                              7.316460   slack (MET)


Startpoint: rst (input port clocked by clk)
Endpoint: _756_ (rising edge-triggered flip-flop clocked by clk)
Path Group: clk
Path Type: max

Fanout         Cap        Slew       Delay        Time   Description
---------------------------------------------------------------------------------------------
                      0.150000    0.000000    0.000000   clock clk (rise edge)
                                  0.000000    0.000000   clock network delay (ideal)
                                  2.000000    2.000000 v input external delay
     3    0.010600    0.026188    0.017990    2.017990 v rst (in)
                                                         rst (net)
                      0.026188    0.000000    2.017990 v _369_/A (sky130_fd_sc_hd__inv_2)
    31    0.048698    0.225187    0.185873    2.203863 ^ _369_/Y (sky130_fd_sc_hd__inv_2)
                                                         _367_ (net)
                      0.225187    0.000000    2.203863 ^ _735_/A (sky130_fd_sc_hd__and2_2)
     1    0.001674    0.035156    0.183657    2.387520 ^ _735_/X (sky130_fd_sc_hd__and2_2)
                                                         _020_ (net)
                      0.035156    0.000000    2.387520 ^ _756_/D (sky130_fd_sc_hd__dfxtp_2)
                                              2.387520   data arrival time

                      0.150000   10.000000   10.000000   clock clk (rise edge)
                                  0.000000   10.000000   clock network delay (ideal)
                                 -0.250000    9.750000   clock uncertainty
                                  0.000000    9.750000   clock reconvergence pessimism
                                              9.750000 ^ _756_/CLK (sky130_fd_sc_hd__dfxtp_2)
                                 -0.041080    9.708920   library setup time
                                              9.708920   data required time
---------------------------------------------------------------------------------------------
                                              9.708920   data required time
                                             -2.387520   data arrival time
---------------------------------------------------------------------------------------------
                                              7.321401   slack (MET)


Startpoint: rst (input port clocked by clk)
Endpoint: _770_ (rising edge-triggered flip-flop clocked by clk)
Path Group: clk
Path Type: max

Fanout         Cap        Slew       Delay        Time   Description
---------------------------------------------------------------------------------------------
                      0.150000    0.000000    0.000000   clock clk (rise edge)
                                  0.000000    0.000000   clock network delay (ideal)
                                  2.000000    2.000000 v input external delay
     3    0.010600    0.026188    0.017990    2.017990 v rst (in)
                                                         rst (net)
                      0.026188    0.000000    2.017990 v _369_/A (sky130_fd_sc_hd__inv_2)
    31    0.048698    0.225187    0.185873    2.203863 ^ _369_/Y (sky130_fd_sc_hd__inv_2)
                                                         _367_ (net)
                      0.225187    0.000000    2.203863 ^ _717_/A (sky130_fd_sc_hd__and2_2)
     1    0.001674    0.035156    0.183657    2.387520 ^ _717_/X (sky130_fd_sc_hd__and2_2)
                                                         _000_ (net)
                      0.035156    0.000000    2.387520 ^ _770_/D (sky130_fd_sc_hd__dfxtp_2)
                                              2.387520   data arrival time

                      0.150000   10.000000   10.000000   clock clk (rise edge)
                                  0.000000   10.000000   clock network delay (ideal)
                                 -0.250000    9.750000   clock uncertainty
                                  0.000000    9.750000   clock reconvergence pessimism
                                              9.750000 ^ _770_/CLK (sky130_fd_sc_hd__dfxtp_2)
                                 -0.041080    9.708920   library setup time
                                              9.708920   data required time
---------------------------------------------------------------------------------------------
                                              9.708920   data required time
                                             -2.387520   data arrival time
---------------------------------------------------------------------------------------------
                                              7.321401   slack (MET)


Startpoint: rst (input port clocked by clk)
Endpoint: _771_ (rising edge-triggered flip-flop clocked by clk)
Path Group: clk
Path Type: max

Fanout         Cap        Slew       Delay        Time   Description
---------------------------------------------------------------------------------------------
                      0.150000    0.000000    0.000000   clock clk (rise edge)
                                  0.000000    0.000000   clock network delay (ideal)
                                  2.000000    2.000000 v input external delay
     3    0.010600    0.026188    0.017990    2.017990 v rst (in)
                                                         rst (net)
                      0.026188    0.000000    2.017990 v _369_/A (sky130_fd_sc_hd__inv_2)
    31    0.048698    0.225187    0.185873    2.203863 ^ _369_/Y (sky130_fd_sc_hd__inv_2)
                                                         _367_ (net)
                      0.225187    0.000000    2.203863 ^ _716_/A (sky130_fd_sc_hd__and2_2)
     1    0.001674    0.035156    0.183657    2.387520 ^ _716_/X (sky130_fd_sc_hd__and2_2)
                                                         _001_ (net)
                      0.035156    0.000000    2.387520 ^ _771_/D (sky130_fd_sc_hd__dfxtp_2)
                                              2.387520   data arrival time

                      0.150000   10.000000   10.000000   clock clk (rise edge)
                                  0.000000   10.000000   clock network delay (ideal)
                                 -0.250000    9.750000   clock uncertainty
                                  0.000000    9.750000   clock reconvergence pessimism
                                              9.750000 ^ _771_/CLK (sky130_fd_sc_hd__dfxtp_2)
                                 -0.041080    9.708920   library setup time
                                              9.708920   data required time
---------------------------------------------------------------------------------------------
                                              9.708920   data required time
                                             -2.387520   data arrival time
---------------------------------------------------------------------------------------------
                                              7.321401   slack (MET)


Startpoint: rst (input port clocked by clk)
Endpoint: _772_ (rising edge-triggered flip-flop clocked by clk)
Path Group: clk
Path Type: max

Fanout         Cap        Slew       Delay        Time   Description
---------------------------------------------------------------------------------------------
                      0.150000    0.000000    0.000000   clock clk (rise edge)
                                  0.000000    0.000000   clock network delay (ideal)
                                  2.000000    2.000000 v input external delay
     3    0.010600    0.026188    0.017990    2.017990 v rst (in)
                                                         rst (net)
                      0.026188    0.000000    2.017990 v _369_/A (sky130_fd_sc_hd__inv_2)
    31    0.048698    0.225187    0.185873    2.203863 ^ _369_/Y (sky130_fd_sc_hd__inv_2)
                                                         _367_ (net)
                      0.225187    0.000000    2.203863 ^ _715_/A (sky130_fd_sc_hd__and2_2)
     1    0.001674    0.035156    0.183657    2.387520 ^ _715_/X (sky130_fd_sc_hd__and2_2)
                                                         _002_ (net)
                      0.035156    0.000000    2.387520 ^ _772_/D (sky130_fd_sc_hd__dfxtp_2)
                                              2.387520   data arrival time

                      0.150000   10.000000   10.000000   clock clk (rise edge)
                                  0.000000   10.000000   clock network delay (ideal)
                                 -0.250000    9.750000   clock uncertainty
                                  0.000000    9.750000   clock reconvergence pessimism
                                              9.750000 ^ _772_/CLK (sky130_fd_sc_hd__dfxtp_2)
                                 -0.041080    9.708920   library setup time
                                              9.708920   data required time
---------------------------------------------------------------------------------------------
                                              9.708920   data required time
                                             -2.387520   data arrival time
---------------------------------------------------------------------------------------------
                                              7.321401   slack (MET)


Startpoint: rst (input port clocked by clk)
Endpoint: _773_ (rising edge-triggered flip-flop clocked by clk)
Path Group: clk
Path Type: max

Fanout         Cap        Slew       Delay        Time   Description
---------------------------------------------------------------------------------------------
                      0.150000    0.000000    0.000000   clock clk (rise edge)
                                  0.000000    0.000000   clock network delay (ideal)
                                  2.000000    2.000000 v input external delay
     3    0.010600    0.026188    0.017990    2.017990 v rst (in)
                                                         rst (net)
                      0.026188    0.000000    2.017990 v _369_/A (sky130_fd_sc_hd__inv_2)
    31    0.048698    0.225187    0.185873    2.203863 ^ _369_/Y (sky130_fd_sc_hd__inv_2)
                                                         _367_ (net)
                      0.225187    0.000000    2.203863 ^ _714_/A (sky130_fd_sc_hd__and2_2)
     1    0.001674    0.035156    0.183657    2.387520 ^ _714_/X (sky130_fd_sc_hd__and2_2)
                                                         _003_ (net)
                      0.035156    0.000000    2.387520 ^ _773_/D (sky130_fd_sc_hd__dfxtp_2)
                                              2.387520   data arrival time

                      0.150000   10.000000   10.000000   clock clk (rise edge)
                                  0.000000   10.000000   clock network delay (ideal)
                                 -0.250000    9.750000   clock uncertainty
                                  0.000000    9.750000   clock reconvergence pessimism
                                              9.750000 ^ _773_/CLK (sky130_fd_sc_hd__dfxtp_2)
                                 -0.041080    9.708920   library setup time
                                              9.708920   data required time
---------------------------------------------------------------------------------------------
                                              9.708920   data required time
                                             -2.387520   data arrival time
---------------------------------------------------------------------------------------------
                                              7.321401   slack (MET)


Startpoint: rst (input port clocked by clk)
Endpoint: _774_ (rising edge-triggered flip-flop clocked by clk)
Path Group: clk
Path Type: max

Fanout         Cap        Slew       Delay        Time   Description
---------------------------------------------------------------------------------------------
                      0.150000    0.000000    0.000000   clock clk (rise edge)
                                  0.000000    0.000000   clock network delay (ideal)
                                  2.000000    2.000000 v input external delay
     3    0.010600    0.026188    0.017990    2.017990 v rst (in)
                                                         rst (net)
                      0.026188    0.000000    2.017990 v _369_/A (sky130_fd_sc_hd__inv_2)
    31    0.048698    0.225187    0.185873    2.203863 ^ _369_/Y (sky130_fd_sc_hd__inv_2)
                                                         _367_ (net)
                      0.225187    0.000000    2.203863 ^ _713_/A (sky130_fd_sc_hd__and2_2)
     1    0.001674    0.035156    0.183657    2.387520 ^ _713_/X (sky130_fd_sc_hd__and2_2)
                                                         _004_ (net)
                      0.035156    0.000000    2.387520 ^ _774_/D (sky130_fd_sc_hd__dfxtp_2)
                                              2.387520   data arrival time

                      0.150000   10.000000   10.000000   clock clk (rise edge)
                                  0.000000   10.000000   clock network delay (ideal)
                                 -0.250000    9.750000   clock uncertainty
                                  0.000000    9.750000   clock reconvergence pessimism
                                              9.750000 ^ _774_/CLK (sky130_fd_sc_hd__dfxtp_2)
                                 -0.041080    9.708920   library setup time
                                              9.708920   data required time
---------------------------------------------------------------------------------------------
                                              9.708920   data required time
                                             -2.387520   data arrival time
---------------------------------------------------------------------------------------------
                                              7.321401   slack (MET)


Startpoint: rst (input port clocked by clk)
Endpoint: _776_ (rising edge-triggered flip-flop clocked by clk)
Path Group: clk
Path Type: max

Fanout         Cap        Slew       Delay        Time   Description
---------------------------------------------------------------------------------------------
                      0.150000    0.000000    0.000000   clock clk (rise edge)
                                  0.000000    0.000000   clock network delay (ideal)
                                  2.000000    2.000000 v input external delay
     3    0.010600    0.026188    0.017990    2.017990 v rst (in)
                                                         rst (net)
                      0.026188    0.000000    2.017990 v _369_/A (sky130_fd_sc_hd__inv_2)
    31    0.048698    0.225187    0.185873    2.203863 ^ _369_/Y (sky130_fd_sc_hd__inv_2)
                                                         _367_ (net)
                      0.225187    0.000000    2.203863 ^ _710_/A (sky130_fd_sc_hd__and2_2)
     1    0.001674    0.035156    0.183657    2.387520 ^ _710_/X (sky130_fd_sc_hd__and2_2)
                                                         _006_ (net)
                      0.035156    0.000000    2.387520 ^ _776_/D (sky130_fd_sc_hd__dfxtp_2)
                                              2.387520   data arrival time

                      0.150000   10.000000   10.000000   clock clk (rise edge)
                                  0.000000   10.000000   clock network delay (ideal)
                                 -0.250000    9.750000   clock uncertainty
                                  0.000000    9.750000   clock reconvergence pessimism
                                              9.750000 ^ _776_/CLK (sky130_fd_sc_hd__dfxtp_2)
                                 -0.041080    9.708920   library setup time
                                              9.708920   data required time
---------------------------------------------------------------------------------------------
                                              9.708920   data required time
                                             -2.387520   data arrival time
---------------------------------------------------------------------------------------------
                                              7.321401   slack (MET)


Startpoint: rst (input port clocked by clk)
Endpoint: _777_ (rising edge-triggered flip-flop clocked by clk)
Path Group: clk
Path Type: max

Fanout         Cap        Slew       Delay        Time   Description
---------------------------------------------------------------------------------------------
                      0.150000    0.000000    0.000000   clock clk (rise edge)
                                  0.000000    0.000000   clock network delay (ideal)
                                  2.000000    2.000000 v input external delay
     3    0.010600    0.026188    0.017990    2.017990 v rst (in)
                                                         rst (net)
                      0.026188    0.000000    2.017990 v _369_/A (sky130_fd_sc_hd__inv_2)
    31    0.048698    0.225187    0.185873    2.203863 ^ _369_/Y (sky130_fd_sc_hd__inv_2)
                                                         _367_ (net)
                      0.225187    0.000000    2.203863 ^ _709_/A (sky130_fd_sc_hd__and2_2)
     1    0.001674    0.035156    0.183657    2.387520 ^ _709_/X (sky130_fd_sc_hd__and2_2)
                                                         _007_ (net)
                      0.035156    0.000000    2.387520 ^ _777_/D (sky130_fd_sc_hd__dfxtp_2)
                                              2.387520   data arrival time

                      0.150000   10.000000   10.000000   clock clk (rise edge)
                                  0.000000   10.000000   clock network delay (ideal)
                                 -0.250000    9.750000   clock uncertainty
                                  0.000000    9.750000   clock reconvergence pessimism
                                              9.750000 ^ _777_/CLK (sky130_fd_sc_hd__dfxtp_2)
                                 -0.041080    9.708920   library setup time
                                              9.708920   data required time
---------------------------------------------------------------------------------------------
                                              9.708920   data required time
                                             -2.387520   data arrival time
---------------------------------------------------------------------------------------------
                                              7.321401   slack (MET)


Startpoint: rst (input port clocked by clk)
Endpoint: _778_ (rising edge-triggered flip-flop clocked by clk)
Path Group: clk
Path Type: max

Fanout         Cap        Slew       Delay        Time   Description
---------------------------------------------------------------------------------------------
                      0.150000    0.000000    0.000000   clock clk (rise edge)
                                  0.000000    0.000000   clock network delay (ideal)
                                  2.000000    2.000000 v input external delay
     3    0.010600    0.026188    0.017990    2.017990 v rst (in)
                                                         rst (net)
                      0.026188    0.000000    2.017990 v _369_/A (sky130_fd_sc_hd__inv_2)
    31    0.048698    0.225187    0.185873    2.203863 ^ _369_/Y (sky130_fd_sc_hd__inv_2)
                                                         _367_ (net)
                      0.225187    0.000000    2.203863 ^ _708_/A (sky130_fd_sc_hd__and2_2)
     1    0.001674    0.035156    0.183657    2.387520 ^ _708_/X (sky130_fd_sc_hd__and2_2)
                                                         _008_ (net)
                      0.035156    0.000000    2.387520 ^ _778_/D (sky130_fd_sc_hd__dfxtp_2)
                                              2.387520   data arrival time

                      0.150000   10.000000   10.000000   clock clk (rise edge)
                                  0.000000   10.000000   clock network delay (ideal)
                                 -0.250000    9.750000   clock uncertainty
                                  0.000000    9.750000   clock reconvergence pessimism
                                              9.750000 ^ _778_/CLK (sky130_fd_sc_hd__dfxtp_2)
                                 -0.041080    9.708920   library setup time
                                              9.708920   data required time
---------------------------------------------------------------------------------------------
                                              9.708920   data required time
                                             -2.387520   data arrival time
---------------------------------------------------------------------------------------------
                                              7.321401   slack (MET)


Startpoint: rst (input port clocked by clk)
Endpoint: _779_ (rising edge-triggered flip-flop clocked by clk)
Path Group: clk
Path Type: max

Fanout         Cap        Slew       Delay        Time   Description
---------------------------------------------------------------------------------------------
                      0.150000    0.000000    0.000000   clock clk (rise edge)
                                  0.000000    0.000000   clock network delay (ideal)
                                  2.000000    2.000000 v input external delay
     3    0.010600    0.026188    0.017990    2.017990 v rst (in)
                                                         rst (net)
                      0.026188    0.000000    2.017990 v _369_/A (sky130_fd_sc_hd__inv_2)
    31    0.048698    0.225187    0.185873    2.203863 ^ _369_/Y (sky130_fd_sc_hd__inv_2)
                                                         _367_ (net)
                      0.225187    0.000000    2.203863 ^ _707_/A (sky130_fd_sc_hd__and2_2)
     1    0.001674    0.035156    0.183657    2.387520 ^ _707_/X (sky130_fd_sc_hd__and2_2)
                                                         _009_ (net)
                      0.035156    0.000000    2.387520 ^ _779_/D (sky130_fd_sc_hd__dfxtp_2)
                                              2.387520   data arrival time

                      0.150000   10.000000   10.000000   clock clk (rise edge)
                                  0.000000   10.000000   clock network delay (ideal)
                                 -0.250000    9.750000   clock uncertainty
                                  0.000000    9.750000   clock reconvergence pessimism
                                              9.750000 ^ _779_/CLK (sky130_fd_sc_hd__dfxtp_2)
                                 -0.041080    9.708920   library setup time
                                              9.708920   data required time
---------------------------------------------------------------------------------------------
                                              9.708920   data required time
                                             -2.387520   data arrival time
---------------------------------------------------------------------------------------------
                                              7.321401   slack (MET)


Startpoint: rst (input port clocked by clk)
Endpoint: _748_ (rising edge-triggered flip-flop clocked by clk)
Path Group: clk
Path Type: max

Fanout         Cap        Slew       Delay        Time   Description
---------------------------------------------------------------------------------------------
                      0.150000    0.000000    0.000000   clock clk (rise edge)
                                  0.000000    0.000000   clock network delay (ideal)
                                  2.000000    2.000000 v input external delay
     3    0.010600    0.026188    0.017990    2.017990 v rst (in)
                                                         rst (net)
                      0.026188    0.000000    2.017990 v _369_/A (sky130_fd_sc_hd__inv_2)
    31    0.048698    0.225187    0.185873    2.203863 ^ _369_/Y (sky130_fd_sc_hd__inv_2)
                                                         _367_ (net)
                      0.225187    0.000000    2.203863 ^ _719_/B1 (sky130_fd_sc_hd__o41a_2)
     1    0.001674    0.029889    0.182951    2.386814 ^ _719_/X (sky130_fd_sc_hd__o41a_2)
                                                         _012_ (net)
                      0.029889    0.000000    2.386814 ^ _748_/D (sky130_fd_sc_hd__dfxtp_2)
                                              2.386814   data arrival time

                      0.150000   10.000000   10.000000   clock clk (rise edge)
                                  0.000000   10.000000   clock network delay (ideal)
                                 -0.250000    9.750000   clock uncertainty
                                  0.000000    9.750000   clock reconvergence pessimism
                                              9.750000 ^ _748_/CLK (sky130_fd_sc_hd__dfxtp_2)
                                 -0.039872    9.710128   library setup time
                                              9.710128   data required time
---------------------------------------------------------------------------------------------
                                              9.710128   data required time
                                             -2.386814   data arrival time
---------------------------------------------------------------------------------------------
                                              7.323314   slack (MET)


Startpoint: start_diag (input port clocked by clk)
Endpoint: _769_ (rising edge-triggered flip-flop clocked by clk)
Path Group: clk
Path Type: max

Fanout         Cap        Slew       Delay        Time   Description
---------------------------------------------------------------------------------------------
                      0.150000    0.000000    0.000000   clock clk (rise edge)
                                  0.000000    0.000000   clock network delay (ideal)
                                  2.000000    2.000000 ^ input external delay
     2    0.006125    0.035366    0.022516    2.022516 ^ start_diag (in)
                                                         start_diag (net)
                      0.035366    0.000000    2.022516 ^ _370_/A (sky130_fd_sc_hd__inv_2)
     1    0.002240    0.012204    0.023392    2.045908 v _370_/Y (sky130_fd_sc_hd__inv_2)
                                                         _368_ (net)
                      0.012204    0.000000    2.045908 v _718_/A1 (sky130_fd_sc_hd__a211o_2)
     1    0.001681    0.042844    0.279935    2.325843 v _718_/X (sky130_fd_sc_hd__a211o_2)
                                                         _011_ (net)
                      0.042844    0.000000    2.325843 v _769_/D (sky130_fd_sc_hd__dfxtp_2)
                                              2.325843   data arrival time

                      0.150000   10.000000   10.000000   clock clk (rise edge)
                                  0.000000   10.000000   clock network delay (ideal)
                                 -0.250000    9.750000   clock uncertainty
                                  0.000000    9.750000   clock reconvergence pessimism
                                              9.750000 ^ _769_/CLK (sky130_fd_sc_hd__dfxtp_2)
                                 -0.087418    9.662582   library setup time
                                              9.662582   data required time
---------------------------------------------------------------------------------------------
                                              9.662582   data required time
                                             -2.325843   data arrival time
---------------------------------------------------------------------------------------------
                                              7.336739   slack (MET)


Startpoint: rst (input port clocked by clk)
Endpoint: _750_ (rising edge-triggered flip-flop clocked by clk)
Path Group: clk
Path Type: max

Fanout         Cap        Slew       Delay        Time   Description
---------------------------------------------------------------------------------------------
                      0.150000    0.000000    0.000000   clock clk (rise edge)
                                  0.000000    0.000000   clock network delay (ideal)
                                  2.000000    2.000000 v input external delay
     3    0.010600    0.026188    0.017990    2.017990 v rst (in)
                                                         rst (net)
                      0.026188    0.000000    2.017990 v _369_/A (sky130_fd_sc_hd__inv_2)
    31    0.048698    0.225187    0.185873    2.203863 ^ _369_/Y (sky130_fd_sc_hd__inv_2)
                                                         _367_ (net)
                      0.225187    0.000000    2.203863 ^ _724_/B1 (sky130_fd_sc_hd__o21a_2)
     1    0.001674    0.029052    0.169689    2.373552 ^ _724_/X (sky130_fd_sc_hd__o21a_2)
                                                         _014_ (net)
                      0.029052    0.000000    2.373552 ^ _750_/D (sky130_fd_sc_hd__dfxtp_2)
                                              2.373552   data arrival time

                      0.150000   10.000000   10.000000   clock clk (rise edge)
                                  0.000000   10.000000   clock network delay (ideal)
                                 -0.250000    9.750000   clock uncertainty
                                  0.000000    9.750000   clock reconvergence pessimism
                                              9.750000 ^ _750_/CLK (sky130_fd_sc_hd__dfxtp_2)
                                 -0.039680    9.710320   library setup time
                                              9.710320   data required time
---------------------------------------------------------------------------------------------
                                              9.710320   data required time
                                             -2.373552   data arrival time
---------------------------------------------------------------------------------------------
                                              7.336769   slack (MET)


Startpoint: rst (input port clocked by clk)
Endpoint: _749_ (rising edge-triggered flip-flop clocked by clk)
Path Group: clk
Path Type: max

Fanout         Cap        Slew       Delay        Time   Description
---------------------------------------------------------------------------------------------
                      0.150000    0.000000    0.000000   clock clk (rise edge)
                                  0.000000    0.000000   clock network delay (ideal)
                                  2.000000    2.000000 ^ input external delay
     3    0.011775    0.060625    0.041681    2.041681 ^ rst (in)
                                                         rst (net)
                      0.060625    0.000000    2.041681 ^ _722_/A (sky130_fd_sc_hd__nor2_2)
     1    0.001681    0.032795    0.037810    2.079491 v _722_/Y (sky130_fd_sc_hd__nor2_2)
                                                         _013_ (net)
                      0.032795    0.000000    2.079491 v _749_/D (sky130_fd_sc_hd__dfxtp_2)
                                              2.079491   data arrival time

                      0.150000   10.000000   10.000000   clock clk (rise edge)
                                  0.000000   10.000000   clock network delay (ideal)
                                 -0.250000    9.750000   clock uncertainty
                                  0.000000    9.750000   clock reconvergence pessimism
                                              9.750000 ^ _749_/CLK (sky130_fd_sc_hd__dfxtp_2)
                                 -0.083053    9.666947   library setup time
                                              9.666947   data required time
---------------------------------------------------------------------------------------------
                                              9.666947   data required time
                                             -2.079491   data arrival time
---------------------------------------------------------------------------------------------
                                              7.587457   slack (MET)



%OL_END_REPORT
%OL_CREATE_REPORT checks.rpt

===========================================================================
report_checks -unconstrained
===========================================================================
======================= nom_tt_025C_1v80 Corner ===================================

Startpoint: h0[1] (input port clocked by clk)
Endpoint: y[8] (output port clocked by clk)
Path Group: clk
Path Type: max

Fanout         Cap        Slew       Delay        Time   Description
---------------------------------------------------------------------------------------------
                      0.150000    0.000000    0.000000   clock clk (rise edge)
                                  0.000000    0.000000   clock network delay (ideal)
                                  2.000000    2.000000 v input external delay
     8    0.023986    0.054819    0.040347    2.040347 v h0[1] (in)
                                                         h0[1] (net)
                      0.054819    0.000000    2.040347 v _453_/A2 (sky130_fd_sc_hd__a22o_2)
     2    0.006362    0.049674    0.281275    2.321622 v _453_/X (sky130_fd_sc_hd__a22o_2)
                                                         _114_ (net)
                      0.049674    0.000000    2.321622 v _454_/B2 (sky130_fd_sc_hd__a22o_2)
     2    0.006612    0.050348    0.247430    2.569052 v _454_/X (sky130_fd_sc_hd__a22o_2)
                                                         _115_ (net)
                      0.050348    0.000000    2.569052 v _457_/A1 (sky130_fd_sc_hd__a21o_2)
     2    0.006362    0.043939    0.205772    2.774823 v _457_/X (sky130_fd_sc_hd__a21o_2)
                                                         _118_ (net)
                      0.043939    0.000000    2.774823 v _459_/B2 (sky130_fd_sc_hd__a22o_2)
     2    0.006488    0.050061    0.244938    3.019761 v _459_/X (sky130_fd_sc_hd__a22o_2)
                                                         _120_ (net)
                      0.050061    0.000000    3.019761 v _461_/A2 (sky130_fd_sc_hd__a21o_2)
     3    0.008752    0.049728    0.237607    3.257368 v _461_/X (sky130_fd_sc_hd__a21o_2)
                                                         _122_ (net)
                      0.049728    0.000000    3.257368 v _463_/A2 (sky130_fd_sc_hd__a21o_2)
     2    0.006544    0.044313    0.229844    3.487212 v _463_/X (sky130_fd_sc_hd__a21o_2)
                                                         _124_ (net)
                      0.044313    0.000000    3.487212 v _477_/A2 (sky130_fd_sc_hd__a21o_2)
     3    0.008328    0.048722    0.233640    3.720853 v _477_/X (sky130_fd_sc_hd__a21o_2)
                                                         _138_ (net)
                      0.048722    0.000000    3.720853 v _478_/C (sky130_fd_sc_hd__and3_2)
     2    0.006393    0.047933    0.228018    3.948871 v _478_/X (sky130_fd_sc_hd__and3_2)
                                                         _139_ (net)
                      0.047933    0.000000    3.948871 v _496_/A1 (sky130_fd_sc_hd__o21a_2)
     2    0.005663    0.042068    0.224994    4.173865 v _496_/X (sky130_fd_sc_hd__o21a_2)
                                                         _157_ (net)
                      0.042068    0.000000    4.173865 v _512_/B (sky130_fd_sc_hd__or3_2)
     3    0.006041    0.089655    0.483219    4.657084 v _512_/X (sky130_fd_sc_hd__or3_2)
                                                         _173_ (net)
                      0.089655    0.000000    4.657084 v _515_/A1 (sky130_fd_sc_hd__a211o_2)
     2    0.006621    0.059720    0.335616    4.992700 v _515_/X (sky130_fd_sc_hd__a211o_2)
                                                         _176_ (net)
                      0.059720    0.000000    4.992700 v _585_/A1 (sky130_fd_sc_hd__a21o_2)
     2    0.010044    0.052939    0.222212    5.214912 v _585_/X (sky130_fd_sc_hd__a21o_2)
                                                         _245_ (net)
                      0.052939    0.000000    5.214912 v _637_/A2 (sky130_fd_sc_hd__a21o_2)
     2    0.010044    0.052941    0.243311    5.458223 v _637_/X (sky130_fd_sc_hd__a21o_2)
                                                         _296_ (net)
                      0.052941    0.000000    5.458223 v _674_/A2 (sky130_fd_sc_hd__a21o_2)
     2    0.010284    0.053542    0.244139    5.702363 v _674_/X (sky130_fd_sc_hd__a21o_2)
                                                         _332_ (net)
                      0.053542    0.000000    5.702363 v _695_/A2 (sky130_fd_sc_hd__a21o_2)
     2    0.010044    0.052939    0.243563    5.945925 v _695_/X (sky130_fd_sc_hd__a21o_2)
                                                         _352_ (net)
                      0.052939    0.000000    5.945925 v _697_/A2 (sky130_fd_sc_hd__a21o_2)
     2    0.010859    0.054983    0.246120    6.192045 v _697_/X (sky130_fd_sc_hd__a21o_2)
                                                         _353_ (net)
                      0.054983    0.000000    6.192045 v _701_/A (sky130_fd_sc_hd__xor2_2)
     1    0.033442    0.428984    0.403529    6.595573 ^ _701_/X (sky130_fd_sc_hd__xor2_2)
                                                         y[8] (net)
                      0.428984    0.000000    6.595573 ^ y[8] (out)
                                              6.595573   data arrival time

                      0.150000   10.000000   10.000000   clock clk (rise edge)
                                  0.000000   10.000000   clock network delay (ideal)
                                 -0.250000    9.750000   clock uncertainty
                                  0.000000    9.750000   clock reconvergence pessimism
                                 -2.000000    7.750000   output external delay
                                              7.750000   data required time
---------------------------------------------------------------------------------------------
                                              7.750000   data required time
                                             -6.595573   data arrival time
---------------------------------------------------------------------------------------------
                                              1.154426   slack (MET)




===========================================================================
report_checks --slack_max -0.01
============================================================================
======================= nom_tt_025C_1v80 Corner ===================================

No paths found.


===========================================================================
 report_check_types -max_slew -max_cap -max_fanout -violators
============================================================================
======================= nom_tt_025C_1v80 Corner ===================================

max fanout

Pin                                   Limit Fanout  Slack
---------------------------------------------------------
_369_/Y                                  10     31    -21 (VIOLATED)



===========================================================================
report_parasitic_annotation -report_unannotated
============================================================================
Found 457 unannotated drivers.
 clk
 h0[0]
 h0[1]
 h0[2]
 h0[3]
 h1[0]
 h1[1]
 h1[2]
 h1[3]
 h2[0]
 h2[1]
 h2[2]
 h2[3]
 h3[0]
 h3[1]
 h3[2]
 h3[3]
 rst
 start_diag
 x[0]
 x[1]
 x[2]
 x[3]
 _369_/Y
 _370_/Y
 _371_/X
 _372_/X
 _373_/Y
 _374_/Y
 _375_/X
 _376_/Y
 _377_/X
 _378_/Y
 _379_/Y
 _380_/Y
 _381_/Y
 _382_/X
 _383_/Y
 _384_/Y
 _385_/X
 _386_/Y
 _387_/X
 _388_/X
 _389_/X
 _390_/X
 _391_/X
 _392_/X
 _393_/Y
 _394_/Y
 _395_/X
 _396_/X
 _397_/X
 _398_/Y
 _399_/X
 _400_/Y
 _401_/X
 _402_/Y
 _403_/X
 _404_/X
 _405_/X
 _406_/Y
 _407_/X
 _408_/Y
 _409_/X
 _410_/Y
 _411_/Y
 _412_/X
 _413_/X
 _414_/X
 _415_/Y
 _416_/X
 _417_/Y
 _418_/X
 _419_/X
 _420_/X
 _421_/X
 _422_/Y
 _423_/Y
 _424_/X
 _425_/Y
 _426_/X
 _427_/Y
 _428_/Y
 _429_/Y
 _430_/X
 _431_/Y
 _432_/X
 _433_/Y
 _434_/X
 _435_/X
 _436_/Y
 _437_/X
 _438_/X
 _439_/X
 _440_/Y
 _441_/Y
 _442_/Y
 _443_/Y
 _444_/Y
 _445_/Y
 _446_/X
 _447_/Y
 _448_/X
 _449_/Y
 _450_/Y
 _451_/Y
 _452_/Y
 _453_/X
 _454_/X
 _455_/Y
 _456_/Y
 _457_/X
 _458_/Y
 _459_/X
 _460_/Y
 _461_/X
 _462_/Y
 _463_/X
 _464_/Y
 _465_/Y
 _466_/Y
 _467_/X
 _468_/X
 _469_/Y
 _470_/X
 _471_/Y
 _472_/Y
 _473_/Y
 _474_/X
 _475_/X
 _476_/Y
 _477_/X
 _478_/X
 _479_/Y
 _480_/Y
 _481_/X
 _482_/Y
 _483_/Y
 _484_/Y
 _485_/X
 _486_/Y
 _487_/Y
 _488_/X
 _489_/Y
 _490_/X
 _491_/Y
 _492_/X
 _493_/X
 _494_/Y
 _495_/Y
 _496_/X
 _497_/Y
 _498_/X
 _499_/Y
 _500_/X
 _501_/X
 _502_/Y
 _503_/X
 _504_/Y
 _505_/X
 _506_/Y
 _507_/X
 _508_/Y
 _509_/X
 _510_/X
 _511_/Y
 _512_/X
 _513_/Y
 _514_/X
 _515_/X
 _516_/Y
 _517_/X
 _518_/Y
 _519_/Y
 _520_/X
 _521_/Y
 _522_/Y
 _523_/Y
 _524_/X
 _525_/Y
 _526_/X
 _527_/Y
 _528_/Y
 _529_/X
 _530_/Y
 _531_/Y
 _532_/X
 _533_/X
 _534_/X
 _535_/Y
 _536_/X
 _537_/Y
 _538_/Y
 _539_/Y
 _540_/X
 _541_/Y
 _542_/X
 _543_/Y
 _544_/X
 _545_/Y
 _546_/X
 _547_/Y
 _548_/Y
 _549_/X
 _550_/Y
 _551_/X
 _552_/Y
 _553_/X
 _554_/Y
 _555_/Y
 _556_/X
 _557_/Y
 _558_/X
 _559_/Y
 _560_/Y
 _561_/X
 _562_/Y
 _563_/X
 _564_/Y
 _565_/Y
 _566_/X
 _567_/Y
 _568_/Y
 _569_/Y
 _570_/X
 _571_/Y
 _572_/X
 _573_/Y
 _574_/X
 _575_/Y
 _576_/Y
 _577_/X
 _578_/Y
 _579_/Y
 _580_/X
 _581_/Y
 _582_/X
 _583_/Y
 _584_/X
 _585_/X
 _586_/X
 _587_/X
 _588_/X
 _589_/Y
 _590_/X
 _591_/X
 _592_/Y
 _593_/X
 _594_/Y
 _595_/Y
 _596_/Y
 _597_/Y
 _598_/Y
 _599_/X
 _600_/Y
 _601_/X
 _602_/Y
 _603_/Y
 _604_/X
 _605_/Y
 _606_/X
 _607_/X
 _608_/Y
 _609_/Y
 _610_/X
 _611_/Y
 _612_/X
 _613_/X
 _614_/X
 _615_/Y
 _616_/X
 _617_/Y
 _618_/X
 _619_/X
 _620_/X
 _621_/Y
 _622_/Y
 _623_/Y
 _624_/X
 _625_/Y
 _626_/X
 _627_/Y
 _628_/X
 _629_/X
 _630_/Y
 _631_/Y
 _632_/Y
 _633_/Y
 _634_/Y
 _635_/X
 _636_/Y
 _637_/X
 _638_/X
 _639_/X
 _640_/Y
 _641_/X
 _642_/X
 _643_/X
 _644_/Y
 _645_/X
 _646_/Y
 _647_/X
 _648_/Y
 _649_/Y
 _650_/Y
 _651_/Y
 _652_/Y
 _653_/X
 _654_/X
 _655_/Y
 _656_/X
 _657_/X
 _658_/X
 _659_/X
 _660_/Y
 _661_/Y
 _662_/X
 _663_/X
 _664_/Y
 _665_/Y
 _666_/Y
 _667_/Y
 _668_/X
 _669_/X
 _670_/Y
 _671_/X
 _672_/X
 _673_/Y
 _674_/X
 _675_/Y
 _676_/X
 _677_/Y
 _678_/X
 _679_/X
 _680_/Y
 _681_/X
 _682_/X
 _683_/X
 _684_/X
 _685_/Y
 _686_/X
 _687_/Y
 _688_/X
 _689_/X
 _690_/X
 _691_/X
 _692_/Y
 _693_/X
 _694_/Y
 _695_/X
 _696_/X
 _697_/X
 _698_/X
 _699_/X
 _700_/X
 _701_/X
 _702_/Y
 _703_/Y
 _704_/Y
 _705_/X
 _706_/X
 _707_/X
 _708_/X
 _709_/X
 _710_/X
 _711_/X
 _712_/X
 _713_/X
 _714_/X
 _715_/X
 _716_/X
 _717_/X
 _718_/X
 _719_/X
 _720_/X
 _721_/Y
 _722_/Y
 _723_/X
 _724_/X
 _725_/X
 _726_/X
 _727_/X
 _728_/X
 _729_/X
 _730_/X
 _731_/X
 _732_/X
 _733_/X
 _734_/X
 _735_/X
 _736_/X
 _737_/X
 _738_/X
 _739_/X
 _740_/X
 _741_/X
 _742_/X
 _743_/X
 _744_/X
 _745_/X
 _746_/X
 _747_/X
 _748_/Q
 _749_/Q
 _750_/Q
 _751_/Q
 _752_/Q
 _753_/Q
 _754_/Q
 _755_/Q
 _756_/Q
 _757_/Q
 _758_/Q
 _759_/Q
 _760_/Q
 _761_/Q
 _762_/Q
 _763_/Q
 _764_/Q
 _765_/Q
 _766_/Q
 _767_/Q
 _768_/Q
 _769_/Q
 _770_/Q
 _771_/Q
 _772_/Q
 _773_/Q
 _774_/Q
 _775_/Q
 _776_/Q
 _777_/Q
 _778_/Q
 _779_/Q
 _780_/Q
 _781_/HI
 _781_/LO
 _782_/HI
 _782_/LO
 _783_/HI
 _783_/LO
 _784_/HI
 _784_/LO
 _785_/HI
 _785_/LO
 _786_/HI
 _786_/LO
 _787_/HI
 _787_/LO
 _788_/HI
 _788_/LO
 _789_/HI
 _789_/LO
 _790_/HI
 _790_/LO
 _791_/HI
 _791_/LO
Found 0 partially unannotated drivers.

===========================================================================
max slew violation count 0
%OL_METRIC_I design__max_slew_violation__count__corner:nom_tt_025C_1v80 0
max fanout violation count 1
%OL_METRIC_I design__max_fanout_violation__count__corner:nom_tt_025C_1v80 1
max cap violation count 0
%OL_METRIC_I design__max_cap_violation__count__corner:nom_tt_025C_1v80 0
============================================================================

===========================================================================
check_setup -verbose -unconstrained_endpoints -multiple_clock -no_clock -no_input_delay -loops -generated_clocks
===========================================================================
%OL_END_REPORT
%OL_CREATE_REPORT power.rpt

===========================================================================
 report_power
============================================================================
======================= nom_tt_025C_1v80 Corner ===================================

Group                    Internal    Switching      Leakage        Total
                            Power        Power        Power        Power (Watts)
------------------------------------------------------------------------
Sequential           1.364513e-04 5.889458e-06 2.830513e-10 1.423411e-04  48.5%
Combinational        7.244057e-05 7.884768e-05 1.613785e-09 1.512899e-04  51.5%
Clock                0.000000e+00 0.000000e+00 0.000000e+00 0.000000e+00   0.0%
Macro                0.000000e+00 0.000000e+00 0.000000e+00 0.000000e+00   0.0%
Pad                  0.000000e+00 0.000000e+00 0.000000e+00 0.000000e+00   0.0%
------------------------------------------------------------------------
Total                2.088919e-04 8.473711e-05 1.896837e-09 2.936309e-04 100.0%
                            71.1%        28.9%         0.0%
%OL_METRIC_F power__internal__total 0.00020889186998829246
%OL_METRIC_F power__switching__total 8.473711204715073e-5
%OL_METRIC_F power__leakage__total 1.896836909764943e-9
%OL_METRIC_F power__total 0.0002936308737844229

%OL_END_REPORT
%OL_CREATE_REPORT skew.min.rpt

===========================================================================
Clock Skew (Hold)
============================================================================
%OL_METRIC_F clock__skew__worst_hold__corner:nom_tt_025C_1v80 -0.2695067578722309
======================= nom_tt_025C_1v80 Corner ===================================

Clock clk
0.185314 source latency _748_/CLK ^
-0.204821 target latency _753_/CLK ^
-0.250000 clock uncertainty
0.000000 CRPR
--------------
-0.269507 hold skew

%OL_END_REPORT
%OL_CREATE_REPORT skew.max.rpt

===========================================================================
Clock Skew (Setup)
============================================================================
%OL_METRIC_F clock__skew__worst_setup__corner:nom_tt_025C_1v80 0.2695067578722309
======================= nom_tt_025C_1v80 Corner ===================================

Clock clk
0.204821 source latency _748_/CLK ^
-0.185314 target latency _753_/CLK ^
0.250000 clock uncertainty
0.000000 CRPR
--------------
0.269507 setup skew

%OL_END_REPORT
%OL_CREATE_REPORT ws.min.rpt

===========================================================================
Worst Slack (Hold)
============================================================================
%OL_METRIC_F timing__hold__ws__corner:nom_tt_025C_1v80 0.1676315522727987
nom_tt_025C_1v80: 0.1676315522727987
%OL_END_REPORT
%OL_CREATE_REPORT ws.max.rpt

===========================================================================
Worst Slack (Setup)
============================================================================
%OL_METRIC_F timing__setup__ws__corner:nom_tt_025C_1v80 1.1544263649554096
nom_tt_025C_1v80: 1.1544263649554096
%OL_END_REPORT
%OL_CREATE_REPORT tns.min.rpt

===========================================================================
Total Negative Slack (Hold)
============================================================================
%OL_METRIC_F timing__hold__tns__corner:nom_tt_025C_1v80 0.0
nom_tt_025C_1v80: 0.0
%OL_END_REPORT
%OL_CREATE_REPORT tns.max.rpt

===========================================================================
Total Negative Slack (Setup)
============================================================================
%OL_METRIC_F timing__setup__tns__corner:nom_tt_025C_1v80 0.0
nom_tt_025C_1v80: 0.0
%OL_END_REPORT
%OL_CREATE_REPORT wns.min.rpt

===========================================================================
Worst Negative Slack (Hold)
============================================================================
%OL_METRIC_F timing__hold__wns__corner:nom_tt_025C_1v80 0
nom_tt_025C_1v80: 0
%OL_END_REPORT
%OL_CREATE_REPORT wns.max.rpt

===========================================================================
Worst Negative Slack (Setup)
============================================================================
%OL_METRIC_F timing__setup__wns__corner:nom_tt_025C_1v80 0.0
nom_tt_025C_1v80: 0.0
%OL_END_REPORT
%OL_CREATE_REPORT violator_list.rpt

===========================================================================
Violator List
============================================================================
%OL_METRIC_I timing__hold_vio__count__corner:nom_tt_025C_1v80 0
%OL_METRIC_F timing__hold_r2r__ws__corner:nom_tt_025C_1v80 0.167632
%OL_METRIC_I timing__hold_r2r_vio__count__corner:nom_tt_025C_1v80 0
%OL_METRIC_I timing__setup_vio__count__corner:nom_tt_025C_1v80 0
%OL_METRIC_F timing__setup_r2r__ws__corner:nom_tt_025C_1v80 inf
%OL_METRIC_I timing__setup_r2r_vio__count__corner:nom_tt_025C_1v80 0
%OL_END_REPORT
%OL_CREATE_REPORT unpropagated.rpt
clk
%OL_END_REPORT
%OL_CREATE_REPORT clock.rpt
Clock: clk
Sources: clk 
Generated: no
Virtual: no
Propagated: no
Period: 10.000000

===========================================================================
report_clock_properties
============================================================================
Clock                   Period          Waveform
----------------------------------------------------
clk                  10.000000    0.000000  5.000000

===========================================================================
report_clock_latency
============================================================================
Clock clk
rise -> rise
    min     max
0.000000 0.000000 source latency
0.185314         network latency _748_/CLK
        0.204821 network latency _748_/CLK
---------------
0.185314 0.204821 latency
        0.019507 skew

fall -> fall
    min     max
0.000000 0.000000 source latency
0.085366         network latency _748_/CLK
        0.094352 network latency _748_/CLK
---------------
0.085366 0.094352 latency
        0.008986 skew



===========================================================================
report_clock_min_period
============================================================================
clk period_min = 0.00 fmax = inf
%OL_END_REPORT
Writing SDF files for all corners…
