
===========================================================================
report_checks -path_delay max (Setup)
============================================================================
======================= nom_tt_025C_1v80 Corner ===================================

Startpoint: h0[1] (input port clocked by clk)
Endpoint: y[9] (output port clocked by clk)
Path Group: clk
Path Type: max

Fanout         Cap        Slew       Delay        Time   Description
---------------------------------------------------------------------------------------------
                                  0.000000    0.000000   clock clk (rise edge)
                                  0.000000    0.000000   clock network delay (propagated)
                                  2.000000    2.000000 v input external delay
     1    0.010147    0.024854    0.017321    2.017321 v h0[1] (in)
                                                         h0[1] (net)
                      0.024858    0.000000    2.017321 v input2/A (sky130_fd_sc_hd__buf_12)
     6    0.026896    0.031502    0.126050    2.143370 v input2/X (sky130_fd_sc_hd__buf_12)
                                                         net2 (net)
                      0.031534    0.000901    2.144271 v _453_/A2 (sky130_fd_sc_hd__a22o_4)
     2    0.010211    0.046617    0.266840    2.411111 v _453_/X (sky130_fd_sc_hd__a22o_4)
                                                         _114_ (net)
                      0.046622    0.000339    2.411450 v _454_/B2 (sky130_fd_sc_hd__a22o_4)
     2    0.009214    0.045360    0.237508    2.648959 v _454_/X (sky130_fd_sc_hd__a22o_4)
                                                         _115_ (net)
                      0.045360    0.000173    2.649132 v _457_/A1 (sky130_fd_sc_hd__a21o_4)
     2    0.007954    0.037544    0.209973    2.859105 v _457_/X (sky130_fd_sc_hd__a21o_4)
                                                         _118_ (net)
                      0.037544    0.000277    2.859382 v _459_/B2 (sky130_fd_sc_hd__a22o_4)
     2    0.010776    0.047355    0.237783    3.097165 v _459_/X (sky130_fd_sc_hd__a22o_4)
                                                         _120_ (net)
                      0.047355    0.000268    3.097433 v _461_/A1 (sky130_fd_sc_hd__a21o_4)
     3    0.015074    0.047347    0.225485    3.322918 v _461_/X (sky130_fd_sc_hd__a21o_4)
                                                         _122_ (net)
                      0.047348    0.000292    3.323210 v _463_/A1 (sky130_fd_sc_hd__a21o_4)
     2    0.008836    0.038590    0.212648    3.535858 v _463_/X (sky130_fd_sc_hd__a21o_4)
                                                         _124_ (net)
                      0.038590    0.000287    3.536145 v _477_/A2 (sky130_fd_sc_hd__a21o_4)
     3    0.011663    0.042143    0.228491    3.764636 v _477_/X (sky130_fd_sc_hd__a21o_4)
                                                         _138_ (net)
                      0.042143    0.000205    3.764841 v _478_/C (sky130_fd_sc_hd__and3_4)
     2    0.012284    0.042751    0.196715    3.961556 v _478_/X (sky130_fd_sc_hd__and3_4)
                                                         _139_ (net)
                      0.042758    0.000573    3.962128 v _496_/A1 (sky130_fd_sc_hd__o21a_4)
     2    0.005470    0.035622    0.217887    4.180016 v _496_/X (sky130_fd_sc_hd__o21a_4)
                                                         _157_ (net)
                      0.035622    0.000193    4.180209 v _512_/C (sky130_fd_sc_hd__or3_4)
     3    0.011585    0.077249    0.358864    4.539073 v _512_/X (sky130_fd_sc_hd__or3_4)
                                                         _173_ (net)
                      0.077249    0.000355    4.539428 v _515_/A2 (sky130_fd_sc_hd__a211o_4)
     2    0.010670    0.058668    0.371710    4.911138 v _515_/X (sky130_fd_sc_hd__a211o_4)
                                                         _176_ (net)
                      0.058668    0.000315    4.911452 v _585_/A2 (sky130_fd_sc_hd__a21o_4)
     2    0.011852    0.042544    0.237871    5.149323 v _585_/X (sky130_fd_sc_hd__a21o_4)
                                                         _245_ (net)
                      0.042547    0.000396    5.149719 v _637_/A1 (sky130_fd_sc_hd__a21o_4)
     2    0.011114    0.041511    0.215212    5.364931 v _637_/X (sky130_fd_sc_hd__a21o_4)
                                                         _296_ (net)
                      0.041514    0.000374    5.365305 v _674_/A1 (sky130_fd_sc_hd__a21o_4)
     2    0.010993    0.041303    0.214496    5.579801 v _674_/X (sky130_fd_sc_hd__a21o_4)
                                                         _332_ (net)
                      0.041307    0.000426    5.580227 v _695_/A1 (sky130_fd_sc_hd__a21o_4)
     2    0.013601    0.045068    0.219770    5.799997 v _695_/X (sky130_fd_sc_hd__a21o_4)
                                                         _352_ (net)
                      0.045071    0.000400    5.800397 v _697_/A1 (sky130_fd_sc_hd__a21o_4)
     2    0.012901    0.043992    0.219984    6.020380 v _697_/X (sky130_fd_sc_hd__a21o_4)
                                                         _353_ (net)
                      0.043993    0.000312    6.020692 v _705_/A1 (sky130_fd_sc_hd__a21o_2)
     1    0.005077    0.039707    0.198674    6.219366 v _705_/X (sky130_fd_sc_hd__a21o_2)
                                                         net34 (net)
                      0.039707    0.000127    6.219493 v output34/A (sky130_fd_sc_hd__buf_6)
     1    0.035179    0.044424    0.141386    6.360879 v output34/X (sky130_fd_sc_hd__buf_6)
                                                         y[9] (net)
                      0.044461    0.001205    6.362084 v y[9] (out)
                                              6.362084   data arrival time

                                 10.000000   10.000000   clock clk (rise edge)
                                  0.000000   10.000000   clock network delay (propagated)
                                 -0.250000    9.750000   clock uncertainty
                                  0.000000    9.750000   clock reconvergence pessimism
                                 -2.000000    7.750000   output external delay
                                              7.750000   data required time
---------------------------------------------------------------------------------------------
                                              7.750000   data required time
                                             -6.362084   data arrival time
---------------------------------------------------------------------------------------------
                                              1.387916   slack (MET)


Startpoint: h0[1] (input port clocked by clk)
Endpoint: y[8] (output port clocked by clk)
Path Group: clk
Path Type: max

Fanout         Cap        Slew       Delay        Time   Description
---------------------------------------------------------------------------------------------
                                  0.000000    0.000000   clock clk (rise edge)
                                  0.000000    0.000000   clock network delay (propagated)
                                  2.000000    2.000000 v input external delay
     1    0.010147    0.024854    0.017321    2.017321 v h0[1] (in)
                                                         h0[1] (net)
                      0.024858    0.000000    2.017321 v input2/A (sky130_fd_sc_hd__buf_12)
     6    0.026896    0.031502    0.126050    2.143370 v input2/X (sky130_fd_sc_hd__buf_12)
                                                         net2 (net)
                      0.031534    0.000901    2.144271 v _453_/A2 (sky130_fd_sc_hd__a22o_4)
     2    0.010211    0.046617    0.266840    2.411111 v _453_/X (sky130_fd_sc_hd__a22o_4)
                                                         _114_ (net)
                      0.046622    0.000339    2.411450 v _454_/B2 (sky130_fd_sc_hd__a22o_4)
     2    0.009214    0.045360    0.237508    2.648959 v _454_/X (sky130_fd_sc_hd__a22o_4)
                                                         _115_ (net)
                      0.045360    0.000173    2.649132 v _457_/A1 (sky130_fd_sc_hd__a21o_4)
     2    0.007954    0.037544    0.209973    2.859105 v _457_/X (sky130_fd_sc_hd__a21o_4)
                                                         _118_ (net)
                      0.037544    0.000277    2.859382 v _459_/B2 (sky130_fd_sc_hd__a22o_4)
     2    0.010776    0.047355    0.237783    3.097165 v _459_/X (sky130_fd_sc_hd__a22o_4)
                                                         _120_ (net)
                      0.047355    0.000268    3.097433 v _461_/A1 (sky130_fd_sc_hd__a21o_4)
     3    0.015074    0.047347    0.225485    3.322918 v _461_/X (sky130_fd_sc_hd__a21o_4)
                                                         _122_ (net)
                      0.047348    0.000292    3.323210 v _463_/A1 (sky130_fd_sc_hd__a21o_4)
     2    0.008836    0.038590    0.212648    3.535858 v _463_/X (sky130_fd_sc_hd__a21o_4)
                                                         _124_ (net)
                      0.038590    0.000287    3.536145 v _477_/A2 (sky130_fd_sc_hd__a21o_4)
     3    0.011663    0.042143    0.228491    3.764636 v _477_/X (sky130_fd_sc_hd__a21o_4)
                                                         _138_ (net)
                      0.042143    0.000205    3.764841 v _478_/C (sky130_fd_sc_hd__and3_4)
     2    0.012284    0.042751    0.196715    3.961556 v _478_/X (sky130_fd_sc_hd__and3_4)
                                                         _139_ (net)
                      0.042758    0.000573    3.962128 v _496_/A1 (sky130_fd_sc_hd__o21a_4)
     2    0.005470    0.035622    0.217887    4.180016 v _496_/X (sky130_fd_sc_hd__o21a_4)
                                                         _157_ (net)
                      0.035622    0.000193    4.180209 v _512_/C (sky130_fd_sc_hd__or3_4)
     3    0.011585    0.077249    0.358864    4.539073 v _512_/X (sky130_fd_sc_hd__or3_4)
                                                         _173_ (net)
                      0.077249    0.000355    4.539428 v _515_/A2 (sky130_fd_sc_hd__a211o_4)
     2    0.010670    0.058668    0.371710    4.911138 v _515_/X (sky130_fd_sc_hd__a211o_4)
                                                         _176_ (net)
                      0.058668    0.000315    4.911452 v _585_/A2 (sky130_fd_sc_hd__a21o_4)
     2    0.011852    0.042544    0.237871    5.149323 v _585_/X (sky130_fd_sc_hd__a21o_4)
                                                         _245_ (net)
                      0.042547    0.000396    5.149719 v _637_/A1 (sky130_fd_sc_hd__a21o_4)
     2    0.011114    0.041511    0.215212    5.364931 v _637_/X (sky130_fd_sc_hd__a21o_4)
                                                         _296_ (net)
                      0.041514    0.000374    5.365305 v _674_/A1 (sky130_fd_sc_hd__a21o_4)
     2    0.010993    0.041303    0.214496    5.579801 v _674_/X (sky130_fd_sc_hd__a21o_4)
                                                         _332_ (net)
                      0.041307    0.000426    5.580227 v _695_/A1 (sky130_fd_sc_hd__a21o_4)
     2    0.013601    0.045068    0.219770    5.799997 v _695_/X (sky130_fd_sc_hd__a21o_4)
                                                         _352_ (net)
                      0.045071    0.000400    5.800397 v _697_/A1 (sky130_fd_sc_hd__a21o_4)
     2    0.012901    0.043992    0.219984    6.020380 v _697_/X (sky130_fd_sc_hd__a21o_4)
                                                         _353_ (net)
                      0.043994    0.000360    6.020740 v _701_/A (sky130_fd_sc_hd__xor2_2)
     1    0.004829    0.045246    0.176063    6.196803 v _701_/X (sky130_fd_sc_hd__xor2_2)
                                                         net33 (net)
                      0.045246    0.000112    6.196915 v output33/A (sky130_fd_sc_hd__buf_6)
     1    0.035143    0.044381    0.143893    6.340808 v output33/X (sky130_fd_sc_hd__buf_6)
                                                         y[8] (net)
                      0.044416    0.001189    6.341997 v y[8] (out)
                                              6.341997   data arrival time

                                 10.000000   10.000000   clock clk (rise edge)
                                  0.000000   10.000000   clock network delay (propagated)
                                 -0.250000    9.750000   clock uncertainty
                                  0.000000    9.750000   clock reconvergence pessimism
                                 -2.000000    7.750000   output external delay
                                              7.750000   data required time
---------------------------------------------------------------------------------------------
                                              7.750000   data required time
                                             -6.341997   data arrival time
---------------------------------------------------------------------------------------------
                                              1.408003   slack (MET)


Startpoint: h0[1] (input port clocked by clk)
Endpoint: y[7] (output port clocked by clk)
Path Group: clk
Path Type: max

Fanout         Cap        Slew       Delay        Time   Description
---------------------------------------------------------------------------------------------
                                  0.000000    0.000000   clock clk (rise edge)
                                  0.000000    0.000000   clock network delay (propagated)
                                  2.000000    2.000000 v input external delay
     1    0.010147    0.024854    0.017321    2.017321 v h0[1] (in)
                                                         h0[1] (net)
                      0.024858    0.000000    2.017321 v input2/A (sky130_fd_sc_hd__buf_12)
     6    0.026896    0.031502    0.126050    2.143370 v input2/X (sky130_fd_sc_hd__buf_12)
                                                         net2 (net)
                      0.031534    0.000901    2.144271 v _453_/A2 (sky130_fd_sc_hd__a22o_4)
     2    0.010211    0.046617    0.266840    2.411111 v _453_/X (sky130_fd_sc_hd__a22o_4)
                                                         _114_ (net)
                      0.046622    0.000339    2.411450 v _454_/B2 (sky130_fd_sc_hd__a22o_4)
     2    0.009214    0.045360    0.237508    2.648959 v _454_/X (sky130_fd_sc_hd__a22o_4)
                                                         _115_ (net)
                      0.045360    0.000173    2.649132 v _457_/A1 (sky130_fd_sc_hd__a21o_4)
     2    0.007954    0.037544    0.209973    2.859105 v _457_/X (sky130_fd_sc_hd__a21o_4)
                                                         _118_ (net)
                      0.037544    0.000277    2.859382 v _459_/B2 (sky130_fd_sc_hd__a22o_4)
     2    0.010776    0.047355    0.237783    3.097165 v _459_/X (sky130_fd_sc_hd__a22o_4)
                                                         _120_ (net)
                      0.047355    0.000268    3.097433 v _461_/A1 (sky130_fd_sc_hd__a21o_4)
     3    0.015074    0.047347    0.225485    3.322918 v _461_/X (sky130_fd_sc_hd__a21o_4)
                                                         _122_ (net)
                      0.047348    0.000292    3.323210 v _463_/A1 (sky130_fd_sc_hd__a21o_4)
     2    0.008836    0.038590    0.212648    3.535858 v _463_/X (sky130_fd_sc_hd__a21o_4)
                                                         _124_ (net)
                      0.038590    0.000287    3.536145 v _477_/A2 (sky130_fd_sc_hd__a21o_4)
     3    0.011663    0.042143    0.228491    3.764636 v _477_/X (sky130_fd_sc_hd__a21o_4)
                                                         _138_ (net)
                      0.042143    0.000205    3.764841 v _478_/C (sky130_fd_sc_hd__and3_4)
     2    0.012284    0.042751    0.196715    3.961556 v _478_/X (sky130_fd_sc_hd__and3_4)
                                                         _139_ (net)
                      0.042758    0.000573    3.962128 v _496_/A1 (sky130_fd_sc_hd__o21a_4)
     2    0.005470    0.035622    0.217887    4.180016 v _496_/X (sky130_fd_sc_hd__o21a_4)
                                                         _157_ (net)
                      0.035622    0.000193    4.180209 v _512_/C (sky130_fd_sc_hd__or3_4)
     3    0.011585    0.077249    0.358864    4.539073 v _512_/X (sky130_fd_sc_hd__or3_4)
                                                         _173_ (net)
                      0.077249    0.000355    4.539428 v _515_/A2 (sky130_fd_sc_hd__a211o_4)
     2    0.010670    0.058668    0.371710    4.911138 v _515_/X (sky130_fd_sc_hd__a211o_4)
                                                         _176_ (net)
                      0.058668    0.000315    4.911452 v _585_/A2 (sky130_fd_sc_hd__a21o_4)
     2    0.011852    0.042544    0.237871    5.149323 v _585_/X (sky130_fd_sc_hd__a21o_4)
                                                         _245_ (net)
                      0.042547    0.000396    5.149719 v _637_/A1 (sky130_fd_sc_hd__a21o_4)
     2    0.011114    0.041511    0.215212    5.364931 v _637_/X (sky130_fd_sc_hd__a21o_4)
                                                         _296_ (net)
                      0.041514    0.000374    5.365305 v _674_/A1 (sky130_fd_sc_hd__a21o_4)
     2    0.010993    0.041303    0.214496    5.579801 v _674_/X (sky130_fd_sc_hd__a21o_4)
                                                         _332_ (net)
                      0.041307    0.000426    5.580227 v _695_/A1 (sky130_fd_sc_hd__a21o_4)
     2    0.013601    0.045068    0.219770    5.799997 v _695_/X (sky130_fd_sc_hd__a21o_4)
                                                         _352_ (net)
                      0.045070    0.000334    5.800331 v _696_/B (sky130_fd_sc_hd__xor2_2)
     1    0.004802    0.064355    0.147326    5.947657 v _696_/X (sky130_fd_sc_hd__xor2_2)
                                                         net32 (net)
                      0.064355    0.000111    5.947768 v output32/A (sky130_fd_sc_hd__buf_6)
     1    0.035223    0.044442    0.152965    6.100733 v output32/X (sky130_fd_sc_hd__buf_6)
                                                         y[7] (net)
                      0.044480    0.001227    6.101960 v y[7] (out)
                                              6.101960   data arrival time

                                 10.000000   10.000000   clock clk (rise edge)
                                  0.000000   10.000000   clock network delay (propagated)
                                 -0.250000    9.750000   clock uncertainty
                                  0.000000    9.750000   clock reconvergence pessimism
                                 -2.000000    7.750000   output external delay
                                              7.750000   data required time
---------------------------------------------------------------------------------------------
                                              7.750000   data required time
                                             -6.101960   data arrival time
---------------------------------------------------------------------------------------------
                                              1.648040   slack (MET)


Startpoint: h0[1] (input port clocked by clk)
Endpoint: y[6] (output port clocked by clk)
Path Group: clk
Path Type: max

Fanout         Cap        Slew       Delay        Time   Description
---------------------------------------------------------------------------------------------
                                  0.000000    0.000000   clock clk (rise edge)
                                  0.000000    0.000000   clock network delay (propagated)
                                  2.000000    2.000000 v input external delay
     1    0.010147    0.024854    0.017321    2.017321 v h0[1] (in)
                                                         h0[1] (net)
                      0.024858    0.000000    2.017321 v input2/A (sky130_fd_sc_hd__buf_12)
     6    0.026896    0.031502    0.126050    2.143370 v input2/X (sky130_fd_sc_hd__buf_12)
                                                         net2 (net)
                      0.031534    0.000901    2.144271 v _453_/A2 (sky130_fd_sc_hd__a22o_4)
     2    0.010211    0.046617    0.266840    2.411111 v _453_/X (sky130_fd_sc_hd__a22o_4)
                                                         _114_ (net)
                      0.046622    0.000339    2.411450 v _454_/B2 (sky130_fd_sc_hd__a22o_4)
     2    0.009214    0.045360    0.237508    2.648959 v _454_/X (sky130_fd_sc_hd__a22o_4)
                                                         _115_ (net)
                      0.045360    0.000173    2.649132 v _457_/A1 (sky130_fd_sc_hd__a21o_4)
     2    0.007954    0.037544    0.209973    2.859105 v _457_/X (sky130_fd_sc_hd__a21o_4)
                                                         _118_ (net)
                      0.037544    0.000277    2.859382 v _459_/B2 (sky130_fd_sc_hd__a22o_4)
     2    0.010776    0.047355    0.237783    3.097165 v _459_/X (sky130_fd_sc_hd__a22o_4)
                                                         _120_ (net)
                      0.047355    0.000268    3.097433 v _461_/A1 (sky130_fd_sc_hd__a21o_4)
     3    0.015074    0.047347    0.225485    3.322918 v _461_/X (sky130_fd_sc_hd__a21o_4)
                                                         _122_ (net)
                      0.047348    0.000292    3.323210 v _463_/A1 (sky130_fd_sc_hd__a21o_4)
     2    0.008836    0.038590    0.212648    3.535858 v _463_/X (sky130_fd_sc_hd__a21o_4)
                                                         _124_ (net)
                      0.038590    0.000287    3.536145 v _477_/A2 (sky130_fd_sc_hd__a21o_4)
     3    0.011663    0.042143    0.228491    3.764636 v _477_/X (sky130_fd_sc_hd__a21o_4)
                                                         _138_ (net)
                      0.042143    0.000205    3.764841 v _478_/C (sky130_fd_sc_hd__and3_4)
     2    0.012284    0.042751    0.196715    3.961556 v _478_/X (sky130_fd_sc_hd__and3_4)
                                                         _139_ (net)
                      0.042758    0.000573    3.962128 v _496_/A1 (sky130_fd_sc_hd__o21a_4)
     2    0.005470    0.035622    0.217887    4.180016 v _496_/X (sky130_fd_sc_hd__o21a_4)
                                                         _157_ (net)
                      0.035622    0.000193    4.180209 v _512_/C (sky130_fd_sc_hd__or3_4)
     3    0.011585    0.077249    0.358864    4.539073 v _512_/X (sky130_fd_sc_hd__or3_4)
                                                         _173_ (net)
                      0.077249    0.000355    4.539428 v _515_/A2 (sky130_fd_sc_hd__a211o_4)
     2    0.010670    0.058668    0.371710    4.911138 v _515_/X (sky130_fd_sc_hd__a211o_4)
                                                         _176_ (net)
                      0.058668    0.000315    4.911452 v _585_/A2 (sky130_fd_sc_hd__a21o_4)
     2    0.011852    0.042544    0.237871    5.149323 v _585_/X (sky130_fd_sc_hd__a21o_4)
                                                         _245_ (net)
                      0.042547    0.000396    5.149719 v _637_/A1 (sky130_fd_sc_hd__a21o_4)
     2    0.011114    0.041511    0.215212    5.364931 v _637_/X (sky130_fd_sc_hd__a21o_4)
                                                         _296_ (net)
                      0.041514    0.000374    5.365305 v _674_/A1 (sky130_fd_sc_hd__a21o_4)
     2    0.010993    0.041303    0.214496    5.579801 v _674_/X (sky130_fd_sc_hd__a21o_4)
                                                         _332_ (net)
                      0.041306    0.000399    5.580200 v rebuffer55/A (sky130_fd_sc_hd__buf_6)
     1    0.009130    0.024772    0.118014    5.698215 v rebuffer55/X (sky130_fd_sc_hd__buf_6)
                                                         net55 (net)
                      0.024772    0.000354    5.698569 v _675_/B (sky130_fd_sc_hd__xnor2_2)
     1    0.006856    0.143256    0.142542    5.841111 ^ _675_/Y (sky130_fd_sc_hd__xnor2_2)
                                                         net31 (net)
                      0.143256    0.000305    5.841416 ^ output31/A (sky130_fd_sc_hd__buf_6)
     1    0.035408    0.079291    0.164722    6.006138 ^ output31/X (sky130_fd_sc_hd__buf_6)
                                                         y[6] (net)
                      0.079309    0.001223    6.007362 ^ y[6] (out)
                                              6.007362   data arrival time

                                 10.000000   10.000000   clock clk (rise edge)
                                  0.000000   10.000000   clock network delay (propagated)
                                 -0.250000    9.750000   clock uncertainty
                                  0.000000    9.750000   clock reconvergence pessimism
                                 -2.000000    7.750000   output external delay
                                              7.750000   data required time
---------------------------------------------------------------------------------------------
                                              7.750000   data required time
                                             -6.007362   data arrival time
---------------------------------------------------------------------------------------------
                                              1.742638   slack (MET)


Startpoint: h0[1] (input port clocked by clk)
Endpoint: y[5] (output port clocked by clk)
Path Group: clk
Path Type: max

Fanout         Cap        Slew       Delay        Time   Description
---------------------------------------------------------------------------------------------
                                  0.000000    0.000000   clock clk (rise edge)
                                  0.000000    0.000000   clock network delay (propagated)
                                  2.000000    2.000000 v input external delay
     1    0.010147    0.024854    0.017321    2.017321 v h0[1] (in)
                                                         h0[1] (net)
                      0.024858    0.000000    2.017321 v input2/A (sky130_fd_sc_hd__buf_12)
     6    0.026896    0.031502    0.126050    2.143370 v input2/X (sky130_fd_sc_hd__buf_12)
                                                         net2 (net)
                      0.031534    0.000901    2.144271 v _453_/A2 (sky130_fd_sc_hd__a22o_4)
     2    0.010211    0.046617    0.266840    2.411111 v _453_/X (sky130_fd_sc_hd__a22o_4)
                                                         _114_ (net)
                      0.046622    0.000339    2.411450 v _454_/B2 (sky130_fd_sc_hd__a22o_4)
     2    0.009214    0.045360    0.237508    2.648959 v _454_/X (sky130_fd_sc_hd__a22o_4)
                                                         _115_ (net)
                      0.045360    0.000173    2.649132 v _457_/A1 (sky130_fd_sc_hd__a21o_4)
     2    0.007954    0.037544    0.209973    2.859105 v _457_/X (sky130_fd_sc_hd__a21o_4)
                                                         _118_ (net)
                      0.037544    0.000277    2.859382 v _459_/B2 (sky130_fd_sc_hd__a22o_4)
     2    0.010776    0.047355    0.237783    3.097165 v _459_/X (sky130_fd_sc_hd__a22o_4)
                                                         _120_ (net)
                      0.047355    0.000268    3.097433 v _461_/A1 (sky130_fd_sc_hd__a21o_4)
     3    0.015074    0.047347    0.225485    3.322918 v _461_/X (sky130_fd_sc_hd__a21o_4)
                                                         _122_ (net)
                      0.047348    0.000292    3.323210 v _463_/A1 (sky130_fd_sc_hd__a21o_4)
     2    0.008836    0.038590    0.212648    3.535858 v _463_/X (sky130_fd_sc_hd__a21o_4)
                                                         _124_ (net)
                      0.038590    0.000287    3.536145 v _477_/A2 (sky130_fd_sc_hd__a21o_4)
     3    0.011663    0.042143    0.228491    3.764636 v _477_/X (sky130_fd_sc_hd__a21o_4)
                                                         _138_ (net)
                      0.042143    0.000205    3.764841 v _478_/C (sky130_fd_sc_hd__and3_4)
     2    0.012284    0.042751    0.196715    3.961556 v _478_/X (sky130_fd_sc_hd__and3_4)
                                                         _139_ (net)
                      0.042758    0.000573    3.962128 v _496_/A1 (sky130_fd_sc_hd__o21a_4)
     2    0.005470    0.035622    0.217887    4.180016 v _496_/X (sky130_fd_sc_hd__o21a_4)
                                                         _157_ (net)
                      0.035622    0.000193    4.180209 v _512_/C (sky130_fd_sc_hd__or3_4)
     3    0.011585    0.077249    0.358864    4.539073 v _512_/X (sky130_fd_sc_hd__or3_4)
                                                         _173_ (net)
                      0.077249    0.000355    4.539428 v _515_/A2 (sky130_fd_sc_hd__a211o_4)
     2    0.010670    0.058668    0.371710    4.911138 v _515_/X (sky130_fd_sc_hd__a211o_4)
                                                         _176_ (net)
                      0.058668    0.000315    4.911452 v _585_/A2 (sky130_fd_sc_hd__a21o_4)
     2    0.011852    0.042544    0.237871    5.149323 v _585_/X (sky130_fd_sc_hd__a21o_4)
                                                         _245_ (net)
                      0.042547    0.000396    5.149719 v _637_/A1 (sky130_fd_sc_hd__a21o_4)
     2    0.011114    0.041511    0.215212    5.364931 v _637_/X (sky130_fd_sc_hd__a21o_4)
                                                         _296_ (net)
                      0.041514    0.000359    5.365290 v rebuffer62/A (sky130_fd_sc_hd__buf_6)
     1    0.009104    0.024738    0.118129    5.483419 v rebuffer62/X (sky130_fd_sc_hd__buf_6)
                                                         net62 (net)
                      0.024738    0.000205    5.483624 v _638_/B (sky130_fd_sc_hd__xor2_2)
     1    0.005390    0.066349    0.142160    5.625784 v _638_/X (sky130_fd_sc_hd__xor2_2)
                                                         net30 (net)
                      0.066349    0.000197    5.625981 v output30/A (sky130_fd_sc_hd__buf_6)
     1    0.035377    0.044563    0.154047    5.780028 v output30/X (sky130_fd_sc_hd__buf_6)
                                                         y[5] (net)
                      0.044601    0.001236    5.781264 v y[5] (out)
                                              5.781264   data arrival time

                                 10.000000   10.000000   clock clk (rise edge)
                                  0.000000   10.000000   clock network delay (propagated)
                                 -0.250000    9.750000   clock uncertainty
                                  0.000000    9.750000   clock reconvergence pessimism
                                 -2.000000    7.750000   output external delay
                                              7.750000   data required time
---------------------------------------------------------------------------------------------
                                              7.750000   data required time
                                             -5.781264   data arrival time
---------------------------------------------------------------------------------------------
                                              1.968735   slack (MET)


Startpoint: h0[1] (input port clocked by clk)
Endpoint: y[4] (output port clocked by clk)
Path Group: clk
Path Type: max

Fanout         Cap        Slew       Delay        Time   Description
---------------------------------------------------------------------------------------------
                                  0.000000    0.000000   clock clk (rise edge)
                                  0.000000    0.000000   clock network delay (propagated)
                                  2.000000    2.000000 v input external delay
     1    0.010147    0.024854    0.017321    2.017321 v h0[1] (in)
                                                         h0[1] (net)
                      0.024858    0.000000    2.017321 v input2/A (sky130_fd_sc_hd__buf_12)
     6    0.026896    0.031502    0.126050    2.143370 v input2/X (sky130_fd_sc_hd__buf_12)
                                                         net2 (net)
                      0.031534    0.000901    2.144271 v _453_/A2 (sky130_fd_sc_hd__a22o_4)
     2    0.010211    0.046617    0.266840    2.411111 v _453_/X (sky130_fd_sc_hd__a22o_4)
                                                         _114_ (net)
                      0.046622    0.000339    2.411450 v _454_/B2 (sky130_fd_sc_hd__a22o_4)
     2    0.009214    0.045360    0.237508    2.648959 v _454_/X (sky130_fd_sc_hd__a22o_4)
                                                         _115_ (net)
                      0.045360    0.000173    2.649132 v _457_/A1 (sky130_fd_sc_hd__a21o_4)
     2    0.007954    0.037544    0.209973    2.859105 v _457_/X (sky130_fd_sc_hd__a21o_4)
                                                         _118_ (net)
                      0.037544    0.000277    2.859382 v _459_/B2 (sky130_fd_sc_hd__a22o_4)
     2    0.010776    0.047355    0.237783    3.097165 v _459_/X (sky130_fd_sc_hd__a22o_4)
                                                         _120_ (net)
                      0.047355    0.000268    3.097433 v _461_/A1 (sky130_fd_sc_hd__a21o_4)
     3    0.015074    0.047347    0.225485    3.322918 v _461_/X (sky130_fd_sc_hd__a21o_4)
                                                         _122_ (net)
                      0.047348    0.000292    3.323210 v _463_/A1 (sky130_fd_sc_hd__a21o_4)
     2    0.008836    0.038590    0.212648    3.535858 v _463_/X (sky130_fd_sc_hd__a21o_4)
                                                         _124_ (net)
                      0.038590    0.000287    3.536145 v _477_/A2 (sky130_fd_sc_hd__a21o_4)
     3    0.011663    0.042143    0.228491    3.764636 v _477_/X (sky130_fd_sc_hd__a21o_4)
                                                         _138_ (net)
                      0.042143    0.000205    3.764841 v _478_/C (sky130_fd_sc_hd__and3_4)
     2    0.012284    0.042751    0.196715    3.961556 v _478_/X (sky130_fd_sc_hd__and3_4)
                                                         _139_ (net)
                      0.042758    0.000573    3.962128 v _496_/A1 (sky130_fd_sc_hd__o21a_4)
     2    0.005470    0.035622    0.217887    4.180016 v _496_/X (sky130_fd_sc_hd__o21a_4)
                                                         _157_ (net)
                      0.035622    0.000193    4.180209 v _512_/C (sky130_fd_sc_hd__or3_4)
     3    0.011585    0.077249    0.358864    4.539073 v _512_/X (sky130_fd_sc_hd__or3_4)
                                                         _173_ (net)
                      0.077249    0.000355    4.539428 v _515_/A2 (sky130_fd_sc_hd__a211o_4)
     2    0.010670    0.058668    0.371710    4.911138 v _515_/X (sky130_fd_sc_hd__a211o_4)
                                                         _176_ (net)
                      0.058668    0.000315    4.911452 v _585_/A2 (sky130_fd_sc_hd__a21o_4)
     2    0.011852    0.042544    0.237871    5.149323 v _585_/X (sky130_fd_sc_hd__a21o_4)
                                                         _245_ (net)
                      0.042548    0.000449    5.149772 v rebuffer54/A (sky130_fd_sc_hd__buf_6)
     1    0.009384    0.024949    0.118894    5.268666 v rebuffer54/X (sky130_fd_sc_hd__buf_6)
                                                         net54 (net)
                      0.024949    0.000321    5.268987 v _586_/B (sky130_fd_sc_hd__xor2_2)
     1    0.005134    0.064619    0.141373    5.410360 v _586_/X (sky130_fd_sc_hd__xor2_2)
                                                         net29 (net)
                      0.064619    0.000180    5.410540 v output29/A (sky130_fd_sc_hd__buf_6)
     1    0.035294    0.044465    0.153256    5.563796 v output29/X (sky130_fd_sc_hd__buf_6)
                                                         y[4] (net)
                      0.044492    0.001043    5.564838 v y[4] (out)
                                              5.564838   data arrival time

                                 10.000000   10.000000   clock clk (rise edge)
                                  0.000000   10.000000   clock network delay (propagated)
                                 -0.250000    9.750000   clock uncertainty
                                  0.000000    9.750000   clock reconvergence pessimism
                                 -2.000000    7.750000   output external delay
                                              7.750000   data required time
---------------------------------------------------------------------------------------------
                                              7.750000   data required time
                                             -5.564838   data arrival time
---------------------------------------------------------------------------------------------
                                              2.185161   slack (MET)


Startpoint: h0[1] (input port clocked by clk)
Endpoint: y[3] (output port clocked by clk)
Path Group: clk
Path Type: max

Fanout         Cap        Slew       Delay        Time   Description
---------------------------------------------------------------------------------------------
                                  0.000000    0.000000   clock clk (rise edge)
                                  0.000000    0.000000   clock network delay (propagated)
                                  2.000000    2.000000 v input external delay
     1    0.010147    0.024854    0.017321    2.017321 v h0[1] (in)
                                                         h0[1] (net)
                      0.024858    0.000000    2.017321 v input2/A (sky130_fd_sc_hd__buf_12)
     6    0.026896    0.031502    0.126050    2.143370 v input2/X (sky130_fd_sc_hd__buf_12)
                                                         net2 (net)
                      0.031534    0.000901    2.144271 v _453_/A2 (sky130_fd_sc_hd__a22o_4)
     2    0.010211    0.046617    0.266840    2.411111 v _453_/X (sky130_fd_sc_hd__a22o_4)
                                                         _114_ (net)
                      0.046622    0.000339    2.411450 v _454_/B2 (sky130_fd_sc_hd__a22o_4)
     2    0.009214    0.045360    0.237508    2.648959 v _454_/X (sky130_fd_sc_hd__a22o_4)
                                                         _115_ (net)
                      0.045360    0.000173    2.649132 v _457_/A1 (sky130_fd_sc_hd__a21o_4)
     2    0.007954    0.037544    0.209973    2.859105 v _457_/X (sky130_fd_sc_hd__a21o_4)
                                                         _118_ (net)
                      0.037544    0.000277    2.859382 v _459_/B2 (sky130_fd_sc_hd__a22o_4)
     2    0.010776    0.047355    0.237783    3.097165 v _459_/X (sky130_fd_sc_hd__a22o_4)
                                                         _120_ (net)
                      0.047355    0.000268    3.097433 v _461_/A1 (sky130_fd_sc_hd__a21o_4)
     3    0.015074    0.047347    0.225485    3.322918 v _461_/X (sky130_fd_sc_hd__a21o_4)
                                                         _122_ (net)
                      0.047348    0.000292    3.323210 v _463_/A1 (sky130_fd_sc_hd__a21o_4)
     2    0.008836    0.038590    0.212648    3.535858 v _463_/X (sky130_fd_sc_hd__a21o_4)
                                                         _124_ (net)
                      0.038590    0.000287    3.536145 v _477_/A2 (sky130_fd_sc_hd__a21o_4)
     3    0.011663    0.042143    0.228491    3.764636 v _477_/X (sky130_fd_sc_hd__a21o_4)
                                                         _138_ (net)
                      0.042143    0.000205    3.764841 v _478_/C (sky130_fd_sc_hd__and3_4)
     2    0.012284    0.042751    0.196715    3.961556 v _478_/X (sky130_fd_sc_hd__and3_4)
                                                         _139_ (net)
                      0.042758    0.000573    3.962128 v _496_/A1 (sky130_fd_sc_hd__o21a_4)
     2    0.005470    0.035622    0.217887    4.180016 v _496_/X (sky130_fd_sc_hd__o21a_4)
                                                         _157_ (net)
                      0.035622    0.000193    4.180209 v _512_/C (sky130_fd_sc_hd__or3_4)
     3    0.011585    0.077249    0.358864    4.539073 v _512_/X (sky130_fd_sc_hd__or3_4)
                                                         _173_ (net)
                      0.077249    0.000355    4.539428 v _515_/A2 (sky130_fd_sc_hd__a211o_4)
     2    0.010670    0.058668    0.371710    4.911138 v _515_/X (sky130_fd_sc_hd__a211o_4)
                                                         _176_ (net)
                      0.058668    0.000212    4.911350 v rebuffer52/A (sky130_fd_sc_hd__buf_6)
     1    0.009741    0.025205    0.126859    5.038208 v rebuffer52/X (sky130_fd_sc_hd__buf_6)
                                                         net52 (net)
                      0.025205    0.000311    5.038519 v _516_/B (sky130_fd_sc_hd__nand2b_4)
     1    0.009486    0.052962    0.063299    5.101818 ^ _516_/Y (sky130_fd_sc_hd__nand2b_4)
                                                         _177_ (net)
                      0.052962    0.000278    5.102096 ^ _518_/B (sky130_fd_sc_hd__xnor2_2)
     1    0.006022    0.134320    0.112941    5.215036 ^ _518_/Y (sky130_fd_sc_hd__xnor2_2)
                                                         net28 (net)
                      0.134320    0.000230    5.215267 ^ output28/A (sky130_fd_sc_hd__buf_6)
     1    0.035821    0.079945    0.163332    5.378599 ^ output28/X (sky130_fd_sc_hd__buf_6)
                                                         y[3] (net)
                      0.079962    0.001188    5.379787 ^ y[3] (out)
                                              5.379787   data arrival time

                                 10.000000   10.000000   clock clk (rise edge)
                                  0.000000   10.000000   clock network delay (propagated)
                                 -0.250000    9.750000   clock uncertainty
                                  0.000000    9.750000   clock reconvergence pessimism
                                 -2.000000    7.750000   output external delay
                                              7.750000   data required time
---------------------------------------------------------------------------------------------
                                              7.750000   data required time
                                             -5.379787   data arrival time
---------------------------------------------------------------------------------------------
                                              2.370213   slack (MET)


Startpoint: h2[1] (input port clocked by clk)
Endpoint: y[2] (output port clocked by clk)
Path Group: clk
Path Type: max

Fanout         Cap        Slew       Delay        Time   Description
---------------------------------------------------------------------------------------------
                                  0.000000    0.000000   clock clk (rise edge)
                                  0.000000    0.000000   clock network delay (propagated)
                                  2.000000    2.000000 v input external delay
     1    0.002957    0.008996    0.004944    2.004944 v h2[1] (in)
                                                         h2[1] (net)
                      0.008997    0.000000    2.004944 v input10/A (sky130_fd_sc_hd__dlymetal6s4s_1)
     6    0.021452    0.117363    0.320322    2.325266 v input10/X (sky130_fd_sc_hd__dlymetal6s4s_1)
                                                         net10 (net)
                      0.117363    0.000302    2.325568 v _413_/B (sky130_fd_sc_hd__and2_4)
     4    0.011298    0.037920    0.207232    2.532800 v _413_/X (sky130_fd_sc_hd__and2_4)
                                                         _075_ (net)
                      0.037920    0.000197    2.532997 v _414_/C (sky130_fd_sc_hd__and3_2)
     3    0.009333    0.053156    0.233567    2.766564 v _414_/X (sky130_fd_sc_hd__and3_2)
                                                         _076_ (net)
                      0.053156    0.000132    2.766695 v _418_/A (sky130_fd_sc_hd__or3b_4)
     3    0.021399    0.094973    0.458393    3.225088 v _418_/X (sky130_fd_sc_hd__or3b_4)
                                                         _080_ (net)
                      0.094973    0.000324    3.225413 v _420_/A (sky130_fd_sc_hd__and2_2)
     2    0.007196    0.046691    0.209715    3.435128 v _420_/X (sky130_fd_sc_hd__and2_2)
                                                         _082_ (net)
                      0.046691    0.000155    3.435283 v _423_/A (sky130_fd_sc_hd__nand2_2)
     3    0.026121    0.146071    0.136240    3.571522 ^ _423_/Y (sky130_fd_sc_hd__nand2_2)
                                                         _085_ (net)
                      0.146076    0.000715    3.572237 ^ _425_/A (sky130_fd_sc_hd__nand2_2)
     2    0.009124    0.061712    0.085639    3.657876 v _425_/Y (sky130_fd_sc_hd__nand2_2)
                                                         _087_ (net)
                      0.061712    0.000272    3.658149 v _426_/C (sky130_fd_sc_hd__or3_4)
     3    0.010740    0.075676    0.364053    4.022202 v _426_/X (sky130_fd_sc_hd__or3_4)
                                                         _088_ (net)
                      0.075676    0.000308    4.022510 v _439_/A1 (sky130_fd_sc_hd__a211o_2)
     2    0.007599    0.060122    0.333928    4.356438 v _439_/X (sky130_fd_sc_hd__a211o_2)
                                                         _101_ (net)
                      0.060122    0.000148    4.356586 v _440_/B (sky130_fd_sc_hd__nand2b_2)
     1    0.010093    0.072389    0.094325    4.450912 ^ _440_/Y (sky130_fd_sc_hd__nand2b_2)
                                                         _102_ (net)
                      0.072389    0.000298    4.451209 ^ _449_/A (sky130_fd_sc_hd__xnor2_2)
     1    0.002971    0.101530    0.111711    4.562920 ^ _449_/Y (sky130_fd_sc_hd__xnor2_2)
                                                         net27 (net)
                      0.101530    0.000077    4.562997 ^ output27/A (sky130_fd_sc_hd__dlymetal6s2s_1)
     1    0.034692    0.350245    0.340215    4.903212 ^ output27/X (sky130_fd_sc_hd__dlymetal6s2s_1)
                                                         y[2] (net)
                      0.350247    0.000758    4.903970 ^ y[2] (out)
                                              4.903970   data arrival time

                                 10.000000   10.000000   clock clk (rise edge)
                                  0.000000   10.000000   clock network delay (propagated)
                                 -0.250000    9.750000   clock uncertainty
                                  0.000000    9.750000   clock reconvergence pessimism
                                 -2.000000    7.750000   output external delay
                                              7.750000   data required time
---------------------------------------------------------------------------------------------
                                              7.750000   data required time
                                             -4.903970   data arrival time
---------------------------------------------------------------------------------------------
                                              2.846030   slack (MET)


Startpoint: h0[1] (input port clocked by clk)
Endpoint: y[1] (output port clocked by clk)
Path Group: clk
Path Type: max

Fanout         Cap        Slew       Delay        Time   Description
---------------------------------------------------------------------------------------------
                                  0.000000    0.000000   clock clk (rise edge)
                                  0.000000    0.000000   clock network delay (propagated)
                                  2.000000    2.000000 v input external delay
     1    0.010147    0.024854    0.017321    2.017321 v h0[1] (in)
                                                         h0[1] (net)
                      0.024858    0.000000    2.017321 v input2/A (sky130_fd_sc_hd__buf_12)
     6    0.026896    0.031502    0.126050    2.143370 v input2/X (sky130_fd_sc_hd__buf_12)
                                                         net2 (net)
                      0.031530    0.000849    2.144219 v rebuffer70/A (sky130_fd_sc_hd__buf_2)
     3    0.013097    0.045225    0.141718    2.285938 v rebuffer70/X (sky130_fd_sc_hd__buf_2)
                                                         net70 (net)
                      0.045229    0.000477    2.286414 v _380_/C (sky130_fd_sc_hd__nand4_2)
     4    0.020317    0.151545    0.157292    2.443706 ^ _380_/Y (sky130_fd_sc_hd__nand4_2)
                                                         _042_ (net)
                      0.151547    0.000448    2.444155 ^ _392_/B (sky130_fd_sc_hd__and4_2)
     3    0.014031    0.102234    0.301084    2.745239 ^ _392_/X (sky130_fd_sc_hd__and4_2)
                                                         _054_ (net)
                      0.102234    0.000238    2.745477 ^ _394_/A (sky130_fd_sc_hd__nor2_2)
     2    0.007348    0.045107    0.062383    2.807860 v _394_/Y (sky130_fd_sc_hd__nor2_2)
                                                         _056_ (net)
                      0.045108    0.000230    2.808090 v _396_/A (sky130_fd_sc_hd__and2_2)
     3    0.010249    0.053527    0.196542    3.004632 v _396_/X (sky130_fd_sc_hd__and2_2)
                                                         _058_ (net)
                      0.053527    0.000166    3.004798 v _430_/A (sky130_fd_sc_hd__or2_2)
     2    0.008533    0.070504    0.333013    3.337811 v _430_/X (sky130_fd_sc_hd__or2_2)
                                                         _092_ (net)
                      0.070505    0.000333    3.338144 v _433_/A (sky130_fd_sc_hd__nor2_2)
     3    0.011746    0.148689    0.177946    3.516090 ^ _433_/Y (sky130_fd_sc_hd__nor2_2)
                                                         _095_ (net)
                      0.148737    0.000209    3.516299 ^ _436_/A (sky130_fd_sc_hd__nor2_2)
     2    0.007352    0.046338    0.072483    3.588783 v _436_/Y (sky130_fd_sc_hd__nor2_2)
                                                         _098_ (net)
                      0.046339    0.000253    3.589035 v _437_/C (sky130_fd_sc_hd__and3_2)
     3    0.010342    0.055973    0.240815    3.829850 v _437_/X (sky130_fd_sc_hd__and3_2)
                                                         _099_ (net)
                      0.055973    0.000326    3.830176 v _442_/A (sky130_fd_sc_hd__nor2_2)
     2    0.013410    0.165665    0.184881    4.015057 ^ _442_/Y (sky130_fd_sc_hd__nor2_2)
                                                         _104_ (net)
                      0.165669    0.000643    4.015700 ^ _704_/A (sky130_fd_sc_hd__xnor2_2)
     1    0.002660    0.098109    0.132014    4.147714 ^ _704_/Y (sky130_fd_sc_hd__xnor2_2)
                                                         net26 (net)
                      0.098109    0.000058    4.147772 ^ output26/A (sky130_fd_sc_hd__clkdlybuf4s25_1)
     1    0.034865    0.352251    0.505648    4.653420 ^ output26/X (sky130_fd_sc_hd__clkdlybuf4s25_1)
                                                         y[1] (net)
                      0.352251    0.000992    4.654412 ^ y[1] (out)
                                              4.654412   data arrival time

                                 10.000000   10.000000   clock clk (rise edge)
                                  0.000000   10.000000   clock network delay (propagated)
                                 -0.250000    9.750000   clock uncertainty
                                  0.000000    9.750000   clock reconvergence pessimism
                                 -2.000000    7.750000   output external delay
                                              7.750000   data required time
---------------------------------------------------------------------------------------------
                                              7.750000   data required time
                                             -4.654412   data arrival time
---------------------------------------------------------------------------------------------
                                              3.095588   slack (MET)


Startpoint: h1[0] (input port clocked by clk)
Endpoint: y[0] (output port clocked by clk)
Path Group: clk
Path Type: max

Fanout         Cap        Slew       Delay        Time   Description
---------------------------------------------------------------------------------------------
                                  0.000000    0.000000   clock clk (rise edge)
                                  0.000000    0.000000   clock network delay (propagated)
                                  2.000000    2.000000 ^ input external delay
     1    0.003835    0.024224    0.014658    2.014658 ^ h1[0] (in)
                                                         h1[0] (net)
                      0.024232    0.000000    2.014658 ^ input5/A (sky130_fd_sc_hd__clkbuf_2)
    10    0.038593    0.211522    0.224756    2.239413 ^ input5/X (sky130_fd_sc_hd__clkbuf_2)
                                                         net5 (net)
                      0.211551    0.002184    2.241597 ^ _395_/A (sky130_fd_sc_hd__and4_2)
     3    0.013382    0.099715    0.310355    2.551952 ^ _395_/X (sky130_fd_sc_hd__and4_2)
                                                         _057_ (net)
                      0.099715    0.000327    2.552279 ^ _444_/A (sky130_fd_sc_hd__nor2_2)
     2    0.015801    0.060099    0.079136    2.631415 v _444_/Y (sky130_fd_sc_hd__nor2_2)
                                                         _106_ (net)
                      0.060105    0.000636    2.632051 v _445_/B (sky130_fd_sc_hd__xnor2_2)
     2    0.006764    0.057466    0.146817    2.778868 v _445_/Y (sky130_fd_sc_hd__xnor2_2)
                                                         _107_ (net)
                      0.057466    0.000203    2.779071 v _446_/C (sky130_fd_sc_hd__and3_2)
     2    0.008621    0.051518    0.239907    3.018978 v _446_/X (sky130_fd_sc_hd__and3_2)
                                                         _108_ (net)
                      0.051518    0.000139    3.019118 v _703_/A (sky130_fd_sc_hd__nor2_2)
     1    0.004484    0.078118    0.112597    3.131714 ^ _703_/Y (sky130_fd_sc_hd__nor2_2)
                                                         net25 (net)
                      0.078118    0.000188    3.131902 ^ output25/A (sky130_fd_sc_hd__clkdlybuf4s25_1)
     1    0.035052    0.353841    0.499619    3.631521 ^ output25/X (sky130_fd_sc_hd__clkdlybuf4s25_1)
                                                         y[0] (net)
                      0.353841    0.001163    3.632685 ^ y[0] (out)
                                              3.632685   data arrival time

                                 10.000000   10.000000   clock clk (rise edge)
                                  0.000000   10.000000   clock network delay (propagated)
                                 -0.250000    9.750000   clock uncertainty
                                  0.000000    9.750000   clock reconvergence pessimism
                                 -2.000000    7.750000   output external delay
                                              7.750000   data required time
---------------------------------------------------------------------------------------------
                                              7.750000   data required time
                                             -3.632685   data arrival time
---------------------------------------------------------------------------------------------
                                              4.117315   slack (MET)


Startpoint: rst (input port clocked by clk)
Endpoint: _748_ (rising edge-triggered flip-flop clocked by clk)
Path Group: clk
Path Type: max

Fanout         Cap        Slew       Delay        Time   Description
---------------------------------------------------------------------------------------------
                                  0.000000    0.000000   clock clk (rise edge)
                                  0.000000    0.000000   clock network delay (propagated)
                                  2.000000    2.000000 ^ input external delay
     1    0.004416    0.026753    0.016793    2.016793 ^ rst (in)
                                                         rst (net)
                      0.026753    0.000000    2.016793 ^ input17/A (sky130_fd_sc_hd__clkdlybuf4s25_1)
     3    0.015699    0.166092    0.342215    2.359008 ^ input17/X (sky130_fd_sc_hd__clkdlybuf4s25_1)
                                                         net17 (net)
                      0.166092    0.000335    2.359343 ^ _369_/A (sky130_fd_sc_hd__inv_2)
     4    0.015548    0.060086    0.085892    2.445235 v _369_/Y (sky130_fd_sc_hd__inv_2)
                                                         _367_ (net)
                      0.060087    0.000387    2.445621 v fanout37/A (sky130_fd_sc_hd__clkdlybuf4s25_1)
    10    0.024486    0.185765    0.387830    2.833451 v fanout37/X (sky130_fd_sc_hd__clkdlybuf4s25_1)
                                                         net37 (net)
                      0.185765    0.000641    2.834092 v _719_/B1 (sky130_fd_sc_hd__o41a_2)
     1    0.004128    0.067234    0.187472    3.021564 v _719_/X (sky130_fd_sc_hd__o41a_2)
                                                         _012_ (net)
                      0.067234    0.000159    3.021723 v hold94/A (sky130_fd_sc_hd__dlygate4sd3_1)
     1    0.002592    0.051717    0.583662    3.605386 v hold94/X (sky130_fd_sc_hd__dlygate4sd3_1)
                                                         net94 (net)
                      0.051717    0.000062    3.605447 v _748_/D (sky130_fd_sc_hd__dfxtp_2)
                                              3.605447   data arrival time

                                 10.000000   10.000000   clock clk (rise edge)
                                  0.000000   10.000000   clock source latency
     1    0.012543    0.062620    0.040355   10.040356 ^ clk (in)
                                                         clk (net)
                      0.062630    0.000000   10.040356 ^ clkbuf_0_clk/A (sky130_fd_sc_hd__clkbuf_16)
     4    0.037559    0.057562    0.138959   10.179315 ^ clkbuf_0_clk/X (sky130_fd_sc_hd__clkbuf_16)
                                                         clknet_0_clk (net)
                      0.057580    0.000871   10.180186 ^ clkbuf_2_2__f_clk/A (sky130_fd_sc_hd__clkbuf_16)
     9    0.024512    0.045846    0.127459   10.307645 ^ clkbuf_2_2__f_clk/X (sky130_fd_sc_hd__clkbuf_16)
                                                         clknet_2_2__leaf_clk (net)
                      0.045859    0.000676   10.308321 ^ _748_/CLK (sky130_fd_sc_hd__dfxtp_2)
                                 -0.250000   10.058321   clock uncertainty
                                  0.000000   10.058321   clock reconvergence pessimism
                                 -0.115616    9.942705   library setup time
                                              9.942705   data required time
---------------------------------------------------------------------------------------------
                                              9.942705   data required time
                                             -3.605447   data arrival time
---------------------------------------------------------------------------------------------
                                              6.337257   slack (MET)


Startpoint: _755_ (rising edge-triggered flip-flop clocked by clk)
Endpoint: diag_busy (output port clocked by clk)
Path Group: clk
Path Type: max

Fanout         Cap        Slew       Delay        Time   Description
---------------------------------------------------------------------------------------------
                                  0.000000    0.000000   clock clk (rise edge)
                                  0.000000    0.000000   clock source latency
     1    0.012543    0.062620    0.044603    0.044603 ^ clk (in)
                                                         clk (net)
                      0.062630    0.000000    0.044603 ^ clkbuf_0_clk/A (sky130_fd_sc_hd__clkbuf_16)
     4    0.037559    0.057562    0.153586    0.198189 ^ clkbuf_0_clk/X (sky130_fd_sc_hd__clkbuf_16)
                                                         clknet_0_clk (net)
                      0.057586    0.001075    0.199264 ^ clkbuf_2_0__f_clk/A (sky130_fd_sc_hd__clkbuf_16)
     9    0.025205    0.046486    0.141530    0.340794 ^ clkbuf_2_0__f_clk/X (sky130_fd_sc_hd__clkbuf_16)
                                                         clknet_2_0__leaf_clk (net)
                      0.046501    0.000787    0.341581 ^ _755_/CLK (sky130_fd_sc_hd__dfxtp_2)
     6    0.020693    0.111663    0.388299    0.729880 ^ _755_/Q (sky130_fd_sc_hd__dfxtp_2)
                                                         net23 (net)
                      0.111664    0.000572    0.730452 ^ output23/A (sky130_fd_sc_hd__clkdlybuf4s25_1)
     1    0.035548    0.359115    0.515359    1.245812 ^ output23/X (sky130_fd_sc_hd__clkdlybuf4s25_1)
                                                         diag_busy (net)
                      0.359115    0.001147    1.246959 ^ diag_busy (out)
                                              1.246959   data arrival time

                                 10.000000   10.000000   clock clk (rise edge)
                                  0.000000   10.000000   clock network delay (propagated)
                                 -0.250000    9.750000   clock uncertainty
                                  0.000000    9.750000   clock reconvergence pessimism
                                 -2.000000    7.750000   output external delay
                                              7.750000   data required time
---------------------------------------------------------------------------------------------
                                              7.750000   data required time
                                             -1.246959   data arrival time
---------------------------------------------------------------------------------------------
                                              6.503041   slack (MET)


Startpoint: _774_ (rising edge-triggered flip-flop clocked by clk)
Endpoint: _755_ (rising edge-triggered flip-flop clocked by clk)
Path Group: clk
Path Type: max

Fanout         Cap        Slew       Delay        Time   Description
---------------------------------------------------------------------------------------------
                                  0.000000    0.000000   clock clk (rise edge)
                                  0.000000    0.000000   clock source latency
     1    0.012543    0.062620    0.044603    0.044603 ^ clk (in)
                                                         clk (net)
                      0.062630    0.000000    0.044603 ^ clkbuf_0_clk/A (sky130_fd_sc_hd__clkbuf_16)
     4    0.037559    0.057562    0.153586    0.198189 ^ clkbuf_0_clk/X (sky130_fd_sc_hd__clkbuf_16)
                                                         clknet_0_clk (net)
                      0.057580    0.000963    0.199152 ^ clkbuf_2_2__f_clk/A (sky130_fd_sc_hd__clkbuf_16)
     9    0.024512    0.045846    0.140877    0.340029 ^ clkbuf_2_2__f_clk/X (sky130_fd_sc_hd__clkbuf_16)
                                                         clknet_2_2__leaf_clk (net)
                      0.045850    0.000483    0.340511 ^ _774_/CLK (sky130_fd_sc_hd__dfxtp_2)
     1    0.002411    0.021825    0.315693    0.656204 v _774_/Q (sky130_fd_sc_hd__dfxtp_2)
                                                         controller.state[5] (net)
                      0.021825    0.000077    0.656281 v hold88/A (sky130_fd_sc_hd__dlygate4sd3_1)
     2    0.006097    0.069249    0.590334    1.246615 v hold88/X (sky130_fd_sc_hd__dlygate4sd3_1)
                                                         net88 (net)
                      0.069249    0.000178    1.246793 v _720_/A (sky130_fd_sc_hd__or4_2)
     2    0.008639    0.122017    0.736087    1.982880 v _720_/X (sky130_fd_sc_hd__or4_2)
                                                         _359_ (net)
                      0.122017    0.000378    1.983258 v _721_/C (sky130_fd_sc_hd__nor3_2)
     2    0.009591    0.209992    0.205243    2.188501 ^ _721_/Y (sky130_fd_sc_hd__nor3_2)
                                                         _360_ (net)
                      0.209992    0.000211    2.188712 ^ _732_/D_N (sky130_fd_sc_hd__or4b_2)
     1    0.004446    0.106959    0.646105    2.834817 v _732_/X (sky130_fd_sc_hd__or4b_2)
                                                         _365_ (net)
                      0.106959    0.000126    2.834943 v _733_/S (sky130_fd_sc_hd__mux2_1)
     1    0.002859    0.055395    0.342816    3.177760 v _733_/X (sky130_fd_sc_hd__mux2_1)
                                                         _366_ (net)
                      0.055395    0.000097    3.177857 v _734_/B (sky130_fd_sc_hd__and2_2)
     1    0.002998    0.036908    0.197068    3.374926 v _734_/X (sky130_fd_sc_hd__and2_2)
                                                         _019_ (net)
                      0.036908    0.000101    3.375027 v _755_/D (sky130_fd_sc_hd__dfxtp_2)
                                              3.375027   data arrival time

                                 10.000000   10.000000   clock clk (rise edge)
                                  0.000000   10.000000   clock source latency
     1    0.012543    0.062620    0.040355   10.040356 ^ clk (in)
                                                         clk (net)
                      0.062630    0.000000   10.040356 ^ clkbuf_0_clk/A (sky130_fd_sc_hd__clkbuf_16)
     4    0.037559    0.057562    0.138959   10.179315 ^ clkbuf_0_clk/X (sky130_fd_sc_hd__clkbuf_16)
                                                         clknet_0_clk (net)
                      0.057586    0.000972   10.180286 ^ clkbuf_2_0__f_clk/A (sky130_fd_sc_hd__clkbuf_16)
     9    0.025205    0.046486    0.128051   10.308337 ^ clkbuf_2_0__f_clk/X (sky130_fd_sc_hd__clkbuf_16)
                                                         clknet_2_0__leaf_clk (net)
                      0.046501    0.000712   10.309050 ^ _755_/CLK (sky130_fd_sc_hd__dfxtp_2)
                                 -0.250000   10.059050   clock uncertainty
                                  0.018875   10.077926   clock reconvergence pessimism
                                 -0.109003    9.968923   library setup time
                                              9.968923   data required time
---------------------------------------------------------------------------------------------
                                              9.968923   data required time
                                             -3.375027   data arrival time
---------------------------------------------------------------------------------------------
                                              6.593896   slack (MET)


Startpoint: _756_ (rising edge-triggered flip-flop clocked by clk)
Endpoint: diag_done (output port clocked by clk)
Path Group: clk
Path Type: max

Fanout         Cap        Slew       Delay        Time   Description
---------------------------------------------------------------------------------------------
                                  0.000000    0.000000   clock clk (rise edge)
                                  0.000000    0.000000   clock source latency
     1    0.012543    0.062620    0.044603    0.044603 ^ clk (in)
                                                         clk (net)
                      0.062630    0.000000    0.044603 ^ clkbuf_0_clk/A (sky130_fd_sc_hd__clkbuf_16)
     4    0.037559    0.057562    0.153586    0.198189 ^ clkbuf_0_clk/X (sky130_fd_sc_hd__clkbuf_16)
                                                         clknet_0_clk (net)
                      0.057580    0.000963    0.199152 ^ clkbuf_2_2__f_clk/A (sky130_fd_sc_hd__clkbuf_16)
     9    0.024512    0.045846    0.140877    0.340029 ^ clkbuf_2_2__f_clk/X (sky130_fd_sc_hd__clkbuf_16)
                                                         clknet_2_2__leaf_clk (net)
                      0.045849    0.000441    0.340470 ^ _756_/CLK (sky130_fd_sc_hd__dfxtp_2)
     1    0.003494    0.032445    0.322532    0.663002 ^ _756_/Q (sky130_fd_sc_hd__dfxtp_2)
                                                         net24 (net)
                      0.032445    0.000123    0.663124 ^ output24/A (sky130_fd_sc_hd__clkdlybuf4s25_1)
     1    0.034769    0.351279    0.480962    1.144086 ^ output24/X (sky130_fd_sc_hd__clkdlybuf4s25_1)
                                                         diag_done (net)
                      0.351279    0.001037    1.145123 ^ diag_done (out)
                                              1.145123   data arrival time

                                 10.000000   10.000000   clock clk (rise edge)
                                  0.000000   10.000000   clock network delay (propagated)
                                 -0.250000    9.750000   clock uncertainty
                                  0.000000    9.750000   clock reconvergence pessimism
                                 -2.000000    7.750000   output external delay
                                              7.750000   data required time
---------------------------------------------------------------------------------------------
                                              7.750000   data required time
                                             -1.145123   data arrival time
---------------------------------------------------------------------------------------------
                                              6.604877   slack (MET)


Startpoint: start_diag (input port clocked by clk)
Endpoint: _769_ (rising edge-triggered flip-flop clocked by clk)
Path Group: clk
Path Type: max

Fanout         Cap        Slew       Delay        Time   Description
---------------------------------------------------------------------------------------------
                                  0.000000    0.000000   clock clk (rise edge)
                                  0.000000    0.000000   clock network delay (propagated)
                                  2.000000    2.000000 ^ input external delay
     1    0.004200    0.025816    0.016010    2.016010 ^ start_diag (in)
                                                         start_diag (net)
                      0.025817    0.000000    2.016010 ^ input18/A (sky130_fd_sc_hd__clkdlybuf4s25_1)
     2    0.007342    0.086096    0.281637    2.297647 ^ input18/X (sky130_fd_sc_hd__clkdlybuf4s25_1)
                                                         net18 (net)
                      0.086096    0.000178    2.297825 ^ _370_/A (sky130_fd_sc_hd__inv_2)
     1    0.003237    0.022269    0.035409    2.333234 v _370_/Y (sky130_fd_sc_hd__inv_2)
                                                         _368_ (net)
                      0.022269    0.000085    2.333319 v _718_/A1 (sky130_fd_sc_hd__a211o_2)
     1    0.002549    0.045393    0.288536    2.621855 v _718_/X (sky130_fd_sc_hd__a211o_2)
                                                         _011_ (net)
                      0.045393    0.000085    2.621940 v hold87/A (sky130_fd_sc_hd__dlygate4sd3_1)
     1    0.002878    0.053501    0.576492    3.198431 v hold87/X (sky130_fd_sc_hd__dlygate4sd3_1)
                                                         net87 (net)
                      0.053501    0.000074    3.198506 v _769_/D (sky130_fd_sc_hd__dfxtp_2)
                                              3.198506   data arrival time

                                 10.000000   10.000000   clock clk (rise edge)
                                  0.000000   10.000000   clock source latency
     1    0.012543    0.062620    0.040355   10.040356 ^ clk (in)
                                                         clk (net)
                      0.062630    0.000000   10.040356 ^ clkbuf_0_clk/A (sky130_fd_sc_hd__clkbuf_16)
     4    0.037559    0.057562    0.138959   10.179315 ^ clkbuf_0_clk/X (sky130_fd_sc_hd__clkbuf_16)
                                                         clknet_0_clk (net)
                      0.057586    0.000972   10.180286 ^ clkbuf_2_0__f_clk/A (sky130_fd_sc_hd__clkbuf_16)
     9    0.025205    0.046486    0.128051   10.308337 ^ clkbuf_2_0__f_clk/X (sky130_fd_sc_hd__clkbuf_16)
                                                         clknet_2_0__leaf_clk (net)
                      0.046494    0.000560   10.308898 ^ _769_/CLK (sky130_fd_sc_hd__dfxtp_2)
                                 -0.250000   10.058898   clock uncertainty
                                  0.000000   10.058898   clock reconvergence pessimism
                                 -0.116246    9.942653   library setup time
                                              9.942653   data required time
---------------------------------------------------------------------------------------------
                                              9.942653   data required time
                                             -3.198506   data arrival time
---------------------------------------------------------------------------------------------
                                              6.744147   slack (MET)


Startpoint: rst (input port clocked by clk)
Endpoint: _775_ (rising edge-triggered flip-flop clocked by clk)
Path Group: clk
Path Type: max

Fanout         Cap        Slew       Delay        Time   Description
---------------------------------------------------------------------------------------------
                                  0.000000    0.000000   clock clk (rise edge)
                                  0.000000    0.000000   clock network delay (propagated)
                                  2.000000    2.000000 ^ input external delay
     1    0.004416    0.026753    0.016793    2.016793 ^ rst (in)
                                                         rst (net)
                      0.026753    0.000000    2.016793 ^ input17/A (sky130_fd_sc_hd__clkdlybuf4s25_1)
     3    0.015699    0.166092    0.342215    2.359008 ^ input17/X (sky130_fd_sc_hd__clkdlybuf4s25_1)
                                                         net17 (net)
                      0.166092    0.000335    2.359343 ^ _369_/A (sky130_fd_sc_hd__inv_2)
     4    0.015548    0.060086    0.085892    2.445235 v _369_/Y (sky130_fd_sc_hd__inv_2)
                                                         _367_ (net)
                      0.060086    0.000214    2.445448 v fanout35/A (sky130_fd_sc_hd__clkdlybuf4s25_1)
    10    0.025726    0.194700    0.394343    2.839792 v fanout35/X (sky130_fd_sc_hd__clkdlybuf4s25_1)
                                                         net35 (net)
                      0.194707    0.001380    2.841172 v _712_/A (sky130_fd_sc_hd__and2_2)
     1    0.005662    0.043554    0.252744    3.093916 v _712_/X (sky130_fd_sc_hd__and2_2)
                                                         _005_ (net)
                      0.043554    0.000203    3.094119 v _775_/D (sky130_fd_sc_hd__dfxtp_2)
                                              3.094119   data arrival time

                                 10.000000   10.000000   clock clk (rise edge)
                                  0.000000   10.000000   clock source latency
     1    0.012543    0.062620    0.040355   10.040356 ^ clk (in)
                                                         clk (net)
                      0.062630    0.000000   10.040356 ^ clkbuf_0_clk/A (sky130_fd_sc_hd__clkbuf_16)
     4    0.037559    0.057562    0.138959   10.179315 ^ clkbuf_0_clk/X (sky130_fd_sc_hd__clkbuf_16)
                                                         clknet_0_clk (net)
                      0.057586    0.000972   10.180286 ^ clkbuf_2_0__f_clk/A (sky130_fd_sc_hd__clkbuf_16)
     9    0.025205    0.046486    0.128051   10.308337 ^ clkbuf_2_0__f_clk/X (sky130_fd_sc_hd__clkbuf_16)
                                                         clknet_2_0__leaf_clk (net)
                      0.046494    0.000576   10.308913 ^ _775_/CLK (sky130_fd_sc_hd__dfxtp_2)
                                 -0.250000   10.058913   clock uncertainty
                                  0.000000   10.058913   clock reconvergence pessimism
                                 -0.111905    9.947009   library setup time
                                              9.947009   data required time
---------------------------------------------------------------------------------------------
                                              9.947009   data required time
                                             -3.094119   data arrival time
---------------------------------------------------------------------------------------------
                                              6.852890   slack (MET)


Startpoint: rst (input port clocked by clk)
Endpoint: _761_ (rising edge-triggered flip-flop clocked by clk)
Path Group: clk
Path Type: max

Fanout         Cap        Slew       Delay        Time   Description
---------------------------------------------------------------------------------------------
                                  0.000000    0.000000   clock clk (rise edge)
                                  0.000000    0.000000   clock network delay (propagated)
                                  2.000000    2.000000 ^ input external delay
     1    0.004416    0.026753    0.016793    2.016793 ^ rst (in)
                                                         rst (net)
                      0.026753    0.000000    2.016793 ^ input17/A (sky130_fd_sc_hd__clkdlybuf4s25_1)
     3    0.015699    0.166092    0.342215    2.359008 ^ input17/X (sky130_fd_sc_hd__clkdlybuf4s25_1)
                                                         net17 (net)
                      0.166092    0.000335    2.359343 ^ _369_/A (sky130_fd_sc_hd__inv_2)
     4    0.015548    0.060086    0.085892    2.445235 v _369_/Y (sky130_fd_sc_hd__inv_2)
                                                         _367_ (net)
                      0.060087    0.000387    2.445621 v fanout37/A (sky130_fd_sc_hd__clkdlybuf4s25_1)
    10    0.024486    0.185765    0.387830    2.833451 v fanout37/X (sky130_fd_sc_hd__clkdlybuf4s25_1)
                                                         net37 (net)
                      0.185765    0.000697    2.834148 v _740_/B (sky130_fd_sc_hd__and2_2)
     1    0.002753    0.036170    0.259994    3.094142 v _740_/X (sky130_fd_sc_hd__and2_2)
                                                         _025_ (net)
                      0.036170    0.000090    3.094232 v _761_/D (sky130_fd_sc_hd__dfxtp_2)
                                              3.094232   data arrival time

                                 10.000000   10.000000   clock clk (rise edge)
                                  0.000000   10.000000   clock source latency
     1    0.012543    0.062620    0.040355   10.040356 ^ clk (in)
                                                         clk (net)
                      0.062630    0.000000   10.040356 ^ clkbuf_0_clk/A (sky130_fd_sc_hd__clkbuf_16)
     4    0.037559    0.057562    0.138959   10.179315 ^ clkbuf_0_clk/X (sky130_fd_sc_hd__clkbuf_16)
                                                         clknet_0_clk (net)
                      0.057589    0.001019   10.180333 ^ clkbuf_2_3__f_clk/A (sky130_fd_sc_hd__clkbuf_16)
     9    0.024322    0.045675    0.127261   10.307594 ^ clkbuf_2_3__f_clk/X (sky130_fd_sc_hd__clkbuf_16)
                                                         clknet_2_3__leaf_clk (net)
                      0.045691    0.000737   10.308331 ^ _761_/CLK (sky130_fd_sc_hd__dfxtp_2)
                                 -0.250000   10.058331   clock uncertainty
                                  0.000000   10.058331   clock reconvergence pessimism
                                 -0.108869    9.949462   library setup time
                                              9.949462   data required time
---------------------------------------------------------------------------------------------
                                              9.949462   data required time
                                             -3.094232   data arrival time
---------------------------------------------------------------------------------------------
                                              6.855230   slack (MET)


Startpoint: rst (input port clocked by clk)
Endpoint: _780_ (rising edge-triggered flip-flop clocked by clk)
Path Group: clk
Path Type: max

Fanout         Cap        Slew       Delay        Time   Description
---------------------------------------------------------------------------------------------
                                  0.000000    0.000000   clock clk (rise edge)
                                  0.000000    0.000000   clock network delay (propagated)
                                  2.000000    2.000000 ^ input external delay
     1    0.004416    0.026753    0.016793    2.016793 ^ rst (in)
                                                         rst (net)
                      0.026753    0.000000    2.016793 ^ input17/A (sky130_fd_sc_hd__clkdlybuf4s25_1)
     3    0.015699    0.166092    0.342215    2.359008 ^ input17/X (sky130_fd_sc_hd__clkdlybuf4s25_1)
                                                         net17 (net)
                      0.166092    0.000335    2.359343 ^ _369_/A (sky130_fd_sc_hd__inv_2)
     4    0.015548    0.060086    0.085892    2.445235 v _369_/Y (sky130_fd_sc_hd__inv_2)
                                                         _367_ (net)
                      0.060087    0.000387    2.445621 v fanout37/A (sky130_fd_sc_hd__clkdlybuf4s25_1)
    10    0.024486    0.185765    0.387830    2.833451 v fanout37/X (sky130_fd_sc_hd__clkdlybuf4s25_1)
                                                         net37 (net)
                      0.185765    0.000658    2.834109 v _706_/B (sky130_fd_sc_hd__and2_2)
     1    0.002368    0.035237    0.258153    3.092261 v _706_/X (sky130_fd_sc_hd__and2_2)
                                                         _010_ (net)
                      0.035237    0.000055    3.092316 v _780_/D (sky130_fd_sc_hd__dfxtp_2)
                                              3.092316   data arrival time

                                 10.000000   10.000000   clock clk (rise edge)
                                  0.000000   10.000000   clock source latency
     1    0.012543    0.062620    0.040355   10.040356 ^ clk (in)
                                                         clk (net)
                      0.062630    0.000000   10.040356 ^ clkbuf_0_clk/A (sky130_fd_sc_hd__clkbuf_16)
     4    0.037559    0.057562    0.138959   10.179315 ^ clkbuf_0_clk/X (sky130_fd_sc_hd__clkbuf_16)
                                                         clknet_0_clk (net)
                      0.057580    0.000871   10.180186 ^ clkbuf_2_2__f_clk/A (sky130_fd_sc_hd__clkbuf_16)
     9    0.024512    0.045846    0.127459   10.307645 ^ clkbuf_2_2__f_clk/X (sky130_fd_sc_hd__clkbuf_16)
                                                         clknet_2_2__leaf_clk (net)
                      0.045856    0.000600   10.308246 ^ _780_/CLK (sky130_fd_sc_hd__dfxtp_2)
                                 -0.250000   10.058246   clock uncertainty
                                  0.000000   10.058246   clock reconvergence pessimism
                                 -0.108423    9.949821   library setup time
                                              9.949821   data required time
---------------------------------------------------------------------------------------------
                                              9.949821   data required time
                                             -3.092316   data arrival time
---------------------------------------------------------------------------------------------
                                              6.857505   slack (MET)


Startpoint: rst (input port clocked by clk)
Endpoint: _751_ (rising edge-triggered flip-flop clocked by clk)
Path Group: clk
Path Type: max

Fanout         Cap        Slew       Delay        Time   Description
---------------------------------------------------------------------------------------------
                                  0.000000    0.000000   clock clk (rise edge)
                                  0.000000    0.000000   clock network delay (propagated)
                                  2.000000    2.000000 ^ input external delay
     1    0.004416    0.026753    0.016793    2.016793 ^ rst (in)
                                                         rst (net)
                      0.026753    0.000000    2.016793 ^ input17/A (sky130_fd_sc_hd__clkdlybuf4s25_1)
     3    0.015699    0.166092    0.342215    2.359008 ^ input17/X (sky130_fd_sc_hd__clkdlybuf4s25_1)
                                                         net17 (net)
                      0.166092    0.000335    2.359343 ^ _369_/A (sky130_fd_sc_hd__inv_2)
     4    0.015548    0.060086    0.085892    2.445235 v _369_/Y (sky130_fd_sc_hd__inv_2)
                                                         _367_ (net)
                      0.060086    0.000214    2.445448 v fanout35/A (sky130_fd_sc_hd__clkdlybuf4s25_1)
    10    0.025726    0.194700    0.394343    2.839792 v fanout35/X (sky130_fd_sc_hd__clkdlybuf4s25_1)
                                                         net35 (net)
                      0.194701    0.000843    2.840635 v _726_/A (sky130_fd_sc_hd__and2_2)
     1    0.004218    0.040756    0.248038    3.088672 v _726_/X (sky130_fd_sc_hd__and2_2)
                                                         _015_ (net)
                      0.040756    0.000177    3.088850 v _751_/D (sky130_fd_sc_hd__dfxtp_2)
                                              3.088850   data arrival time

                                 10.000000   10.000000   clock clk (rise edge)
                                  0.000000   10.000000   clock source latency
     1    0.012543    0.062620    0.040355   10.040356 ^ clk (in)
                                                         clk (net)
                      0.062630    0.000000   10.040356 ^ clkbuf_0_clk/A (sky130_fd_sc_hd__clkbuf_16)
     4    0.037559    0.057562    0.138959   10.179315 ^ clkbuf_0_clk/X (sky130_fd_sc_hd__clkbuf_16)
                                                         clknet_0_clk (net)
                      0.057588    0.001009   10.180324 ^ clkbuf_2_1__f_clk/A (sky130_fd_sc_hd__clkbuf_16)
     9    0.024292    0.045649    0.127232   10.307556 ^ clkbuf_2_1__f_clk/X (sky130_fd_sc_hd__clkbuf_16)
                                                         clknet_2_1__leaf_clk (net)
                      0.045662    0.000652   10.308208 ^ _751_/CLK (sky130_fd_sc_hd__dfxtp_2)
                                 -0.250000   10.058208   clock uncertainty
                                  0.000000   10.058208   clock reconvergence pessimism
                                 -0.110878    9.947330   library setup time
                                              9.947330   data required time
---------------------------------------------------------------------------------------------
                                              9.947330   data required time
                                             -3.088850   data arrival time
---------------------------------------------------------------------------------------------
                                              6.858481   slack (MET)


Startpoint: rst (input port clocked by clk)
Endpoint: _762_ (rising edge-triggered flip-flop clocked by clk)
Path Group: clk
Path Type: max

Fanout         Cap        Slew       Delay        Time   Description
---------------------------------------------------------------------------------------------
                                  0.000000    0.000000   clock clk (rise edge)
                                  0.000000    0.000000   clock network delay (propagated)
                                  2.000000    2.000000 ^ input external delay
     1    0.004416    0.026753    0.016793    2.016793 ^ rst (in)
                                                         rst (net)
                      0.026753    0.000000    2.016793 ^ input17/A (sky130_fd_sc_hd__clkdlybuf4s25_1)
     3    0.015699    0.166092    0.342215    2.359008 ^ input17/X (sky130_fd_sc_hd__clkdlybuf4s25_1)
                                                         net17 (net)
                      0.166092    0.000335    2.359343 ^ _369_/A (sky130_fd_sc_hd__inv_2)
     4    0.015548    0.060086    0.085892    2.445235 v _369_/Y (sky130_fd_sc_hd__inv_2)
                                                         _367_ (net)
                      0.060087    0.000387    2.445621 v fanout37/A (sky130_fd_sc_hd__clkdlybuf4s25_1)
    10    0.024486    0.185765    0.387830    2.833451 v fanout37/X (sky130_fd_sc_hd__clkdlybuf4s25_1)
                                                         net37 (net)
                      0.185765    0.000693    2.834144 v _741_/B (sky130_fd_sc_hd__and2_2)
     1    0.002023    0.034393    0.256498    3.090642 v _741_/X (sky130_fd_sc_hd__and2_2)
                                                         _026_ (net)
                      0.034393    0.000042    3.090684 v _762_/D (sky130_fd_sc_hd__dfxtp_2)
                                              3.090684   data arrival time

                                 10.000000   10.000000   clock clk (rise edge)
                                  0.000000   10.000000   clock source latency
     1    0.012543    0.062620    0.040355   10.040356 ^ clk (in)
                                                         clk (net)
                      0.062630    0.000000   10.040356 ^ clkbuf_0_clk/A (sky130_fd_sc_hd__clkbuf_16)
     4    0.037559    0.057562    0.138959   10.179315 ^ clkbuf_0_clk/X (sky130_fd_sc_hd__clkbuf_16)
                                                         clknet_0_clk (net)
                      0.057589    0.001019   10.180333 ^ clkbuf_2_3__f_clk/A (sky130_fd_sc_hd__clkbuf_16)
     9    0.024322    0.045675    0.127261   10.307594 ^ clkbuf_2_3__f_clk/X (sky130_fd_sc_hd__clkbuf_16)
                                                         clknet_2_3__leaf_clk (net)
                      0.045692    0.000759   10.308353 ^ _762_/CLK (sky130_fd_sc_hd__dfxtp_2)
                                 -0.250000   10.058353   clock uncertainty
                                  0.000000   10.058353   clock reconvergence pessimism
                                 -0.108093    9.950260   library setup time
                                              9.950260   data required time
---------------------------------------------------------------------------------------------
                                              9.950260   data required time
                                             -3.090684   data arrival time
---------------------------------------------------------------------------------------------
                                              6.859576   slack (MET)


Startpoint: rst (input port clocked by clk)
Endpoint: _771_ (rising edge-triggered flip-flop clocked by clk)
Path Group: clk
Path Type: max

Fanout         Cap        Slew       Delay        Time   Description
---------------------------------------------------------------------------------------------
                                  0.000000    0.000000   clock clk (rise edge)
                                  0.000000    0.000000   clock network delay (propagated)
                                  2.000000    2.000000 ^ input external delay
     1    0.004416    0.026753    0.016793    2.016793 ^ rst (in)
                                                         rst (net)
                      0.026753    0.000000    2.016793 ^ input17/A (sky130_fd_sc_hd__clkdlybuf4s25_1)
     3    0.015699    0.166092    0.342215    2.359008 ^ input17/X (sky130_fd_sc_hd__clkdlybuf4s25_1)
                                                         net17 (net)
                      0.166092    0.000335    2.359343 ^ _369_/A (sky130_fd_sc_hd__inv_2)
     4    0.015548    0.060086    0.085892    2.445235 v _369_/Y (sky130_fd_sc_hd__inv_2)
                                                         _367_ (net)
                      0.060086    0.000214    2.445448 v fanout35/A (sky130_fd_sc_hd__clkdlybuf4s25_1)
    10    0.025726    0.194700    0.394343    2.839792 v fanout35/X (sky130_fd_sc_hd__clkdlybuf4s25_1)
                                                         net35 (net)
                      0.194707    0.001390    2.841181 v _716_/A (sky130_fd_sc_hd__and2_2)
     1    0.003264    0.037500    0.243657    3.084838 v _716_/X (sky130_fd_sc_hd__and2_2)
                                                         _001_ (net)
                      0.037500    0.000112    3.084950 v _771_/D (sky130_fd_sc_hd__dfxtp_2)
                                              3.084950   data arrival time

                                 10.000000   10.000000   clock clk (rise edge)
                                  0.000000   10.000000   clock source latency
     1    0.012543    0.062620    0.040355   10.040356 ^ clk (in)
                                                         clk (net)
                      0.062630    0.000000   10.040356 ^ clkbuf_0_clk/A (sky130_fd_sc_hd__clkbuf_16)
     4    0.037559    0.057562    0.138959   10.179315 ^ clkbuf_0_clk/X (sky130_fd_sc_hd__clkbuf_16)
                                                         clknet_0_clk (net)
                      0.057586    0.000972   10.180286 ^ clkbuf_2_0__f_clk/A (sky130_fd_sc_hd__clkbuf_16)
     9    0.025205    0.046486    0.128051   10.308337 ^ clkbuf_2_0__f_clk/X (sky130_fd_sc_hd__clkbuf_16)
                                                         clknet_2_0__leaf_clk (net)
                      0.046491    0.000462   10.308800 ^ _771_/CLK (sky130_fd_sc_hd__dfxtp_2)
                                 -0.250000   10.058800   clock uncertainty
                                  0.000000   10.058800   clock reconvergence pessimism
                                 -0.109263    9.949536   library setup time
                                              9.949536   data required time
---------------------------------------------------------------------------------------------
                                              9.949536   data required time
                                             -3.084950   data arrival time
---------------------------------------------------------------------------------------------
                                              6.864586   slack (MET)


Startpoint: rst (input port clocked by clk)
Endpoint: _770_ (rising edge-triggered flip-flop clocked by clk)
Path Group: clk
Path Type: max

Fanout         Cap        Slew       Delay        Time   Description
---------------------------------------------------------------------------------------------
                                  0.000000    0.000000   clock clk (rise edge)
                                  0.000000    0.000000   clock network delay (propagated)
                                  2.000000    2.000000 ^ input external delay
     1    0.004416    0.026753    0.016793    2.016793 ^ rst (in)
                                                         rst (net)
                      0.026753    0.000000    2.016793 ^ input17/A (sky130_fd_sc_hd__clkdlybuf4s25_1)
     3    0.015699    0.166092    0.342215    2.359008 ^ input17/X (sky130_fd_sc_hd__clkdlybuf4s25_1)
                                                         net17 (net)
                      0.166092    0.000335    2.359343 ^ _369_/A (sky130_fd_sc_hd__inv_2)
     4    0.015548    0.060086    0.085892    2.445235 v _369_/Y (sky130_fd_sc_hd__inv_2)
                                                         _367_ (net)
                      0.060086    0.000214    2.445448 v fanout35/A (sky130_fd_sc_hd__clkdlybuf4s25_1)
    10    0.025726    0.194700    0.394343    2.839792 v fanout35/X (sky130_fd_sc_hd__clkdlybuf4s25_1)
                                                         net35 (net)
                      0.194705    0.001217    2.841009 v _717_/A (sky130_fd_sc_hd__and2_2)
     1    0.003174    0.037361    0.243245    3.084255 v _717_/X (sky130_fd_sc_hd__and2_2)
                                                         _000_ (net)
                      0.037361    0.000089    3.084343 v _770_/D (sky130_fd_sc_hd__dfxtp_2)
                                              3.084343   data arrival time

                                 10.000000   10.000000   clock clk (rise edge)
                                  0.000000   10.000000   clock source latency
     1    0.012543    0.062620    0.040355   10.040356 ^ clk (in)
                                                         clk (net)
                      0.062630    0.000000   10.040356 ^ clkbuf_0_clk/A (sky130_fd_sc_hd__clkbuf_16)
     4    0.037559    0.057562    0.138959   10.179315 ^ clkbuf_0_clk/X (sky130_fd_sc_hd__clkbuf_16)
                                                         clknet_0_clk (net)
                      0.057586    0.000972   10.180286 ^ clkbuf_2_0__f_clk/A (sky130_fd_sc_hd__clkbuf_16)
     9    0.025205    0.046486    0.128051   10.308337 ^ clkbuf_2_0__f_clk/X (sky130_fd_sc_hd__clkbuf_16)
                                                         clknet_2_0__leaf_clk (net)
                      0.046503    0.000751   10.309089 ^ _770_/CLK (sky130_fd_sc_hd__dfxtp_2)
                                 -0.250000   10.059089   clock uncertainty
                                  0.000000   10.059089   clock reconvergence pessimism
                                 -0.109200    9.949889   library setup time
                                              9.949889   data required time
---------------------------------------------------------------------------------------------
                                              9.949889   data required time
                                             -3.084343   data arrival time
---------------------------------------------------------------------------------------------
                                              6.865546   slack (MET)


Startpoint: rst (input port clocked by clk)
Endpoint: _752_ (rising edge-triggered flip-flop clocked by clk)
Path Group: clk
Path Type: max

Fanout         Cap        Slew       Delay        Time   Description
---------------------------------------------------------------------------------------------
                                  0.000000    0.000000   clock clk (rise edge)
                                  0.000000    0.000000   clock network delay (propagated)
                                  2.000000    2.000000 ^ input external delay
     1    0.004416    0.026753    0.016793    2.016793 ^ rst (in)
                                                         rst (net)
                      0.026753    0.000000    2.016793 ^ input17/A (sky130_fd_sc_hd__clkdlybuf4s25_1)
     3    0.015699    0.166092    0.342215    2.359008 ^ input17/X (sky130_fd_sc_hd__clkdlybuf4s25_1)
                                                         net17 (net)
                      0.166092    0.000335    2.359343 ^ _369_/A (sky130_fd_sc_hd__inv_2)
     4    0.015548    0.060086    0.085892    2.445235 v _369_/Y (sky130_fd_sc_hd__inv_2)
                                                         _367_ (net)
                      0.060086    0.000214    2.445448 v fanout35/A (sky130_fd_sc_hd__clkdlybuf4s25_1)
    10    0.025726    0.194700    0.394343    2.839792 v fanout35/X (sky130_fd_sc_hd__clkdlybuf4s25_1)
                                                         net35 (net)
                      0.194701    0.000799    2.840591 v _728_/A (sky130_fd_sc_hd__and2_2)
     1    0.002763    0.036309    0.241347    3.081938 v _728_/X (sky130_fd_sc_hd__and2_2)
                                                         _016_ (net)
                      0.036309    0.000093    3.082031 v _752_/D (sky130_fd_sc_hd__dfxtp_2)
                                              3.082031   data arrival time

                                 10.000000   10.000000   clock clk (rise edge)
                                  0.000000   10.000000   clock source latency
     1    0.012543    0.062620    0.040355   10.040356 ^ clk (in)
                                                         clk (net)
                      0.062630    0.000000   10.040356 ^ clkbuf_0_clk/A (sky130_fd_sc_hd__clkbuf_16)
     4    0.037559    0.057562    0.138959   10.179315 ^ clkbuf_0_clk/X (sky130_fd_sc_hd__clkbuf_16)
                                                         clknet_0_clk (net)
                      0.057588    0.001009   10.180324 ^ clkbuf_2_1__f_clk/A (sky130_fd_sc_hd__clkbuf_16)
     9    0.024292    0.045649    0.127232   10.307556 ^ clkbuf_2_1__f_clk/X (sky130_fd_sc_hd__clkbuf_16)
                                                         clknet_2_1__leaf_clk (net)
                      0.045663    0.000679   10.308235 ^ _752_/CLK (sky130_fd_sc_hd__dfxtp_2)
                                 -0.250000   10.058235   clock uncertainty
                                  0.000000   10.058235   clock reconvergence pessimism
                                 -0.108937    9.949299   library setup time
                                              9.949299   data required time
---------------------------------------------------------------------------------------------
                                              9.949299   data required time
                                             -3.082031   data arrival time
---------------------------------------------------------------------------------------------
                                              6.867268   slack (MET)


Startpoint: rst (input port clocked by clk)
Endpoint: _772_ (rising edge-triggered flip-flop clocked by clk)
Path Group: clk
Path Type: max

Fanout         Cap        Slew       Delay        Time   Description
---------------------------------------------------------------------------------------------
                                  0.000000    0.000000   clock clk (rise edge)
                                  0.000000    0.000000   clock network delay (propagated)
                                  2.000000    2.000000 ^ input external delay
     1    0.004416    0.026753    0.016793    2.016793 ^ rst (in)
                                                         rst (net)
                      0.026753    0.000000    2.016793 ^ input17/A (sky130_fd_sc_hd__clkdlybuf4s25_1)
     3    0.015699    0.166092    0.342215    2.359008 ^ input17/X (sky130_fd_sc_hd__clkdlybuf4s25_1)
                                                         net17 (net)
                      0.166092    0.000335    2.359343 ^ _369_/A (sky130_fd_sc_hd__inv_2)
     4    0.015548    0.060086    0.085892    2.445235 v _369_/Y (sky130_fd_sc_hd__inv_2)
                                                         _367_ (net)
                      0.060086    0.000214    2.445448 v fanout35/A (sky130_fd_sc_hd__clkdlybuf4s25_1)
    10    0.025726    0.194700    0.394343    2.839792 v fanout35/X (sky130_fd_sc_hd__clkdlybuf4s25_1)
                                                         net35 (net)
                      0.194707    0.001394    2.841186 v _715_/A (sky130_fd_sc_hd__and2_2)
     1    0.002747    0.036210    0.241276    3.082462 v _715_/X (sky130_fd_sc_hd__and2_2)
                                                         _002_ (net)
                      0.036210    0.000092    3.082553 v _772_/D (sky130_fd_sc_hd__dfxtp_2)
                                              3.082553   data arrival time

                                 10.000000   10.000000   clock clk (rise edge)
                                  0.000000   10.000000   clock source latency
     1    0.012543    0.062620    0.040355   10.040356 ^ clk (in)
                                                         clk (net)
                      0.062630    0.000000   10.040356 ^ clkbuf_0_clk/A (sky130_fd_sc_hd__clkbuf_16)
     4    0.037559    0.057562    0.138959   10.179315 ^ clkbuf_0_clk/X (sky130_fd_sc_hd__clkbuf_16)
                                                         clknet_0_clk (net)
                      0.057586    0.000972   10.180286 ^ clkbuf_2_0__f_clk/A (sky130_fd_sc_hd__clkbuf_16)
     9    0.025205    0.046486    0.128051   10.308337 ^ clkbuf_2_0__f_clk/X (sky130_fd_sc_hd__clkbuf_16)
                                                         clknet_2_0__leaf_clk (net)
                      0.046494    0.000564   10.308902 ^ _772_/CLK (sky130_fd_sc_hd__dfxtp_2)
                                 -0.250000   10.058902   clock uncertainty
                                  0.000000   10.058902   clock reconvergence pessimism
                                 -0.108699    9.950202   library setup time
                                              9.950202   data required time
---------------------------------------------------------------------------------------------
                                              9.950202   data required time
                                             -3.082553   data arrival time
---------------------------------------------------------------------------------------------
                                              6.867649   slack (MET)


Startpoint: rst (input port clocked by clk)
Endpoint: _753_ (rising edge-triggered flip-flop clocked by clk)
Path Group: clk
Path Type: max

Fanout         Cap        Slew       Delay        Time   Description
---------------------------------------------------------------------------------------------
                                  0.000000    0.000000   clock clk (rise edge)
                                  0.000000    0.000000   clock network delay (propagated)
                                  2.000000    2.000000 ^ input external delay
     1    0.004416    0.026753    0.016793    2.016793 ^ rst (in)
                                                         rst (net)
                      0.026753    0.000000    2.016793 ^ input17/A (sky130_fd_sc_hd__clkdlybuf4s25_1)
     3    0.015699    0.166092    0.342215    2.359008 ^ input17/X (sky130_fd_sc_hd__clkdlybuf4s25_1)
                                                         net17 (net)
                      0.166092    0.000335    2.359343 ^ _369_/A (sky130_fd_sc_hd__inv_2)
     4    0.015548    0.060086    0.085892    2.445235 v _369_/Y (sky130_fd_sc_hd__inv_2)
                                                         _367_ (net)
                      0.060086    0.000214    2.445448 v fanout35/A (sky130_fd_sc_hd__clkdlybuf4s25_1)
    10    0.025726    0.194700    0.394343    2.839792 v fanout35/X (sky130_fd_sc_hd__clkdlybuf4s25_1)
                                                         net35 (net)
                      0.194701    0.000814    2.840606 v _730_/A (sky130_fd_sc_hd__and2_2)
     1    0.002514    0.035665    0.240201    3.080807 v _730_/X (sky130_fd_sc_hd__and2_2)
                                                         _017_ (net)
                      0.035665    0.000080    3.080887 v _753_/D (sky130_fd_sc_hd__dfxtp_2)
                                              3.080887   data arrival time

                                 10.000000   10.000000   clock clk (rise edge)
                                  0.000000   10.000000   clock source latency
     1    0.012543    0.062620    0.040355   10.040356 ^ clk (in)
                                                         clk (net)
                      0.062630    0.000000   10.040356 ^ clkbuf_0_clk/A (sky130_fd_sc_hd__clkbuf_16)
     4    0.037559    0.057562    0.138959   10.179315 ^ clkbuf_0_clk/X (sky130_fd_sc_hd__clkbuf_16)
                                                         clknet_0_clk (net)
                      0.057588    0.001009   10.180324 ^ clkbuf_2_1__f_clk/A (sky130_fd_sc_hd__clkbuf_16)
     9    0.024292    0.045649    0.127232   10.307556 ^ clkbuf_2_1__f_clk/X (sky130_fd_sc_hd__clkbuf_16)
                                                         clknet_2_1__leaf_clk (net)
                      0.045656    0.000514   10.308070 ^ _753_/CLK (sky130_fd_sc_hd__dfxtp_2)
                                 -0.250000   10.058070   clock uncertainty
                                  0.000000   10.058070   clock reconvergence pessimism
                                 -0.108657    9.949413   library setup time
                                              9.949413   data required time
---------------------------------------------------------------------------------------------
                                              9.949413   data required time
                                             -3.080887   data arrival time
---------------------------------------------------------------------------------------------
                                              6.868526   slack (MET)


Startpoint: rst (input port clocked by clk)
Endpoint: _778_ (rising edge-triggered flip-flop clocked by clk)
Path Group: clk
Path Type: max

Fanout         Cap        Slew       Delay        Time   Description
---------------------------------------------------------------------------------------------
                                  0.000000    0.000000   clock clk (rise edge)
                                  0.000000    0.000000   clock network delay (propagated)
                                  2.000000    2.000000 ^ input external delay
     1    0.004416    0.026753    0.016793    2.016793 ^ rst (in)
                                                         rst (net)
                      0.026753    0.000000    2.016793 ^ input17/A (sky130_fd_sc_hd__clkdlybuf4s25_1)
     3    0.015699    0.166092    0.342215    2.359008 ^ input17/X (sky130_fd_sc_hd__clkdlybuf4s25_1)
                                                         net17 (net)
                      0.166092    0.000335    2.359343 ^ _369_/A (sky130_fd_sc_hd__inv_2)
     4    0.015548    0.060086    0.085892    2.445235 v _369_/Y (sky130_fd_sc_hd__inv_2)
                                                         _367_ (net)
                      0.060086    0.000214    2.445448 v fanout35/A (sky130_fd_sc_hd__clkdlybuf4s25_1)
    10    0.025726    0.194700    0.394343    2.839792 v fanout35/X (sky130_fd_sc_hd__clkdlybuf4s25_1)
                                                         net35 (net)
                      0.194707    0.001390    2.841182 v _708_/A (sky130_fd_sc_hd__and2_2)
     1    0.002528    0.035676    0.240268    3.081450 v _708_/X (sky130_fd_sc_hd__and2_2)
                                                         _008_ (net)
                      0.035676    0.000083    3.081534 v _778_/D (sky130_fd_sc_hd__dfxtp_2)
                                              3.081534   data arrival time

                                 10.000000   10.000000   clock clk (rise edge)
                                  0.000000   10.000000   clock source latency
     1    0.012543    0.062620    0.040355   10.040356 ^ clk (in)
                                                         clk (net)
                      0.062630    0.000000   10.040356 ^ clkbuf_0_clk/A (sky130_fd_sc_hd__clkbuf_16)
     4    0.037559    0.057562    0.138959   10.179315 ^ clkbuf_0_clk/X (sky130_fd_sc_hd__clkbuf_16)
                                                         clknet_0_clk (net)
                      0.057586    0.000972   10.180286 ^ clkbuf_2_0__f_clk/A (sky130_fd_sc_hd__clkbuf_16)
     9    0.025205    0.046486    0.128051   10.308337 ^ clkbuf_2_0__f_clk/X (sky130_fd_sc_hd__clkbuf_16)
                                                         clknet_2_0__leaf_clk (net)
                      0.046490    0.000449   10.308787 ^ _778_/CLK (sky130_fd_sc_hd__dfxtp_2)
                                 -0.250000   10.058787   clock uncertainty
                                  0.000000   10.058787   clock reconvergence pessimism
                                 -0.108467    9.950320   library setup time
                                              9.950320   data required time
---------------------------------------------------------------------------------------------
                                              9.950320   data required time
                                             -3.081534   data arrival time
---------------------------------------------------------------------------------------------
                                              6.868786   slack (MET)


Startpoint: rst (input port clocked by clk)
Endpoint: _777_ (rising edge-triggered flip-flop clocked by clk)
Path Group: clk
Path Type: max

Fanout         Cap        Slew       Delay        Time   Description
---------------------------------------------------------------------------------------------
                                  0.000000    0.000000   clock clk (rise edge)
                                  0.000000    0.000000   clock network delay (propagated)
                                  2.000000    2.000000 ^ input external delay
     1    0.004416    0.026753    0.016793    2.016793 ^ rst (in)
                                                         rst (net)
                      0.026753    0.000000    2.016793 ^ input17/A (sky130_fd_sc_hd__clkdlybuf4s25_1)
     3    0.015699    0.166092    0.342215    2.359008 ^ input17/X (sky130_fd_sc_hd__clkdlybuf4s25_1)
                                                         net17 (net)
                      0.166092    0.000335    2.359343 ^ _369_/A (sky130_fd_sc_hd__inv_2)
     4    0.015548    0.060086    0.085892    2.445235 v _369_/Y (sky130_fd_sc_hd__inv_2)
                                                         _367_ (net)
                      0.060087    0.000387    2.445621 v fanout37/A (sky130_fd_sc_hd__clkdlybuf4s25_1)
    10    0.024486    0.185765    0.387830    2.833451 v fanout37/X (sky130_fd_sc_hd__clkdlybuf4s25_1)
                                                         net37 (net)
                      0.185765    0.000597    2.834049 v _709_/A (sky130_fd_sc_hd__and2_2)
     1    0.003456    0.038073    0.240182    3.074230 v _709_/X (sky130_fd_sc_hd__and2_2)
                                                         _007_ (net)
                      0.038094    0.000127    3.074358 v _777_/D (sky130_fd_sc_hd__dfxtp_2)
                                              3.074358   data arrival time

                                 10.000000   10.000000   clock clk (rise edge)
                                  0.000000   10.000000   clock source latency
     1    0.012543    0.062620    0.040355   10.040356 ^ clk (in)
                                                         clk (net)
                      0.062630    0.000000   10.040356 ^ clkbuf_0_clk/A (sky130_fd_sc_hd__clkbuf_16)
     4    0.037559    0.057562    0.138959   10.179315 ^ clkbuf_0_clk/X (sky130_fd_sc_hd__clkbuf_16)
                                                         clknet_0_clk (net)
                      0.057580    0.000871   10.180186 ^ clkbuf_2_2__f_clk/A (sky130_fd_sc_hd__clkbuf_16)
     9    0.024512    0.045846    0.127459   10.307645 ^ clkbuf_2_2__f_clk/X (sky130_fd_sc_hd__clkbuf_16)
                                                         clknet_2_2__leaf_clk (net)
                      0.045851    0.000474   10.308119 ^ _777_/CLK (sky130_fd_sc_hd__dfxtp_2)
                                 -0.250000   10.058119   clock uncertainty
                                  0.000000   10.058119   clock reconvergence pessimism
                                 -0.109672    9.948447   library setup time
                                              9.948447   data required time
---------------------------------------------------------------------------------------------
                                              9.948447   data required time
                                             -3.074358   data arrival time
---------------------------------------------------------------------------------------------
                                              6.874089   slack (MET)


Startpoint: rst (input port clocked by clk)
Endpoint: _773_ (rising edge-triggered flip-flop clocked by clk)
Path Group: clk
Path Type: max

Fanout         Cap        Slew       Delay        Time   Description
---------------------------------------------------------------------------------------------
                                  0.000000    0.000000   clock clk (rise edge)
                                  0.000000    0.000000   clock network delay (propagated)
                                  2.000000    2.000000 ^ input external delay
     1    0.004416    0.026753    0.016793    2.016793 ^ rst (in)
                                                         rst (net)
                      0.026753    0.000000    2.016793 ^ input17/A (sky130_fd_sc_hd__clkdlybuf4s25_1)
     3    0.015699    0.166092    0.342215    2.359008 ^ input17/X (sky130_fd_sc_hd__clkdlybuf4s25_1)
                                                         net17 (net)
                      0.166092    0.000335    2.359343 ^ _369_/A (sky130_fd_sc_hd__inv_2)
     4    0.015548    0.060086    0.085892    2.445235 v _369_/Y (sky130_fd_sc_hd__inv_2)
                                                         _367_ (net)
                      0.060087    0.000387    2.445621 v fanout37/A (sky130_fd_sc_hd__clkdlybuf4s25_1)
    10    0.024486    0.185765    0.387830    2.833451 v fanout37/X (sky130_fd_sc_hd__clkdlybuf4s25_1)
                                                         net37 (net)
                      0.185765    0.000628    2.834080 v _714_/A (sky130_fd_sc_hd__and2_2)
     1    0.003163    0.037244    0.238833    3.072912 v _714_/X (sky130_fd_sc_hd__and2_2)
                                                         _003_ (net)
                      0.037277    0.000111    3.073023 v _773_/D (sky130_fd_sc_hd__dfxtp_2)
                                              3.073023   data arrival time

                                 10.000000   10.000000   clock clk (rise edge)
                                  0.000000   10.000000   clock source latency
     1    0.012543    0.062620    0.040355   10.040356 ^ clk (in)
                                                         clk (net)
                      0.062630    0.000000   10.040356 ^ clkbuf_0_clk/A (sky130_fd_sc_hd__clkbuf_16)
     4    0.037559    0.057562    0.138959   10.179315 ^ clkbuf_0_clk/X (sky130_fd_sc_hd__clkbuf_16)
                                                         clknet_0_clk (net)
                      0.057580    0.000871   10.180186 ^ clkbuf_2_2__f_clk/A (sky130_fd_sc_hd__clkbuf_16)
     9    0.024512    0.045846    0.127459   10.307645 ^ clkbuf_2_2__f_clk/X (sky130_fd_sc_hd__clkbuf_16)
                                                         clknet_2_2__leaf_clk (net)
                      0.045859    0.000669   10.308313 ^ _773_/CLK (sky130_fd_sc_hd__dfxtp_2)
                                 -0.250000   10.058313   clock uncertainty
                                  0.000000   10.058313   clock reconvergence pessimism
                                 -0.109313    9.949000   library setup time
                                              9.949000   data required time
---------------------------------------------------------------------------------------------
                                              9.949000   data required time
                                             -3.073023   data arrival time
---------------------------------------------------------------------------------------------
                                              6.875978   slack (MET)


Startpoint: rst (input port clocked by clk)
Endpoint: _779_ (rising edge-triggered flip-flop clocked by clk)
Path Group: clk
Path Type: max

Fanout         Cap        Slew       Delay        Time   Description
---------------------------------------------------------------------------------------------
                                  0.000000    0.000000   clock clk (rise edge)
                                  0.000000    0.000000   clock network delay (propagated)
                                  2.000000    2.000000 ^ input external delay
     1    0.004416    0.026753    0.016793    2.016793 ^ rst (in)
                                                         rst (net)
                      0.026753    0.000000    2.016793 ^ input17/A (sky130_fd_sc_hd__clkdlybuf4s25_1)
     3    0.015699    0.166092    0.342215    2.359008 ^ input17/X (sky130_fd_sc_hd__clkdlybuf4s25_1)
                                                         net17 (net)
                      0.166092    0.000335    2.359343 ^ _369_/A (sky130_fd_sc_hd__inv_2)
     4    0.015548    0.060086    0.085892    2.445235 v _369_/Y (sky130_fd_sc_hd__inv_2)
                                                         _367_ (net)
                      0.060087    0.000387    2.445621 v fanout37/A (sky130_fd_sc_hd__clkdlybuf4s25_1)
    10    0.024486    0.185765    0.387830    2.833451 v fanout37/X (sky130_fd_sc_hd__clkdlybuf4s25_1)
                                                         net37 (net)
                      0.185765    0.000589    2.834040 v _707_/A (sky130_fd_sc_hd__and2_2)
     1    0.003121    0.037218    0.238639    3.072679 v _707_/X (sky130_fd_sc_hd__and2_2)
                                                         _009_ (net)
                      0.037218    0.000105    3.072784 v _779_/D (sky130_fd_sc_hd__dfxtp_2)
                                              3.072784   data arrival time

                                 10.000000   10.000000   clock clk (rise edge)
                                  0.000000   10.000000   clock source latency
     1    0.012543    0.062620    0.040355   10.040356 ^ clk (in)
                                                         clk (net)
                      0.062630    0.000000   10.040356 ^ clkbuf_0_clk/A (sky130_fd_sc_hd__clkbuf_16)
     4    0.037559    0.057562    0.138959   10.179315 ^ clkbuf_0_clk/X (sky130_fd_sc_hd__clkbuf_16)
                                                         clknet_0_clk (net)
                      0.057580    0.000871   10.180186 ^ clkbuf_2_2__f_clk/A (sky130_fd_sc_hd__clkbuf_16)
     9    0.024512    0.045846    0.127459   10.307645 ^ clkbuf_2_2__f_clk/X (sky130_fd_sc_hd__clkbuf_16)
                                                         clknet_2_2__leaf_clk (net)
                      0.045851    0.000466   10.308111 ^ _779_/CLK (sky130_fd_sc_hd__dfxtp_2)
                                 -0.250000   10.058111   clock uncertainty
                                  0.000000   10.058111   clock reconvergence pessimism
                                 -0.109289    9.948822   library setup time
                                              9.948822   data required time
---------------------------------------------------------------------------------------------
                                              9.948822   data required time
                                             -3.072784   data arrival time
---------------------------------------------------------------------------------------------
                                              6.876037   slack (MET)


Startpoint: rst (input port clocked by clk)
Endpoint: _774_ (rising edge-triggered flip-flop clocked by clk)
Path Group: clk
Path Type: max

Fanout         Cap        Slew       Delay        Time   Description
---------------------------------------------------------------------------------------------
                                  0.000000    0.000000   clock clk (rise edge)
                                  0.000000    0.000000   clock network delay (propagated)
                                  2.000000    2.000000 ^ input external delay
     1    0.004416    0.026753    0.016793    2.016793 ^ rst (in)
                                                         rst (net)
                      0.026753    0.000000    2.016793 ^ input17/A (sky130_fd_sc_hd__clkdlybuf4s25_1)
     3    0.015699    0.166092    0.342215    2.359008 ^ input17/X (sky130_fd_sc_hd__clkdlybuf4s25_1)
                                                         net17 (net)
                      0.166092    0.000335    2.359343 ^ _369_/A (sky130_fd_sc_hd__inv_2)
     4    0.015548    0.060086    0.085892    2.445235 v _369_/Y (sky130_fd_sc_hd__inv_2)
                                                         _367_ (net)
                      0.060087    0.000387    2.445621 v fanout37/A (sky130_fd_sc_hd__clkdlybuf4s25_1)
    10    0.024486    0.185765    0.387830    2.833451 v fanout37/X (sky130_fd_sc_hd__clkdlybuf4s25_1)
                                                         net37 (net)
                      0.185765    0.000594    2.834045 v _713_/A (sky130_fd_sc_hd__and2_2)
     1    0.003108    0.037156    0.238581    3.072626 v _713_/X (sky130_fd_sc_hd__and2_2)
                                                         _004_ (net)
                      0.037156    0.000103    3.072729 v _774_/D (sky130_fd_sc_hd__dfxtp_2)
                                              3.072729   data arrival time

                                 10.000000   10.000000   clock clk (rise edge)
                                  0.000000   10.000000   clock source latency
     1    0.012543    0.062620    0.040355   10.040356 ^ clk (in)
                                                         clk (net)
                      0.062630    0.000000   10.040356 ^ clkbuf_0_clk/A (sky130_fd_sc_hd__clkbuf_16)
     4    0.037559    0.057562    0.138959   10.179315 ^ clkbuf_0_clk/X (sky130_fd_sc_hd__clkbuf_16)
                                                         clknet_0_clk (net)
                      0.057580    0.000871   10.180186 ^ clkbuf_2_2__f_clk/A (sky130_fd_sc_hd__clkbuf_16)
     9    0.024512    0.045846    0.127459   10.307645 ^ clkbuf_2_2__f_clk/X (sky130_fd_sc_hd__clkbuf_16)
                                                         clknet_2_2__leaf_clk (net)
                      0.045850    0.000437   10.308082 ^ _774_/CLK (sky130_fd_sc_hd__dfxtp_2)
                                 -0.250000   10.058082   clock uncertainty
                                  0.000000   10.058082   clock reconvergence pessimism
                                 -0.109262    9.948820   library setup time
                                              9.948820   data required time
---------------------------------------------------------------------------------------------
                                              9.948820   data required time
                                             -3.072729   data arrival time
---------------------------------------------------------------------------------------------
                                              6.876091   slack (MET)


Startpoint: rst (input port clocked by clk)
Endpoint: _756_ (rising edge-triggered flip-flop clocked by clk)
Path Group: clk
Path Type: max

Fanout         Cap        Slew       Delay        Time   Description
---------------------------------------------------------------------------------------------
                                  0.000000    0.000000   clock clk (rise edge)
                                  0.000000    0.000000   clock network delay (propagated)
                                  2.000000    2.000000 ^ input external delay
     1    0.004416    0.026753    0.016793    2.016793 ^ rst (in)
                                                         rst (net)
                      0.026753    0.000000    2.016793 ^ input17/A (sky130_fd_sc_hd__clkdlybuf4s25_1)
     3    0.015699    0.166092    0.342215    2.359008 ^ input17/X (sky130_fd_sc_hd__clkdlybuf4s25_1)
                                                         net17 (net)
                      0.166092    0.000335    2.359343 ^ _369_/A (sky130_fd_sc_hd__inv_2)
     4    0.015548    0.060086    0.085892    2.445235 v _369_/Y (sky130_fd_sc_hd__inv_2)
                                                         _367_ (net)
                      0.060087    0.000387    2.445621 v fanout37/A (sky130_fd_sc_hd__clkdlybuf4s25_1)
    10    0.024486    0.185765    0.387830    2.833451 v fanout37/X (sky130_fd_sc_hd__clkdlybuf4s25_1)
                                                         net37 (net)
                      0.185765    0.000407    2.833858 v _735_/A (sky130_fd_sc_hd__and2_2)
     1    0.002986    0.036782    0.238025    3.071883 v _735_/X (sky130_fd_sc_hd__and2_2)
                                                         _020_ (net)
                      0.036782    0.000080    3.071963 v _756_/D (sky130_fd_sc_hd__dfxtp_2)
                                              3.071963   data arrival time

                                 10.000000   10.000000   clock clk (rise edge)
                                  0.000000   10.000000   clock source latency
     1    0.012543    0.062620    0.040355   10.040356 ^ clk (in)
                                                         clk (net)
                      0.062630    0.000000   10.040356 ^ clkbuf_0_clk/A (sky130_fd_sc_hd__clkbuf_16)
     4    0.037559    0.057562    0.138959   10.179315 ^ clkbuf_0_clk/X (sky130_fd_sc_hd__clkbuf_16)
                                                         clknet_0_clk (net)
                      0.057580    0.000871   10.180186 ^ clkbuf_2_2__f_clk/A (sky130_fd_sc_hd__clkbuf_16)
     9    0.024512    0.045846    0.127459   10.307645 ^ clkbuf_2_2__f_clk/X (sky130_fd_sc_hd__clkbuf_16)
                                                         clknet_2_2__leaf_clk (net)
                      0.045849    0.000400   10.308044 ^ _756_/CLK (sky130_fd_sc_hd__dfxtp_2)
                                 -0.250000   10.058044   clock uncertainty
                                  0.000000   10.058044   clock reconvergence pessimism
                                 -0.109099    9.948945   library setup time
                                              9.948945   data required time
---------------------------------------------------------------------------------------------
                                              9.948945   data required time
                                             -3.071963   data arrival time
---------------------------------------------------------------------------------------------
                                              6.876982   slack (MET)


Startpoint: rst (input port clocked by clk)
Endpoint: _776_ (rising edge-triggered flip-flop clocked by clk)
Path Group: clk
Path Type: max

Fanout         Cap        Slew       Delay        Time   Description
---------------------------------------------------------------------------------------------
                                  0.000000    0.000000   clock clk (rise edge)
                                  0.000000    0.000000   clock network delay (propagated)
                                  2.000000    2.000000 ^ input external delay
     1    0.004416    0.026753    0.016793    2.016793 ^ rst (in)
                                                         rst (net)
                      0.026753    0.000000    2.016793 ^ input17/A (sky130_fd_sc_hd__clkdlybuf4s25_1)
     3    0.015699    0.166092    0.342215    2.359008 ^ input17/X (sky130_fd_sc_hd__clkdlybuf4s25_1)
                                                         net17 (net)
                      0.166092    0.000335    2.359343 ^ _369_/A (sky130_fd_sc_hd__inv_2)
     4    0.015548    0.060086    0.085892    2.445235 v _369_/Y (sky130_fd_sc_hd__inv_2)
                                                         _367_ (net)
                      0.060087    0.000387    2.445621 v fanout37/A (sky130_fd_sc_hd__clkdlybuf4s25_1)
    10    0.024486    0.185765    0.387830    2.833451 v fanout37/X (sky130_fd_sc_hd__clkdlybuf4s25_1)
                                                         net37 (net)
                      0.185765    0.000683    2.834134 v _710_/A (sky130_fd_sc_hd__and2_2)
     1    0.002952    0.036737    0.237861    3.071995 v _710_/X (sky130_fd_sc_hd__and2_2)
                                                         _006_ (net)
                      0.036737    0.000100    3.072095 v _776_/D (sky130_fd_sc_hd__dfxtp_2)
                                              3.072095   data arrival time

                                 10.000000   10.000000   clock clk (rise edge)
                                  0.000000   10.000000   clock source latency
     1    0.012543    0.062620    0.040355   10.040356 ^ clk (in)
                                                         clk (net)
                      0.062630    0.000000   10.040356 ^ clkbuf_0_clk/A (sky130_fd_sc_hd__clkbuf_16)
     4    0.037559    0.057562    0.138959   10.179315 ^ clkbuf_0_clk/X (sky130_fd_sc_hd__clkbuf_16)
                                                         clknet_0_clk (net)
                      0.057580    0.000871   10.180186 ^ clkbuf_2_2__f_clk/A (sky130_fd_sc_hd__clkbuf_16)
     9    0.024512    0.045846    0.127459   10.307645 ^ clkbuf_2_2__f_clk/X (sky130_fd_sc_hd__clkbuf_16)
                                                         clknet_2_2__leaf_clk (net)
                      0.045852    0.000504   10.308149 ^ _776_/CLK (sky130_fd_sc_hd__dfxtp_2)
                                 -0.250000   10.058149   clock uncertainty
                                  0.000000   10.058149   clock reconvergence pessimism
                                 -0.109079    9.949070   library setup time
                                              9.949070   data required time
---------------------------------------------------------------------------------------------
                                              9.949070   data required time
                                             -3.072095   data arrival time
---------------------------------------------------------------------------------------------
                                              6.876976   slack (MET)


Startpoint: rst (input port clocked by clk)
Endpoint: _750_ (rising edge-triggered flip-flop clocked by clk)
Path Group: clk
Path Type: max

Fanout         Cap        Slew       Delay        Time   Description
---------------------------------------------------------------------------------------------
                                  0.000000    0.000000   clock clk (rise edge)
                                  0.000000    0.000000   clock network delay (propagated)
                                  2.000000    2.000000 ^ input external delay
     1    0.004416    0.026753    0.016793    2.016793 ^ rst (in)
                                                         rst (net)
                      0.026753    0.000000    2.016793 ^ input17/A (sky130_fd_sc_hd__clkdlybuf4s25_1)
     3    0.015699    0.166092    0.342215    2.359008 ^ input17/X (sky130_fd_sc_hd__clkdlybuf4s25_1)
                                                         net17 (net)
                      0.166092    0.000335    2.359343 ^ _369_/A (sky130_fd_sc_hd__inv_2)
     4    0.015548    0.060086    0.085892    2.445235 v _369_/Y (sky130_fd_sc_hd__inv_2)
                                                         _367_ (net)
                      0.060086    0.000214    2.445448 v fanout35/A (sky130_fd_sc_hd__clkdlybuf4s25_1)
    10    0.025726    0.194700    0.394343    2.839792 v fanout35/X (sky130_fd_sc_hd__clkdlybuf4s25_1)
                                                         net35 (net)
                      0.194704    0.001158    2.840950 v _724_/B1 (sky130_fd_sc_hd__o21a_2)
     1    0.002182    0.031626    0.182132    3.023082 v _724_/X (sky130_fd_sc_hd__o21a_2)
                                                         _014_ (net)
                      0.031626    0.000048    3.023129 v _750_/D (sky130_fd_sc_hd__dfxtp_2)
                                              3.023129   data arrival time

                                 10.000000   10.000000   clock clk (rise edge)
                                  0.000000   10.000000   clock source latency
     1    0.012543    0.062620    0.040355   10.040356 ^ clk (in)
                                                         clk (net)
                      0.062630    0.000000   10.040356 ^ clkbuf_0_clk/A (sky130_fd_sc_hd__clkbuf_16)
     4    0.037559    0.057562    0.138959   10.179315 ^ clkbuf_0_clk/X (sky130_fd_sc_hd__clkbuf_16)
                                                         clknet_0_clk (net)
                      0.057586    0.000972   10.180286 ^ clkbuf_2_0__f_clk/A (sky130_fd_sc_hd__clkbuf_16)
     9    0.025205    0.046486    0.128051   10.308337 ^ clkbuf_2_0__f_clk/X (sky130_fd_sc_hd__clkbuf_16)
                                                         clknet_2_0__leaf_clk (net)
                      0.046501    0.000716   10.309053 ^ _750_/CLK (sky130_fd_sc_hd__dfxtp_2)
                                 -0.250000   10.059053   clock uncertainty
                                  0.000000   10.059053   clock reconvergence pessimism
                                 -0.106697    9.952356   library setup time
                                              9.952356   data required time
---------------------------------------------------------------------------------------------
                                              9.952356   data required time
                                             -3.023129   data arrival time
---------------------------------------------------------------------------------------------
                                              6.929227   slack (MET)


Startpoint: rst (input port clocked by clk)
Endpoint: _766_ (rising edge-triggered flip-flop clocked by clk)
Path Group: clk
Path Type: max

Fanout         Cap        Slew       Delay        Time   Description
---------------------------------------------------------------------------------------------
                                  0.000000    0.000000   clock clk (rise edge)
                                  0.000000    0.000000   clock network delay (propagated)
                                  2.000000    2.000000 ^ input external delay
     1    0.004416    0.026753    0.016793    2.016793 ^ rst (in)
                                                         rst (net)
                      0.026753    0.000000    2.016793 ^ input17/A (sky130_fd_sc_hd__clkdlybuf4s25_1)
     3    0.015699    0.166092    0.342215    2.359008 ^ input17/X (sky130_fd_sc_hd__clkdlybuf4s25_1)
                                                         net17 (net)
                      0.166092    0.000335    2.359343 ^ _369_/A (sky130_fd_sc_hd__inv_2)
     4    0.015548    0.060086    0.085892    2.445235 v _369_/Y (sky130_fd_sc_hd__inv_2)
                                                         _367_ (net)
                      0.060122    0.000705    2.445940 v fanout38/A (sky130_fd_sc_hd__clkdlybuf4s25_1)
     6    0.013537    0.110682    0.326173    2.772113 v fanout38/X (sky130_fd_sc_hd__clkdlybuf4s25_1)
                                                         net38 (net)
                      0.110682    0.000378    2.772491 v _745_/B (sky130_fd_sc_hd__and2_2)
     1    0.003348    0.037520    0.225442    2.997933 v _745_/X (sky130_fd_sc_hd__and2_2)
                                                         _030_ (net)
                      0.037520    0.000124    2.998057 v _766_/D (sky130_fd_sc_hd__dfxtp_2)
                                              2.998057   data arrival time

                                 10.000000   10.000000   clock clk (rise edge)
                                  0.000000   10.000000   clock source latency
     1    0.012543    0.062620    0.040355   10.040356 ^ clk (in)
                                                         clk (net)
                      0.062630    0.000000   10.040356 ^ clkbuf_0_clk/A (sky130_fd_sc_hd__clkbuf_16)
     4    0.037559    0.057562    0.138959   10.179315 ^ clkbuf_0_clk/X (sky130_fd_sc_hd__clkbuf_16)
                                                         clknet_0_clk (net)
                      0.057589    0.001019   10.180333 ^ clkbuf_2_3__f_clk/A (sky130_fd_sc_hd__clkbuf_16)
     9    0.024322    0.045675    0.127261   10.307594 ^ clkbuf_2_3__f_clk/X (sky130_fd_sc_hd__clkbuf_16)
                                                         clknet_2_3__leaf_clk (net)
                      0.045677    0.000355   10.307949 ^ _766_/CLK (sky130_fd_sc_hd__dfxtp_2)
                                 -0.250000   10.057949   clock uncertainty
                                  0.000000   10.057949   clock reconvergence pessimism
                                 -0.109462    9.948487   library setup time
                                              9.948487   data required time
---------------------------------------------------------------------------------------------
                                              9.948487   data required time
                                             -2.998057   data arrival time
---------------------------------------------------------------------------------------------
                                              6.950431   slack (MET)


Startpoint: rst (input port clocked by clk)
Endpoint: _767_ (rising edge-triggered flip-flop clocked by clk)
Path Group: clk
Path Type: max

Fanout         Cap        Slew       Delay        Time   Description
---------------------------------------------------------------------------------------------
                                  0.000000    0.000000   clock clk (rise edge)
                                  0.000000    0.000000   clock network delay (propagated)
                                  2.000000    2.000000 ^ input external delay
     1    0.004416    0.026753    0.016793    2.016793 ^ rst (in)
                                                         rst (net)
                      0.026753    0.000000    2.016793 ^ input17/A (sky130_fd_sc_hd__clkdlybuf4s25_1)
     3    0.015699    0.166092    0.342215    2.359008 ^ input17/X (sky130_fd_sc_hd__clkdlybuf4s25_1)
                                                         net17 (net)
                      0.166092    0.000335    2.359343 ^ _369_/A (sky130_fd_sc_hd__inv_2)
     4    0.015548    0.060086    0.085892    2.445235 v _369_/Y (sky130_fd_sc_hd__inv_2)
                                                         _367_ (net)
                      0.060122    0.000705    2.445940 v fanout38/A (sky130_fd_sc_hd__clkdlybuf4s25_1)
     6    0.013537    0.110682    0.326173    2.772113 v fanout38/X (sky130_fd_sc_hd__clkdlybuf4s25_1)
                                                         net38 (net)
                      0.110682    0.000365    2.772478 v _746_/B (sky130_fd_sc_hd__and2_2)
     1    0.003302    0.037372    0.225223    2.997701 v _746_/X (sky130_fd_sc_hd__and2_2)
                                                         _031_ (net)
                      0.037459    0.000121    2.997822 v _767_/D (sky130_fd_sc_hd__dfxtp_2)
                                              2.997822   data arrival time

                                 10.000000   10.000000   clock clk (rise edge)
                                  0.000000   10.000000   clock source latency
     1    0.012543    0.062620    0.040355   10.040356 ^ clk (in)
                                                         clk (net)
                      0.062630    0.000000   10.040356 ^ clkbuf_0_clk/A (sky130_fd_sc_hd__clkbuf_16)
     4    0.037559    0.057562    0.138959   10.179315 ^ clkbuf_0_clk/X (sky130_fd_sc_hd__clkbuf_16)
                                                         clknet_0_clk (net)
                      0.057589    0.001019   10.180333 ^ clkbuf_2_3__f_clk/A (sky130_fd_sc_hd__clkbuf_16)
     9    0.024322    0.045675    0.127261   10.307594 ^ clkbuf_2_3__f_clk/X (sky130_fd_sc_hd__clkbuf_16)
                                                         clknet_2_3__leaf_clk (net)
                      0.045677    0.000391   10.307985 ^ _767_/CLK (sky130_fd_sc_hd__dfxtp_2)
                                 -0.250000   10.057985   clock uncertainty
                                  0.000000   10.057985   clock reconvergence pessimism
                                 -0.109435    9.948550   library setup time
                                              9.948550   data required time
---------------------------------------------------------------------------------------------
                                              9.948550   data required time
                                             -2.997822   data arrival time
---------------------------------------------------------------------------------------------
                                              6.950727   slack (MET)


Startpoint: rst (input port clocked by clk)
Endpoint: _764_ (rising edge-triggered flip-flop clocked by clk)
Path Group: clk
Path Type: max

Fanout         Cap        Slew       Delay        Time   Description
---------------------------------------------------------------------------------------------
                                  0.000000    0.000000   clock clk (rise edge)
                                  0.000000    0.000000   clock network delay (propagated)
                                  2.000000    2.000000 ^ input external delay
     1    0.004416    0.026753    0.016793    2.016793 ^ rst (in)
                                                         rst (net)
                      0.026753    0.000000    2.016793 ^ input17/A (sky130_fd_sc_hd__clkdlybuf4s25_1)
     3    0.015699    0.166092    0.342215    2.359008 ^ input17/X (sky130_fd_sc_hd__clkdlybuf4s25_1)
                                                         net17 (net)
                      0.166092    0.000335    2.359343 ^ _369_/A (sky130_fd_sc_hd__inv_2)
     4    0.015548    0.060086    0.085892    2.445235 v _369_/Y (sky130_fd_sc_hd__inv_2)
                                                         _367_ (net)
                      0.060122    0.000705    2.445940 v fanout38/A (sky130_fd_sc_hd__clkdlybuf4s25_1)
     6    0.013537    0.110682    0.326173    2.772113 v fanout38/X (sky130_fd_sc_hd__clkdlybuf4s25_1)
                                                         net38 (net)
                      0.110682    0.000193    2.772305 v _743_/B (sky130_fd_sc_hd__and2_2)
     1    0.003293    0.037342    0.225182    2.997488 v _743_/X (sky130_fd_sc_hd__and2_2)
                                                         _028_ (net)
                      0.037342    0.000112    2.997599 v _764_/D (sky130_fd_sc_hd__dfxtp_2)
                                              2.997599   data arrival time

                                 10.000000   10.000000   clock clk (rise edge)
                                  0.000000   10.000000   clock source latency
     1    0.012543    0.062620    0.040355   10.040356 ^ clk (in)
                                                         clk (net)
                      0.062630    0.000000   10.040356 ^ clkbuf_0_clk/A (sky130_fd_sc_hd__clkbuf_16)
     4    0.037559    0.057562    0.138959   10.179315 ^ clkbuf_0_clk/X (sky130_fd_sc_hd__clkbuf_16)
                                                         clknet_0_clk (net)
                      0.057589    0.001019   10.180333 ^ clkbuf_2_3__f_clk/A (sky130_fd_sc_hd__clkbuf_16)
     9    0.024322    0.045675    0.127261   10.307594 ^ clkbuf_2_3__f_clk/X (sky130_fd_sc_hd__clkbuf_16)
                                                         clknet_2_3__leaf_clk (net)
                      0.045690    0.000711   10.308305 ^ _764_/CLK (sky130_fd_sc_hd__dfxtp_2)
                                 -0.250000   10.058305   clock uncertainty
                                  0.000000   10.058305   clock reconvergence pessimism
                                 -0.109381    9.948924   library setup time
                                              9.948924   data required time
---------------------------------------------------------------------------------------------
                                              9.948924   data required time
                                             -2.997599   data arrival time
---------------------------------------------------------------------------------------------
                                              6.951324   slack (MET)


Startpoint: rst (input port clocked by clk)
Endpoint: _763_ (rising edge-triggered flip-flop clocked by clk)
Path Group: clk
Path Type: max

Fanout         Cap        Slew       Delay        Time   Description
---------------------------------------------------------------------------------------------
                                  0.000000    0.000000   clock clk (rise edge)
                                  0.000000    0.000000   clock network delay (propagated)
                                  2.000000    2.000000 ^ input external delay
     1    0.004416    0.026753    0.016793    2.016793 ^ rst (in)
                                                         rst (net)
                      0.026753    0.000000    2.016793 ^ input17/A (sky130_fd_sc_hd__clkdlybuf4s25_1)
     3    0.015699    0.166092    0.342215    2.359008 ^ input17/X (sky130_fd_sc_hd__clkdlybuf4s25_1)
                                                         net17 (net)
                      0.166092    0.000335    2.359343 ^ _369_/A (sky130_fd_sc_hd__inv_2)
     4    0.015548    0.060086    0.085892    2.445235 v _369_/Y (sky130_fd_sc_hd__inv_2)
                                                         _367_ (net)
                      0.060122    0.000705    2.445940 v fanout38/A (sky130_fd_sc_hd__clkdlybuf4s25_1)
     6    0.013537    0.110682    0.326173    2.772113 v fanout38/X (sky130_fd_sc_hd__clkdlybuf4s25_1)
                                                         net38 (net)
                      0.110682    0.000176    2.772289 v _742_/B (sky130_fd_sc_hd__and2_2)
     1    0.003131    0.036987    0.224411    2.996700 v _742_/X (sky130_fd_sc_hd__and2_2)
                                                         _027_ (net)
                      0.036987    0.000086    2.996786 v _763_/D (sky130_fd_sc_hd__dfxtp_2)
                                              2.996786   data arrival time

                                 10.000000   10.000000   clock clk (rise edge)
                                  0.000000   10.000000   clock source latency
     1    0.012543    0.062620    0.040355   10.040356 ^ clk (in)
                                                         clk (net)
                      0.062630    0.000000   10.040356 ^ clkbuf_0_clk/A (sky130_fd_sc_hd__clkbuf_16)
     4    0.037559    0.057562    0.138959   10.179315 ^ clkbuf_0_clk/X (sky130_fd_sc_hd__clkbuf_16)
                                                         clknet_0_clk (net)
                      0.057589    0.001019   10.180333 ^ clkbuf_2_3__f_clk/A (sky130_fd_sc_hd__clkbuf_16)
     9    0.024322    0.045675    0.127261   10.307594 ^ clkbuf_2_3__f_clk/X (sky130_fd_sc_hd__clkbuf_16)
                                                         clknet_2_3__leaf_clk (net)
                      0.045682    0.000552   10.308146 ^ _763_/CLK (sky130_fd_sc_hd__dfxtp_2)
                                 -0.250000   10.058146   clock uncertainty
                                  0.000000   10.058146   clock reconvergence pessimism
                                 -0.109228    9.948917   library setup time
                                              9.948917   data required time
---------------------------------------------------------------------------------------------
                                              9.948917   data required time
                                             -2.996786   data arrival time
---------------------------------------------------------------------------------------------
                                              6.952131   slack (MET)


Startpoint: rst (input port clocked by clk)
Endpoint: _768_ (rising edge-triggered flip-flop clocked by clk)
Path Group: clk
Path Type: max

Fanout         Cap        Slew       Delay        Time   Description
---------------------------------------------------------------------------------------------
                                  0.000000    0.000000   clock clk (rise edge)
                                  0.000000    0.000000   clock network delay (propagated)
                                  2.000000    2.000000 ^ input external delay
     1    0.004416    0.026753    0.016793    2.016793 ^ rst (in)
                                                         rst (net)
                      0.026753    0.000000    2.016793 ^ input17/A (sky130_fd_sc_hd__clkdlybuf4s25_1)
     3    0.015699    0.166092    0.342215    2.359008 ^ input17/X (sky130_fd_sc_hd__clkdlybuf4s25_1)
                                                         net17 (net)
                      0.166092    0.000335    2.359343 ^ _369_/A (sky130_fd_sc_hd__inv_2)
     4    0.015548    0.060086    0.085892    2.445235 v _369_/Y (sky130_fd_sc_hd__inv_2)
                                                         _367_ (net)
                      0.060122    0.000705    2.445940 v fanout38/A (sky130_fd_sc_hd__clkdlybuf4s25_1)
     6    0.013537    0.110682    0.326173    2.772113 v fanout38/X (sky130_fd_sc_hd__clkdlybuf4s25_1)
                                                         net38 (net)
                      0.110682    0.000234    2.772346 v _747_/B (sky130_fd_sc_hd__and2_2)
     1    0.002385    0.035206    0.220823    2.993169 v _747_/X (sky130_fd_sc_hd__and2_2)
                                                         _032_ (net)
                      0.035206    0.000055    2.993224 v _768_/D (sky130_fd_sc_hd__dfxtp_2)
                                              2.993224   data arrival time

                                 10.000000   10.000000   clock clk (rise edge)
                                  0.000000   10.000000   clock source latency
     1    0.012543    0.062620    0.040355   10.040356 ^ clk (in)
                                                         clk (net)
                      0.062630    0.000000   10.040356 ^ clkbuf_0_clk/A (sky130_fd_sc_hd__clkbuf_16)
     4    0.037559    0.057562    0.138959   10.179315 ^ clkbuf_0_clk/X (sky130_fd_sc_hd__clkbuf_16)
                                                         clknet_0_clk (net)
                      0.057589    0.001019   10.180333 ^ clkbuf_2_3__f_clk/A (sky130_fd_sc_hd__clkbuf_16)
     9    0.024322    0.045675    0.127261   10.307594 ^ clkbuf_2_3__f_clk/X (sky130_fd_sc_hd__clkbuf_16)
                                                         clknet_2_3__leaf_clk (net)
                      0.045677    0.000361   10.307956 ^ _768_/CLK (sky130_fd_sc_hd__dfxtp_2)
                                 -0.250000   10.057956   clock uncertainty
                                  0.000000   10.057956   clock reconvergence pessimism
                                 -0.108452    9.949504   library setup time
                                              9.949504   data required time
---------------------------------------------------------------------------------------------
                                              9.949504   data required time
                                             -2.993224   data arrival time
---------------------------------------------------------------------------------------------
                                              6.956279   slack (MET)


Startpoint: rst (input port clocked by clk)
Endpoint: _765_ (rising edge-triggered flip-flop clocked by clk)
Path Group: clk
Path Type: max

Fanout         Cap        Slew       Delay        Time   Description
---------------------------------------------------------------------------------------------
                                  0.000000    0.000000   clock clk (rise edge)
                                  0.000000    0.000000   clock network delay (propagated)
                                  2.000000    2.000000 ^ input external delay
     1    0.004416    0.026753    0.016793    2.016793 ^ rst (in)
                                                         rst (net)
                      0.026753    0.000000    2.016793 ^ input17/A (sky130_fd_sc_hd__clkdlybuf4s25_1)
     3    0.015699    0.166092    0.342215    2.359008 ^ input17/X (sky130_fd_sc_hd__clkdlybuf4s25_1)
                                                         net17 (net)
                      0.166092    0.000335    2.359343 ^ _369_/A (sky130_fd_sc_hd__inv_2)
     4    0.015548    0.060086    0.085892    2.445235 v _369_/Y (sky130_fd_sc_hd__inv_2)
                                                         _367_ (net)
                      0.060122    0.000705    2.445940 v fanout38/A (sky130_fd_sc_hd__clkdlybuf4s25_1)
     6    0.013537    0.110682    0.326173    2.772113 v fanout38/X (sky130_fd_sc_hd__clkdlybuf4s25_1)
                                                         net38 (net)
                      0.110682    0.000365    2.772478 v _744_/B (sky130_fd_sc_hd__and2_2)
     1    0.002166    0.034673    0.219771    2.992249 v _744_/X (sky130_fd_sc_hd__and2_2)
                                                         _029_ (net)
                      0.034673    0.000049    2.992298 v _765_/D (sky130_fd_sc_hd__dfxtp_2)
                                              2.992298   data arrival time

                                 10.000000   10.000000   clock clk (rise edge)
                                  0.000000   10.000000   clock source latency
     1    0.012543    0.062620    0.040355   10.040356 ^ clk (in)
                                                         clk (net)
                      0.062630    0.000000   10.040356 ^ clkbuf_0_clk/A (sky130_fd_sc_hd__clkbuf_16)
     4    0.037559    0.057562    0.138959   10.179315 ^ clkbuf_0_clk/X (sky130_fd_sc_hd__clkbuf_16)
                                                         clknet_0_clk (net)
                      0.057589    0.001019   10.180333 ^ clkbuf_2_3__f_clk/A (sky130_fd_sc_hd__clkbuf_16)
     9    0.024322    0.045675    0.127261   10.307594 ^ clkbuf_2_3__f_clk/X (sky130_fd_sc_hd__clkbuf_16)
                                                         clknet_2_3__leaf_clk (net)
                      0.045693    0.000778   10.308372 ^ _765_/CLK (sky130_fd_sc_hd__dfxtp_2)
                                 -0.250000   10.058372   clock uncertainty
                                  0.000000   10.058372   clock reconvergence pessimism
                                 -0.108215    9.950156   library setup time
                                              9.950156   data required time
---------------------------------------------------------------------------------------------
                                              9.950156   data required time
                                             -2.992298   data arrival time
---------------------------------------------------------------------------------------------
                                              6.957859   slack (MET)


Startpoint: rst (input port clocked by clk)
Endpoint: _754_ (rising edge-triggered flip-flop clocked by clk)
Path Group: clk
Path Type: max

Fanout         Cap        Slew       Delay        Time   Description
---------------------------------------------------------------------------------------------
                                  0.000000    0.000000   clock clk (rise edge)
                                  0.000000    0.000000   clock network delay (propagated)
                                  2.000000    2.000000 ^ input external delay
     1    0.004416    0.026753    0.016793    2.016793 ^ rst (in)
                                                         rst (net)
                      0.026753    0.000000    2.016793 ^ input17/A (sky130_fd_sc_hd__clkdlybuf4s25_1)
     3    0.015699    0.166092    0.342215    2.359008 ^ input17/X (sky130_fd_sc_hd__clkdlybuf4s25_1)
                                                         net17 (net)
                      0.166092    0.000335    2.359343 ^ _369_/A (sky130_fd_sc_hd__inv_2)
     4    0.015548    0.060086    0.085892    2.445235 v _369_/Y (sky130_fd_sc_hd__inv_2)
                                                         _367_ (net)
                      0.060122    0.000697    2.445931 v fanout36/A (sky130_fd_sc_hd__clkdlybuf4s25_1)
     5    0.011505    0.096758    0.314649    2.760581 v fanout36/X (sky130_fd_sc_hd__clkdlybuf4s25_1)
                                                         net36 (net)
                      0.096758    0.000144    2.760725 v _731_/B (sky130_fd_sc_hd__and3b_2)
     1    0.002549    0.036927    0.219636    2.980361 v _731_/X (sky130_fd_sc_hd__and3b_2)
                                                         _018_ (net)
                      0.036927    0.000085    2.980445 v _754_/D (sky130_fd_sc_hd__dfxtp_2)
                                              2.980445   data arrival time

                                 10.000000   10.000000   clock clk (rise edge)
                                  0.000000   10.000000   clock source latency
     1    0.012543    0.062620    0.040355   10.040356 ^ clk (in)
                                                         clk (net)
                      0.062630    0.000000   10.040356 ^ clkbuf_0_clk/A (sky130_fd_sc_hd__clkbuf_16)
     4    0.037559    0.057562    0.138959   10.179315 ^ clkbuf_0_clk/X (sky130_fd_sc_hd__clkbuf_16)
                                                         clknet_0_clk (net)
                      0.057588    0.001009   10.180324 ^ clkbuf_2_1__f_clk/A (sky130_fd_sc_hd__clkbuf_16)
     9    0.024292    0.045649    0.127232   10.307556 ^ clkbuf_2_1__f_clk/X (sky130_fd_sc_hd__clkbuf_16)
                                                         clknet_2_1__leaf_clk (net)
                      0.045656    0.000519   10.308075 ^ _754_/CLK (sky130_fd_sc_hd__dfxtp_2)
                                 -0.250000   10.058075   clock uncertainty
                                  0.000000   10.058075   clock reconvergence pessimism
                                 -0.109208    9.948867   library setup time
                                              9.948867   data required time
---------------------------------------------------------------------------------------------
                                              9.948867   data required time
                                             -2.980445   data arrival time
---------------------------------------------------------------------------------------------
                                              6.968421   slack (MET)


Startpoint: rst (input port clocked by clk)
Endpoint: _759_ (rising edge-triggered flip-flop clocked by clk)
Path Group: clk
Path Type: max

Fanout         Cap        Slew       Delay        Time   Description
---------------------------------------------------------------------------------------------
                                  0.000000    0.000000   clock clk (rise edge)
                                  0.000000    0.000000   clock network delay (propagated)
                                  2.000000    2.000000 ^ input external delay
     1    0.004416    0.026753    0.016793    2.016793 ^ rst (in)
                                                         rst (net)
                      0.026753    0.000000    2.016793 ^ input17/A (sky130_fd_sc_hd__clkdlybuf4s25_1)
     3    0.015699    0.166092    0.342215    2.359008 ^ input17/X (sky130_fd_sc_hd__clkdlybuf4s25_1)
                                                         net17 (net)
                      0.166092    0.000335    2.359343 ^ _369_/A (sky130_fd_sc_hd__inv_2)
     4    0.015548    0.060086    0.085892    2.445235 v _369_/Y (sky130_fd_sc_hd__inv_2)
                                                         _367_ (net)
                      0.060122    0.000697    2.445931 v fanout36/A (sky130_fd_sc_hd__clkdlybuf4s25_1)
     5    0.011505    0.096758    0.314649    2.760581 v fanout36/X (sky130_fd_sc_hd__clkdlybuf4s25_1)
                                                         net36 (net)
                      0.096758    0.000306    2.760887 v _738_/B (sky130_fd_sc_hd__and2_2)
     1    0.003197    0.037164    0.218005    2.978892 v _738_/X (sky130_fd_sc_hd__and2_2)
                                                         _023_ (net)
                      0.037164    0.000089    2.978981 v _759_/D (sky130_fd_sc_hd__dfxtp_2)
                                              2.978981   data arrival time

                                 10.000000   10.000000   clock clk (rise edge)
                                  0.000000   10.000000   clock source latency
     1    0.012543    0.062620    0.040355   10.040356 ^ clk (in)
                                                         clk (net)
                      0.062630    0.000000   10.040356 ^ clkbuf_0_clk/A (sky130_fd_sc_hd__clkbuf_16)
     4    0.037559    0.057562    0.138959   10.179315 ^ clkbuf_0_clk/X (sky130_fd_sc_hd__clkbuf_16)
                                                         clknet_0_clk (net)
                      0.057588    0.001009   10.180324 ^ clkbuf_2_1__f_clk/A (sky130_fd_sc_hd__clkbuf_16)
     9    0.024292    0.045649    0.127232   10.307556 ^ clkbuf_2_1__f_clk/X (sky130_fd_sc_hd__clkbuf_16)
                                                         clknet_2_1__leaf_clk (net)
                      0.045655    0.000493   10.308049 ^ _759_/CLK (sky130_fd_sc_hd__dfxtp_2)
                                 -0.250000   10.058049   clock uncertainty
                                  0.000000   10.058049   clock reconvergence pessimism
                                 -0.109312    9.948737   library setup time
                                              9.948737   data required time
---------------------------------------------------------------------------------------------
                                              9.948737   data required time
                                             -2.978981   data arrival time
---------------------------------------------------------------------------------------------
                                              6.969756   slack (MET)


Startpoint: rst (input port clocked by clk)
Endpoint: _760_ (rising edge-triggered flip-flop clocked by clk)
Path Group: clk
Path Type: max

Fanout         Cap        Slew       Delay        Time   Description
---------------------------------------------------------------------------------------------
                                  0.000000    0.000000   clock clk (rise edge)
                                  0.000000    0.000000   clock network delay (propagated)
                                  2.000000    2.000000 ^ input external delay
     1    0.004416    0.026753    0.016793    2.016793 ^ rst (in)
                                                         rst (net)
                      0.026753    0.000000    2.016793 ^ input17/A (sky130_fd_sc_hd__clkdlybuf4s25_1)
     3    0.015699    0.166092    0.342215    2.359008 ^ input17/X (sky130_fd_sc_hd__clkdlybuf4s25_1)
                                                         net17 (net)
                      0.166092    0.000335    2.359343 ^ _369_/A (sky130_fd_sc_hd__inv_2)
     4    0.015548    0.060086    0.085892    2.445235 v _369_/Y (sky130_fd_sc_hd__inv_2)
                                                         _367_ (net)
                      0.060122    0.000697    2.445931 v fanout36/A (sky130_fd_sc_hd__clkdlybuf4s25_1)
     5    0.011505    0.096758    0.314649    2.760581 v fanout36/X (sky130_fd_sc_hd__clkdlybuf4s25_1)
                                                         net36 (net)
                      0.096758    0.000310    2.760891 v _739_/B (sky130_fd_sc_hd__and2_2)
     1    0.002996    0.036739    0.217032    2.977924 v _739_/X (sky130_fd_sc_hd__and2_2)
                                                         _024_ (net)
                      0.036739    0.000102    2.978025 v _760_/D (sky130_fd_sc_hd__dfxtp_2)
                                              2.978025   data arrival time

                                 10.000000   10.000000   clock clk (rise edge)
                                  0.000000   10.000000   clock source latency
     1    0.012543    0.062620    0.040355   10.040356 ^ clk (in)
                                                         clk (net)
                      0.062630    0.000000   10.040356 ^ clkbuf_0_clk/A (sky130_fd_sc_hd__clkbuf_16)
     4    0.037559    0.057562    0.138959   10.179315 ^ clkbuf_0_clk/X (sky130_fd_sc_hd__clkbuf_16)
                                                         clknet_0_clk (net)
                      0.057588    0.001009   10.180324 ^ clkbuf_2_1__f_clk/A (sky130_fd_sc_hd__clkbuf_16)
     9    0.024292    0.045649    0.127232   10.307556 ^ clkbuf_2_1__f_clk/X (sky130_fd_sc_hd__clkbuf_16)
                                                         clknet_2_1__leaf_clk (net)
                      0.045663    0.000666   10.308222 ^ _760_/CLK (sky130_fd_sc_hd__dfxtp_2)
                                 -0.250000   10.058222   clock uncertainty
                                  0.000000   10.058222   clock reconvergence pessimism
                                 -0.109124    9.949098   library setup time
                                              9.949098   data required time
---------------------------------------------------------------------------------------------
                                              9.949098   data required time
                                             -2.978025   data arrival time
---------------------------------------------------------------------------------------------
                                              6.971072   slack (MET)


Startpoint: rst (input port clocked by clk)
Endpoint: _757_ (rising edge-triggered flip-flop clocked by clk)
Path Group: clk
Path Type: max

Fanout         Cap        Slew       Delay        Time   Description
---------------------------------------------------------------------------------------------
                                  0.000000    0.000000   clock clk (rise edge)
                                  0.000000    0.000000   clock network delay (propagated)
                                  2.000000    2.000000 ^ input external delay
     1    0.004416    0.026753    0.016793    2.016793 ^ rst (in)
                                                         rst (net)
                      0.026753    0.000000    2.016793 ^ input17/A (sky130_fd_sc_hd__clkdlybuf4s25_1)
     3    0.015699    0.166092    0.342215    2.359008 ^ input17/X (sky130_fd_sc_hd__clkdlybuf4s25_1)
                                                         net17 (net)
                      0.166092    0.000335    2.359343 ^ _369_/A (sky130_fd_sc_hd__inv_2)
     4    0.015548    0.060086    0.085892    2.445235 v _369_/Y (sky130_fd_sc_hd__inv_2)
                                                         _367_ (net)
                      0.060122    0.000697    2.445931 v fanout36/A (sky130_fd_sc_hd__clkdlybuf4s25_1)
     5    0.011505    0.096758    0.314649    2.760581 v fanout36/X (sky130_fd_sc_hd__clkdlybuf4s25_1)
                                                         net36 (net)
                      0.096758    0.000331    2.760912 v _736_/B (sky130_fd_sc_hd__and2_2)
     1    0.002553    0.035652    0.214903    2.975815 v _736_/X (sky130_fd_sc_hd__and2_2)
                                                         _021_ (net)
                      0.035652    0.000083    2.975898 v _757_/D (sky130_fd_sc_hd__dfxtp_2)
                                              2.975898   data arrival time

                                 10.000000   10.000000   clock clk (rise edge)
                                  0.000000   10.000000   clock source latency
     1    0.012543    0.062620    0.040355   10.040356 ^ clk (in)
                                                         clk (net)
                      0.062630    0.000000   10.040356 ^ clkbuf_0_clk/A (sky130_fd_sc_hd__clkbuf_16)
     4    0.037559    0.057562    0.138959   10.179315 ^ clkbuf_0_clk/X (sky130_fd_sc_hd__clkbuf_16)
                                                         clknet_0_clk (net)
                      0.057588    0.001009   10.180324 ^ clkbuf_2_1__f_clk/A (sky130_fd_sc_hd__clkbuf_16)
     9    0.024292    0.045649    0.127232   10.307556 ^ clkbuf_2_1__f_clk/X (sky130_fd_sc_hd__clkbuf_16)
                                                         clknet_2_1__leaf_clk (net)
                      0.045665    0.000712   10.308269 ^ _757_/CLK (sky130_fd_sc_hd__dfxtp_2)
                                 -0.250000   10.058269   clock uncertainty
                                  0.000000   10.058269   clock reconvergence pessimism
                                 -0.108649    9.949619   library setup time
                                              9.949619   data required time
---------------------------------------------------------------------------------------------
                                              9.949619   data required time
                                             -2.975898   data arrival time
---------------------------------------------------------------------------------------------
                                              6.973722   slack (MET)


Startpoint: rst (input port clocked by clk)
Endpoint: _758_ (rising edge-triggered flip-flop clocked by clk)
Path Group: clk
Path Type: max

Fanout         Cap        Slew       Delay        Time   Description
---------------------------------------------------------------------------------------------
                                  0.000000    0.000000   clock clk (rise edge)
                                  0.000000    0.000000   clock network delay (propagated)
                                  2.000000    2.000000 ^ input external delay
     1    0.004416    0.026753    0.016793    2.016793 ^ rst (in)
                                                         rst (net)
                      0.026753    0.000000    2.016793 ^ input17/A (sky130_fd_sc_hd__clkdlybuf4s25_1)
     3    0.015699    0.166092    0.342215    2.359008 ^ input17/X (sky130_fd_sc_hd__clkdlybuf4s25_1)
                                                         net17 (net)
                      0.166092    0.000335    2.359343 ^ _369_/A (sky130_fd_sc_hd__inv_2)
     4    0.015548    0.060086    0.085892    2.445235 v _369_/Y (sky130_fd_sc_hd__inv_2)
                                                         _367_ (net)
                      0.060122    0.000697    2.445931 v fanout36/A (sky130_fd_sc_hd__clkdlybuf4s25_1)
     5    0.011505    0.096758    0.314649    2.760581 v fanout36/X (sky130_fd_sc_hd__clkdlybuf4s25_1)
                                                         net36 (net)
                      0.096758    0.000216    2.760798 v _737_/B (sky130_fd_sc_hd__and2_2)
     1    0.002055    0.034417    0.212514    2.973312 v _737_/X (sky130_fd_sc_hd__and2_2)
                                                         _022_ (net)
                      0.034417    0.000044    2.973356 v _758_/D (sky130_fd_sc_hd__dfxtp_2)
                                              2.973356   data arrival time

                                 10.000000   10.000000   clock clk (rise edge)
                                  0.000000   10.000000   clock source latency
     1    0.012543    0.062620    0.040355   10.040356 ^ clk (in)
                                                         clk (net)
                      0.062630    0.000000   10.040356 ^ clkbuf_0_clk/A (sky130_fd_sc_hd__clkbuf_16)
     4    0.037559    0.057562    0.138959   10.179315 ^ clkbuf_0_clk/X (sky130_fd_sc_hd__clkbuf_16)
                                                         clknet_0_clk (net)
                      0.057588    0.001009   10.180324 ^ clkbuf_2_1__f_clk/A (sky130_fd_sc_hd__clkbuf_16)
     9    0.024292    0.045649    0.127232   10.307556 ^ clkbuf_2_1__f_clk/X (sky130_fd_sc_hd__clkbuf_16)
                                                         clknet_2_1__leaf_clk (net)
                      0.045664    0.000695   10.308250 ^ _758_/CLK (sky130_fd_sc_hd__dfxtp_2)
                                 -0.250000   10.058250   clock uncertainty
                                  0.000000   10.058250   clock reconvergence pessimism
                                 -0.108110    9.950141   library setup time
                                              9.950141   data required time
---------------------------------------------------------------------------------------------
                                              9.950141   data required time
                                             -2.973356   data arrival time
---------------------------------------------------------------------------------------------
                                              6.976785   slack (MET)


Startpoint: rst (input port clocked by clk)
Endpoint: _749_ (rising edge-triggered flip-flop clocked by clk)
Path Group: clk
Path Type: max

Fanout         Cap        Slew       Delay        Time   Description
---------------------------------------------------------------------------------------------
                                  0.000000    0.000000   clock clk (rise edge)
                                  0.000000    0.000000   clock network delay (propagated)
                                  2.000000    2.000000 ^ input external delay
     1    0.004416    0.026753    0.016793    2.016793 ^ rst (in)
                                                         rst (net)
                      0.026753    0.000000    2.016793 ^ input17/A (sky130_fd_sc_hd__clkdlybuf4s25_1)
     3    0.015699    0.166092    0.342215    2.359008 ^ input17/X (sky130_fd_sc_hd__clkdlybuf4s25_1)
                                                         net17 (net)
                      0.166092    0.000536    2.359544 ^ _722_/A (sky130_fd_sc_hd__nor2_2)
     1    0.002575    0.040652    0.058403    2.417947 v _722_/Y (sky130_fd_sc_hd__nor2_2)
                                                         _013_ (net)
                      0.040652    0.000063    2.418010 v _749_/D (sky130_fd_sc_hd__dfxtp_2)
                                              2.418010   data arrival time

                                 10.000000   10.000000   clock clk (rise edge)
                                  0.000000   10.000000   clock source latency
     1    0.012543    0.062620    0.040355   10.040356 ^ clk (in)
                                                         clk (net)
                      0.062630    0.000000   10.040356 ^ clkbuf_0_clk/A (sky130_fd_sc_hd__clkbuf_16)
     4    0.037559    0.057562    0.138959   10.179315 ^ clkbuf_0_clk/X (sky130_fd_sc_hd__clkbuf_16)
                                                         clknet_0_clk (net)
                      0.057586    0.000972   10.180286 ^ clkbuf_2_0__f_clk/A (sky130_fd_sc_hd__clkbuf_16)
     9    0.025205    0.046486    0.128051   10.308337 ^ clkbuf_2_0__f_clk/X (sky130_fd_sc_hd__clkbuf_16)
                                                         clknet_2_0__leaf_clk (net)
                      0.046502    0.000738   10.309075 ^ _749_/CLK (sky130_fd_sc_hd__dfxtp_2)
                                 -0.250000   10.059075   clock uncertainty
                                  0.000000   10.059075   clock reconvergence pessimism
                                 -0.110636    9.948440   library setup time
                                              9.948440   data required time
---------------------------------------------------------------------------------------------
                                              9.948440   data required time
                                             -2.418010   data arrival time
---------------------------------------------------------------------------------------------
                                              7.530430   slack (MET)



