
===========================================================================
report_checks -path_delay max (Setup)
============================================================================
======================= nom_ss_100C_1v60 Corner ===================================

Startpoint: h2[1] (input port clocked by clk)
Endpoint: y[9] (output port clocked by clk)
Path Group: clk
Path Type: max

Fanout         Cap        Slew       Delay        Time   Description
---------------------------------------------------------------------------------------------
                                  0.000000    0.000000   clock clk (rise edge)
                                  0.000000    0.000000   clock network delay (propagated)
                                  2.000000    2.000000 v input external delay
     1    0.003423    0.020868    0.011773    2.011773 v h2[1] (in)
                                                         h2[1] (net)
                      0.020868    0.000000    2.011773 v input10/A (sky130_fd_sc_hd__dlymetal6s4s_1)
     6    0.022778    0.235456    0.680446    2.692219 v input10/X (sky130_fd_sc_hd__dlymetal6s4s_1)
                                                         net10 (net)
                      0.235456    0.000492    2.692711 v _413_/B (sky130_fd_sc_hd__and2_4)
     4    0.012648    0.067277    0.402416    3.095127 v _413_/X (sky130_fd_sc_hd__and2_4)
                                                         _075_ (net)
                      0.067277    0.000163    3.095289 v _498_/C (sky130_fd_sc_hd__and3_2)
     4    0.012675    0.116241    0.515237    3.610527 v _498_/X (sky130_fd_sc_hd__and3_2)
                                                         _159_ (net)
                      0.116241    0.000326    3.610853 v _500_/B1 (sky130_fd_sc_hd__o2bb2a_2)
     1    0.004484    0.090131    0.580557    4.191410 v _500_/X (sky130_fd_sc_hd__o2bb2a_2)
                                                         _161_ (net)
                      0.090131    0.000095    4.191504 v _502_/A (sky130_fd_sc_hd__nor2_2)
     2    0.011133    0.233289    0.282861    4.474366 ^ _502_/Y (sky130_fd_sc_hd__nor2_2)
                                                         _163_ (net)
                      0.233289    0.000380    4.474746 ^ _504_/B (sky130_fd_sc_hd__xnor2_2)
     2    0.007777    0.238166    0.289381    4.764127 ^ _504_/Y (sky130_fd_sc_hd__xnor2_2)
                                                         _165_ (net)
                      0.238166    0.000151    4.764278 ^ _507_/A (sky130_fd_sc_hd__and2_4)
     4    0.020688    0.133224    0.426906    5.191184 ^ _507_/X (sky130_fd_sc_hd__and2_4)
                                                         _168_ (net)
                      0.133224    0.000545    5.191729 ^ _508_/B (sky130_fd_sc_hd__nor2_4)
     1    0.017440    0.087564    0.107853    5.299582 v _508_/Y (sky130_fd_sc_hd__nor2_4)
                                                         _169_ (net)
                      0.087565    0.000578    5.300160 v _510_/A (sky130_fd_sc_hd__xor2_4)
     2    0.010768    0.103915    0.355502    5.655663 v _510_/X (sky130_fd_sc_hd__xor2_4)
                                                         _171_ (net)
                      0.103915    0.000236    5.655899 v _511_/A (sky130_fd_sc_hd__xnor2_2)
     2    0.012193    0.156468    0.317683    5.973582 v _511_/Y (sky130_fd_sc_hd__xnor2_2)
                                                         _172_ (net)
                      0.156468    0.000500    5.974082 v _512_/B (sky130_fd_sc_hd__or3_4)
     3    0.010593    0.136771    0.819487    6.793570 v _512_/X (sky130_fd_sc_hd__or3_4)
                                                         _173_ (net)
                      0.136771    0.000278    6.793848 v _515_/A2 (sky130_fd_sc_hd__a211o_4)
     2    0.009684    0.090487    0.667340    7.461187 v _515_/X (sky130_fd_sc_hd__a211o_4)
                                                         _176_ (net)
                      0.090487    0.000203    7.461391 v _585_/A2 (sky130_fd_sc_hd__a21o_4)
     2    0.012242    0.074641    0.434851    7.896242 v _585_/X (sky130_fd_sc_hd__a21o_4)
                                                         _245_ (net)
                      0.074641    0.000441    7.896683 v _637_/A1 (sky130_fd_sc_hd__a21o_4)
     2    0.010695    0.071503    0.399424    8.296107 v _637_/X (sky130_fd_sc_hd__a21o_4)
                                                         _296_ (net)
                      0.071503    0.000316    8.296423 v _674_/A1 (sky130_fd_sc_hd__a21o_4)
     2    0.011580    0.073282    0.400767    8.697191 v _674_/X (sky130_fd_sc_hd__a21o_4)
                                                         _332_ (net)
                      0.073282    0.000416    8.697606 v _695_/A1 (sky130_fd_sc_hd__a21o_4)
     2    0.013495    0.077540    0.407753    9.105359 v _695_/X (sky130_fd_sc_hd__a21o_4)
                                                         _352_ (net)
                      0.077594    0.000438    9.105797 v _697_/A1 (sky130_fd_sc_hd__a21o_4)
     2    0.012945    0.076294    0.408039    9.513836 v _697_/X (sky130_fd_sc_hd__a21o_4)
                                                         _353_ (net)
                      0.076294    0.000219    9.514055 v _705_/A1 (sky130_fd_sc_hd__a21o_2)
     1    0.005005    0.068209    0.378392    9.892447 v _705_/X (sky130_fd_sc_hd__a21o_2)
                                                         net34 (net)
                      0.068209    0.000112    9.892559 v output34/A (sky130_fd_sc_hd__buf_6)
     1    0.035346    0.077304    0.259557   10.152116 v output34/X (sky130_fd_sc_hd__buf_6)
                                                         y[9] (net)
                      0.077317    0.001034   10.153150 v y[9] (out)
                                             10.153150   data arrival time

                                 10.000000   10.000000   clock clk (rise edge)
                                  0.000000   10.000000   clock network delay (propagated)
                                 -0.250000    9.750000   clock uncertainty
                                  0.000000    9.750000   clock reconvergence pessimism
                                 -2.000000    7.750000   output external delay
                                              7.750000   data required time
---------------------------------------------------------------------------------------------
                                              7.750000   data required time
                                            -10.153150   data arrival time
---------------------------------------------------------------------------------------------
                                             -2.403150   slack (VIOLATED)


Startpoint: h2[1] (input port clocked by clk)
Endpoint: y[8] (output port clocked by clk)
Path Group: clk
Path Type: max

Fanout         Cap        Slew       Delay        Time   Description
---------------------------------------------------------------------------------------------
                                  0.000000    0.000000   clock clk (rise edge)
                                  0.000000    0.000000   clock network delay (propagated)
                                  2.000000    2.000000 v input external delay
     1    0.003423    0.020868    0.011773    2.011773 v h2[1] (in)
                                                         h2[1] (net)
                      0.020868    0.000000    2.011773 v input10/A (sky130_fd_sc_hd__dlymetal6s4s_1)
     6    0.022778    0.235456    0.680446    2.692219 v input10/X (sky130_fd_sc_hd__dlymetal6s4s_1)
                                                         net10 (net)
                      0.235456    0.000492    2.692711 v _413_/B (sky130_fd_sc_hd__and2_4)
     4    0.012648    0.067277    0.402416    3.095127 v _413_/X (sky130_fd_sc_hd__and2_4)
                                                         _075_ (net)
                      0.067277    0.000163    3.095289 v _498_/C (sky130_fd_sc_hd__and3_2)
     4    0.012675    0.116241    0.515237    3.610527 v _498_/X (sky130_fd_sc_hd__and3_2)
                                                         _159_ (net)
                      0.116241    0.000326    3.610853 v _500_/B1 (sky130_fd_sc_hd__o2bb2a_2)
     1    0.004484    0.090131    0.580557    4.191410 v _500_/X (sky130_fd_sc_hd__o2bb2a_2)
                                                         _161_ (net)
                      0.090131    0.000095    4.191504 v _502_/A (sky130_fd_sc_hd__nor2_2)
     2    0.011133    0.233289    0.282861    4.474366 ^ _502_/Y (sky130_fd_sc_hd__nor2_2)
                                                         _163_ (net)
                      0.233289    0.000380    4.474746 ^ _504_/B (sky130_fd_sc_hd__xnor2_2)
     2    0.007777    0.238166    0.289381    4.764127 ^ _504_/Y (sky130_fd_sc_hd__xnor2_2)
                                                         _165_ (net)
                      0.238166    0.000151    4.764278 ^ _507_/A (sky130_fd_sc_hd__and2_4)
     4    0.020688    0.133224    0.426906    5.191184 ^ _507_/X (sky130_fd_sc_hd__and2_4)
                                                         _168_ (net)
                      0.133224    0.000545    5.191729 ^ _508_/B (sky130_fd_sc_hd__nor2_4)
     1    0.017440    0.087564    0.107853    5.299582 v _508_/Y (sky130_fd_sc_hd__nor2_4)
                                                         _169_ (net)
                      0.087565    0.000578    5.300160 v _510_/A (sky130_fd_sc_hd__xor2_4)
     2    0.010768    0.103915    0.355502    5.655663 v _510_/X (sky130_fd_sc_hd__xor2_4)
                                                         _171_ (net)
                      0.103915    0.000236    5.655899 v _511_/A (sky130_fd_sc_hd__xnor2_2)
     2    0.012193    0.156468    0.317683    5.973582 v _511_/Y (sky130_fd_sc_hd__xnor2_2)
                                                         _172_ (net)
                      0.156468    0.000500    5.974082 v _512_/B (sky130_fd_sc_hd__or3_4)
     3    0.010593    0.136771    0.819487    6.793570 v _512_/X (sky130_fd_sc_hd__or3_4)
                                                         _173_ (net)
                      0.136771    0.000278    6.793848 v _515_/A2 (sky130_fd_sc_hd__a211o_4)
     2    0.009684    0.090487    0.667340    7.461187 v _515_/X (sky130_fd_sc_hd__a211o_4)
                                                         _176_ (net)
                      0.090487    0.000203    7.461391 v _585_/A2 (sky130_fd_sc_hd__a21o_4)
     2    0.012242    0.074641    0.434851    7.896242 v _585_/X (sky130_fd_sc_hd__a21o_4)
                                                         _245_ (net)
                      0.074641    0.000441    7.896683 v _637_/A1 (sky130_fd_sc_hd__a21o_4)
     2    0.010695    0.071503    0.399424    8.296107 v _637_/X (sky130_fd_sc_hd__a21o_4)
                                                         _296_ (net)
                      0.071503    0.000316    8.296423 v _674_/A1 (sky130_fd_sc_hd__a21o_4)
     2    0.011580    0.073282    0.400767    8.697191 v _674_/X (sky130_fd_sc_hd__a21o_4)
                                                         _332_ (net)
                      0.073282    0.000416    8.697606 v _695_/A1 (sky130_fd_sc_hd__a21o_4)
     2    0.013495    0.077540    0.407753    9.105359 v _695_/X (sky130_fd_sc_hd__a21o_4)
                                                         _352_ (net)
                      0.077594    0.000438    9.105797 v _697_/A1 (sky130_fd_sc_hd__a21o_4)
     2    0.012945    0.076294    0.408039    9.513836 v _697_/X (sky130_fd_sc_hd__a21o_4)
                                                         _353_ (net)
                      0.076294    0.000346    9.514182 v _701_/A (sky130_fd_sc_hd__xor2_2)
     1    0.005025    0.092633    0.327574    9.841756 v _701_/X (sky130_fd_sc_hd__xor2_2)
                                                         net33 (net)
                      0.092633    0.000160    9.841916 v output33/A (sky130_fd_sc_hd__buf_6)
     1    0.034996    0.076871    0.271260   10.113176 v output33/X (sky130_fd_sc_hd__buf_6)
                                                         y[8] (net)
                      0.076884    0.001001   10.114178 v y[8] (out)
                                             10.114178   data arrival time

                                 10.000000   10.000000   clock clk (rise edge)
                                  0.000000   10.000000   clock network delay (propagated)
                                 -0.250000    9.750000   clock uncertainty
                                  0.000000    9.750000   clock reconvergence pessimism
                                 -2.000000    7.750000   output external delay
                                              7.750000   data required time
---------------------------------------------------------------------------------------------
                                              7.750000   data required time
                                            -10.114178   data arrival time
---------------------------------------------------------------------------------------------
                                             -2.364177   slack (VIOLATED)


Startpoint: h2[1] (input port clocked by clk)
Endpoint: y[7] (output port clocked by clk)
Path Group: clk
Path Type: max

Fanout         Cap        Slew       Delay        Time   Description
---------------------------------------------------------------------------------------------
                                  0.000000    0.000000   clock clk (rise edge)
                                  0.000000    0.000000   clock network delay (propagated)
                                  2.000000    2.000000 v input external delay
     1    0.003423    0.020868    0.011773    2.011773 v h2[1] (in)
                                                         h2[1] (net)
                      0.020868    0.000000    2.011773 v input10/A (sky130_fd_sc_hd__dlymetal6s4s_1)
     6    0.022778    0.235456    0.680446    2.692219 v input10/X (sky130_fd_sc_hd__dlymetal6s4s_1)
                                                         net10 (net)
                      0.235456    0.000492    2.692711 v _413_/B (sky130_fd_sc_hd__and2_4)
     4    0.012648    0.067277    0.402416    3.095127 v _413_/X (sky130_fd_sc_hd__and2_4)
                                                         _075_ (net)
                      0.067277    0.000163    3.095289 v _498_/C (sky130_fd_sc_hd__and3_2)
     4    0.012675    0.116241    0.515237    3.610527 v _498_/X (sky130_fd_sc_hd__and3_2)
                                                         _159_ (net)
                      0.116241    0.000326    3.610853 v _500_/B1 (sky130_fd_sc_hd__o2bb2a_2)
     1    0.004484    0.090131    0.580557    4.191410 v _500_/X (sky130_fd_sc_hd__o2bb2a_2)
                                                         _161_ (net)
                      0.090131    0.000095    4.191504 v _502_/A (sky130_fd_sc_hd__nor2_2)
     2    0.011133    0.233289    0.282861    4.474366 ^ _502_/Y (sky130_fd_sc_hd__nor2_2)
                                                         _163_ (net)
                      0.233289    0.000380    4.474746 ^ _504_/B (sky130_fd_sc_hd__xnor2_2)
     2    0.007777    0.238166    0.289381    4.764127 ^ _504_/Y (sky130_fd_sc_hd__xnor2_2)
                                                         _165_ (net)
                      0.238166    0.000151    4.764278 ^ _507_/A (sky130_fd_sc_hd__and2_4)
     4    0.020688    0.133224    0.426906    5.191184 ^ _507_/X (sky130_fd_sc_hd__and2_4)
                                                         _168_ (net)
                      0.133224    0.000545    5.191729 ^ _508_/B (sky130_fd_sc_hd__nor2_4)
     1    0.017440    0.087564    0.107853    5.299582 v _508_/Y (sky130_fd_sc_hd__nor2_4)
                                                         _169_ (net)
                      0.087565    0.000578    5.300160 v _510_/A (sky130_fd_sc_hd__xor2_4)
     2    0.010768    0.103915    0.355502    5.655663 v _510_/X (sky130_fd_sc_hd__xor2_4)
                                                         _171_ (net)
                      0.103915    0.000236    5.655899 v _511_/A (sky130_fd_sc_hd__xnor2_2)
     2    0.012193    0.156468    0.317683    5.973582 v _511_/Y (sky130_fd_sc_hd__xnor2_2)
                                                         _172_ (net)
                      0.156468    0.000500    5.974082 v _512_/B (sky130_fd_sc_hd__or3_4)
     3    0.010593    0.136771    0.819487    6.793570 v _512_/X (sky130_fd_sc_hd__or3_4)
                                                         _173_ (net)
                      0.136771    0.000278    6.793848 v _515_/A2 (sky130_fd_sc_hd__a211o_4)
     2    0.009684    0.090487    0.667340    7.461187 v _515_/X (sky130_fd_sc_hd__a211o_4)
                                                         _176_ (net)
                      0.090487    0.000203    7.461391 v _585_/A2 (sky130_fd_sc_hd__a21o_4)
     2    0.012242    0.074641    0.434851    7.896242 v _585_/X (sky130_fd_sc_hd__a21o_4)
                                                         _245_ (net)
                      0.074641    0.000441    7.896683 v _637_/A1 (sky130_fd_sc_hd__a21o_4)
     2    0.010695    0.071503    0.399424    8.296107 v _637_/X (sky130_fd_sc_hd__a21o_4)
                                                         _296_ (net)
                      0.071503    0.000316    8.296423 v _674_/A1 (sky130_fd_sc_hd__a21o_4)
     2    0.011580    0.073282    0.400767    8.697191 v _674_/X (sky130_fd_sc_hd__a21o_4)
                                                         _332_ (net)
                      0.073282    0.000416    8.697606 v _695_/A1 (sky130_fd_sc_hd__a21o_4)
     2    0.013495    0.077540    0.407753    9.105359 v _695_/X (sky130_fd_sc_hd__a21o_4)
                                                         _352_ (net)
                      0.077593    0.000325    9.105684 v _696_/B (sky130_fd_sc_hd__xor2_2)
     1    0.004796    0.107244    0.278352    9.384037 v _696_/X (sky130_fd_sc_hd__xor2_2)
                                                         net32 (net)
                      0.107244    0.000149    9.384186 v output32/A (sky130_fd_sc_hd__buf_6)
     1    0.034710    0.076505    0.278400    9.662585 v output32/X (sky130_fd_sc_hd__buf_6)
                                                         y[7] (net)
                      0.076515    0.000936    9.663522 v y[7] (out)
                                              9.663522   data arrival time

                                 10.000000   10.000000   clock clk (rise edge)
                                  0.000000   10.000000   clock network delay (propagated)
                                 -0.250000    9.750000   clock uncertainty
                                  0.000000    9.750000   clock reconvergence pessimism
                                 -2.000000    7.750000   output external delay
                                              7.750000   data required time
---------------------------------------------------------------------------------------------
                                              7.750000   data required time
                                             -9.663522   data arrival time
---------------------------------------------------------------------------------------------
                                             -1.913522   slack (VIOLATED)


Startpoint: h2[1] (input port clocked by clk)
Endpoint: y[6] (output port clocked by clk)
Path Group: clk
Path Type: max

Fanout         Cap        Slew       Delay        Time   Description
---------------------------------------------------------------------------------------------
                                  0.000000    0.000000   clock clk (rise edge)
                                  0.000000    0.000000   clock network delay (propagated)
                                  2.000000    2.000000 v input external delay
     1    0.003423    0.020868    0.011773    2.011773 v h2[1] (in)
                                                         h2[1] (net)
                      0.020868    0.000000    2.011773 v input10/A (sky130_fd_sc_hd__dlymetal6s4s_1)
     6    0.022778    0.235456    0.680446    2.692219 v input10/X (sky130_fd_sc_hd__dlymetal6s4s_1)
                                                         net10 (net)
                      0.235456    0.000492    2.692711 v _413_/B (sky130_fd_sc_hd__and2_4)
     4    0.012648    0.067277    0.402416    3.095127 v _413_/X (sky130_fd_sc_hd__and2_4)
                                                         _075_ (net)
                      0.067277    0.000163    3.095289 v _498_/C (sky130_fd_sc_hd__and3_2)
     4    0.012675    0.116241    0.515237    3.610527 v _498_/X (sky130_fd_sc_hd__and3_2)
                                                         _159_ (net)
                      0.116241    0.000326    3.610853 v _500_/B1 (sky130_fd_sc_hd__o2bb2a_2)
     1    0.004484    0.090131    0.580557    4.191410 v _500_/X (sky130_fd_sc_hd__o2bb2a_2)
                                                         _161_ (net)
                      0.090131    0.000095    4.191504 v _502_/A (sky130_fd_sc_hd__nor2_2)
     2    0.011133    0.233289    0.282861    4.474366 ^ _502_/Y (sky130_fd_sc_hd__nor2_2)
                                                         _163_ (net)
                      0.233289    0.000380    4.474746 ^ _504_/B (sky130_fd_sc_hd__xnor2_2)
     2    0.007777    0.238166    0.289381    4.764127 ^ _504_/Y (sky130_fd_sc_hd__xnor2_2)
                                                         _165_ (net)
                      0.238166    0.000151    4.764278 ^ _507_/A (sky130_fd_sc_hd__and2_4)
     4    0.020688    0.133224    0.426906    5.191184 ^ _507_/X (sky130_fd_sc_hd__and2_4)
                                                         _168_ (net)
                      0.133224    0.000545    5.191729 ^ _508_/B (sky130_fd_sc_hd__nor2_4)
     1    0.017440    0.087564    0.107853    5.299582 v _508_/Y (sky130_fd_sc_hd__nor2_4)
                                                         _169_ (net)
                      0.087565    0.000578    5.300160 v _510_/A (sky130_fd_sc_hd__xor2_4)
     2    0.010768    0.103915    0.355502    5.655663 v _510_/X (sky130_fd_sc_hd__xor2_4)
                                                         _171_ (net)
                      0.103915    0.000236    5.655899 v _511_/A (sky130_fd_sc_hd__xnor2_2)
     2    0.012193    0.156468    0.317683    5.973582 v _511_/Y (sky130_fd_sc_hd__xnor2_2)
                                                         _172_ (net)
                      0.156468    0.000500    5.974082 v _512_/B (sky130_fd_sc_hd__or3_4)
     3    0.010593    0.136771    0.819487    6.793570 v _512_/X (sky130_fd_sc_hd__or3_4)
                                                         _173_ (net)
                      0.136771    0.000278    6.793848 v _515_/A2 (sky130_fd_sc_hd__a211o_4)
     2    0.009684    0.090487    0.667340    7.461187 v _515_/X (sky130_fd_sc_hd__a211o_4)
                                                         _176_ (net)
                      0.090487    0.000203    7.461391 v _585_/A2 (sky130_fd_sc_hd__a21o_4)
     2    0.012242    0.074641    0.434851    7.896242 v _585_/X (sky130_fd_sc_hd__a21o_4)
                                                         _245_ (net)
                      0.074641    0.000441    7.896683 v _637_/A1 (sky130_fd_sc_hd__a21o_4)
     2    0.010695    0.071503    0.399424    8.296107 v _637_/X (sky130_fd_sc_hd__a21o_4)
                                                         _296_ (net)
                      0.071503    0.000316    8.296423 v _674_/A1 (sky130_fd_sc_hd__a21o_4)
     2    0.011580    0.073282    0.400767    8.697191 v _674_/X (sky130_fd_sc_hd__a21o_4)
                                                         _332_ (net)
                      0.073282    0.000379    8.697570 v rebuffer55/A (sky130_fd_sc_hd__buf_6)
     1    0.008472    0.041881    0.218028    8.915598 v rebuffer55/X (sky130_fd_sc_hd__buf_6)
                                                         net55 (net)
                      0.041881    0.000263    8.915861 v _675_/B (sky130_fd_sc_hd__xnor2_2)
     1    0.005647    0.202120    0.216797    9.132658 ^ _675_/Y (sky130_fd_sc_hd__xnor2_2)
                                                         net31 (net)
                      0.202120    0.000191    9.132850 ^ output31/A (sky130_fd_sc_hd__buf_6)
     1    0.035394    0.126443    0.299295    9.432144 ^ output31/X (sky130_fd_sc_hd__buf_6)
                                                         y[6] (net)
                      0.126448    0.001015    9.433160 ^ y[6] (out)
                                              9.433160   data arrival time

                                 10.000000   10.000000   clock clk (rise edge)
                                  0.000000   10.000000   clock network delay (propagated)
                                 -0.250000    9.750000   clock uncertainty
                                  0.000000    9.750000   clock reconvergence pessimism
                                 -2.000000    7.750000   output external delay
                                              7.750000   data required time
---------------------------------------------------------------------------------------------
                                              7.750000   data required time
                                             -9.433160   data arrival time
---------------------------------------------------------------------------------------------
                                             -1.683159   slack (VIOLATED)


Startpoint: h2[1] (input port clocked by clk)
Endpoint: y[5] (output port clocked by clk)
Path Group: clk
Path Type: max

Fanout         Cap        Slew       Delay        Time   Description
---------------------------------------------------------------------------------------------
                                  0.000000    0.000000   clock clk (rise edge)
                                  0.000000    0.000000   clock network delay (propagated)
                                  2.000000    2.000000 v input external delay
     1    0.003423    0.020868    0.011773    2.011773 v h2[1] (in)
                                                         h2[1] (net)
                      0.020868    0.000000    2.011773 v input10/A (sky130_fd_sc_hd__dlymetal6s4s_1)
     6    0.022778    0.235456    0.680446    2.692219 v input10/X (sky130_fd_sc_hd__dlymetal6s4s_1)
                                                         net10 (net)
                      0.235456    0.000492    2.692711 v _413_/B (sky130_fd_sc_hd__and2_4)
     4    0.012648    0.067277    0.402416    3.095127 v _413_/X (sky130_fd_sc_hd__and2_4)
                                                         _075_ (net)
                      0.067277    0.000163    3.095289 v _498_/C (sky130_fd_sc_hd__and3_2)
     4    0.012675    0.116241    0.515237    3.610527 v _498_/X (sky130_fd_sc_hd__and3_2)
                                                         _159_ (net)
                      0.116241    0.000326    3.610853 v _500_/B1 (sky130_fd_sc_hd__o2bb2a_2)
     1    0.004484    0.090131    0.580557    4.191410 v _500_/X (sky130_fd_sc_hd__o2bb2a_2)
                                                         _161_ (net)
                      0.090131    0.000095    4.191504 v _502_/A (sky130_fd_sc_hd__nor2_2)
     2    0.011133    0.233289    0.282861    4.474366 ^ _502_/Y (sky130_fd_sc_hd__nor2_2)
                                                         _163_ (net)
                      0.233289    0.000380    4.474746 ^ _504_/B (sky130_fd_sc_hd__xnor2_2)
     2    0.007777    0.238166    0.289381    4.764127 ^ _504_/Y (sky130_fd_sc_hd__xnor2_2)
                                                         _165_ (net)
                      0.238166    0.000151    4.764278 ^ _507_/A (sky130_fd_sc_hd__and2_4)
     4    0.020688    0.133224    0.426906    5.191184 ^ _507_/X (sky130_fd_sc_hd__and2_4)
                                                         _168_ (net)
                      0.133224    0.000545    5.191729 ^ _508_/B (sky130_fd_sc_hd__nor2_4)
     1    0.017440    0.087564    0.107853    5.299582 v _508_/Y (sky130_fd_sc_hd__nor2_4)
                                                         _169_ (net)
                      0.087565    0.000578    5.300160 v _510_/A (sky130_fd_sc_hd__xor2_4)
     2    0.010768    0.103915    0.355502    5.655663 v _510_/X (sky130_fd_sc_hd__xor2_4)
                                                         _171_ (net)
                      0.103915    0.000236    5.655899 v _511_/A (sky130_fd_sc_hd__xnor2_2)
     2    0.012193    0.156468    0.317683    5.973582 v _511_/Y (sky130_fd_sc_hd__xnor2_2)
                                                         _172_ (net)
                      0.156468    0.000500    5.974082 v _512_/B (sky130_fd_sc_hd__or3_4)
     3    0.010593    0.136771    0.819487    6.793570 v _512_/X (sky130_fd_sc_hd__or3_4)
                                                         _173_ (net)
                      0.136771    0.000278    6.793848 v _515_/A2 (sky130_fd_sc_hd__a211o_4)
     2    0.009684    0.090487    0.667340    7.461187 v _515_/X (sky130_fd_sc_hd__a211o_4)
                                                         _176_ (net)
                      0.090487    0.000203    7.461391 v _585_/A2 (sky130_fd_sc_hd__a21o_4)
     2    0.012242    0.074641    0.434851    7.896242 v _585_/X (sky130_fd_sc_hd__a21o_4)
                                                         _245_ (net)
                      0.074641    0.000441    7.896683 v _637_/A1 (sky130_fd_sc_hd__a21o_4)
     2    0.010695    0.071503    0.399424    8.296107 v _637_/X (sky130_fd_sc_hd__a21o_4)
                                                         _296_ (net)
                      0.071503    0.000306    8.296412 v rebuffer62/A (sky130_fd_sc_hd__buf_6)
     1    0.008289    0.041636    0.216891    8.513304 v rebuffer62/X (sky130_fd_sc_hd__buf_6)
                                                         net62 (net)
                      0.041636    0.000098    8.513402 v _638_/B (sky130_fd_sc_hd__xor2_2)
     1    0.005407    0.113125    0.269785    8.783187 v _638_/X (sky130_fd_sc_hd__xor2_2)
                                                         net30 (net)
                      0.113132    0.000189    8.783376 v output30/A (sky130_fd_sc_hd__buf_6)
     1    0.034675    0.076459    0.281333    9.064710 v output30/X (sky130_fd_sc_hd__buf_6)
                                                         y[5] (net)
                      0.076471    0.000994    9.065703 v y[5] (out)
                                              9.065703   data arrival time

                                 10.000000   10.000000   clock clk (rise edge)
                                  0.000000   10.000000   clock network delay (propagated)
                                 -0.250000    9.750000   clock uncertainty
                                  0.000000    9.750000   clock reconvergence pessimism
                                 -2.000000    7.750000   output external delay
                                              7.750000   data required time
---------------------------------------------------------------------------------------------
                                              7.750000   data required time
                                             -9.065703   data arrival time
---------------------------------------------------------------------------------------------
                                             -1.315703   slack (VIOLATED)


Startpoint: h2[1] (input port clocked by clk)
Endpoint: y[4] (output port clocked by clk)
Path Group: clk
Path Type: max

Fanout         Cap        Slew       Delay        Time   Description
---------------------------------------------------------------------------------------------
                                  0.000000    0.000000   clock clk (rise edge)
                                  0.000000    0.000000   clock network delay (propagated)
                                  2.000000    2.000000 v input external delay
     1    0.003423    0.020868    0.011773    2.011773 v h2[1] (in)
                                                         h2[1] (net)
                      0.020868    0.000000    2.011773 v input10/A (sky130_fd_sc_hd__dlymetal6s4s_1)
     6    0.022778    0.235456    0.680446    2.692219 v input10/X (sky130_fd_sc_hd__dlymetal6s4s_1)
                                                         net10 (net)
                      0.235456    0.000492    2.692711 v _413_/B (sky130_fd_sc_hd__and2_4)
     4    0.012648    0.067277    0.402416    3.095127 v _413_/X (sky130_fd_sc_hd__and2_4)
                                                         _075_ (net)
                      0.067277    0.000163    3.095289 v _498_/C (sky130_fd_sc_hd__and3_2)
     4    0.012675    0.116241    0.515237    3.610527 v _498_/X (sky130_fd_sc_hd__and3_2)
                                                         _159_ (net)
                      0.116241    0.000326    3.610853 v _500_/B1 (sky130_fd_sc_hd__o2bb2a_2)
     1    0.004484    0.090131    0.580557    4.191410 v _500_/X (sky130_fd_sc_hd__o2bb2a_2)
                                                         _161_ (net)
                      0.090131    0.000095    4.191504 v _502_/A (sky130_fd_sc_hd__nor2_2)
     2    0.011133    0.233289    0.282861    4.474366 ^ _502_/Y (sky130_fd_sc_hd__nor2_2)
                                                         _163_ (net)
                      0.233289    0.000380    4.474746 ^ _504_/B (sky130_fd_sc_hd__xnor2_2)
     2    0.007777    0.238166    0.289381    4.764127 ^ _504_/Y (sky130_fd_sc_hd__xnor2_2)
                                                         _165_ (net)
                      0.238166    0.000151    4.764278 ^ _507_/A (sky130_fd_sc_hd__and2_4)
     4    0.020688    0.133224    0.426906    5.191184 ^ _507_/X (sky130_fd_sc_hd__and2_4)
                                                         _168_ (net)
                      0.133224    0.000545    5.191729 ^ _508_/B (sky130_fd_sc_hd__nor2_4)
     1    0.017440    0.087564    0.107853    5.299582 v _508_/Y (sky130_fd_sc_hd__nor2_4)
                                                         _169_ (net)
                      0.087565    0.000578    5.300160 v _510_/A (sky130_fd_sc_hd__xor2_4)
     2    0.010768    0.103915    0.355502    5.655663 v _510_/X (sky130_fd_sc_hd__xor2_4)
                                                         _171_ (net)
                      0.103915    0.000236    5.655899 v _511_/A (sky130_fd_sc_hd__xnor2_2)
     2    0.012193    0.156468    0.317683    5.973582 v _511_/Y (sky130_fd_sc_hd__xnor2_2)
                                                         _172_ (net)
                      0.156468    0.000500    5.974082 v _512_/B (sky130_fd_sc_hd__or3_4)
     3    0.010593    0.136771    0.819487    6.793570 v _512_/X (sky130_fd_sc_hd__or3_4)
                                                         _173_ (net)
                      0.136771    0.000278    6.793848 v _515_/A2 (sky130_fd_sc_hd__a211o_4)
     2    0.009684    0.090487    0.667340    7.461187 v _515_/X (sky130_fd_sc_hd__a211o_4)
                                                         _176_ (net)
                      0.090487    0.000203    7.461391 v _585_/A2 (sky130_fd_sc_hd__a21o_4)
     2    0.012242    0.074641    0.434851    7.896242 v _585_/X (sky130_fd_sc_hd__a21o_4)
                                                         _245_ (net)
                      0.074641    0.000514    7.896756 v rebuffer54/A (sky130_fd_sc_hd__buf_6)
     1    0.009721    0.043440    0.220901    8.117657 v rebuffer54/X (sky130_fd_sc_hd__buf_6)
                                                         net54 (net)
                      0.043440    0.000283    8.117940 v _586_/B (sky130_fd_sc_hd__xor2_2)
     1    0.005101    0.108617    0.268708    8.386648 v _586_/X (sky130_fd_sc_hd__xor2_2)
                                                         net29 (net)
                      0.108617    0.000167    8.386815 v output29/A (sky130_fd_sc_hd__buf_6)
     1    0.036134    0.078312    0.280837    8.667652 v output29/X (sky130_fd_sc_hd__buf_6)
                                                         y[4] (net)
                      0.078322    0.000935    8.668587 v y[4] (out)
                                              8.668587   data arrival time

                                 10.000000   10.000000   clock clk (rise edge)
                                  0.000000   10.000000   clock network delay (propagated)
                                 -0.250000    9.750000   clock uncertainty
                                  0.000000    9.750000   clock reconvergence pessimism
                                 -2.000000    7.750000   output external delay
                                              7.750000   data required time
---------------------------------------------------------------------------------------------
                                              7.750000   data required time
                                             -8.668587   data arrival time
---------------------------------------------------------------------------------------------
                                             -0.918587   slack (VIOLATED)


Startpoint: h2[1] (input port clocked by clk)
Endpoint: y[3] (output port clocked by clk)
Path Group: clk
Path Type: max

Fanout         Cap        Slew       Delay        Time   Description
---------------------------------------------------------------------------------------------
                                  0.000000    0.000000   clock clk (rise edge)
                                  0.000000    0.000000   clock network delay (propagated)
                                  2.000000    2.000000 v input external delay
     1    0.003423    0.020868    0.011773    2.011773 v h2[1] (in)
                                                         h2[1] (net)
                      0.020868    0.000000    2.011773 v input10/A (sky130_fd_sc_hd__dlymetal6s4s_1)
     6    0.022778    0.235456    0.680446    2.692219 v input10/X (sky130_fd_sc_hd__dlymetal6s4s_1)
                                                         net10 (net)
                      0.235456    0.000492    2.692711 v _413_/B (sky130_fd_sc_hd__and2_4)
     4    0.012648    0.067277    0.402416    3.095127 v _413_/X (sky130_fd_sc_hd__and2_4)
                                                         _075_ (net)
                      0.067277    0.000163    3.095289 v _498_/C (sky130_fd_sc_hd__and3_2)
     4    0.012675    0.116241    0.515237    3.610527 v _498_/X (sky130_fd_sc_hd__and3_2)
                                                         _159_ (net)
                      0.116241    0.000326    3.610853 v _500_/B1 (sky130_fd_sc_hd__o2bb2a_2)
     1    0.004484    0.090131    0.580557    4.191410 v _500_/X (sky130_fd_sc_hd__o2bb2a_2)
                                                         _161_ (net)
                      0.090131    0.000095    4.191504 v _502_/A (sky130_fd_sc_hd__nor2_2)
     2    0.011133    0.233289    0.282861    4.474366 ^ _502_/Y (sky130_fd_sc_hd__nor2_2)
                                                         _163_ (net)
                      0.233289    0.000380    4.474746 ^ _504_/B (sky130_fd_sc_hd__xnor2_2)
     2    0.007777    0.238166    0.289381    4.764127 ^ _504_/Y (sky130_fd_sc_hd__xnor2_2)
                                                         _165_ (net)
                      0.238166    0.000151    4.764278 ^ _507_/A (sky130_fd_sc_hd__and2_4)
     4    0.020688    0.133224    0.426906    5.191184 ^ _507_/X (sky130_fd_sc_hd__and2_4)
                                                         _168_ (net)
                      0.133224    0.000545    5.191729 ^ _508_/B (sky130_fd_sc_hd__nor2_4)
     1    0.017440    0.087564    0.107853    5.299582 v _508_/Y (sky130_fd_sc_hd__nor2_4)
                                                         _169_ (net)
                      0.087565    0.000578    5.300160 v _510_/A (sky130_fd_sc_hd__xor2_4)
     2    0.010768    0.103915    0.355502    5.655663 v _510_/X (sky130_fd_sc_hd__xor2_4)
                                                         _171_ (net)
                      0.103915    0.000236    5.655899 v _511_/A (sky130_fd_sc_hd__xnor2_2)
     2    0.012193    0.156468    0.317683    5.973582 v _511_/Y (sky130_fd_sc_hd__xnor2_2)
                                                         _172_ (net)
                      0.156468    0.000500    5.974082 v _512_/B (sky130_fd_sc_hd__or3_4)
     3    0.010593    0.136771    0.819487    6.793570 v _512_/X (sky130_fd_sc_hd__or3_4)
                                                         _173_ (net)
                      0.136771    0.000278    6.793848 v _515_/A2 (sky130_fd_sc_hd__a211o_4)
     2    0.009684    0.090487    0.667340    7.461187 v _515_/X (sky130_fd_sc_hd__a211o_4)
                                                         _176_ (net)
                      0.090487    0.000146    7.461333 v rebuffer52/A (sky130_fd_sc_hd__buf_6)
     1    0.010523    0.044450    0.230221    7.691554 v rebuffer52/X (sky130_fd_sc_hd__buf_6)
                                                         net52 (net)
                      0.044450    0.000410    7.691965 v _516_/B (sky130_fd_sc_hd__nand2b_4)
     1    0.009112    0.081116    0.105236    7.797200 ^ _516_/Y (sky130_fd_sc_hd__nand2b_4)
                                                         _177_ (net)
                      0.081116    0.000212    7.797413 ^ _518_/B (sky130_fd_sc_hd__xnor2_2)
     1    0.005204    0.194676    0.210367    8.007779 ^ _518_/Y (sky130_fd_sc_hd__xnor2_2)
                                                         net28 (net)
                      0.194676    0.000160    8.007939 ^ output28/A (sky130_fd_sc_hd__buf_6)
     1    0.034457    0.123641    0.293793    8.301733 ^ output28/X (sky130_fd_sc_hd__buf_6)
                                                         y[3] (net)
                      0.123642    0.000706    8.302439 ^ y[3] (out)
                                              8.302439   data arrival time

                                 10.000000   10.000000   clock clk (rise edge)
                                  0.000000   10.000000   clock network delay (propagated)
                                 -0.250000    9.750000   clock uncertainty
                                  0.000000    9.750000   clock reconvergence pessimism
                                 -2.000000    7.750000   output external delay
                                              7.750000   data required time
---------------------------------------------------------------------------------------------
                                              7.750000   data required time
                                             -8.302439   data arrival time
---------------------------------------------------------------------------------------------
                                             -0.552439   slack (VIOLATED)


Startpoint: h2[1] (input port clocked by clk)
Endpoint: y[2] (output port clocked by clk)
Path Group: clk
Path Type: max

Fanout         Cap        Slew       Delay        Time   Description
---------------------------------------------------------------------------------------------
                                  0.000000    0.000000   clock clk (rise edge)
                                  0.000000    0.000000   clock network delay (propagated)
                                  2.000000    2.000000 v input external delay
     1    0.003423    0.020868    0.011773    2.011773 v h2[1] (in)
                                                         h2[1] (net)
                      0.020868    0.000000    2.011773 v input10/A (sky130_fd_sc_hd__dlymetal6s4s_1)
     6    0.022778    0.235456    0.680446    2.692219 v input10/X (sky130_fd_sc_hd__dlymetal6s4s_1)
                                                         net10 (net)
                      0.235456    0.000492    2.692711 v _413_/B (sky130_fd_sc_hd__and2_4)
     4    0.012648    0.067277    0.402416    3.095127 v _413_/X (sky130_fd_sc_hd__and2_4)
                                                         _075_ (net)
                      0.067277    0.000230    3.095357 v _414_/C (sky130_fd_sc_hd__and3_2)
     3    0.009211    0.100894    0.494823    3.590180 v _414_/X (sky130_fd_sc_hd__and3_2)
                                                         _076_ (net)
                      0.100894    0.000157    3.590338 v _418_/A (sky130_fd_sc_hd__or3b_4)
     3    0.022042    0.171765    0.904394    4.494731 v _418_/X (sky130_fd_sc_hd__or3b_4)
                                                         _080_ (net)
                      0.171765    0.000533    4.495264 v _420_/A (sky130_fd_sc_hd__and2_2)
     2    0.007158    0.089363    0.444850    4.940114 v _420_/X (sky130_fd_sc_hd__and2_2)
                                                         _082_ (net)
                      0.089363    0.000127    4.940242 v _423_/A (sky130_fd_sc_hd__nand2_2)
     3    0.025947    0.230404    0.229070    5.169312 ^ _423_/Y (sky130_fd_sc_hd__nand2_2)
                                                         _085_ (net)
                      0.230406    0.000564    5.169876 ^ _425_/A (sky130_fd_sc_hd__nand2_2)
     2    0.008698    0.108452    0.184343    5.354219 v _425_/Y (sky130_fd_sc_hd__nand2_2)
                                                         _087_ (net)
                      0.108452    0.000246    5.354465 v _426_/C (sky130_fd_sc_hd__or3_4)
     3    0.011753    0.139404    0.734454    6.088919 v _426_/X (sky130_fd_sc_hd__or3_4)
                                                         _088_ (net)
                      0.139404    0.000236    6.089156 v _439_/A1 (sky130_fd_sc_hd__a211o_2)
     2    0.007670    0.106945    0.654178    6.743334 v _439_/X (sky130_fd_sc_hd__a211o_2)
                                                         _101_ (net)
                      0.106945    0.000206    6.743539 v _440_/B (sky130_fd_sc_hd__nand2b_2)
     1    0.010165    0.111774    0.156133    6.899672 ^ _440_/Y (sky130_fd_sc_hd__nand2b_2)
                                                         _102_ (net)
                      0.111774    0.000259    6.899931 ^ _449_/A (sky130_fd_sc_hd__xnor2_2)
     1    0.002541    0.149217    0.216773    7.116704 ^ _449_/Y (sky130_fd_sc_hd__xnor2_2)
                                                         net27 (net)
                      0.149217    0.000057    7.116761 ^ output27/A (sky130_fd_sc_hd__dlymetal6s2s_1)
     1    0.035236    0.547199    0.565491    7.682252 ^ output27/X (sky130_fd_sc_hd__dlymetal6s2s_1)
                                                         y[2] (net)
                      0.547200    0.000726    7.682978 ^ y[2] (out)
                                              7.682978   data arrival time

                                 10.000000   10.000000   clock clk (rise edge)
                                  0.000000   10.000000   clock network delay (propagated)
                                 -0.250000    9.750000   clock uncertainty
                                  0.000000    9.750000   clock reconvergence pessimism
                                 -2.000000    7.750000   output external delay
                                              7.750000   data required time
---------------------------------------------------------------------------------------------
                                              7.750000   data required time
                                             -7.682978   data arrival time
---------------------------------------------------------------------------------------------
                                              0.067022   slack (MET)


Startpoint: h1[1] (input port clocked by clk)
Endpoint: y[1] (output port clocked by clk)
Path Group: clk
Path Type: max

Fanout         Cap        Slew       Delay        Time   Description
---------------------------------------------------------------------------------------------
                                  0.000000    0.000000   clock clk (rise edge)
                                  0.000000    0.000000   clock network delay (propagated)
                                  2.000000    2.000000 ^ input external delay
     1    0.003918    0.039763    0.022786    2.022786 ^ h1[1] (in)
                                                         h1[1] (net)
                      0.039763    0.000000    2.022786 ^ input6/A (sky130_fd_sc_hd__clkbuf_2)
    10    0.045888    0.389382    0.424816    2.447602 ^ input6/X (sky130_fd_sc_hd__clkbuf_2)
                                                         net6 (net)
                      0.389414    0.003114    2.450715 ^ _390_/B1 (sky130_fd_sc_hd__a22o_2)
     2    0.007377    0.101567    0.434015    2.884731 ^ _390_/X (sky130_fd_sc_hd__a22o_2)
                                                         _052_ (net)
                      0.101567    0.000140    2.884871 ^ _392_/C (sky130_fd_sc_hd__and4_2)
     3    0.013846    0.184948    0.593524    3.478395 ^ _392_/X (sky130_fd_sc_hd__and4_2)
                                                         _054_ (net)
                      0.184948    0.000373    3.478768 ^ _394_/A (sky130_fd_sc_hd__nor2_2)
     2    0.006239    0.065936    0.131893    3.610660 v _394_/Y (sky130_fd_sc_hd__nor2_2)
                                                         _056_ (net)
                      0.065936    0.000149    3.610809 v _396_/A (sky130_fd_sc_hd__and2_2)
     3    0.009241    0.097069    0.402768    4.013577 v _396_/X (sky130_fd_sc_hd__and2_2)
                                                         _058_ (net)
                      0.097069    0.000110    4.013687 v _430_/A (sky130_fd_sc_hd__or2_2)
     2    0.009303    0.144409    0.762225    4.775911 v _430_/X (sky130_fd_sc_hd__or2_2)
                                                         _092_ (net)
                      0.144409    0.000308    4.776219 v _433_/A (sky130_fd_sc_hd__nor2_2)
     3    0.012758    0.259590    0.327662    5.103881 ^ _433_/Y (sky130_fd_sc_hd__nor2_2)
                                                         _095_ (net)
                      0.259590    0.000298    5.104180 ^ _436_/A (sky130_fd_sc_hd__nor2_2)
     2    0.006902    0.074577    0.162349    5.266529 v _436_/Y (sky130_fd_sc_hd__nor2_2)
                                                         _098_ (net)
                      0.074577    0.000191    5.266721 v _437_/C (sky130_fd_sc_hd__and3_2)
     3    0.010598    0.106864    0.506636    5.773356 v _437_/X (sky130_fd_sc_hd__and3_2)
                                                         _099_ (net)
                      0.106864    0.000249    5.773605 v _442_/A (sky130_fd_sc_hd__nor2_2)
     2    0.012135    0.249345    0.303260    6.076865 ^ _442_/Y (sky130_fd_sc_hd__nor2_2)
                                                         _104_ (net)
                      0.249346    0.000444    6.077309 ^ _704_/A (sky130_fd_sc_hd__xnor2_2)
     1    0.002673    0.156515    0.268878    6.346187 ^ _704_/Y (sky130_fd_sc_hd__xnor2_2)
                                                         net26 (net)
                      0.156515    0.000080    6.346267 ^ output26/A (sky130_fd_sc_hd__clkdlybuf4s25_1)
     1    0.034908    0.563312    0.899847    7.246114 ^ output26/X (sky130_fd_sc_hd__clkdlybuf4s25_1)
                                                         y[1] (net)
                      0.563312    0.000826    7.246940 ^ y[1] (out)
                                              7.246940   data arrival time

                                 10.000000   10.000000   clock clk (rise edge)
                                  0.000000   10.000000   clock network delay (propagated)
                                 -0.250000    9.750000   clock uncertainty
                                  0.000000    9.750000   clock reconvergence pessimism
                                 -2.000000    7.750000   output external delay
                                              7.750000   data required time
---------------------------------------------------------------------------------------------
                                              7.750000   data required time
                                             -7.246940   data arrival time
---------------------------------------------------------------------------------------------
                                              0.503060   slack (MET)


Startpoint: h1[0] (input port clocked by clk)
Endpoint: y[0] (output port clocked by clk)
Path Group: clk
Path Type: max

Fanout         Cap        Slew       Delay        Time   Description
---------------------------------------------------------------------------------------------
                                  0.000000    0.000000   clock clk (rise edge)
                                  0.000000    0.000000   clock network delay (propagated)
                                  2.000000    2.000000 v input external delay
     1    0.003039    0.019376    0.010492    2.010493 v h1[0] (in)
                                                         h1[0] (net)
                      0.019376    0.000000    2.010493 v input5/A (sky130_fd_sc_hd__clkbuf_2)
    10    0.040861    0.284861    0.361060    2.371552 v input5/X (sky130_fd_sc_hd__clkbuf_2)
                                                         net5 (net)
                      0.284992    0.003507    2.375060 v _395_/A (sky130_fd_sc_hd__and4_2)
     3    0.012513    0.118348    0.559191    2.934251 v _395_/X (sky130_fd_sc_hd__and4_2)
                                                         _057_ (net)
                      0.118348    0.000373    2.934624 v _444_/A (sky130_fd_sc_hd__nor2_2)
     2    0.017583    0.338873    0.378177    3.312801 ^ _444_/Y (sky130_fd_sc_hd__nor2_2)
                                                         _106_ (net)
                      0.338875    0.000738    3.313539 ^ _445_/B (sky130_fd_sc_hd__xnor2_2)
     2    0.006780    0.114011    0.228031    3.541569 v _445_/Y (sky130_fd_sc_hd__xnor2_2)
                                                         _107_ (net)
                      0.114011    0.000146    3.541716 v _446_/C (sky130_fd_sc_hd__and3_2)
     2    0.008846    0.099219    0.516607    4.058323 v _446_/X (sky130_fd_sc_hd__and3_2)
                                                         _108_ (net)
                      0.099219    0.000183    4.058506 v _703_/A (sky130_fd_sc_hd__nor2_2)
     1    0.005748    0.148538    0.216201    4.274707 ^ _703_/Y (sky130_fd_sc_hd__nor2_2)
                                                         net25 (net)
                      0.148538    0.000250    4.274957 ^ output25/A (sky130_fd_sc_hd__clkdlybuf4s25_1)
     1    0.035181    0.567543    0.899140    5.174097 ^ output25/X (sky130_fd_sc_hd__clkdlybuf4s25_1)
                                                         y[0] (net)
                      0.567543    0.000984    5.175081 ^ y[0] (out)
                                              5.175081   data arrival time

                                 10.000000   10.000000   clock clk (rise edge)
                                  0.000000   10.000000   clock network delay (propagated)
                                 -0.250000    9.750000   clock uncertainty
                                  0.000000    9.750000   clock reconvergence pessimism
                                 -2.000000    7.750000   output external delay
                                              7.750000   data required time
---------------------------------------------------------------------------------------------
                                              7.750000   data required time
                                             -5.175081   data arrival time
---------------------------------------------------------------------------------------------
                                              2.574919   slack (MET)


Startpoint: _774_ (rising edge-triggered flip-flop clocked by clk)
Endpoint: _755_ (rising edge-triggered flip-flop clocked by clk)
Path Group: clk
Path Type: max

Fanout         Cap        Slew       Delay        Time   Description
---------------------------------------------------------------------------------------------
                                  0.000000    0.000000   clock clk (rise edge)
                                  0.000000    0.000000   clock source latency
     1    0.014857    0.114547    0.080777    0.080777 ^ clk (in)
                                                         clk (net)
                      0.114562    0.000000    0.080777 ^ clkbuf_0_clk/A (sky130_fd_sc_hd__clkbuf_16)
     4    0.040628    0.095452    0.284541    0.365318 ^ clkbuf_0_clk/X (sky130_fd_sc_hd__clkbuf_16)
                                                         clknet_0_clk (net)
                      0.095458    0.000893    0.366211 ^ clkbuf_2_2__f_clk/A (sky130_fd_sc_hd__clkbuf_16)
     9    0.024479    0.073044    0.251504    0.617715 ^ clkbuf_2_2__f_clk/X (sky130_fd_sc_hd__clkbuf_16)
                                                         clknet_2_2__leaf_clk (net)
                      0.073057    0.000468    0.618183 ^ _774_/CLK (sky130_fd_sc_hd__dfxtp_2)
     1    0.002241    0.037520    0.621524    1.239707 v _774_/Q (sky130_fd_sc_hd__dfxtp_2)
                                                         controller.state[5] (net)
                      0.037520    0.000066    1.239773 v hold88/A (sky130_fd_sc_hd__dlygate4sd3_1)
     2    0.006421    0.141049    1.217194    2.456967 v hold88/X (sky130_fd_sc_hd__dlygate4sd3_1)
                                                         net88 (net)
                      0.141049    0.000213    2.457180 v _720_/A (sky130_fd_sc_hd__or4_2)
     2    0.010207    0.269533    1.765446    4.222626 v _720_/X (sky130_fd_sc_hd__or4_2)
                                                         _359_ (net)
                      0.269533    0.000455    4.223081 v _721_/C (sky130_fd_sc_hd__nor3_2)
     2    0.011471    0.390615    0.413674    4.636755 ^ _721_/Y (sky130_fd_sc_hd__nor3_2)
                                                         _360_ (net)
                      0.390615    0.000180    4.636935 ^ _732_/D_N (sky130_fd_sc_hd__or4b_2)
     1    0.004196    0.223460    1.575633    6.212567 v _732_/X (sky130_fd_sc_hd__or4b_2)
                                                         _365_ (net)
                      0.223460    0.000103    6.212670 v _733_/S (sky130_fd_sc_hd__mux2_1)
     1    0.002738    0.109826    0.785575    6.998245 v _733_/X (sky130_fd_sc_hd__mux2_1)
                                                         _366_ (net)
                      0.109826    0.000082    6.998327 v _734_/B (sky130_fd_sc_hd__and2_2)
     1    0.002914    0.070537    0.430603    7.428931 v _734_/X (sky130_fd_sc_hd__and2_2)
                                                         _019_ (net)
                      0.070537    0.000098    7.429029 v _755_/D (sky130_fd_sc_hd__dfxtp_2)
                                              7.429029   data arrival time

                                 10.000000   10.000000   clock clk (rise edge)
                                  0.000000   10.000000   clock source latency
     1    0.014857    0.114547    0.073084   10.073084 ^ clk (in)
                                                         clk (net)
                      0.114562    0.000000   10.073084 ^ clkbuf_0_clk/A (sky130_fd_sc_hd__clkbuf_16)
     4    0.040628    0.095452    0.257442   10.330526 ^ clkbuf_0_clk/X (sky130_fd_sc_hd__clkbuf_16)
                                                         clknet_0_clk (net)
                      0.095461    0.000910   10.331436 ^ clkbuf_2_0__f_clk/A (sky130_fd_sc_hd__clkbuf_16)
     9    0.023654    0.072004    0.226316   10.557753 ^ clkbuf_2_0__f_clk/X (sky130_fd_sc_hd__clkbuf_16)
                                                         clknet_2_0__leaf_clk (net)
                      0.072019    0.000849   10.558601 ^ _755_/CLK (sky130_fd_sc_hd__dfxtp_2)
                                 -0.250000   10.308601   clock uncertainty
                                  0.034792   10.343394   clock reconvergence pessimism
                                 -0.274062   10.069332   library setup time
                                             10.069332   data required time
---------------------------------------------------------------------------------------------
                                             10.069332   data required time
                                             -7.429029   data arrival time
---------------------------------------------------------------------------------------------
                                              2.640304   slack (MET)


Startpoint: rst (input port clocked by clk)
Endpoint: _748_ (rising edge-triggered flip-flop clocked by clk)
Path Group: clk
Path Type: max

Fanout         Cap        Slew       Delay        Time   Description
---------------------------------------------------------------------------------------------
                                  0.000000    0.000000   clock clk (rise edge)
                                  0.000000    0.000000   clock network delay (propagated)
                                  2.000000    2.000000 ^ input external delay
     1    0.003828    0.039146    0.022289    2.022289 ^ rst (in)
                                                         rst (net)
                      0.039146    0.000000    2.022289 ^ input17/A (sky130_fd_sc_hd__clkdlybuf4s25_1)
     3    0.016971    0.285976    0.637701    2.659990 ^ input17/X (sky130_fd_sc_hd__clkdlybuf4s25_1)
                                                         net17 (net)
                      0.285976    0.000355    2.660345 ^ _369_/A (sky130_fd_sc_hd__inv_2)
     4    0.017851    0.113212    0.203789    2.864135 v _369_/Y (sky130_fd_sc_hd__inv_2)
                                                         _367_ (net)
                      0.113213    0.000466    2.864601 v fanout37/A (sky130_fd_sc_hd__clkdlybuf4s25_1)
    10    0.026916    0.370687    0.753237    3.617838 v fanout37/X (sky130_fd_sc_hd__clkdlybuf4s25_1)
                                                         net37 (net)
                      0.370687    0.000442    3.618280 v _719_/B1 (sky130_fd_sc_hd__o41a_2)
     1    0.004482    0.117302    0.381750    4.000031 v _719_/X (sky130_fd_sc_hd__o41a_2)
                                                         _012_ (net)
                      0.117302    0.000173    4.000204 v hold94/A (sky130_fd_sc_hd__dlygate4sd3_1)
     1    0.002852    0.106111    1.204076    5.204280 v hold94/X (sky130_fd_sc_hd__dlygate4sd3_1)
                                                         net94 (net)
                      0.106111    0.000091    5.204370 v _748_/D (sky130_fd_sc_hd__dfxtp_2)
                                              5.204370   data arrival time

                                 10.000000   10.000000   clock clk (rise edge)
                                  0.000000   10.000000   clock source latency
     1    0.014857    0.114547    0.073084   10.073084 ^ clk (in)
                                                         clk (net)
                      0.114562    0.000000   10.073084 ^ clkbuf_0_clk/A (sky130_fd_sc_hd__clkbuf_16)
     4    0.040628    0.095452    0.257442   10.330526 ^ clkbuf_0_clk/X (sky130_fd_sc_hd__clkbuf_16)
                                                         clknet_0_clk (net)
                      0.095458    0.000807   10.331333 ^ clkbuf_2_2__f_clk/A (sky130_fd_sc_hd__clkbuf_16)
     9    0.024479    0.073044    0.227551   10.558885 ^ clkbuf_2_2__f_clk/X (sky130_fd_sc_hd__clkbuf_16)
                                                         clknet_2_2__leaf_clk (net)
                      0.073065    0.000656   10.559541 ^ _748_/CLK (sky130_fd_sc_hd__dfxtp_2)
                                 -0.250000   10.309541   clock uncertainty
                                  0.000000   10.309541   clock reconvergence pessimism
                                 -0.288565   10.020975   library setup time
                                             10.020975   data required time
---------------------------------------------------------------------------------------------
                                             10.020975   data required time
                                             -5.204370   data arrival time
---------------------------------------------------------------------------------------------
                                              4.816605   slack (MET)


Startpoint: _774_ (rising edge-triggered flip-flop clocked by clk)
Endpoint: _749_ (rising edge-triggered flip-flop clocked by clk)
Path Group: clk
Path Type: max

Fanout         Cap        Slew       Delay        Time   Description
---------------------------------------------------------------------------------------------
                                  0.000000    0.000000   clock clk (rise edge)
                                  0.000000    0.000000   clock source latency
     1    0.014857    0.114547    0.080777    0.080777 ^ clk (in)
                                                         clk (net)
                      0.114562    0.000000    0.080777 ^ clkbuf_0_clk/A (sky130_fd_sc_hd__clkbuf_16)
     4    0.040628    0.095452    0.284541    0.365318 ^ clkbuf_0_clk/X (sky130_fd_sc_hd__clkbuf_16)
                                                         clknet_0_clk (net)
                      0.095458    0.000893    0.366211 ^ clkbuf_2_2__f_clk/A (sky130_fd_sc_hd__clkbuf_16)
     9    0.024479    0.073044    0.251504    0.617715 ^ clkbuf_2_2__f_clk/X (sky130_fd_sc_hd__clkbuf_16)
                                                         clknet_2_2__leaf_clk (net)
                      0.073057    0.000468    0.618183 ^ _774_/CLK (sky130_fd_sc_hd__dfxtp_2)
     1    0.002241    0.037520    0.621524    1.239707 v _774_/Q (sky130_fd_sc_hd__dfxtp_2)
                                                         controller.state[5] (net)
                      0.037520    0.000066    1.239773 v hold88/A (sky130_fd_sc_hd__dlygate4sd3_1)
     2    0.006421    0.141049    1.217194    2.456967 v hold88/X (sky130_fd_sc_hd__dlygate4sd3_1)
                                                         net88 (net)
                      0.141049    0.000213    2.457180 v _720_/A (sky130_fd_sc_hd__or4_2)
     2    0.010207    0.269533    1.765446    4.222626 v _720_/X (sky130_fd_sc_hd__or4_2)
                                                         _359_ (net)
                      0.269533    0.000455    4.223081 v _721_/C (sky130_fd_sc_hd__nor3_2)
     2    0.011471    0.390615    0.413674    4.636755 ^ _721_/Y (sky130_fd_sc_hd__nor3_2)
                                                         _360_ (net)
                      0.390616    0.000609    4.637363 ^ _722_/B (sky130_fd_sc_hd__nor2_2)
     1    0.003394    0.077629    0.148410    4.785773 v _722_/Y (sky130_fd_sc_hd__nor2_2)
                                                         _013_ (net)
                      0.077629    0.000111    4.785884 v _749_/D (sky130_fd_sc_hd__dfxtp_2)
                                              4.785884   data arrival time

                                 10.000000   10.000000   clock clk (rise edge)
                                  0.000000   10.000000   clock source latency
     1    0.014857    0.114547    0.073084   10.073084 ^ clk (in)
                                                         clk (net)
                      0.114562    0.000000   10.073084 ^ clkbuf_0_clk/A (sky130_fd_sc_hd__clkbuf_16)
     4    0.040628    0.095452    0.257442   10.330526 ^ clkbuf_0_clk/X (sky130_fd_sc_hd__clkbuf_16)
                                                         clknet_0_clk (net)
                      0.095461    0.000910   10.331436 ^ clkbuf_2_0__f_clk/A (sky130_fd_sc_hd__clkbuf_16)
     9    0.023654    0.072004    0.226316   10.557753 ^ clkbuf_2_0__f_clk/X (sky130_fd_sc_hd__clkbuf_16)
                                                         clknet_2_0__leaf_clk (net)
                      0.072019    0.000845   10.558597 ^ _749_/CLK (sky130_fd_sc_hd__dfxtp_2)
                                 -0.250000   10.308597   clock uncertainty
                                  0.034792   10.343389   clock reconvergence pessimism
                                 -0.277010   10.066379   library setup time
                                             10.066379   data required time
---------------------------------------------------------------------------------------------
                                             10.066379   data required time
                                             -4.785884   data arrival time
---------------------------------------------------------------------------------------------
                                              5.280494   slack (MET)


Startpoint: _774_ (rising edge-triggered flip-flop clocked by clk)
Endpoint: _750_ (rising edge-triggered flip-flop clocked by clk)
Path Group: clk
Path Type: max

Fanout         Cap        Slew       Delay        Time   Description
---------------------------------------------------------------------------------------------
                                  0.000000    0.000000   clock clk (rise edge)
                                  0.000000    0.000000   clock source latency
     1    0.014857    0.114547    0.080777    0.080777 ^ clk (in)
                                                         clk (net)
                      0.114562    0.000000    0.080777 ^ clkbuf_0_clk/A (sky130_fd_sc_hd__clkbuf_16)
     4    0.040628    0.095452    0.284541    0.365318 ^ clkbuf_0_clk/X (sky130_fd_sc_hd__clkbuf_16)
                                                         clknet_0_clk (net)
                      0.095458    0.000893    0.366211 ^ clkbuf_2_2__f_clk/A (sky130_fd_sc_hd__clkbuf_16)
     9    0.024479    0.073044    0.251504    0.617715 ^ clkbuf_2_2__f_clk/X (sky130_fd_sc_hd__clkbuf_16)
                                                         clknet_2_2__leaf_clk (net)
                      0.073057    0.000468    0.618183 ^ _774_/CLK (sky130_fd_sc_hd__dfxtp_2)
     1    0.002241    0.037520    0.621524    1.239707 v _774_/Q (sky130_fd_sc_hd__dfxtp_2)
                                                         controller.state[5] (net)
                      0.037520    0.000066    1.239773 v hold88/A (sky130_fd_sc_hd__dlygate4sd3_1)
     2    0.006421    0.141049    1.217194    2.456967 v hold88/X (sky130_fd_sc_hd__dlygate4sd3_1)
                                                         net88 (net)
                      0.141049    0.000213    2.457180 v _720_/A (sky130_fd_sc_hd__or4_2)
     2    0.010207    0.269533    1.765446    4.222626 v _720_/X (sky130_fd_sc_hd__or4_2)
                                                         _359_ (net)
                      0.269533    0.000447    4.223073 v _724_/A1 (sky130_fd_sc_hd__o21a_2)
     1    0.001907    0.054539    0.474246    4.697320 v _724_/X (sky130_fd_sc_hd__o21a_2)
                                                         _014_ (net)
                      0.054539    0.000038    4.697358 v _750_/D (sky130_fd_sc_hd__dfxtp_2)
                                              4.697358   data arrival time

                                 10.000000   10.000000   clock clk (rise edge)
                                  0.000000   10.000000   clock source latency
     1    0.014857    0.114547    0.073084   10.073084 ^ clk (in)
                                                         clk (net)
                      0.114562    0.000000   10.073084 ^ clkbuf_0_clk/A (sky130_fd_sc_hd__clkbuf_16)
     4    0.040628    0.095452    0.257442   10.330526 ^ clkbuf_0_clk/X (sky130_fd_sc_hd__clkbuf_16)
                                                         clknet_0_clk (net)
                      0.095461    0.000910   10.331436 ^ clkbuf_2_0__f_clk/A (sky130_fd_sc_hd__clkbuf_16)
     9    0.023654    0.072004    0.226316   10.557753 ^ clkbuf_2_0__f_clk/X (sky130_fd_sc_hd__clkbuf_16)
                                                         clknet_2_0__leaf_clk (net)
                      0.072005    0.000483   10.558235 ^ _750_/CLK (sky130_fd_sc_hd__dfxtp_2)
                                 -0.250000   10.308235   clock uncertainty
                                  0.034792   10.343028   clock reconvergence pessimism
                                 -0.267416   10.075612   library setup time
                                             10.075612   data required time
---------------------------------------------------------------------------------------------
                                             10.075612   data required time
                                             -4.697358   data arrival time
---------------------------------------------------------------------------------------------
                                              5.378254   slack (MET)


Startpoint: _755_ (rising edge-triggered flip-flop clocked by clk)
Endpoint: diag_busy (output port clocked by clk)
Path Group: clk
Path Type: max

Fanout         Cap        Slew       Delay        Time   Description
---------------------------------------------------------------------------------------------
                                  0.000000    0.000000   clock clk (rise edge)
                                  0.000000    0.000000   clock source latency
     1    0.014857    0.114547    0.080777    0.080777 ^ clk (in)
                                                         clk (net)
                      0.114562    0.000000    0.080777 ^ clkbuf_0_clk/A (sky130_fd_sc_hd__clkbuf_16)
     4    0.040628    0.095452    0.284541    0.365318 ^ clkbuf_0_clk/X (sky130_fd_sc_hd__clkbuf_16)
                                                         clknet_0_clk (net)
                      0.095461    0.001007    0.366324 ^ clkbuf_2_0__f_clk/A (sky130_fd_sc_hd__clkbuf_16)
     9    0.023654    0.072004    0.250138    0.616463 ^ clkbuf_2_0__f_clk/X (sky130_fd_sc_hd__clkbuf_16)
                                                         clknet_2_0__leaf_clk (net)
                      0.072019    0.000938    0.617401 ^ _755_/CLK (sky130_fd_sc_hd__dfxtp_2)
     6    0.023029    0.197103    0.796008    1.413409 ^ _755_/Q (sky130_fd_sc_hd__dfxtp_2)
                                                         net23 (net)
                      0.197103    0.000586    1.413995 ^ output23/A (sky130_fd_sc_hd__clkdlybuf4s25_1)
     1    0.035395    0.571039    0.924483    2.338477 ^ output23/X (sky130_fd_sc_hd__clkdlybuf4s25_1)
                                                         diag_busy (net)
                      0.571039    0.000990    2.339467 ^ diag_busy (out)
                                              2.339467   data arrival time

                                 10.000000   10.000000   clock clk (rise edge)
                                  0.000000   10.000000   clock network delay (propagated)
                                 -0.250000    9.750000   clock uncertainty
                                  0.000000    9.750000   clock reconvergence pessimism
                                 -2.000000    7.750000   output external delay
                                              7.750000   data required time
---------------------------------------------------------------------------------------------
                                              7.750000   data required time
                                             -2.339467   data arrival time
---------------------------------------------------------------------------------------------
                                              5.410532   slack (MET)


Startpoint: _756_ (rising edge-triggered flip-flop clocked by clk)
Endpoint: diag_done (output port clocked by clk)
Path Group: clk
Path Type: max

Fanout         Cap        Slew       Delay        Time   Description
---------------------------------------------------------------------------------------------
                                  0.000000    0.000000   clock clk (rise edge)
                                  0.000000    0.000000   clock source latency
     1    0.014857    0.114547    0.080777    0.080777 ^ clk (in)
                                                         clk (net)
                      0.114562    0.000000    0.080777 ^ clkbuf_0_clk/A (sky130_fd_sc_hd__clkbuf_16)
     4    0.040628    0.095452    0.284541    0.365318 ^ clkbuf_0_clk/X (sky130_fd_sc_hd__clkbuf_16)
                                                         clknet_0_clk (net)
                      0.095458    0.000893    0.366211 ^ clkbuf_2_2__f_clk/A (sky130_fd_sc_hd__clkbuf_16)
     9    0.024479    0.073044    0.251504    0.617715 ^ clkbuf_2_2__f_clk/X (sky130_fd_sc_hd__clkbuf_16)
                                                         clknet_2_2__leaf_clk (net)
                      0.073046    0.000117    0.617832 ^ _756_/CLK (sky130_fd_sc_hd__dfxtp_2)
     1    0.002703    0.052089    0.665950    1.283782 ^ _756_/Q (sky130_fd_sc_hd__dfxtp_2)
                                                         net24 (net)
                      0.052089    0.000080    1.283862 ^ output24/A (sky130_fd_sc_hd__clkdlybuf4s25_1)
     1    0.035005    0.564494    0.852260    2.136122 ^ output24/X (sky130_fd_sc_hd__clkdlybuf4s25_1)
                                                         diag_done (net)
                      0.564494    0.000921    2.137042 ^ diag_done (out)
                                              2.137042   data arrival time

                                 10.000000   10.000000   clock clk (rise edge)
                                  0.000000   10.000000   clock network delay (propagated)
                                 -0.250000    9.750000   clock uncertainty
                                  0.000000    9.750000   clock reconvergence pessimism
                                 -2.000000    7.750000   output external delay
                                              7.750000   data required time
---------------------------------------------------------------------------------------------
                                              7.750000   data required time
                                             -2.137042   data arrival time
---------------------------------------------------------------------------------------------
                                              5.612958   slack (MET)


Startpoint: rst (input port clocked by clk)
Endpoint: _769_ (rising edge-triggered flip-flop clocked by clk)
Path Group: clk
Path Type: max

Fanout         Cap        Slew       Delay        Time   Description
---------------------------------------------------------------------------------------------
                                  0.000000    0.000000   clock clk (rise edge)
                                  0.000000    0.000000   clock network delay (propagated)
                                  2.000000    2.000000 v input external delay
     1    0.003651    0.021759    0.012521    2.012521 v rst (in)
                                                         rst (net)
                      0.021759    0.000000    2.012521 v input17/A (sky130_fd_sc_hd__clkdlybuf4s25_1)
     3    0.016017    0.233038    0.601057    2.613578 v input17/X (sky130_fd_sc_hd__clkdlybuf4s25_1)
                                                         net17 (net)
                      0.233038    0.000098    2.613676 v _718_/C1 (sky130_fd_sc_hd__a211o_2)
     1    0.001842    0.075427    0.575394    3.189070 v _718_/X (sky130_fd_sc_hd__a211o_2)
                                                         _011_ (net)
                      0.075427    0.000054    3.189124 v hold87/A (sky130_fd_sc_hd__dlygate4sd3_1)
     1    0.002181    0.100600    1.171003    4.360127 v hold87/X (sky130_fd_sc_hd__dlygate4sd3_1)
                                                         net87 (net)
                      0.100600    0.000066    4.360193 v _769_/D (sky130_fd_sc_hd__dfxtp_2)
                                              4.360193   data arrival time

                                 10.000000   10.000000   clock clk (rise edge)
                                  0.000000   10.000000   clock source latency
     1    0.014857    0.114547    0.073084   10.073084 ^ clk (in)
                                                         clk (net)
                      0.114562    0.000000   10.073084 ^ clkbuf_0_clk/A (sky130_fd_sc_hd__clkbuf_16)
     4    0.040628    0.095452    0.257442   10.330526 ^ clkbuf_0_clk/X (sky130_fd_sc_hd__clkbuf_16)
                                                         clknet_0_clk (net)
                      0.095461    0.000910   10.331436 ^ clkbuf_2_0__f_clk/A (sky130_fd_sc_hd__clkbuf_16)
     9    0.023654    0.072004    0.226316   10.557753 ^ clkbuf_2_0__f_clk/X (sky130_fd_sc_hd__clkbuf_16)
                                                         clknet_2_0__leaf_clk (net)
                      0.072017    0.000791   10.558543 ^ _769_/CLK (sky130_fd_sc_hd__dfxtp_2)
                                 -0.250000   10.308543   clock uncertainty
                                  0.000000   10.308543   clock reconvergence pessimism
                                 -0.286559   10.021985   library setup time
                                             10.021985   data required time
---------------------------------------------------------------------------------------------
                                             10.021985   data required time
                                             -4.360193   data arrival time
---------------------------------------------------------------------------------------------
                                              5.661792   slack (MET)


Startpoint: rst (input port clocked by clk)
Endpoint: _775_ (rising edge-triggered flip-flop clocked by clk)
Path Group: clk
Path Type: max

Fanout         Cap        Slew       Delay        Time   Description
---------------------------------------------------------------------------------------------
                                  0.000000    0.000000   clock clk (rise edge)
                                  0.000000    0.000000   clock network delay (propagated)
                                  2.000000    2.000000 ^ input external delay
     1    0.003828    0.039146    0.022289    2.022289 ^ rst (in)
                                                         rst (net)
                      0.039146    0.000000    2.022289 ^ input17/A (sky130_fd_sc_hd__clkdlybuf4s25_1)
     3    0.016971    0.285976    0.637701    2.659990 ^ input17/X (sky130_fd_sc_hd__clkdlybuf4s25_1)
                                                         net17 (net)
                      0.285976    0.000355    2.660345 ^ _369_/A (sky130_fd_sc_hd__inv_2)
     4    0.017851    0.113212    0.203789    2.864135 v _369_/Y (sky130_fd_sc_hd__inv_2)
                                                         _367_ (net)
                      0.113212    0.000202    2.864336 v fanout35/A (sky130_fd_sc_hd__clkdlybuf4s25_1)
    10    0.028183    0.386711    0.765949    3.630286 v fanout35/X (sky130_fd_sc_hd__clkdlybuf4s25_1)
                                                         net35 (net)
                      0.386711    0.000735    3.631021 v _712_/A (sky130_fd_sc_hd__and2_2)
     1    0.007946    0.092223    0.562270    4.193290 v _712_/X (sky130_fd_sc_hd__and2_2)
                                                         _005_ (net)
                      0.092223    0.000259    4.193550 v _775_/D (sky130_fd_sc_hd__dfxtp_2)
                                              4.193550   data arrival time

                                 10.000000   10.000000   clock clk (rise edge)
                                  0.000000   10.000000   clock source latency
     1    0.014857    0.114547    0.073084   10.073084 ^ clk (in)
                                                         clk (net)
                      0.114562    0.000000   10.073084 ^ clkbuf_0_clk/A (sky130_fd_sc_hd__clkbuf_16)
     4    0.040628    0.095452    0.257442   10.330526 ^ clkbuf_0_clk/X (sky130_fd_sc_hd__clkbuf_16)
                                                         clknet_0_clk (net)
                      0.095461    0.000910   10.331436 ^ clkbuf_2_0__f_clk/A (sky130_fd_sc_hd__clkbuf_16)
     9    0.023654    0.072004    0.226316   10.557753 ^ clkbuf_2_0__f_clk/X (sky130_fd_sc_hd__clkbuf_16)
                                                         clknet_2_0__leaf_clk (net)
                      0.072019    0.000835   10.558587 ^ _775_/CLK (sky130_fd_sc_hd__dfxtp_2)
                                 -0.250000   10.308587   clock uncertainty
                                  0.000000   10.308587   clock reconvergence pessimism
                                 -0.283076   10.025511   library setup time
                                             10.025511   data required time
---------------------------------------------------------------------------------------------
                                             10.025511   data required time
                                             -4.193550   data arrival time
---------------------------------------------------------------------------------------------
                                              5.831961   slack (MET)


Startpoint: rst (input port clocked by clk)
Endpoint: _761_ (rising edge-triggered flip-flop clocked by clk)
Path Group: clk
Path Type: max

Fanout         Cap        Slew       Delay        Time   Description
---------------------------------------------------------------------------------------------
                                  0.000000    0.000000   clock clk (rise edge)
                                  0.000000    0.000000   clock network delay (propagated)
                                  2.000000    2.000000 ^ input external delay
     1    0.003828    0.039146    0.022289    2.022289 ^ rst (in)
                                                         rst (net)
                      0.039146    0.000000    2.022289 ^ input17/A (sky130_fd_sc_hd__clkdlybuf4s25_1)
     3    0.016971    0.285976    0.637701    2.659990 ^ input17/X (sky130_fd_sc_hd__clkdlybuf4s25_1)
                                                         net17 (net)
                      0.285976    0.000355    2.660345 ^ _369_/A (sky130_fd_sc_hd__inv_2)
     4    0.017851    0.113212    0.203789    2.864135 v _369_/Y (sky130_fd_sc_hd__inv_2)
                                                         _367_ (net)
                      0.113213    0.000466    2.864601 v fanout37/A (sky130_fd_sc_hd__clkdlybuf4s25_1)
    10    0.026916    0.370687    0.753237    3.617838 v fanout37/X (sky130_fd_sc_hd__clkdlybuf4s25_1)
                                                         net37 (net)
                      0.370687    0.000731    3.618569 v _740_/B (sky130_fd_sc_hd__and2_2)
     1    0.002327    0.068156    0.564680    4.183249 v _740_/X (sky130_fd_sc_hd__and2_2)
                                                         _025_ (net)
                      0.068156    0.000069    4.183318 v _761_/D (sky130_fd_sc_hd__dfxtp_2)
                                              4.183318   data arrival time

                                 10.000000   10.000000   clock clk (rise edge)
                                  0.000000   10.000000   clock source latency
     1    0.014857    0.114547    0.073084   10.073084 ^ clk (in)
                                                         clk (net)
                      0.114562    0.000000   10.073084 ^ clkbuf_0_clk/A (sky130_fd_sc_hd__clkbuf_16)
     4    0.040628    0.095452    0.257442   10.330526 ^ clkbuf_0_clk/X (sky130_fd_sc_hd__clkbuf_16)
                                                         clknet_0_clk (net)
                      0.095460    0.000885   10.331410 ^ clkbuf_2_3__f_clk/A (sky130_fd_sc_hd__clkbuf_16)
     9    0.023269    0.071524    0.225787   10.557199 ^ clkbuf_2_3__f_clk/X (sky130_fd_sc_hd__clkbuf_16)
                                                         clknet_2_3__leaf_clk (net)
                      0.071526    0.000747   10.557945 ^ _761_/CLK (sky130_fd_sc_hd__dfxtp_2)
                                 -0.250000   10.307945   clock uncertainty
                                  0.000000   10.307945   clock reconvergence pessimism
                                 -0.273206   10.034739   library setup time
                                             10.034739   data required time
---------------------------------------------------------------------------------------------
                                             10.034739   data required time
                                             -4.183318   data arrival time
---------------------------------------------------------------------------------------------
                                              5.851421   slack (MET)


Startpoint: rst (input port clocked by clk)
Endpoint: _762_ (rising edge-triggered flip-flop clocked by clk)
Path Group: clk
Path Type: max

Fanout         Cap        Slew       Delay        Time   Description
---------------------------------------------------------------------------------------------
                                  0.000000    0.000000   clock clk (rise edge)
                                  0.000000    0.000000   clock network delay (propagated)
                                  2.000000    2.000000 ^ input external delay
     1    0.003828    0.039146    0.022289    2.022289 ^ rst (in)
                                                         rst (net)
                      0.039146    0.000000    2.022289 ^ input17/A (sky130_fd_sc_hd__clkdlybuf4s25_1)
     3    0.016971    0.285976    0.637701    2.659990 ^ input17/X (sky130_fd_sc_hd__clkdlybuf4s25_1)
                                                         net17 (net)
                      0.285976    0.000355    2.660345 ^ _369_/A (sky130_fd_sc_hd__inv_2)
     4    0.017851    0.113212    0.203789    2.864135 v _369_/Y (sky130_fd_sc_hd__inv_2)
                                                         _367_ (net)
                      0.113213    0.000466    2.864601 v fanout37/A (sky130_fd_sc_hd__clkdlybuf4s25_1)
    10    0.026916    0.370687    0.753237    3.617838 v fanout37/X (sky130_fd_sc_hd__clkdlybuf4s25_1)
                                                         net37 (net)
                      0.370687    0.000740    3.618578 v _741_/B (sky130_fd_sc_hd__and2_2)
     1    0.002010    0.066742    0.561980    4.180558 v _741_/X (sky130_fd_sc_hd__and2_2)
                                                         _026_ (net)
                      0.066742    0.000058    4.180615 v _762_/D (sky130_fd_sc_hd__dfxtp_2)
                                              4.180615   data arrival time

                                 10.000000   10.000000   clock clk (rise edge)
                                  0.000000   10.000000   clock source latency
     1    0.014857    0.114547    0.073084   10.073084 ^ clk (in)
                                                         clk (net)
                      0.114562    0.000000   10.073084 ^ clkbuf_0_clk/A (sky130_fd_sc_hd__clkbuf_16)
     4    0.040628    0.095452    0.257442   10.330526 ^ clkbuf_0_clk/X (sky130_fd_sc_hd__clkbuf_16)
                                                         clknet_0_clk (net)
                      0.095460    0.000885   10.331410 ^ clkbuf_2_3__f_clk/A (sky130_fd_sc_hd__clkbuf_16)
     9    0.023269    0.071524    0.225787   10.557199 ^ clkbuf_2_3__f_clk/X (sky130_fd_sc_hd__clkbuf_16)
                                                         clknet_2_3__leaf_clk (net)
                      0.071527    0.000766   10.557963 ^ _762_/CLK (sky130_fd_sc_hd__dfxtp_2)
                                 -0.250000   10.307963   clock uncertainty
                                  0.000000   10.307963   clock reconvergence pessimism
                                 -0.272618   10.035346   library setup time
                                             10.035346   data required time
---------------------------------------------------------------------------------------------
                                             10.035346   data required time
                                             -4.180615   data arrival time
---------------------------------------------------------------------------------------------
                                              5.854731   slack (MET)


Startpoint: rst (input port clocked by clk)
Endpoint: _780_ (rising edge-triggered flip-flop clocked by clk)
Path Group: clk
Path Type: max

Fanout         Cap        Slew       Delay        Time   Description
---------------------------------------------------------------------------------------------
                                  0.000000    0.000000   clock clk (rise edge)
                                  0.000000    0.000000   clock network delay (propagated)
                                  2.000000    2.000000 ^ input external delay
     1    0.003828    0.039146    0.022289    2.022289 ^ rst (in)
                                                         rst (net)
                      0.039146    0.000000    2.022289 ^ input17/A (sky130_fd_sc_hd__clkdlybuf4s25_1)
     3    0.016971    0.285976    0.637701    2.659990 ^ input17/X (sky130_fd_sc_hd__clkdlybuf4s25_1)
                                                         net17 (net)
                      0.285976    0.000355    2.660345 ^ _369_/A (sky130_fd_sc_hd__inv_2)
     4    0.017851    0.113212    0.203789    2.864135 v _369_/Y (sky130_fd_sc_hd__inv_2)
                                                         _367_ (net)
                      0.113213    0.000466    2.864601 v fanout37/A (sky130_fd_sc_hd__clkdlybuf4s25_1)
    10    0.026916    0.370687    0.753237    3.617838 v fanout37/X (sky130_fd_sc_hd__clkdlybuf4s25_1)
                                                         net37 (net)
                      0.370687    0.000703    3.618541 v _706_/B (sky130_fd_sc_hd__and2_2)
     1    0.002083    0.067072    0.562606    4.181147 v _706_/X (sky130_fd_sc_hd__and2_2)
                                                         _010_ (net)
                      0.067072    0.000062    4.181209 v _780_/D (sky130_fd_sc_hd__dfxtp_2)
                                              4.181209   data arrival time

                                 10.000000   10.000000   clock clk (rise edge)
                                  0.000000   10.000000   clock source latency
     1    0.014857    0.114547    0.073084   10.073084 ^ clk (in)
                                                         clk (net)
                      0.114562    0.000000   10.073084 ^ clkbuf_0_clk/A (sky130_fd_sc_hd__clkbuf_16)
     4    0.040628    0.095452    0.257442   10.330526 ^ clkbuf_0_clk/X (sky130_fd_sc_hd__clkbuf_16)
                                                         clknet_0_clk (net)
                      0.095458    0.000807   10.331333 ^ clkbuf_2_2__f_clk/A (sky130_fd_sc_hd__clkbuf_16)
     9    0.024479    0.073044    0.227551   10.558885 ^ clkbuf_2_2__f_clk/X (sky130_fd_sc_hd__clkbuf_16)
                                                         clknet_2_2__leaf_clk (net)
                      0.073046    0.000105   10.558990 ^ _780_/CLK (sky130_fd_sc_hd__dfxtp_2)
                                 -0.250000   10.308990   clock uncertainty
                                  0.000000   10.308990   clock reconvergence pessimism
                                 -0.272344   10.036646   library setup time
                                             10.036646   data required time
---------------------------------------------------------------------------------------------
                                             10.036646   data required time
                                             -4.181209   data arrival time
---------------------------------------------------------------------------------------------
                                              5.855437   slack (MET)


Startpoint: rst (input port clocked by clk)
Endpoint: _751_ (rising edge-triggered flip-flop clocked by clk)
Path Group: clk
Path Type: max

Fanout         Cap        Slew       Delay        Time   Description
---------------------------------------------------------------------------------------------
                                  0.000000    0.000000   clock clk (rise edge)
                                  0.000000    0.000000   clock network delay (propagated)
                                  2.000000    2.000000 ^ input external delay
     1    0.003828    0.039146    0.022289    2.022289 ^ rst (in)
                                                         rst (net)
                      0.039146    0.000000    2.022289 ^ input17/A (sky130_fd_sc_hd__clkdlybuf4s25_1)
     3    0.016971    0.285976    0.637701    2.659990 ^ input17/X (sky130_fd_sc_hd__clkdlybuf4s25_1)
                                                         net17 (net)
                      0.285976    0.000355    2.660345 ^ _369_/A (sky130_fd_sc_hd__inv_2)
     4    0.017851    0.113212    0.203789    2.864135 v _369_/Y (sky130_fd_sc_hd__inv_2)
                                                         _367_ (net)
                      0.113212    0.000202    2.864336 v fanout35/A (sky130_fd_sc_hd__clkdlybuf4s25_1)
    10    0.028183    0.386711    0.765949    3.630286 v fanout35/X (sky130_fd_sc_hd__clkdlybuf4s25_1)
                                                         net35 (net)
                      0.386711    0.000266    3.630552 v _726_/A (sky130_fd_sc_hd__and2_2)
     1    0.004020    0.075326    0.536989    4.167541 v _726_/X (sky130_fd_sc_hd__and2_2)
                                                         _015_ (net)
                      0.075326    0.000154    4.167695 v _751_/D (sky130_fd_sc_hd__dfxtp_2)
                                              4.167695   data arrival time

                                 10.000000   10.000000   clock clk (rise edge)
                                  0.000000   10.000000   clock source latency
     1    0.014857    0.114547    0.073084   10.073084 ^ clk (in)
                                                         clk (net)
                      0.114562    0.000000   10.073084 ^ clkbuf_0_clk/A (sky130_fd_sc_hd__clkbuf_16)
     4    0.040628    0.095452    0.257442   10.330526 ^ clkbuf_0_clk/X (sky130_fd_sc_hd__clkbuf_16)
                                                         clknet_0_clk (net)
                      0.095459    0.000841   10.331367 ^ clkbuf_2_1__f_clk/A (sky130_fd_sc_hd__clkbuf_16)
     9    0.022235    0.070235    0.224492   10.555859 ^ clkbuf_2_1__f_clk/X (sky130_fd_sc_hd__clkbuf_16)
                                                         clknet_2_1__leaf_clk (net)
                      0.070236    0.000400   10.556258 ^ _751_/CLK (sky130_fd_sc_hd__dfxtp_2)
                                 -0.250000   10.306258   clock uncertainty
                                  0.000000   10.306258   clock reconvergence pessimism
                                 -0.276536   10.029722   library setup time
                                             10.029722   data required time
---------------------------------------------------------------------------------------------
                                             10.029722   data required time
                                             -4.167695   data arrival time
---------------------------------------------------------------------------------------------
                                              5.862028   slack (MET)


Startpoint: rst (input port clocked by clk)
Endpoint: _752_ (rising edge-triggered flip-flop clocked by clk)
Path Group: clk
Path Type: max

Fanout         Cap        Slew       Delay        Time   Description
---------------------------------------------------------------------------------------------
                                  0.000000    0.000000   clock clk (rise edge)
                                  0.000000    0.000000   clock network delay (propagated)
                                  2.000000    2.000000 ^ input external delay
     1    0.003828    0.039146    0.022289    2.022289 ^ rst (in)
                                                         rst (net)
                      0.039146    0.000000    2.022289 ^ input17/A (sky130_fd_sc_hd__clkdlybuf4s25_1)
     3    0.016971    0.285976    0.637701    2.659990 ^ input17/X (sky130_fd_sc_hd__clkdlybuf4s25_1)
                                                         net17 (net)
                      0.285976    0.000355    2.660345 ^ _369_/A (sky130_fd_sc_hd__inv_2)
     4    0.017851    0.113212    0.203789    2.864135 v _369_/Y (sky130_fd_sc_hd__inv_2)
                                                         _367_ (net)
                      0.113212    0.000202    2.864336 v fanout35/A (sky130_fd_sc_hd__clkdlybuf4s25_1)
    10    0.028183    0.386711    0.765949    3.630286 v fanout35/X (sky130_fd_sc_hd__clkdlybuf4s25_1)
                                                         net35 (net)
                      0.386711    0.000295    3.630580 v _728_/A (sky130_fd_sc_hd__and2_2)
     1    0.002855    0.070261    0.527382    4.157962 v _728_/X (sky130_fd_sc_hd__and2_2)
                                                         _016_ (net)
                      0.070261    0.000094    4.158057 v _752_/D (sky130_fd_sc_hd__dfxtp_2)
                                              4.158057   data arrival time

                                 10.000000   10.000000   clock clk (rise edge)
                                  0.000000   10.000000   clock source latency
     1    0.014857    0.114547    0.073084   10.073084 ^ clk (in)
                                                         clk (net)
                      0.114562    0.000000   10.073084 ^ clkbuf_0_clk/A (sky130_fd_sc_hd__clkbuf_16)
     4    0.040628    0.095452    0.257442   10.330526 ^ clkbuf_0_clk/X (sky130_fd_sc_hd__clkbuf_16)
                                                         clknet_0_clk (net)
                      0.095459    0.000841   10.331367 ^ clkbuf_2_1__f_clk/A (sky130_fd_sc_hd__clkbuf_16)
     9    0.022235    0.070235    0.224492   10.555859 ^ clkbuf_2_1__f_clk/X (sky130_fd_sc_hd__clkbuf_16)
                                                         clknet_2_1__leaf_clk (net)
                      0.070237    0.000546   10.556405 ^ _752_/CLK (sky130_fd_sc_hd__dfxtp_2)
                                 -0.250000   10.306405   clock uncertainty
                                  0.000000   10.306405   clock reconvergence pessimism
                                 -0.274430   10.031975   library setup time
                                             10.031975   data required time
---------------------------------------------------------------------------------------------
                                             10.031975   data required time
                                             -4.158057   data arrival time
---------------------------------------------------------------------------------------------
                                              5.873918   slack (MET)


Startpoint: rst (input port clocked by clk)
Endpoint: _771_ (rising edge-triggered flip-flop clocked by clk)
Path Group: clk
Path Type: max

Fanout         Cap        Slew       Delay        Time   Description
---------------------------------------------------------------------------------------------
                                  0.000000    0.000000   clock clk (rise edge)
                                  0.000000    0.000000   clock network delay (propagated)
                                  2.000000    2.000000 ^ input external delay
     1    0.003828    0.039146    0.022289    2.022289 ^ rst (in)
                                                         rst (net)
                      0.039146    0.000000    2.022289 ^ input17/A (sky130_fd_sc_hd__clkdlybuf4s25_1)
     3    0.016971    0.285976    0.637701    2.659990 ^ input17/X (sky130_fd_sc_hd__clkdlybuf4s25_1)
                                                         net17 (net)
                      0.285976    0.000355    2.660345 ^ _369_/A (sky130_fd_sc_hd__inv_2)
     4    0.017851    0.113212    0.203789    2.864135 v _369_/Y (sky130_fd_sc_hd__inv_2)
                                                         _367_ (net)
                      0.113212    0.000202    2.864336 v fanout35/A (sky130_fd_sc_hd__clkdlybuf4s25_1)
    10    0.028183    0.386711    0.765949    3.630286 v fanout35/X (sky130_fd_sc_hd__clkdlybuf4s25_1)
                                                         net35 (net)
                      0.386711    0.000622    3.630908 v _716_/A (sky130_fd_sc_hd__and2_2)
     1    0.002593    0.069256    0.525216    4.156123 v _716_/X (sky130_fd_sc_hd__and2_2)
                                                         _001_ (net)
                      0.069256    0.000082    4.156205 v _771_/D (sky130_fd_sc_hd__dfxtp_2)
                                              4.156205   data arrival time

                                 10.000000   10.000000   clock clk (rise edge)
                                  0.000000   10.000000   clock source latency
     1    0.014857    0.114547    0.073084   10.073084 ^ clk (in)
                                                         clk (net)
                      0.114562    0.000000   10.073084 ^ clkbuf_0_clk/A (sky130_fd_sc_hd__clkbuf_16)
     4    0.040628    0.095452    0.257442   10.330526 ^ clkbuf_0_clk/X (sky130_fd_sc_hd__clkbuf_16)
                                                         clknet_0_clk (net)
                      0.095461    0.000910   10.331436 ^ clkbuf_2_0__f_clk/A (sky130_fd_sc_hd__clkbuf_16)
     9    0.023654    0.072004    0.226316   10.557753 ^ clkbuf_2_0__f_clk/X (sky130_fd_sc_hd__clkbuf_16)
                                                         clknet_2_0__leaf_clk (net)
                      0.072005    0.000501   10.558253 ^ _771_/CLK (sky130_fd_sc_hd__dfxtp_2)
                                 -0.250000   10.308253   clock uncertainty
                                  0.000000   10.308253   clock reconvergence pessimism
                                 -0.273533   10.034720   library setup time
                                             10.034720   data required time
---------------------------------------------------------------------------------------------
                                             10.034720   data required time
                                             -4.156205   data arrival time
---------------------------------------------------------------------------------------------
                                              5.878515   slack (MET)


Startpoint: rst (input port clocked by clk)
Endpoint: _753_ (rising edge-triggered flip-flop clocked by clk)
Path Group: clk
Path Type: max

Fanout         Cap        Slew       Delay        Time   Description
---------------------------------------------------------------------------------------------
                                  0.000000    0.000000   clock clk (rise edge)
                                  0.000000    0.000000   clock network delay (propagated)
                                  2.000000    2.000000 ^ input external delay
     1    0.003828    0.039146    0.022289    2.022289 ^ rst (in)
                                                         rst (net)
                      0.039146    0.000000    2.022289 ^ input17/A (sky130_fd_sc_hd__clkdlybuf4s25_1)
     3    0.016971    0.285976    0.637701    2.659990 ^ input17/X (sky130_fd_sc_hd__clkdlybuf4s25_1)
                                                         net17 (net)
                      0.285976    0.000355    2.660345 ^ _369_/A (sky130_fd_sc_hd__inv_2)
     4    0.017851    0.113212    0.203789    2.864135 v _369_/Y (sky130_fd_sc_hd__inv_2)
                                                         _367_ (net)
                      0.113212    0.000202    2.864336 v fanout35/A (sky130_fd_sc_hd__clkdlybuf4s25_1)
    10    0.028183    0.386711    0.765949    3.630286 v fanout35/X (sky130_fd_sc_hd__clkdlybuf4s25_1)
                                                         net35 (net)
                      0.386711    0.000323    3.630609 v _730_/A (sky130_fd_sc_hd__and2_2)
     1    0.002361    0.068108    0.523303    4.153912 v _730_/X (sky130_fd_sc_hd__and2_2)
                                                         _017_ (net)
                      0.068108    0.000073    4.153985 v _753_/D (sky130_fd_sc_hd__dfxtp_2)
                                              4.153985   data arrival time

                                 10.000000   10.000000   clock clk (rise edge)
                                  0.000000   10.000000   clock source latency
     1    0.014857    0.114547    0.073084   10.073084 ^ clk (in)
                                                         clk (net)
                      0.114562    0.000000   10.073084 ^ clkbuf_0_clk/A (sky130_fd_sc_hd__clkbuf_16)
     4    0.040628    0.095452    0.257442   10.330526 ^ clkbuf_0_clk/X (sky130_fd_sc_hd__clkbuf_16)
                                                         clknet_0_clk (net)
                      0.095459    0.000841   10.331367 ^ clkbuf_2_1__f_clk/A (sky130_fd_sc_hd__clkbuf_16)
     9    0.022235    0.070235    0.224492   10.555859 ^ clkbuf_2_1__f_clk/X (sky130_fd_sc_hd__clkbuf_16)
                                                         clknet_2_1__leaf_clk (net)
                      0.070237    0.000525   10.556384 ^ _753_/CLK (sky130_fd_sc_hd__dfxtp_2)
                                 -0.250000   10.306383   clock uncertainty
                                  0.000000   10.306383   clock reconvergence pessimism
                                 -0.273535   10.032848   library setup time
                                             10.032848   data required time
---------------------------------------------------------------------------------------------
                                             10.032848   data required time
                                             -4.153985   data arrival time
---------------------------------------------------------------------------------------------
                                              5.878864   slack (MET)


Startpoint: rst (input port clocked by clk)
Endpoint: _772_ (rising edge-triggered flip-flop clocked by clk)
Path Group: clk
Path Type: max

Fanout         Cap        Slew       Delay        Time   Description
---------------------------------------------------------------------------------------------
                                  0.000000    0.000000   clock clk (rise edge)
                                  0.000000    0.000000   clock network delay (propagated)
                                  2.000000    2.000000 ^ input external delay
     1    0.003828    0.039146    0.022289    2.022289 ^ rst (in)
                                                         rst (net)
                      0.039146    0.000000    2.022289 ^ input17/A (sky130_fd_sc_hd__clkdlybuf4s25_1)
     3    0.016971    0.285976    0.637701    2.659990 ^ input17/X (sky130_fd_sc_hd__clkdlybuf4s25_1)
                                                         net17 (net)
                      0.285976    0.000355    2.660345 ^ _369_/A (sky130_fd_sc_hd__inv_2)
     4    0.017851    0.113212    0.203789    2.864135 v _369_/Y (sky130_fd_sc_hd__inv_2)
                                                         _367_ (net)
                      0.113212    0.000202    2.864336 v fanout35/A (sky130_fd_sc_hd__clkdlybuf4s25_1)
    10    0.028183    0.386711    0.765949    3.630286 v fanout35/X (sky130_fd_sc_hd__clkdlybuf4s25_1)
                                                         net35 (net)
                      0.386711    0.000552    3.630837 v _715_/A (sky130_fd_sc_hd__and2_2)
     1    0.002363    0.068195    0.523320    4.154157 v _715_/X (sky130_fd_sc_hd__and2_2)
                                                         _002_ (net)
                      0.068195    0.000074    4.154231 v _772_/D (sky130_fd_sc_hd__dfxtp_2)
                                              4.154231   data arrival time

                                 10.000000   10.000000   clock clk (rise edge)
                                  0.000000   10.000000   clock source latency
     1    0.014857    0.114547    0.073084   10.073084 ^ clk (in)
                                                         clk (net)
                      0.114562    0.000000   10.073084 ^ clkbuf_0_clk/A (sky130_fd_sc_hd__clkbuf_16)
     4    0.040628    0.095452    0.257442   10.330526 ^ clkbuf_0_clk/X (sky130_fd_sc_hd__clkbuf_16)
                                                         clknet_0_clk (net)
                      0.095461    0.000910   10.331436 ^ clkbuf_2_0__f_clk/A (sky130_fd_sc_hd__clkbuf_16)
     9    0.023654    0.072004    0.226316   10.557753 ^ clkbuf_2_0__f_clk/X (sky130_fd_sc_hd__clkbuf_16)
                                                         clknet_2_0__leaf_clk (net)
                      0.072013    0.000714   10.558466 ^ _772_/CLK (sky130_fd_sc_hd__dfxtp_2)
                                 -0.250000   10.308466   clock uncertainty
                                  0.000000   10.308466   clock reconvergence pessimism
                                 -0.273090   10.035377   library setup time
                                             10.035377   data required time
---------------------------------------------------------------------------------------------
                                             10.035377   data required time
                                             -4.154231   data arrival time
---------------------------------------------------------------------------------------------
                                              5.881145   slack (MET)


Startpoint: rst (input port clocked by clk)
Endpoint: _770_ (rising edge-triggered flip-flop clocked by clk)
Path Group: clk
Path Type: max

Fanout         Cap        Slew       Delay        Time   Description
---------------------------------------------------------------------------------------------
                                  0.000000    0.000000   clock clk (rise edge)
                                  0.000000    0.000000   clock network delay (propagated)
                                  2.000000    2.000000 ^ input external delay
     1    0.003828    0.039146    0.022289    2.022289 ^ rst (in)
                                                         rst (net)
                      0.039146    0.000000    2.022289 ^ input17/A (sky130_fd_sc_hd__clkdlybuf4s25_1)
     3    0.016971    0.285976    0.637701    2.659990 ^ input17/X (sky130_fd_sc_hd__clkdlybuf4s25_1)
                                                         net17 (net)
                      0.285976    0.000355    2.660345 ^ _369_/A (sky130_fd_sc_hd__inv_2)
     4    0.017851    0.113212    0.203789    2.864135 v _369_/Y (sky130_fd_sc_hd__inv_2)
                                                         _367_ (net)
                      0.113212    0.000202    2.864336 v fanout35/A (sky130_fd_sc_hd__clkdlybuf4s25_1)
    10    0.028183    0.386711    0.765949    3.630286 v fanout35/X (sky130_fd_sc_hd__clkdlybuf4s25_1)
                                                         net35 (net)
                      0.386711    0.000799    3.631085 v _717_/A (sky130_fd_sc_hd__and2_2)
     1    0.002035    0.066708    0.520612    4.151697 v _717_/X (sky130_fd_sc_hd__and2_2)
                                                         _000_ (net)
                      0.066708    0.000061    4.151758 v _770_/D (sky130_fd_sc_hd__dfxtp_2)
                                              4.151758   data arrival time

                                 10.000000   10.000000   clock clk (rise edge)
                                  0.000000   10.000000   clock source latency
     1    0.014857    0.114547    0.073084   10.073084 ^ clk (in)
                                                         clk (net)
                      0.114562    0.000000   10.073084 ^ clkbuf_0_clk/A (sky130_fd_sc_hd__clkbuf_16)
     4    0.040628    0.095452    0.257442   10.330526 ^ clkbuf_0_clk/X (sky130_fd_sc_hd__clkbuf_16)
                                                         clknet_0_clk (net)
                      0.095461    0.000910   10.331436 ^ clkbuf_2_0__f_clk/A (sky130_fd_sc_hd__clkbuf_16)
     9    0.023654    0.072004    0.226316   10.557753 ^ clkbuf_2_0__f_clk/X (sky130_fd_sc_hd__clkbuf_16)
                                                         clknet_2_0__leaf_clk (net)
                      0.072005    0.000490   10.558243 ^ _770_/CLK (sky130_fd_sc_hd__dfxtp_2)
                                 -0.250000   10.308243   clock uncertainty
                                  0.000000   10.308243   clock reconvergence pessimism
                                 -0.272474   10.035769   library setup time
                                             10.035769   data required time
---------------------------------------------------------------------------------------------
                                             10.035769   data required time
                                             -4.151758   data arrival time
---------------------------------------------------------------------------------------------
                                              5.884010   slack (MET)


Startpoint: rst (input port clocked by clk)
Endpoint: _778_ (rising edge-triggered flip-flop clocked by clk)
Path Group: clk
Path Type: max

Fanout         Cap        Slew       Delay        Time   Description
---------------------------------------------------------------------------------------------
                                  0.000000    0.000000   clock clk (rise edge)
                                  0.000000    0.000000   clock network delay (propagated)
                                  2.000000    2.000000 ^ input external delay
     1    0.003828    0.039146    0.022289    2.022289 ^ rst (in)
                                                         rst (net)
                      0.039146    0.000000    2.022289 ^ input17/A (sky130_fd_sc_hd__clkdlybuf4s25_1)
     3    0.016971    0.285976    0.637701    2.659990 ^ input17/X (sky130_fd_sc_hd__clkdlybuf4s25_1)
                                                         net17 (net)
                      0.285976    0.000355    2.660345 ^ _369_/A (sky130_fd_sc_hd__inv_2)
     4    0.017851    0.113212    0.203789    2.864135 v _369_/Y (sky130_fd_sc_hd__inv_2)
                                                         _367_ (net)
                      0.113212    0.000202    2.864336 v fanout35/A (sky130_fd_sc_hd__clkdlybuf4s25_1)
    10    0.028183    0.386711    0.765949    3.630286 v fanout35/X (sky130_fd_sc_hd__clkdlybuf4s25_1)
                                                         net35 (net)
                      0.386711    0.000579    3.630865 v _708_/A (sky130_fd_sc_hd__and2_2)
     1    0.001912    0.066176    0.519597    4.150462 v _708_/X (sky130_fd_sc_hd__and2_2)
                                                         _008_ (net)
                      0.066176    0.000057    4.150519 v _778_/D (sky130_fd_sc_hd__dfxtp_2)
                                              4.150519   data arrival time

                                 10.000000   10.000000   clock clk (rise edge)
                                  0.000000   10.000000   clock source latency
     1    0.014857    0.114547    0.073084   10.073084 ^ clk (in)
                                                         clk (net)
                      0.114562    0.000000   10.073084 ^ clkbuf_0_clk/A (sky130_fd_sc_hd__clkbuf_16)
     4    0.040628    0.095452    0.257442   10.330526 ^ clkbuf_0_clk/X (sky130_fd_sc_hd__clkbuf_16)
                                                         clknet_0_clk (net)
                      0.095461    0.000910   10.331436 ^ clkbuf_2_0__f_clk/A (sky130_fd_sc_hd__clkbuf_16)
     9    0.023654    0.072004    0.226316   10.557753 ^ clkbuf_2_0__f_clk/X (sky130_fd_sc_hd__clkbuf_16)
                                                         clknet_2_0__leaf_clk (net)
                      0.072010    0.000629   10.558381 ^ _778_/CLK (sky130_fd_sc_hd__dfxtp_2)
                                 -0.250000   10.308381   clock uncertainty
                                  0.000000   10.308381   clock reconvergence pessimism
                                 -0.272252   10.036130   library setup time
                                             10.036130   data required time
---------------------------------------------------------------------------------------------
                                             10.036130   data required time
                                             -4.150519   data arrival time
---------------------------------------------------------------------------------------------
                                              5.885611   slack (MET)


Startpoint: rst (input port clocked by clk)
Endpoint: _776_ (rising edge-triggered flip-flop clocked by clk)
Path Group: clk
Path Type: max

Fanout         Cap        Slew       Delay        Time   Description
---------------------------------------------------------------------------------------------
                                  0.000000    0.000000   clock clk (rise edge)
                                  0.000000    0.000000   clock network delay (propagated)
                                  2.000000    2.000000 ^ input external delay
     1    0.003828    0.039146    0.022289    2.022289 ^ rst (in)
                                                         rst (net)
                      0.039146    0.000000    2.022289 ^ input17/A (sky130_fd_sc_hd__clkdlybuf4s25_1)
     3    0.016971    0.285976    0.637701    2.659990 ^ input17/X (sky130_fd_sc_hd__clkdlybuf4s25_1)
                                                         net17 (net)
                      0.285976    0.000355    2.660345 ^ _369_/A (sky130_fd_sc_hd__inv_2)
     4    0.017851    0.113212    0.203789    2.864135 v _369_/Y (sky130_fd_sc_hd__inv_2)
                                                         _367_ (net)
                      0.113213    0.000466    2.864601 v fanout37/A (sky130_fd_sc_hd__clkdlybuf4s25_1)
    10    0.026916    0.370687    0.753237    3.617838 v fanout37/X (sky130_fd_sc_hd__clkdlybuf4s25_1)
                                                         net37 (net)
                      0.370687    0.000761    3.618599 v _710_/A (sky130_fd_sc_hd__and2_2)
     1    0.003243    0.072033    0.522038    4.140636 v _710_/X (sky130_fd_sc_hd__and2_2)
                                                         _006_ (net)
                      0.072033    0.000109    4.140745 v _776_/D (sky130_fd_sc_hd__dfxtp_2)
                                              4.140745   data arrival time

                                 10.000000   10.000000   clock clk (rise edge)
                                  0.000000   10.000000   clock source latency
     1    0.014857    0.114547    0.073084   10.073084 ^ clk (in)
                                                         clk (net)
                      0.114562    0.000000   10.073084 ^ clkbuf_0_clk/A (sky130_fd_sc_hd__clkbuf_16)
     4    0.040628    0.095452    0.257442   10.330526 ^ clkbuf_0_clk/X (sky130_fd_sc_hd__clkbuf_16)
                                                         clknet_0_clk (net)
                      0.095458    0.000807   10.331333 ^ clkbuf_2_2__f_clk/A (sky130_fd_sc_hd__clkbuf_16)
     9    0.024479    0.073044    0.227551   10.558885 ^ clkbuf_2_2__f_clk/X (sky130_fd_sc_hd__clkbuf_16)
                                                         clknet_2_2__leaf_clk (net)
                      0.073063    0.000590   10.559475 ^ _776_/CLK (sky130_fd_sc_hd__dfxtp_2)
                                 -0.250000   10.309474   clock uncertainty
                                  0.000000   10.309474   clock reconvergence pessimism
                                 -0.274401   10.035073   library setup time
                                             10.035073   data required time
---------------------------------------------------------------------------------------------
                                             10.035073   data required time
                                             -4.140745   data arrival time
---------------------------------------------------------------------------------------------
                                              5.894328   slack (MET)


Startpoint: rst (input port clocked by clk)
Endpoint: _779_ (rising edge-triggered flip-flop clocked by clk)
Path Group: clk
Path Type: max

Fanout         Cap        Slew       Delay        Time   Description
---------------------------------------------------------------------------------------------
                                  0.000000    0.000000   clock clk (rise edge)
                                  0.000000    0.000000   clock network delay (propagated)
                                  2.000000    2.000000 ^ input external delay
     1    0.003828    0.039146    0.022289    2.022289 ^ rst (in)
                                                         rst (net)
                      0.039146    0.000000    2.022289 ^ input17/A (sky130_fd_sc_hd__clkdlybuf4s25_1)
     3    0.016971    0.285976    0.637701    2.659990 ^ input17/X (sky130_fd_sc_hd__clkdlybuf4s25_1)
                                                         net17 (net)
                      0.285976    0.000355    2.660345 ^ _369_/A (sky130_fd_sc_hd__inv_2)
     4    0.017851    0.113212    0.203789    2.864135 v _369_/Y (sky130_fd_sc_hd__inv_2)
                                                         _367_ (net)
                      0.113213    0.000466    2.864601 v fanout37/A (sky130_fd_sc_hd__clkdlybuf4s25_1)
    10    0.026916    0.370687    0.753237    3.617838 v fanout37/X (sky130_fd_sc_hd__clkdlybuf4s25_1)
                                                         net37 (net)
                      0.370687    0.000507    3.618345 v _707_/A (sky130_fd_sc_hd__and2_2)
     1    0.003178    0.071675    0.521497    4.139843 v _707_/X (sky130_fd_sc_hd__and2_2)
                                                         _009_ (net)
                      0.071675    0.000104    4.139947 v _779_/D (sky130_fd_sc_hd__dfxtp_2)
                                              4.139947   data arrival time

                                 10.000000   10.000000   clock clk (rise edge)
                                  0.000000   10.000000   clock source latency
     1    0.014857    0.114547    0.073084   10.073084 ^ clk (in)
                                                         clk (net)
                      0.114562    0.000000   10.073084 ^ clkbuf_0_clk/A (sky130_fd_sc_hd__clkbuf_16)
     4    0.040628    0.095452    0.257442   10.330526 ^ clkbuf_0_clk/X (sky130_fd_sc_hd__clkbuf_16)
                                                         clknet_0_clk (net)
                      0.095458    0.000807   10.331333 ^ clkbuf_2_2__f_clk/A (sky130_fd_sc_hd__clkbuf_16)
     9    0.024479    0.073044    0.227551   10.558885 ^ clkbuf_2_2__f_clk/X (sky130_fd_sc_hd__clkbuf_16)
                                                         clknet_2_2__leaf_clk (net)
                      0.073046    0.000107   10.558991 ^ _779_/CLK (sky130_fd_sc_hd__dfxtp_2)
                                 -0.250000   10.308991   clock uncertainty
                                  0.000000   10.308991   clock reconvergence pessimism
                                 -0.274257   10.034734   library setup time
                                             10.034734   data required time
---------------------------------------------------------------------------------------------
                                             10.034734   data required time
                                             -4.139947   data arrival time
---------------------------------------------------------------------------------------------
                                              5.894787   slack (MET)


Startpoint: rst (input port clocked by clk)
Endpoint: _774_ (rising edge-triggered flip-flop clocked by clk)
Path Group: clk
Path Type: max

Fanout         Cap        Slew       Delay        Time   Description
---------------------------------------------------------------------------------------------
                                  0.000000    0.000000   clock clk (rise edge)
                                  0.000000    0.000000   clock network delay (propagated)
                                  2.000000    2.000000 ^ input external delay
     1    0.003828    0.039146    0.022289    2.022289 ^ rst (in)
                                                         rst (net)
                      0.039146    0.000000    2.022289 ^ input17/A (sky130_fd_sc_hd__clkdlybuf4s25_1)
     3    0.016971    0.285976    0.637701    2.659990 ^ input17/X (sky130_fd_sc_hd__clkdlybuf4s25_1)
                                                         net17 (net)
                      0.285976    0.000355    2.660345 ^ _369_/A (sky130_fd_sc_hd__inv_2)
     4    0.017851    0.113212    0.203789    2.864135 v _369_/Y (sky130_fd_sc_hd__inv_2)
                                                         _367_ (net)
                      0.113213    0.000466    2.864601 v fanout37/A (sky130_fd_sc_hd__clkdlybuf4s25_1)
    10    0.026916    0.370687    0.753237    3.617838 v fanout37/X (sky130_fd_sc_hd__clkdlybuf4s25_1)
                                                         net37 (net)
                      0.370687    0.000482    3.618320 v _713_/A (sky130_fd_sc_hd__and2_2)
     1    0.003044    0.071132    0.520392    4.138712 v _713_/X (sky130_fd_sc_hd__and2_2)
                                                         _004_ (net)
                      0.071132    0.000098    4.138810 v _774_/D (sky130_fd_sc_hd__dfxtp_2)
                                              4.138810   data arrival time

                                 10.000000   10.000000   clock clk (rise edge)
                                  0.000000   10.000000   clock source latency
     1    0.014857    0.114547    0.073084   10.073084 ^ clk (in)
                                                         clk (net)
                      0.114562    0.000000   10.073084 ^ clkbuf_0_clk/A (sky130_fd_sc_hd__clkbuf_16)
     4    0.040628    0.095452    0.257442   10.330526 ^ clkbuf_0_clk/X (sky130_fd_sc_hd__clkbuf_16)
                                                         clknet_0_clk (net)
                      0.095458    0.000807   10.331333 ^ clkbuf_2_2__f_clk/A (sky130_fd_sc_hd__clkbuf_16)
     9    0.024479    0.073044    0.227551   10.558885 ^ clkbuf_2_2__f_clk/X (sky130_fd_sc_hd__clkbuf_16)
                                                         clknet_2_2__leaf_clk (net)
                      0.073057    0.000424   10.559308 ^ _774_/CLK (sky130_fd_sc_hd__dfxtp_2)
                                 -0.250000   10.309308   clock uncertainty
                                  0.000000   10.309308   clock reconvergence pessimism
                                 -0.274028   10.035279   library setup time
                                             10.035279   data required time
---------------------------------------------------------------------------------------------
                                             10.035279   data required time
                                             -4.138810   data arrival time
---------------------------------------------------------------------------------------------
                                              5.896470   slack (MET)


Startpoint: rst (input port clocked by clk)
Endpoint: _777_ (rising edge-triggered flip-flop clocked by clk)
Path Group: clk
Path Type: max

Fanout         Cap        Slew       Delay        Time   Description
---------------------------------------------------------------------------------------------
                                  0.000000    0.000000   clock clk (rise edge)
                                  0.000000    0.000000   clock network delay (propagated)
                                  2.000000    2.000000 ^ input external delay
     1    0.003828    0.039146    0.022289    2.022289 ^ rst (in)
                                                         rst (net)
                      0.039146    0.000000    2.022289 ^ input17/A (sky130_fd_sc_hd__clkdlybuf4s25_1)
     3    0.016971    0.285976    0.637701    2.659990 ^ input17/X (sky130_fd_sc_hd__clkdlybuf4s25_1)
                                                         net17 (net)
                      0.285976    0.000355    2.660345 ^ _369_/A (sky130_fd_sc_hd__inv_2)
     4    0.017851    0.113212    0.203789    2.864135 v _369_/Y (sky130_fd_sc_hd__inv_2)
                                                         _367_ (net)
                      0.113213    0.000466    2.864601 v fanout37/A (sky130_fd_sc_hd__clkdlybuf4s25_1)
    10    0.026916    0.370687    0.753237    3.617838 v fanout37/X (sky130_fd_sc_hd__clkdlybuf4s25_1)
                                                         net37 (net)
                      0.370687    0.000491    3.618330 v _709_/A (sky130_fd_sc_hd__and2_2)
     1    0.002879    0.070490    0.519034    4.137363 v _709_/X (sky130_fd_sc_hd__and2_2)
                                                         _007_ (net)
                      0.070490    0.000092    4.137455 v _777_/D (sky130_fd_sc_hd__dfxtp_2)
                                              4.137455   data arrival time

                                 10.000000   10.000000   clock clk (rise edge)
                                  0.000000   10.000000   clock source latency
     1    0.014857    0.114547    0.073084   10.073084 ^ clk (in)
                                                         clk (net)
                      0.114562    0.000000   10.073084 ^ clkbuf_0_clk/A (sky130_fd_sc_hd__clkbuf_16)
     4    0.040628    0.095452    0.257442   10.330526 ^ clkbuf_0_clk/X (sky130_fd_sc_hd__clkbuf_16)
                                                         clknet_0_clk (net)
                      0.095458    0.000807   10.331333 ^ clkbuf_2_2__f_clk/A (sky130_fd_sc_hd__clkbuf_16)
     9    0.024479    0.073044    0.227551   10.558885 ^ clkbuf_2_2__f_clk/X (sky130_fd_sc_hd__clkbuf_16)
                                                         clknet_2_2__leaf_clk (net)
                      0.073060    0.000520   10.559404 ^ _777_/CLK (sky130_fd_sc_hd__dfxtp_2)
                                 -0.250000   10.309404   clock uncertainty
                                  0.000000   10.309404   clock reconvergence pessimism
                                 -0.273761   10.035644   library setup time
                                             10.035644   data required time
---------------------------------------------------------------------------------------------
                                             10.035644   data required time
                                             -4.137455   data arrival time
---------------------------------------------------------------------------------------------
                                              5.898188   slack (MET)


Startpoint: rst (input port clocked by clk)
Endpoint: _756_ (rising edge-triggered flip-flop clocked by clk)
Path Group: clk
Path Type: max

Fanout         Cap        Slew       Delay        Time   Description
---------------------------------------------------------------------------------------------
                                  0.000000    0.000000   clock clk (rise edge)
                                  0.000000    0.000000   clock network delay (propagated)
                                  2.000000    2.000000 ^ input external delay
     1    0.003828    0.039146    0.022289    2.022289 ^ rst (in)
                                                         rst (net)
                      0.039146    0.000000    2.022289 ^ input17/A (sky130_fd_sc_hd__clkdlybuf4s25_1)
     3    0.016971    0.285976    0.637701    2.659990 ^ input17/X (sky130_fd_sc_hd__clkdlybuf4s25_1)
                                                         net17 (net)
                      0.285976    0.000355    2.660345 ^ _369_/A (sky130_fd_sc_hd__inv_2)
     4    0.017851    0.113212    0.203789    2.864135 v _369_/Y (sky130_fd_sc_hd__inv_2)
                                                         _367_ (net)
                      0.113213    0.000466    2.864601 v fanout37/A (sky130_fd_sc_hd__clkdlybuf4s25_1)
    10    0.026916    0.370687    0.753237    3.617838 v fanout37/X (sky130_fd_sc_hd__clkdlybuf4s25_1)
                                                         net37 (net)
                      0.370687    0.000528    3.618366 v _735_/A (sky130_fd_sc_hd__and2_2)
     1    0.001898    0.066300    0.510937    4.129303 v _735_/X (sky130_fd_sc_hd__and2_2)
                                                         _020_ (net)
                      0.066300    0.000038    4.129342 v _756_/D (sky130_fd_sc_hd__dfxtp_2)
                                              4.129342   data arrival time

                                 10.000000   10.000000   clock clk (rise edge)
                                  0.000000   10.000000   clock source latency
     1    0.014857    0.114547    0.073084   10.073084 ^ clk (in)
                                                         clk (net)
                      0.114562    0.000000   10.073084 ^ clkbuf_0_clk/A (sky130_fd_sc_hd__clkbuf_16)
     4    0.040628    0.095452    0.257442   10.330526 ^ clkbuf_0_clk/X (sky130_fd_sc_hd__clkbuf_16)
                                                         clknet_0_clk (net)
                      0.095458    0.000807   10.331333 ^ clkbuf_2_2__f_clk/A (sky130_fd_sc_hd__clkbuf_16)
     9    0.024479    0.073044    0.227551   10.558885 ^ clkbuf_2_2__f_clk/X (sky130_fd_sc_hd__clkbuf_16)
                                                         clknet_2_2__leaf_clk (net)
                      0.073046    0.000107   10.558991 ^ _756_/CLK (sky130_fd_sc_hd__dfxtp_2)
                                 -0.250000   10.308991   clock uncertainty
                                  0.000000   10.308991   clock reconvergence pessimism
                                 -0.272023   10.036969   library setup time
                                             10.036969   data required time
---------------------------------------------------------------------------------------------
                                             10.036969   data required time
                                             -4.129342   data arrival time
---------------------------------------------------------------------------------------------
                                              5.907628   slack (MET)


Startpoint: rst (input port clocked by clk)
Endpoint: _773_ (rising edge-triggered flip-flop clocked by clk)
Path Group: clk
Path Type: max

Fanout         Cap        Slew       Delay        Time   Description
---------------------------------------------------------------------------------------------
                                  0.000000    0.000000   clock clk (rise edge)
                                  0.000000    0.000000   clock network delay (propagated)
                                  2.000000    2.000000 ^ input external delay
     1    0.003828    0.039146    0.022289    2.022289 ^ rst (in)
                                                         rst (net)
                      0.039146    0.000000    2.022289 ^ input17/A (sky130_fd_sc_hd__clkdlybuf4s25_1)
     3    0.016971    0.285976    0.637701    2.659990 ^ input17/X (sky130_fd_sc_hd__clkdlybuf4s25_1)
                                                         net17 (net)
                      0.285976    0.000355    2.660345 ^ _369_/A (sky130_fd_sc_hd__inv_2)
     4    0.017851    0.113212    0.203789    2.864135 v _369_/Y (sky130_fd_sc_hd__inv_2)
                                                         _367_ (net)
                      0.113213    0.000466    2.864601 v fanout37/A (sky130_fd_sc_hd__clkdlybuf4s25_1)
    10    0.026916    0.370687    0.753237    3.617838 v fanout37/X (sky130_fd_sc_hd__clkdlybuf4s25_1)
                                                         net37 (net)
                      0.370687    0.000581    3.618419 v _714_/A (sky130_fd_sc_hd__and2_2)
     1    0.001876    0.066039    0.510750    4.129169 v _714_/X (sky130_fd_sc_hd__and2_2)
                                                         _003_ (net)
                      0.066039    0.000055    4.129224 v _773_/D (sky130_fd_sc_hd__dfxtp_2)
                                              4.129224   data arrival time

                                 10.000000   10.000000   clock clk (rise edge)
                                  0.000000   10.000000   clock source latency
     1    0.014857    0.114547    0.073084   10.073084 ^ clk (in)
                                                         clk (net)
                      0.114562    0.000000   10.073084 ^ clkbuf_0_clk/A (sky130_fd_sc_hd__clkbuf_16)
     4    0.040628    0.095452    0.257442   10.330526 ^ clkbuf_0_clk/X (sky130_fd_sc_hd__clkbuf_16)
                                                         clknet_0_clk (net)
                      0.095458    0.000807   10.331333 ^ clkbuf_2_2__f_clk/A (sky130_fd_sc_hd__clkbuf_16)
     9    0.024479    0.073044    0.227551   10.558885 ^ clkbuf_2_2__f_clk/X (sky130_fd_sc_hd__clkbuf_16)
                                                         clknet_2_2__leaf_clk (net)
                      0.073066    0.000697   10.559582 ^ _773_/CLK (sky130_fd_sc_hd__dfxtp_2)
                                 -0.250000   10.309582   clock uncertainty
                                  0.000000   10.309582   clock reconvergence pessimism
                                 -0.271909   10.037673   library setup time
                                             10.037673   data required time
---------------------------------------------------------------------------------------------
                                             10.037673   data required time
                                             -4.129224   data arrival time
---------------------------------------------------------------------------------------------
                                              5.908449   slack (MET)


Startpoint: rst (input port clocked by clk)
Endpoint: _754_ (rising edge-triggered flip-flop clocked by clk)
Path Group: clk
Path Type: max

Fanout         Cap        Slew       Delay        Time   Description
---------------------------------------------------------------------------------------------
                                  0.000000    0.000000   clock clk (rise edge)
                                  0.000000    0.000000   clock network delay (propagated)
                                  2.000000    2.000000 ^ input external delay
     1    0.003828    0.039146    0.022289    2.022289 ^ rst (in)
                                                         rst (net)
                      0.039146    0.000000    2.022289 ^ input17/A (sky130_fd_sc_hd__clkdlybuf4s25_1)
     3    0.016971    0.285976    0.637701    2.659990 ^ input17/X (sky130_fd_sc_hd__clkdlybuf4s25_1)
                                                         net17 (net)
                      0.285976    0.000355    2.660345 ^ _369_/A (sky130_fd_sc_hd__inv_2)
     4    0.017851    0.113212    0.203789    2.864135 v _369_/Y (sky130_fd_sc_hd__inv_2)
                                                         _367_ (net)
                      0.113216    0.000771    2.864905 v fanout36/A (sky130_fd_sc_hd__clkdlybuf4s25_1)
     5    0.014494    0.213757    0.629189    3.494095 v fanout36/X (sky130_fd_sc_hd__clkdlybuf4s25_1)
                                                         net36 (net)
                      0.213757    0.000327    3.494422 v _731_/B (sky130_fd_sc_hd__and3b_2)
     1    0.002391    0.069557    0.488738    3.983160 v _731_/X (sky130_fd_sc_hd__and3b_2)
                                                         _018_ (net)
                      0.069557    0.000074    3.983234 v _754_/D (sky130_fd_sc_hd__dfxtp_2)
                                              3.983234   data arrival time

                                 10.000000   10.000000   clock clk (rise edge)
                                  0.000000   10.000000   clock source latency
     1    0.014857    0.114547    0.073084   10.073084 ^ clk (in)
                                                         clk (net)
                      0.114562    0.000000   10.073084 ^ clkbuf_0_clk/A (sky130_fd_sc_hd__clkbuf_16)
     4    0.040628    0.095452    0.257442   10.330526 ^ clkbuf_0_clk/X (sky130_fd_sc_hd__clkbuf_16)
                                                         clknet_0_clk (net)
                      0.095459    0.000841   10.331367 ^ clkbuf_2_1__f_clk/A (sky130_fd_sc_hd__clkbuf_16)
     9    0.022235    0.070235    0.224492   10.555859 ^ clkbuf_2_1__f_clk/X (sky130_fd_sc_hd__clkbuf_16)
                                                         clknet_2_1__leaf_clk (net)
                      0.070237    0.000488   10.556347 ^ _754_/CLK (sky130_fd_sc_hd__dfxtp_2)
                                 -0.250000   10.306347   clock uncertainty
                                  0.000000   10.306347   clock reconvergence pessimism
                                 -0.274137   10.032210   library setup time
                                             10.032210   data required time
---------------------------------------------------------------------------------------------
                                             10.032210   data required time
                                             -3.983234   data arrival time
---------------------------------------------------------------------------------------------
                                              6.048976   slack (MET)


Startpoint: rst (input port clocked by clk)
Endpoint: _760_ (rising edge-triggered flip-flop clocked by clk)
Path Group: clk
Path Type: max

Fanout         Cap        Slew       Delay        Time   Description
---------------------------------------------------------------------------------------------
                                  0.000000    0.000000   clock clk (rise edge)
                                  0.000000    0.000000   clock network delay (propagated)
                                  2.000000    2.000000 ^ input external delay
     1    0.003828    0.039146    0.022289    2.022289 ^ rst (in)
                                                         rst (net)
                      0.039146    0.000000    2.022289 ^ input17/A (sky130_fd_sc_hd__clkdlybuf4s25_1)
     3    0.016971    0.285976    0.637701    2.659990 ^ input17/X (sky130_fd_sc_hd__clkdlybuf4s25_1)
                                                         net17 (net)
                      0.285976    0.000355    2.660345 ^ _369_/A (sky130_fd_sc_hd__inv_2)
     4    0.017851    0.113212    0.203789    2.864135 v _369_/Y (sky130_fd_sc_hd__inv_2)
                                                         _367_ (net)
                      0.113216    0.000771    2.864905 v fanout36/A (sky130_fd_sc_hd__clkdlybuf4s25_1)
     5    0.014494    0.213757    0.629189    3.494095 v fanout36/X (sky130_fd_sc_hd__clkdlybuf4s25_1)
                                                         net36 (net)
                      0.213757    0.000394    3.494489 v _739_/B (sky130_fd_sc_hd__and2_2)
     1    0.003164    0.071814    0.486613    3.981102 v _739_/X (sky130_fd_sc_hd__and2_2)
                                                         _024_ (net)
                      0.071814    0.000108    3.981210 v _760_/D (sky130_fd_sc_hd__dfxtp_2)
                                              3.981210   data arrival time

                                 10.000000   10.000000   clock clk (rise edge)
                                  0.000000   10.000000   clock source latency
     1    0.014857    0.114547    0.073084   10.073084 ^ clk (in)
                                                         clk (net)
                      0.114562    0.000000   10.073084 ^ clkbuf_0_clk/A (sky130_fd_sc_hd__clkbuf_16)
     4    0.040628    0.095452    0.257442   10.330526 ^ clkbuf_0_clk/X (sky130_fd_sc_hd__clkbuf_16)
                                                         clknet_0_clk (net)
                      0.095459    0.000841   10.331367 ^ clkbuf_2_1__f_clk/A (sky130_fd_sc_hd__clkbuf_16)
     9    0.022235    0.070235    0.224492   10.555859 ^ clkbuf_2_1__f_clk/X (sky130_fd_sc_hd__clkbuf_16)
                                                         clknet_2_1__leaf_clk (net)
                      0.070236    0.000398   10.556256 ^ _760_/CLK (sky130_fd_sc_hd__dfxtp_2)
                                 -0.250000   10.306256   clock uncertainty
                                  0.000000   10.306256   clock reconvergence pessimism
                                 -0.275076   10.031180   library setup time
                                             10.031180   data required time
---------------------------------------------------------------------------------------------
                                             10.031180   data required time
                                             -3.981210   data arrival time
---------------------------------------------------------------------------------------------
                                              6.049971   slack (MET)


Startpoint: rst (input port clocked by clk)
Endpoint: _759_ (rising edge-triggered flip-flop clocked by clk)
Path Group: clk
Path Type: max

Fanout         Cap        Slew       Delay        Time   Description
---------------------------------------------------------------------------------------------
                                  0.000000    0.000000   clock clk (rise edge)
                                  0.000000    0.000000   clock network delay (propagated)
                                  2.000000    2.000000 ^ input external delay
     1    0.003828    0.039146    0.022289    2.022289 ^ rst (in)
                                                         rst (net)
                      0.039146    0.000000    2.022289 ^ input17/A (sky130_fd_sc_hd__clkdlybuf4s25_1)
     3    0.016971    0.285976    0.637701    2.659990 ^ input17/X (sky130_fd_sc_hd__clkdlybuf4s25_1)
                                                         net17 (net)
                      0.285976    0.000355    2.660345 ^ _369_/A (sky130_fd_sc_hd__inv_2)
     4    0.017851    0.113212    0.203789    2.864135 v _369_/Y (sky130_fd_sc_hd__inv_2)
                                                         _367_ (net)
                      0.113216    0.000771    2.864905 v fanout36/A (sky130_fd_sc_hd__clkdlybuf4s25_1)
     5    0.014494    0.213757    0.629189    3.494095 v fanout36/X (sky130_fd_sc_hd__clkdlybuf4s25_1)
                                                         net36 (net)
                      0.213757    0.000409    3.494503 v _738_/B (sky130_fd_sc_hd__and2_2)
     1    0.002498    0.068990    0.480950    3.975453 v _738_/X (sky130_fd_sc_hd__and2_2)
                                                         _023_ (net)
                      0.068990    0.000077    3.975530 v _759_/D (sky130_fd_sc_hd__dfxtp_2)
                                              3.975530   data arrival time

                                 10.000000   10.000000   clock clk (rise edge)
                                  0.000000   10.000000   clock source latency
     1    0.014857    0.114547    0.073084   10.073084 ^ clk (in)
                                                         clk (net)
                      0.114562    0.000000   10.073084 ^ clkbuf_0_clk/A (sky130_fd_sc_hd__clkbuf_16)
     4    0.040628    0.095452    0.257442   10.330526 ^ clkbuf_0_clk/X (sky130_fd_sc_hd__clkbuf_16)
                                                         clknet_0_clk (net)
                      0.095459    0.000841   10.331367 ^ clkbuf_2_1__f_clk/A (sky130_fd_sc_hd__clkbuf_16)
     9    0.022235    0.070235    0.224492   10.555859 ^ clkbuf_2_1__f_clk/X (sky130_fd_sc_hd__clkbuf_16)
                                                         clknet_2_1__leaf_clk (net)
                      0.070236    0.000404   10.556263 ^ _759_/CLK (sky130_fd_sc_hd__dfxtp_2)
                                 -0.250000   10.306263   clock uncertainty
                                  0.000000   10.306263   clock reconvergence pessimism
                                 -0.273902   10.032361   library setup time
                                             10.032361   data required time
---------------------------------------------------------------------------------------------
                                             10.032361   data required time
                                             -3.975530   data arrival time
---------------------------------------------------------------------------------------------
                                              6.056831   slack (MET)


Startpoint: rst (input port clocked by clk)
Endpoint: _757_ (rising edge-triggered flip-flop clocked by clk)
Path Group: clk
Path Type: max

Fanout         Cap        Slew       Delay        Time   Description
---------------------------------------------------------------------------------------------
                                  0.000000    0.000000   clock clk (rise edge)
                                  0.000000    0.000000   clock network delay (propagated)
                                  2.000000    2.000000 ^ input external delay
     1    0.003828    0.039146    0.022289    2.022289 ^ rst (in)
                                                         rst (net)
                      0.039146    0.000000    2.022289 ^ input17/A (sky130_fd_sc_hd__clkdlybuf4s25_1)
     3    0.016971    0.285976    0.637701    2.659990 ^ input17/X (sky130_fd_sc_hd__clkdlybuf4s25_1)
                                                         net17 (net)
                      0.285976    0.000355    2.660345 ^ _369_/A (sky130_fd_sc_hd__inv_2)
     4    0.017851    0.113212    0.203789    2.864135 v _369_/Y (sky130_fd_sc_hd__inv_2)
                                                         _367_ (net)
                      0.113216    0.000771    2.864905 v fanout36/A (sky130_fd_sc_hd__clkdlybuf4s25_1)
     5    0.014494    0.213757    0.629189    3.494095 v fanout36/X (sky130_fd_sc_hd__clkdlybuf4s25_1)
                                                         net36 (net)
                      0.213757    0.000502    3.494597 v _736_/B (sky130_fd_sc_hd__and2_2)
     1    0.002282    0.068066    0.479119    3.973715 v _736_/X (sky130_fd_sc_hd__and2_2)
                                                         _021_ (net)
                      0.068066    0.000068    3.973784 v _757_/D (sky130_fd_sc_hd__dfxtp_2)
                                              3.973784   data arrival time

                                 10.000000   10.000000   clock clk (rise edge)
                                  0.000000   10.000000   clock source latency
     1    0.014857    0.114547    0.073084   10.073084 ^ clk (in)
                                                         clk (net)
                      0.114562    0.000000   10.073084 ^ clkbuf_0_clk/A (sky130_fd_sc_hd__clkbuf_16)
     4    0.040628    0.095452    0.257442   10.330526 ^ clkbuf_0_clk/X (sky130_fd_sc_hd__clkbuf_16)
                                                         clknet_0_clk (net)
                      0.095459    0.000841   10.331367 ^ clkbuf_2_1__f_clk/A (sky130_fd_sc_hd__clkbuf_16)
     9    0.022235    0.070235    0.224492   10.555859 ^ clkbuf_2_1__f_clk/X (sky130_fd_sc_hd__clkbuf_16)
                                                         clknet_2_1__leaf_clk (net)
                      0.070236    0.000424   10.556282 ^ _757_/CLK (sky130_fd_sc_hd__dfxtp_2)
                                 -0.250000   10.306282   clock uncertainty
                                  0.000000   10.306282   clock reconvergence pessimism
                                 -0.273518   10.032764   library setup time
                                             10.032764   data required time
---------------------------------------------------------------------------------------------
                                             10.032764   data required time
                                             -3.973784   data arrival time
---------------------------------------------------------------------------------------------
                                              6.058980   slack (MET)


Startpoint: rst (input port clocked by clk)
Endpoint: _758_ (rising edge-triggered flip-flop clocked by clk)
Path Group: clk
Path Type: max

Fanout         Cap        Slew       Delay        Time   Description
---------------------------------------------------------------------------------------------
                                  0.000000    0.000000   clock clk (rise edge)
                                  0.000000    0.000000   clock network delay (propagated)
                                  2.000000    2.000000 ^ input external delay
     1    0.003828    0.039146    0.022289    2.022289 ^ rst (in)
                                                         rst (net)
                      0.039146    0.000000    2.022289 ^ input17/A (sky130_fd_sc_hd__clkdlybuf4s25_1)
     3    0.016971    0.285976    0.637701    2.659990 ^ input17/X (sky130_fd_sc_hd__clkdlybuf4s25_1)
                                                         net17 (net)
                      0.285976    0.000355    2.660345 ^ _369_/A (sky130_fd_sc_hd__inv_2)
     4    0.017851    0.113212    0.203789    2.864135 v _369_/Y (sky130_fd_sc_hd__inv_2)
                                                         _367_ (net)
                      0.113216    0.000771    2.864905 v fanout36/A (sky130_fd_sc_hd__clkdlybuf4s25_1)
     5    0.014494    0.213757    0.629189    3.494095 v fanout36/X (sky130_fd_sc_hd__clkdlybuf4s25_1)
                                                         net36 (net)
                      0.213757    0.000331    3.494426 v _737_/B (sky130_fd_sc_hd__and2_2)
     1    0.002024    0.066941    0.476920    3.971346 v _737_/X (sky130_fd_sc_hd__and2_2)
                                                         _022_ (net)
                      0.066941    0.000041    3.971387 v _758_/D (sky130_fd_sc_hd__dfxtp_2)
                                              3.971387   data arrival time

                                 10.000000   10.000000   clock clk (rise edge)
                                  0.000000   10.000000   clock source latency
     1    0.014857    0.114547    0.073084   10.073084 ^ clk (in)
                                                         clk (net)
                      0.114562    0.000000   10.073084 ^ clkbuf_0_clk/A (sky130_fd_sc_hd__clkbuf_16)
     4    0.040628    0.095452    0.257442   10.330526 ^ clkbuf_0_clk/X (sky130_fd_sc_hd__clkbuf_16)
                                                         clknet_0_clk (net)
                      0.095459    0.000841   10.331367 ^ clkbuf_2_1__f_clk/A (sky130_fd_sc_hd__clkbuf_16)
     9    0.022235    0.070235    0.224492   10.555859 ^ clkbuf_2_1__f_clk/X (sky130_fd_sc_hd__clkbuf_16)
                                                         clknet_2_1__leaf_clk (net)
                      0.070236    0.000409   10.556268 ^ _758_/CLK (sky130_fd_sc_hd__dfxtp_2)
                                 -0.250000   10.306268   clock uncertainty
                                  0.000000   10.306268   clock reconvergence pessimism
                                 -0.273050   10.033218   library setup time
                                             10.033218   data required time
---------------------------------------------------------------------------------------------
                                             10.033218   data required time
                                             -3.971387   data arrival time
---------------------------------------------------------------------------------------------
                                              6.061831   slack (MET)


Startpoint: rst (input port clocked by clk)
Endpoint: _767_ (rising edge-triggered flip-flop clocked by clk)
Path Group: clk
Path Type: max

Fanout         Cap        Slew       Delay        Time   Description
---------------------------------------------------------------------------------------------
                                  0.000000    0.000000   clock clk (rise edge)
                                  0.000000    0.000000   clock network delay (propagated)
                                  2.000000    2.000000 ^ input external delay
     1    0.003828    0.039146    0.022289    2.022289 ^ rst (in)
                                                         rst (net)
                      0.039146    0.000000    2.022289 ^ input17/A (sky130_fd_sc_hd__clkdlybuf4s25_1)
     3    0.016971    0.285976    0.637701    2.659990 ^ input17/X (sky130_fd_sc_hd__clkdlybuf4s25_1)
                                                         net17 (net)
                      0.285976    0.000355    2.660345 ^ _369_/A (sky130_fd_sc_hd__inv_2)
     4    0.017851    0.113212    0.203789    2.864135 v _369_/Y (sky130_fd_sc_hd__inv_2)
                                                         _367_ (net)
                      0.113216    0.000735    2.864869 v fanout38/A (sky130_fd_sc_hd__clkdlybuf4s25_1)
     6    0.013889    0.206161    0.623143    3.488012 v fanout38/X (sky130_fd_sc_hd__clkdlybuf4s25_1)
                                                         net38 (net)
                      0.206161    0.000482    3.488494 v _746_/B (sky130_fd_sc_hd__and2_2)
     1    0.003064    0.071376    0.481824    3.970318 v _746_/X (sky130_fd_sc_hd__and2_2)
                                                         _031_ (net)
                      0.071376    0.000103    3.970421 v _767_/D (sky130_fd_sc_hd__dfxtp_2)
                                              3.970421   data arrival time

                                 10.000000   10.000000   clock clk (rise edge)
                                  0.000000   10.000000   clock source latency
     1    0.014857    0.114547    0.073084   10.073084 ^ clk (in)
                                                         clk (net)
                      0.114562    0.000000   10.073084 ^ clkbuf_0_clk/A (sky130_fd_sc_hd__clkbuf_16)
     4    0.040628    0.095452    0.257442   10.330526 ^ clkbuf_0_clk/X (sky130_fd_sc_hd__clkbuf_16)
                                                         clknet_0_clk (net)
                      0.095460    0.000885   10.331410 ^ clkbuf_2_3__f_clk/A (sky130_fd_sc_hd__clkbuf_16)
     9    0.023269    0.071524    0.225787   10.557199 ^ clkbuf_2_3__f_clk/X (sky130_fd_sc_hd__clkbuf_16)
                                                         clknet_2_3__leaf_clk (net)
                      0.071525    0.000596   10.557794 ^ _767_/CLK (sky130_fd_sc_hd__dfxtp_2)
                                 -0.250000   10.307794   clock uncertainty
                                  0.000000   10.307794   clock reconvergence pessimism
                                 -0.274545   10.033249   library setup time
                                             10.033249   data required time
---------------------------------------------------------------------------------------------
                                             10.033249   data required time
                                             -3.970421   data arrival time
---------------------------------------------------------------------------------------------
                                              6.062828   slack (MET)


Startpoint: rst (input port clocked by clk)
Endpoint: _764_ (rising edge-triggered flip-flop clocked by clk)
Path Group: clk
Path Type: max

Fanout         Cap        Slew       Delay        Time   Description
---------------------------------------------------------------------------------------------
                                  0.000000    0.000000   clock clk (rise edge)
                                  0.000000    0.000000   clock network delay (propagated)
                                  2.000000    2.000000 ^ input external delay
     1    0.003828    0.039146    0.022289    2.022289 ^ rst (in)
                                                         rst (net)
                      0.039146    0.000000    2.022289 ^ input17/A (sky130_fd_sc_hd__clkdlybuf4s25_1)
     3    0.016971    0.285976    0.637701    2.659990 ^ input17/X (sky130_fd_sc_hd__clkdlybuf4s25_1)
                                                         net17 (net)
                      0.285976    0.000355    2.660345 ^ _369_/A (sky130_fd_sc_hd__inv_2)
     4    0.017851    0.113212    0.203789    2.864135 v _369_/Y (sky130_fd_sc_hd__inv_2)
                                                         _367_ (net)
                      0.113216    0.000735    2.864869 v fanout38/A (sky130_fd_sc_hd__clkdlybuf4s25_1)
     6    0.013889    0.206161    0.623143    3.488012 v fanout38/X (sky130_fd_sc_hd__clkdlybuf4s25_1)
                                                         net38 (net)
                      0.206161    0.000167    3.488179 v _743_/B (sky130_fd_sc_hd__and2_2)
     1    0.002564    0.069255    0.477583    3.965762 v _743_/X (sky130_fd_sc_hd__and2_2)
                                                         _028_ (net)
                      0.069255    0.000076    3.965838 v _764_/D (sky130_fd_sc_hd__dfxtp_2)
                                              3.965838   data arrival time

                                 10.000000   10.000000   clock clk (rise edge)
                                  0.000000   10.000000   clock source latency
     1    0.014857    0.114547    0.073084   10.073084 ^ clk (in)
                                                         clk (net)
                      0.114562    0.000000   10.073084 ^ clkbuf_0_clk/A (sky130_fd_sc_hd__clkbuf_16)
     4    0.040628    0.095452    0.257442   10.330526 ^ clkbuf_0_clk/X (sky130_fd_sc_hd__clkbuf_16)
                                                         clknet_0_clk (net)
                      0.095460    0.000885   10.331410 ^ clkbuf_2_3__f_clk/A (sky130_fd_sc_hd__clkbuf_16)
     9    0.023269    0.071524    0.225787   10.557199 ^ clkbuf_2_3__f_clk/X (sky130_fd_sc_hd__clkbuf_16)
                                                         clknet_2_3__leaf_clk (net)
                      0.071528    0.000790   10.557988 ^ _764_/CLK (sky130_fd_sc_hd__dfxtp_2)
                                 -0.250000   10.307988   clock uncertainty
                                  0.000000   10.307988   clock reconvergence pessimism
                                 -0.273662   10.034327   library setup time
                                             10.034327   data required time
---------------------------------------------------------------------------------------------
                                             10.034327   data required time
                                             -3.965838   data arrival time
---------------------------------------------------------------------------------------------
                                              6.068489   slack (MET)


Startpoint: rst (input port clocked by clk)
Endpoint: _768_ (rising edge-triggered flip-flop clocked by clk)
Path Group: clk
Path Type: max

Fanout         Cap        Slew       Delay        Time   Description
---------------------------------------------------------------------------------------------
                                  0.000000    0.000000   clock clk (rise edge)
                                  0.000000    0.000000   clock network delay (propagated)
                                  2.000000    2.000000 ^ input external delay
     1    0.003828    0.039146    0.022289    2.022289 ^ rst (in)
                                                         rst (net)
                      0.039146    0.000000    2.022289 ^ input17/A (sky130_fd_sc_hd__clkdlybuf4s25_1)
     3    0.016971    0.285976    0.637701    2.659990 ^ input17/X (sky130_fd_sc_hd__clkdlybuf4s25_1)
                                                         net17 (net)
                      0.285976    0.000355    2.660345 ^ _369_/A (sky130_fd_sc_hd__inv_2)
     4    0.017851    0.113212    0.203789    2.864135 v _369_/Y (sky130_fd_sc_hd__inv_2)
                                                         _367_ (net)
                      0.113216    0.000735    2.864869 v fanout38/A (sky130_fd_sc_hd__clkdlybuf4s25_1)
     6    0.013889    0.206161    0.623143    3.488012 v fanout38/X (sky130_fd_sc_hd__clkdlybuf4s25_1)
                                                         net38 (net)
                      0.206161    0.000362    3.488374 v _747_/B (sky130_fd_sc_hd__and2_2)
     1    0.002345    0.068316    0.475721    3.964095 v _747_/X (sky130_fd_sc_hd__and2_2)
                                                         _032_ (net)
                      0.068316    0.000070    3.964165 v _768_/D (sky130_fd_sc_hd__dfxtp_2)
                                              3.964165   data arrival time

                                 10.000000   10.000000   clock clk (rise edge)
                                  0.000000   10.000000   clock source latency
     1    0.014857    0.114547    0.073084   10.073084 ^ clk (in)
                                                         clk (net)
                      0.114562    0.000000   10.073084 ^ clkbuf_0_clk/A (sky130_fd_sc_hd__clkbuf_16)
     4    0.040628    0.095452    0.257442   10.330526 ^ clkbuf_0_clk/X (sky130_fd_sc_hd__clkbuf_16)
                                                         clknet_0_clk (net)
                      0.095460    0.000885   10.331410 ^ clkbuf_2_3__f_clk/A (sky130_fd_sc_hd__clkbuf_16)
     9    0.023269    0.071524    0.225787   10.557199 ^ clkbuf_2_3__f_clk/X (sky130_fd_sc_hd__clkbuf_16)
                                                         clknet_2_3__leaf_clk (net)
                      0.071525    0.000580   10.557778 ^ _768_/CLK (sky130_fd_sc_hd__dfxtp_2)
                                 -0.250000   10.307778   clock uncertainty
                                  0.000000   10.307778   clock reconvergence pessimism
                                 -0.273273   10.034505   library setup time
                                             10.034505   data required time
---------------------------------------------------------------------------------------------
                                             10.034505   data required time
                                             -3.964165   data arrival time
---------------------------------------------------------------------------------------------
                                              6.070340   slack (MET)


Startpoint: rst (input port clocked by clk)
Endpoint: _763_ (rising edge-triggered flip-flop clocked by clk)
Path Group: clk
Path Type: max

Fanout         Cap        Slew       Delay        Time   Description
---------------------------------------------------------------------------------------------
                                  0.000000    0.000000   clock clk (rise edge)
                                  0.000000    0.000000   clock network delay (propagated)
                                  2.000000    2.000000 ^ input external delay
     1    0.003828    0.039146    0.022289    2.022289 ^ rst (in)
                                                         rst (net)
                      0.039146    0.000000    2.022289 ^ input17/A (sky130_fd_sc_hd__clkdlybuf4s25_1)
     3    0.016971    0.285976    0.637701    2.659990 ^ input17/X (sky130_fd_sc_hd__clkdlybuf4s25_1)
                                                         net17 (net)
                      0.285976    0.000355    2.660345 ^ _369_/A (sky130_fd_sc_hd__inv_2)
     4    0.017851    0.113212    0.203789    2.864135 v _369_/Y (sky130_fd_sc_hd__inv_2)
                                                         _367_ (net)
                      0.113216    0.000735    2.864869 v fanout38/A (sky130_fd_sc_hd__clkdlybuf4s25_1)
     6    0.013889    0.206161    0.623143    3.488012 v fanout38/X (sky130_fd_sc_hd__clkdlybuf4s25_1)
                                                         net38 (net)
                      0.206161    0.000305    3.488317 v _742_/B (sky130_fd_sc_hd__and2_2)
     1    0.002282    0.068044    0.475185    3.963503 v _742_/X (sky130_fd_sc_hd__and2_2)
                                                         _027_ (net)
                      0.068044    0.000067    3.963570 v _763_/D (sky130_fd_sc_hd__dfxtp_2)
                                              3.963570   data arrival time

                                 10.000000   10.000000   clock clk (rise edge)
                                  0.000000   10.000000   clock source latency
     1    0.014857    0.114547    0.073084   10.073084 ^ clk (in)
                                                         clk (net)
                      0.114562    0.000000   10.073084 ^ clkbuf_0_clk/A (sky130_fd_sc_hd__clkbuf_16)
     4    0.040628    0.095452    0.257442   10.330526 ^ clkbuf_0_clk/X (sky130_fd_sc_hd__clkbuf_16)
                                                         clknet_0_clk (net)
                      0.095460    0.000885   10.331410 ^ clkbuf_2_3__f_clk/A (sky130_fd_sc_hd__clkbuf_16)
     9    0.023269    0.071524    0.225787   10.557199 ^ clkbuf_2_3__f_clk/X (sky130_fd_sc_hd__clkbuf_16)
                                                         clknet_2_3__leaf_clk (net)
                      0.071528    0.000806   10.558003 ^ _763_/CLK (sky130_fd_sc_hd__dfxtp_2)
                                 -0.250000   10.308003   clock uncertainty
                                  0.000000   10.308003   clock reconvergence pessimism
                                 -0.273159   10.034844   library setup time
                                             10.034844   data required time
---------------------------------------------------------------------------------------------
                                             10.034844   data required time
                                             -3.963570   data arrival time
---------------------------------------------------------------------------------------------
                                              6.071275   slack (MET)


Startpoint: rst (input port clocked by clk)
Endpoint: _766_ (rising edge-triggered flip-flop clocked by clk)
Path Group: clk
Path Type: max

Fanout         Cap        Slew       Delay        Time   Description
---------------------------------------------------------------------------------------------
                                  0.000000    0.000000   clock clk (rise edge)
                                  0.000000    0.000000   clock network delay (propagated)
                                  2.000000    2.000000 ^ input external delay
     1    0.003828    0.039146    0.022289    2.022289 ^ rst (in)
                                                         rst (net)
                      0.039146    0.000000    2.022289 ^ input17/A (sky130_fd_sc_hd__clkdlybuf4s25_1)
     3    0.016971    0.285976    0.637701    2.659990 ^ input17/X (sky130_fd_sc_hd__clkdlybuf4s25_1)
                                                         net17 (net)
                      0.285976    0.000355    2.660345 ^ _369_/A (sky130_fd_sc_hd__inv_2)
     4    0.017851    0.113212    0.203789    2.864135 v _369_/Y (sky130_fd_sc_hd__inv_2)
                                                         _367_ (net)
                      0.113216    0.000735    2.864869 v fanout38/A (sky130_fd_sc_hd__clkdlybuf4s25_1)
     6    0.013889    0.206161    0.623143    3.488012 v fanout38/X (sky130_fd_sc_hd__clkdlybuf4s25_1)
                                                         net38 (net)
                      0.206161    0.000487    3.488499 v _745_/B (sky130_fd_sc_hd__and2_2)
     1    0.002200    0.067687    0.474486    3.962985 v _745_/X (sky130_fd_sc_hd__and2_2)
                                                         _030_ (net)
                      0.067687    0.000065    3.963050 v _766_/D (sky130_fd_sc_hd__dfxtp_2)
                                              3.963050   data arrival time

                                 10.000000   10.000000   clock clk (rise edge)
                                  0.000000   10.000000   clock source latency
     1    0.014857    0.114547    0.073084   10.073084 ^ clk (in)
                                                         clk (net)
                      0.114562    0.000000   10.073084 ^ clkbuf_0_clk/A (sky130_fd_sc_hd__clkbuf_16)
     4    0.040628    0.095452    0.257442   10.330526 ^ clkbuf_0_clk/X (sky130_fd_sc_hd__clkbuf_16)
                                                         clknet_0_clk (net)
                      0.095460    0.000885   10.331410 ^ clkbuf_2_3__f_clk/A (sky130_fd_sc_hd__clkbuf_16)
     9    0.023269    0.071524    0.225787   10.557199 ^ clkbuf_2_3__f_clk/X (sky130_fd_sc_hd__clkbuf_16)
                                                         clknet_2_3__leaf_clk (net)
                      0.071525    0.000473   10.557671 ^ _766_/CLK (sky130_fd_sc_hd__dfxtp_2)
                                 -0.250000   10.307671   clock uncertainty
                                  0.000000   10.307671   clock reconvergence pessimism
                                 -0.273011   10.034658   library setup time
                                             10.034658   data required time
---------------------------------------------------------------------------------------------
                                             10.034658   data required time
                                             -3.963050   data arrival time
---------------------------------------------------------------------------------------------
                                              6.071609   slack (MET)


Startpoint: rst (input port clocked by clk)
Endpoint: _765_ (rising edge-triggered flip-flop clocked by clk)
Path Group: clk
Path Type: max

Fanout         Cap        Slew       Delay        Time   Description
---------------------------------------------------------------------------------------------
                                  0.000000    0.000000   clock clk (rise edge)
                                  0.000000    0.000000   clock network delay (propagated)
                                  2.000000    2.000000 ^ input external delay
     1    0.003828    0.039146    0.022289    2.022289 ^ rst (in)
                                                         rst (net)
                      0.039146    0.000000    2.022289 ^ input17/A (sky130_fd_sc_hd__clkdlybuf4s25_1)
     3    0.016971    0.285976    0.637701    2.659990 ^ input17/X (sky130_fd_sc_hd__clkdlybuf4s25_1)
                                                         net17 (net)
                      0.285976    0.000355    2.660345 ^ _369_/A (sky130_fd_sc_hd__inv_2)
     4    0.017851    0.113212    0.203789    2.864135 v _369_/Y (sky130_fd_sc_hd__inv_2)
                                                         _367_ (net)
                      0.113216    0.000735    2.864869 v fanout38/A (sky130_fd_sc_hd__clkdlybuf4s25_1)
     6    0.013889    0.206161    0.623143    3.488012 v fanout38/X (sky130_fd_sc_hd__clkdlybuf4s25_1)
                                                         net38 (net)
                      0.206161    0.000498    3.488510 v _744_/B (sky130_fd_sc_hd__and2_2)
     1    0.001963    0.066653    0.472471    3.960981 v _744_/X (sky130_fd_sc_hd__and2_2)
                                                         _029_ (net)
                      0.066653    0.000059    3.961040 v _765_/D (sky130_fd_sc_hd__dfxtp_2)
                                              3.961040   data arrival time

                                 10.000000   10.000000   clock clk (rise edge)
                                  0.000000   10.000000   clock source latency
     1    0.014857    0.114547    0.073084   10.073084 ^ clk (in)
                                                         clk (net)
                      0.114562    0.000000   10.073084 ^ clkbuf_0_clk/A (sky130_fd_sc_hd__clkbuf_16)
     4    0.040628    0.095452    0.257442   10.330526 ^ clkbuf_0_clk/X (sky130_fd_sc_hd__clkbuf_16)
                                                         clknet_0_clk (net)
                      0.095460    0.000885   10.331410 ^ clkbuf_2_3__f_clk/A (sky130_fd_sc_hd__clkbuf_16)
     9    0.023269    0.071524    0.225787   10.557199 ^ clkbuf_2_3__f_clk/X (sky130_fd_sc_hd__clkbuf_16)
                                                         clknet_2_3__leaf_clk (net)
                      0.071527    0.000759   10.557957 ^ _765_/CLK (sky130_fd_sc_hd__dfxtp_2)
                                 -0.250000   10.307957   clock uncertainty
                                  0.000000   10.307957   clock reconvergence pessimism
                                 -0.272581   10.035376   library setup time
                                             10.035376   data required time
---------------------------------------------------------------------------------------------
                                             10.035376   data required time
                                             -3.961040   data arrival time
---------------------------------------------------------------------------------------------
                                              6.074336   slack (MET)



