
===========================================================================
report_checks -path_delay max (Setup)
============================================================================
======================= max_tt_025C_1v80 Corner ===================================

Startpoint: h0[2] (input port clocked by clk)
Endpoint: y[9] (output port clocked by clk)
Path Group: clk
Path Type: max

Fanout         Cap        Slew       Delay        Time   Description
---------------------------------------------------------------------------------------------
                                  0.000000    0.000000   clock clk (rise edge)
                                  0.000000    0.000000   clock network delay (propagated)
                                  2.000000    2.000000 ^ input external delay
     1    0.003080    0.020939    0.011907    2.011907 ^ h0[2] (in)
                                                         h0[2] (net)
                      0.020947    0.000000    2.011907 ^ input3/A (sky130_fd_sc_hd__dlymetal6s2s_1)
     8    0.037811    0.379096    0.330504    2.342411 ^ input3/X (sky130_fd_sc_hd__dlymetal6s2s_1)
                                                         net3 (net)
                      0.379112    0.002143    2.344553 ^ _455_/B (sky130_fd_sc_hd__nand4_2)
     3    0.015456    0.174950    0.235510    2.580063 v _455_/Y (sky130_fd_sc_hd__nand4_2)
                                                         _116_ (net)
                      0.174950    0.000670    2.580733 v _457_/A2 (sky130_fd_sc_hd__a21o_4)
     2    0.007792    0.037373    0.279343    2.860076 v _457_/X (sky130_fd_sc_hd__a21o_4)
                                                         _118_ (net)
                      0.037373    0.000512    2.860588 v _459_/B2 (sky130_fd_sc_hd__a22o_4)
     2    0.011179    0.047980    0.238439    3.099027 v _459_/X (sky130_fd_sc_hd__a22o_4)
                                                         _120_ (net)
                      0.047981    0.000736    3.099764 v _461_/A1 (sky130_fd_sc_hd__a21o_4)
     3    0.015136    0.047620    0.225628    3.325391 v _461_/X (sky130_fd_sc_hd__a21o_4)
                                                         _122_ (net)
                      0.047633    0.000788    3.326179 v _463_/A1 (sky130_fd_sc_hd__a21o_4)
     2    0.009978    0.039976    0.215063    3.541242 v _463_/X (sky130_fd_sc_hd__a21o_4)
                                                         _124_ (net)
                      0.039976    0.000489    3.541730 v _477_/A2 (sky130_fd_sc_hd__a21o_4)
     3    0.010389    0.040436    0.226444    3.768174 v _477_/X (sky130_fd_sc_hd__a21o_4)
                                                         _138_ (net)
                      0.040436    0.000346    3.768519 v _478_/C (sky130_fd_sc_hd__and3_4)
     2    0.014295    0.045790    0.199706    3.968225 v _478_/X (sky130_fd_sc_hd__and3_4)
                                                         _139_ (net)
                      0.045821    0.001140    3.969364 v _496_/A1 (sky130_fd_sc_hd__o21a_4)
     2    0.004935    0.034870    0.217958    4.187323 v _496_/X (sky130_fd_sc_hd__o21a_4)
                                                         _157_ (net)
                      0.034871    0.000336    4.187658 v _512_/C (sky130_fd_sc_hd__or3_4)
     3    0.010926    0.076184    0.356473    4.544131 v _512_/X (sky130_fd_sc_hd__or3_4)
                                                         _173_ (net)
                      0.076184    0.000663    4.544794 v _515_/A2 (sky130_fd_sc_hd__a211o_4)
     2    0.009624    0.057152    0.368379    4.913173 v _515_/X (sky130_fd_sc_hd__a211o_4)
                                                         _176_ (net)
                      0.057152    0.000513    4.913686 v _585_/A2 (sky130_fd_sc_hd__a21o_4)
     2    0.012390    0.043457    0.238003    5.151688 v _585_/X (sky130_fd_sc_hd__a21o_4)
                                                         _245_ (net)
                      0.043480    0.000967    5.152655 v _637_/A1 (sky130_fd_sc_hd__a21o_4)
     2    0.010752    0.041066    0.214722    5.367377 v _637_/X (sky130_fd_sc_hd__a21o_4)
                                                         _296_ (net)
                      0.041100    0.000714    5.368092 v _674_/A1 (sky130_fd_sc_hd__a21o_4)
     2    0.011772    0.042471    0.215700    5.583791 v _674_/X (sky130_fd_sc_hd__a21o_4)
                                                         _332_ (net)
                      0.042491    0.000875    5.584666 v _695_/A1 (sky130_fd_sc_hd__a21o_4)
     2    0.013347    0.044811    0.219480    5.804146 v _695_/X (sky130_fd_sc_hd__a21o_4)
                                                         _352_ (net)
                      0.044840    0.001074    5.805220 v _697_/A1 (sky130_fd_sc_hd__a21o_4)
     2    0.012910    0.044080    0.219703    6.024923 v _697_/X (sky130_fd_sc_hd__a21o_4)
                                                         _353_ (net)
                      0.044083    0.000459    6.025382 v _705_/A1 (sky130_fd_sc_hd__a21o_2)
     1    0.004973    0.039510    0.198315    6.223696 v _705_/X (sky130_fd_sc_hd__a21o_2)
                                                         net34 (net)
                      0.039510    0.000251    6.223948 v output34/A (sky130_fd_sc_hd__buf_6)
     1    0.035447    0.044946    0.141027    6.364975 v output34/X (sky130_fd_sc_hd__buf_6)
                                                         y[9] (net)
                      0.045055    0.002010    6.366985 v y[9] (out)
                                              6.366985   data arrival time

                                 10.000000   10.000000   clock clk (rise edge)
                                  0.000000   10.000000   clock network delay (propagated)
                                 -0.250000    9.750000   clock uncertainty
                                  0.000000    9.750000   clock reconvergence pessimism
                                 -2.000000    7.750000   output external delay
                                              7.750000   data required time
---------------------------------------------------------------------------------------------
                                              7.750000   data required time
                                             -6.366985   data arrival time
---------------------------------------------------------------------------------------------
                                              1.383015   slack (MET)


Startpoint: h0[2] (input port clocked by clk)
Endpoint: y[8] (output port clocked by clk)
Path Group: clk
Path Type: max

Fanout         Cap        Slew       Delay        Time   Description
---------------------------------------------------------------------------------------------
                                  0.000000    0.000000   clock clk (rise edge)
                                  0.000000    0.000000   clock network delay (propagated)
                                  2.000000    2.000000 ^ input external delay
     1    0.003080    0.020939    0.011907    2.011907 ^ h0[2] (in)
                                                         h0[2] (net)
                      0.020947    0.000000    2.011907 ^ input3/A (sky130_fd_sc_hd__dlymetal6s2s_1)
     8    0.037811    0.379096    0.330504    2.342411 ^ input3/X (sky130_fd_sc_hd__dlymetal6s2s_1)
                                                         net3 (net)
                      0.379112    0.002143    2.344553 ^ _455_/B (sky130_fd_sc_hd__nand4_2)
     3    0.015456    0.174950    0.235510    2.580063 v _455_/Y (sky130_fd_sc_hd__nand4_2)
                                                         _116_ (net)
                      0.174950    0.000670    2.580733 v _457_/A2 (sky130_fd_sc_hd__a21o_4)
     2    0.007792    0.037373    0.279343    2.860076 v _457_/X (sky130_fd_sc_hd__a21o_4)
                                                         _118_ (net)
                      0.037373    0.000512    2.860588 v _459_/B2 (sky130_fd_sc_hd__a22o_4)
     2    0.011179    0.047980    0.238439    3.099027 v _459_/X (sky130_fd_sc_hd__a22o_4)
                                                         _120_ (net)
                      0.047981    0.000736    3.099764 v _461_/A1 (sky130_fd_sc_hd__a21o_4)
     3    0.015136    0.047620    0.225628    3.325391 v _461_/X (sky130_fd_sc_hd__a21o_4)
                                                         _122_ (net)
                      0.047633    0.000788    3.326179 v _463_/A1 (sky130_fd_sc_hd__a21o_4)
     2    0.009978    0.039976    0.215063    3.541242 v _463_/X (sky130_fd_sc_hd__a21o_4)
                                                         _124_ (net)
                      0.039976    0.000489    3.541730 v _477_/A2 (sky130_fd_sc_hd__a21o_4)
     3    0.010389    0.040436    0.226444    3.768174 v _477_/X (sky130_fd_sc_hd__a21o_4)
                                                         _138_ (net)
                      0.040436    0.000346    3.768519 v _478_/C (sky130_fd_sc_hd__and3_4)
     2    0.014295    0.045790    0.199706    3.968225 v _478_/X (sky130_fd_sc_hd__and3_4)
                                                         _139_ (net)
                      0.045821    0.001140    3.969364 v _496_/A1 (sky130_fd_sc_hd__o21a_4)
     2    0.004935    0.034870    0.217958    4.187323 v _496_/X (sky130_fd_sc_hd__o21a_4)
                                                         _157_ (net)
                      0.034871    0.000336    4.187658 v _512_/C (sky130_fd_sc_hd__or3_4)
     3    0.010926    0.076184    0.356473    4.544131 v _512_/X (sky130_fd_sc_hd__or3_4)
                                                         _173_ (net)
                      0.076184    0.000663    4.544794 v _515_/A2 (sky130_fd_sc_hd__a211o_4)
     2    0.009624    0.057152    0.368379    4.913173 v _515_/X (sky130_fd_sc_hd__a211o_4)
                                                         _176_ (net)
                      0.057152    0.000513    4.913686 v _585_/A2 (sky130_fd_sc_hd__a21o_4)
     2    0.012390    0.043457    0.238003    5.151688 v _585_/X (sky130_fd_sc_hd__a21o_4)
                                                         _245_ (net)
                      0.043480    0.000967    5.152655 v _637_/A1 (sky130_fd_sc_hd__a21o_4)
     2    0.010752    0.041066    0.214722    5.367377 v _637_/X (sky130_fd_sc_hd__a21o_4)
                                                         _296_ (net)
                      0.041100    0.000714    5.368092 v _674_/A1 (sky130_fd_sc_hd__a21o_4)
     2    0.011772    0.042471    0.215700    5.583791 v _674_/X (sky130_fd_sc_hd__a21o_4)
                                                         _332_ (net)
                      0.042491    0.000875    5.584666 v _695_/A1 (sky130_fd_sc_hd__a21o_4)
     2    0.013347    0.044811    0.219480    5.804146 v _695_/X (sky130_fd_sc_hd__a21o_4)
                                                         _352_ (net)
                      0.044840    0.001074    5.805220 v _697_/A1 (sky130_fd_sc_hd__a21o_4)
     2    0.012910    0.044080    0.219703    6.024923 v _697_/X (sky130_fd_sc_hd__a21o_4)
                                                         _353_ (net)
                      0.044096    0.000847    6.025770 v _701_/A (sky130_fd_sc_hd__xor2_2)
     1    0.005487    0.118549    0.163150    6.188920 ^ _701_/X (sky130_fd_sc_hd__xor2_2)
                                                         net33 (net)
                      0.118549    0.000441    6.189361 ^ output33/A (sky130_fd_sc_hd__buf_6)
     1    0.035074    0.078379    0.157729    6.347090 ^ output33/X (sky130_fd_sc_hd__buf_6)
                                                         y[8] (net)
                      0.078434    0.001975    6.349065 ^ y[8] (out)
                                              6.349065   data arrival time

                                 10.000000   10.000000   clock clk (rise edge)
                                  0.000000   10.000000   clock network delay (propagated)
                                 -0.250000    9.750000   clock uncertainty
                                  0.000000    9.750000   clock reconvergence pessimism
                                 -2.000000    7.750000   output external delay
                                              7.750000   data required time
---------------------------------------------------------------------------------------------
                                              7.750000   data required time
                                             -6.349065   data arrival time
---------------------------------------------------------------------------------------------
                                              1.400935   slack (MET)


Startpoint: h0[2] (input port clocked by clk)
Endpoint: y[7] (output port clocked by clk)
Path Group: clk
Path Type: max

Fanout         Cap        Slew       Delay        Time   Description
---------------------------------------------------------------------------------------------
                                  0.000000    0.000000   clock clk (rise edge)
                                  0.000000    0.000000   clock network delay (propagated)
                                  2.000000    2.000000 ^ input external delay
     1    0.003080    0.020939    0.011907    2.011907 ^ h0[2] (in)
                                                         h0[2] (net)
                      0.020947    0.000000    2.011907 ^ input3/A (sky130_fd_sc_hd__dlymetal6s2s_1)
     8    0.037811    0.379096    0.330504    2.342411 ^ input3/X (sky130_fd_sc_hd__dlymetal6s2s_1)
                                                         net3 (net)
                      0.379112    0.002143    2.344553 ^ _455_/B (sky130_fd_sc_hd__nand4_2)
     3    0.015456    0.174950    0.235510    2.580063 v _455_/Y (sky130_fd_sc_hd__nand4_2)
                                                         _116_ (net)
                      0.174950    0.000670    2.580733 v _457_/A2 (sky130_fd_sc_hd__a21o_4)
     2    0.007792    0.037373    0.279343    2.860076 v _457_/X (sky130_fd_sc_hd__a21o_4)
                                                         _118_ (net)
                      0.037373    0.000512    2.860588 v _459_/B2 (sky130_fd_sc_hd__a22o_4)
     2    0.011179    0.047980    0.238439    3.099027 v _459_/X (sky130_fd_sc_hd__a22o_4)
                                                         _120_ (net)
                      0.047981    0.000736    3.099764 v _461_/A1 (sky130_fd_sc_hd__a21o_4)
     3    0.015136    0.047620    0.225628    3.325391 v _461_/X (sky130_fd_sc_hd__a21o_4)
                                                         _122_ (net)
                      0.047633    0.000788    3.326179 v _463_/A1 (sky130_fd_sc_hd__a21o_4)
     2    0.009978    0.039976    0.215063    3.541242 v _463_/X (sky130_fd_sc_hd__a21o_4)
                                                         _124_ (net)
                      0.039976    0.000489    3.541730 v _477_/A2 (sky130_fd_sc_hd__a21o_4)
     3    0.010389    0.040436    0.226444    3.768174 v _477_/X (sky130_fd_sc_hd__a21o_4)
                                                         _138_ (net)
                      0.040436    0.000346    3.768519 v _478_/C (sky130_fd_sc_hd__and3_4)
     2    0.014295    0.045790    0.199706    3.968225 v _478_/X (sky130_fd_sc_hd__and3_4)
                                                         _139_ (net)
                      0.045821    0.001140    3.969364 v _496_/A1 (sky130_fd_sc_hd__o21a_4)
     2    0.004935    0.034870    0.217958    4.187323 v _496_/X (sky130_fd_sc_hd__o21a_4)
                                                         _157_ (net)
                      0.034871    0.000336    4.187658 v _512_/C (sky130_fd_sc_hd__or3_4)
     3    0.010926    0.076184    0.356473    4.544131 v _512_/X (sky130_fd_sc_hd__or3_4)
                                                         _173_ (net)
                      0.076184    0.000663    4.544794 v _515_/A2 (sky130_fd_sc_hd__a211o_4)
     2    0.009624    0.057152    0.368379    4.913173 v _515_/X (sky130_fd_sc_hd__a211o_4)
                                                         _176_ (net)
                      0.057152    0.000513    4.913686 v _585_/A2 (sky130_fd_sc_hd__a21o_4)
     2    0.012390    0.043457    0.238003    5.151688 v _585_/X (sky130_fd_sc_hd__a21o_4)
                                                         _245_ (net)
                      0.043480    0.000967    5.152655 v _637_/A1 (sky130_fd_sc_hd__a21o_4)
     2    0.010752    0.041066    0.214722    5.367377 v _637_/X (sky130_fd_sc_hd__a21o_4)
                                                         _296_ (net)
                      0.041100    0.000714    5.368092 v _674_/A1 (sky130_fd_sc_hd__a21o_4)
     2    0.011772    0.042471    0.215700    5.583791 v _674_/X (sky130_fd_sc_hd__a21o_4)
                                                         _332_ (net)
                      0.042491    0.000875    5.584666 v _695_/A1 (sky130_fd_sc_hd__a21o_4)
     2    0.013347    0.044811    0.219480    5.804146 v _695_/X (sky130_fd_sc_hd__a21o_4)
                                                         _352_ (net)
                      0.044826    0.000802    5.804948 v _696_/B (sky130_fd_sc_hd__xor2_2)
     1    0.004770    0.062728    0.147035    5.951983 v _696_/X (sky130_fd_sc_hd__xor2_2)
                                                         net32 (net)
                      0.062730    0.000374    5.952357 v output32/A (sky130_fd_sc_hd__buf_6)
     1    0.034781    0.044386    0.151435    6.103792 v output32/X (sky130_fd_sc_hd__buf_6)
                                                         y[7] (net)
                      0.044483    0.001893    6.105685 v y[7] (out)
                                              6.105685   data arrival time

                                 10.000000   10.000000   clock clk (rise edge)
                                  0.000000   10.000000   clock network delay (propagated)
                                 -0.250000    9.750000   clock uncertainty
                                  0.000000    9.750000   clock reconvergence pessimism
                                 -2.000000    7.750000   output external delay
                                              7.750000   data required time
---------------------------------------------------------------------------------------------
                                              7.750000   data required time
                                             -6.105685   data arrival time
---------------------------------------------------------------------------------------------
                                              1.644315   slack (MET)


Startpoint: h0[2] (input port clocked by clk)
Endpoint: y[6] (output port clocked by clk)
Path Group: clk
Path Type: max

Fanout         Cap        Slew       Delay        Time   Description
---------------------------------------------------------------------------------------------
                                  0.000000    0.000000   clock clk (rise edge)
                                  0.000000    0.000000   clock network delay (propagated)
                                  2.000000    2.000000 ^ input external delay
     1    0.003080    0.020939    0.011907    2.011907 ^ h0[2] (in)
                                                         h0[2] (net)
                      0.020947    0.000000    2.011907 ^ input3/A (sky130_fd_sc_hd__dlymetal6s2s_1)
     8    0.037811    0.379096    0.330504    2.342411 ^ input3/X (sky130_fd_sc_hd__dlymetal6s2s_1)
                                                         net3 (net)
                      0.379112    0.002143    2.344553 ^ _455_/B (sky130_fd_sc_hd__nand4_2)
     3    0.015456    0.174950    0.235510    2.580063 v _455_/Y (sky130_fd_sc_hd__nand4_2)
                                                         _116_ (net)
                      0.174950    0.000670    2.580733 v _457_/A2 (sky130_fd_sc_hd__a21o_4)
     2    0.007792    0.037373    0.279343    2.860076 v _457_/X (sky130_fd_sc_hd__a21o_4)
                                                         _118_ (net)
                      0.037373    0.000512    2.860588 v _459_/B2 (sky130_fd_sc_hd__a22o_4)
     2    0.011179    0.047980    0.238439    3.099027 v _459_/X (sky130_fd_sc_hd__a22o_4)
                                                         _120_ (net)
                      0.047981    0.000736    3.099764 v _461_/A1 (sky130_fd_sc_hd__a21o_4)
     3    0.015136    0.047620    0.225628    3.325391 v _461_/X (sky130_fd_sc_hd__a21o_4)
                                                         _122_ (net)
                      0.047633    0.000788    3.326179 v _463_/A1 (sky130_fd_sc_hd__a21o_4)
     2    0.009978    0.039976    0.215063    3.541242 v _463_/X (sky130_fd_sc_hd__a21o_4)
                                                         _124_ (net)
                      0.039976    0.000489    3.541730 v _477_/A2 (sky130_fd_sc_hd__a21o_4)
     3    0.010389    0.040436    0.226444    3.768174 v _477_/X (sky130_fd_sc_hd__a21o_4)
                                                         _138_ (net)
                      0.040436    0.000346    3.768519 v _478_/C (sky130_fd_sc_hd__and3_4)
     2    0.014295    0.045790    0.199706    3.968225 v _478_/X (sky130_fd_sc_hd__and3_4)
                                                         _139_ (net)
                      0.045821    0.001140    3.969364 v _496_/A1 (sky130_fd_sc_hd__o21a_4)
     2    0.004935    0.034870    0.217958    4.187323 v _496_/X (sky130_fd_sc_hd__o21a_4)
                                                         _157_ (net)
                      0.034871    0.000336    4.187658 v _512_/C (sky130_fd_sc_hd__or3_4)
     3    0.010926    0.076184    0.356473    4.544131 v _512_/X (sky130_fd_sc_hd__or3_4)
                                                         _173_ (net)
                      0.076184    0.000663    4.544794 v _515_/A2 (sky130_fd_sc_hd__a211o_4)
     2    0.009624    0.057152    0.368379    4.913173 v _515_/X (sky130_fd_sc_hd__a211o_4)
                                                         _176_ (net)
                      0.057152    0.000513    4.913686 v _585_/A2 (sky130_fd_sc_hd__a21o_4)
     2    0.012390    0.043457    0.238003    5.151688 v _585_/X (sky130_fd_sc_hd__a21o_4)
                                                         _245_ (net)
                      0.043480    0.000967    5.152655 v _637_/A1 (sky130_fd_sc_hd__a21o_4)
     2    0.010752    0.041066    0.214722    5.367377 v _637_/X (sky130_fd_sc_hd__a21o_4)
                                                         _296_ (net)
                      0.041100    0.000714    5.368092 v _674_/A1 (sky130_fd_sc_hd__a21o_4)
     2    0.011772    0.042471    0.215700    5.583791 v _674_/X (sky130_fd_sc_hd__a21o_4)
                                                         _332_ (net)
                      0.042488    0.000824    5.584616 v rebuffer55/A (sky130_fd_sc_hd__buf_6)
     1    0.008355    0.024256    0.117552    5.702168 v rebuffer55/X (sky130_fd_sc_hd__buf_6)
                                                         net55 (net)
                      0.024257    0.000673    5.702841 v _675_/B (sky130_fd_sc_hd__xnor2_2)
     1    0.005752    0.131414    0.132344    5.835185 ^ _675_/Y (sky130_fd_sc_hd__xnor2_2)
                                                         net31 (net)
                      0.131414    0.000465    5.835650 ^ output31/A (sky130_fd_sc_hd__buf_6)
     1    0.035529    0.079644    0.161683    5.997333 ^ output31/X (sky130_fd_sc_hd__buf_6)
                                                         y[6] (net)
                      0.079707    0.002132    5.999465 ^ y[6] (out)
                                              5.999465   data arrival time

                                 10.000000   10.000000   clock clk (rise edge)
                                  0.000000   10.000000   clock network delay (propagated)
                                 -0.250000    9.750000   clock uncertainty
                                  0.000000    9.750000   clock reconvergence pessimism
                                 -2.000000    7.750000   output external delay
                                              7.750000   data required time
---------------------------------------------------------------------------------------------
                                              7.750000   data required time
                                             -5.999465   data arrival time
---------------------------------------------------------------------------------------------
                                              1.750535   slack (MET)


Startpoint: h0[2] (input port clocked by clk)
Endpoint: y[5] (output port clocked by clk)
Path Group: clk
Path Type: max

Fanout         Cap        Slew       Delay        Time   Description
---------------------------------------------------------------------------------------------
                                  0.000000    0.000000   clock clk (rise edge)
                                  0.000000    0.000000   clock network delay (propagated)
                                  2.000000    2.000000 ^ input external delay
     1    0.003080    0.020939    0.011907    2.011907 ^ h0[2] (in)
                                                         h0[2] (net)
                      0.020947    0.000000    2.011907 ^ input3/A (sky130_fd_sc_hd__dlymetal6s2s_1)
     8    0.037811    0.379096    0.330504    2.342411 ^ input3/X (sky130_fd_sc_hd__dlymetal6s2s_1)
                                                         net3 (net)
                      0.379112    0.002143    2.344553 ^ _455_/B (sky130_fd_sc_hd__nand4_2)
     3    0.015456    0.174950    0.235510    2.580063 v _455_/Y (sky130_fd_sc_hd__nand4_2)
                                                         _116_ (net)
                      0.174950    0.000670    2.580733 v _457_/A2 (sky130_fd_sc_hd__a21o_4)
     2    0.007792    0.037373    0.279343    2.860076 v _457_/X (sky130_fd_sc_hd__a21o_4)
                                                         _118_ (net)
                      0.037373    0.000512    2.860588 v _459_/B2 (sky130_fd_sc_hd__a22o_4)
     2    0.011179    0.047980    0.238439    3.099027 v _459_/X (sky130_fd_sc_hd__a22o_4)
                                                         _120_ (net)
                      0.047981    0.000736    3.099764 v _461_/A1 (sky130_fd_sc_hd__a21o_4)
     3    0.015136    0.047620    0.225628    3.325391 v _461_/X (sky130_fd_sc_hd__a21o_4)
                                                         _122_ (net)
                      0.047633    0.000788    3.326179 v _463_/A1 (sky130_fd_sc_hd__a21o_4)
     2    0.009978    0.039976    0.215063    3.541242 v _463_/X (sky130_fd_sc_hd__a21o_4)
                                                         _124_ (net)
                      0.039976    0.000489    3.541730 v _477_/A2 (sky130_fd_sc_hd__a21o_4)
     3    0.010389    0.040436    0.226444    3.768174 v _477_/X (sky130_fd_sc_hd__a21o_4)
                                                         _138_ (net)
                      0.040436    0.000346    3.768519 v _478_/C (sky130_fd_sc_hd__and3_4)
     2    0.014295    0.045790    0.199706    3.968225 v _478_/X (sky130_fd_sc_hd__and3_4)
                                                         _139_ (net)
                      0.045821    0.001140    3.969364 v _496_/A1 (sky130_fd_sc_hd__o21a_4)
     2    0.004935    0.034870    0.217958    4.187323 v _496_/X (sky130_fd_sc_hd__o21a_4)
                                                         _157_ (net)
                      0.034871    0.000336    4.187658 v _512_/C (sky130_fd_sc_hd__or3_4)
     3    0.010926    0.076184    0.356473    4.544131 v _512_/X (sky130_fd_sc_hd__or3_4)
                                                         _173_ (net)
                      0.076184    0.000663    4.544794 v _515_/A2 (sky130_fd_sc_hd__a211o_4)
     2    0.009624    0.057152    0.368379    4.913173 v _515_/X (sky130_fd_sc_hd__a211o_4)
                                                         _176_ (net)
                      0.057152    0.000513    4.913686 v _585_/A2 (sky130_fd_sc_hd__a21o_4)
     2    0.012390    0.043457    0.238003    5.151688 v _585_/X (sky130_fd_sc_hd__a21o_4)
                                                         _245_ (net)
                      0.043480    0.000967    5.152655 v _637_/A1 (sky130_fd_sc_hd__a21o_4)
     2    0.010752    0.041066    0.214722    5.367377 v _637_/X (sky130_fd_sc_hd__a21o_4)
                                                         _296_ (net)
                      0.041099    0.000699    5.368076 v rebuffer62/A (sky130_fd_sc_hd__buf_6)
     1    0.008115    0.024035    0.116780    5.484856 v rebuffer62/X (sky130_fd_sc_hd__buf_6)
                                                         net62 (net)
                      0.024035    0.000213    5.485069 v _638_/B (sky130_fd_sc_hd__xor2_2)
     1    0.005446    0.066365    0.142017    5.627087 v _638_/X (sky130_fd_sc_hd__xor2_2)
                                                         net30 (net)
                      0.066365    0.000425    5.627512 v output30/A (sky130_fd_sc_hd__buf_6)
     1    0.034744    0.044397    0.153065    5.780577 v output30/X (sky130_fd_sc_hd__buf_6)
                                                         y[5] (net)
                      0.044516    0.002087    5.782664 v y[5] (out)
                                              5.782664   data arrival time

                                 10.000000   10.000000   clock clk (rise edge)
                                  0.000000   10.000000   clock network delay (propagated)
                                 -0.250000    9.750000   clock uncertainty
                                  0.000000    9.750000   clock reconvergence pessimism
                                 -2.000000    7.750000   output external delay
                                              7.750000   data required time
---------------------------------------------------------------------------------------------
                                              7.750000   data required time
                                             -5.782664   data arrival time
---------------------------------------------------------------------------------------------
                                              1.967336   slack (MET)


Startpoint: h0[2] (input port clocked by clk)
Endpoint: y[4] (output port clocked by clk)
Path Group: clk
Path Type: max

Fanout         Cap        Slew       Delay        Time   Description
---------------------------------------------------------------------------------------------
                                  0.000000    0.000000   clock clk (rise edge)
                                  0.000000    0.000000   clock network delay (propagated)
                                  2.000000    2.000000 ^ input external delay
     1    0.003080    0.020939    0.011907    2.011907 ^ h0[2] (in)
                                                         h0[2] (net)
                      0.020947    0.000000    2.011907 ^ input3/A (sky130_fd_sc_hd__dlymetal6s2s_1)
     8    0.037811    0.379096    0.330504    2.342411 ^ input3/X (sky130_fd_sc_hd__dlymetal6s2s_1)
                                                         net3 (net)
                      0.379112    0.002143    2.344553 ^ _455_/B (sky130_fd_sc_hd__nand4_2)
     3    0.015456    0.174950    0.235510    2.580063 v _455_/Y (sky130_fd_sc_hd__nand4_2)
                                                         _116_ (net)
                      0.174950    0.000670    2.580733 v _457_/A2 (sky130_fd_sc_hd__a21o_4)
     2    0.007792    0.037373    0.279343    2.860076 v _457_/X (sky130_fd_sc_hd__a21o_4)
                                                         _118_ (net)
                      0.037373    0.000512    2.860588 v _459_/B2 (sky130_fd_sc_hd__a22o_4)
     2    0.011179    0.047980    0.238439    3.099027 v _459_/X (sky130_fd_sc_hd__a22o_4)
                                                         _120_ (net)
                      0.047981    0.000736    3.099764 v _461_/A1 (sky130_fd_sc_hd__a21o_4)
     3    0.015136    0.047620    0.225628    3.325391 v _461_/X (sky130_fd_sc_hd__a21o_4)
                                                         _122_ (net)
                      0.047633    0.000788    3.326179 v _463_/A1 (sky130_fd_sc_hd__a21o_4)
     2    0.009978    0.039976    0.215063    3.541242 v _463_/X (sky130_fd_sc_hd__a21o_4)
                                                         _124_ (net)
                      0.039976    0.000489    3.541730 v _477_/A2 (sky130_fd_sc_hd__a21o_4)
     3    0.010389    0.040436    0.226444    3.768174 v _477_/X (sky130_fd_sc_hd__a21o_4)
                                                         _138_ (net)
                      0.040436    0.000346    3.768519 v _478_/C (sky130_fd_sc_hd__and3_4)
     2    0.014295    0.045790    0.199706    3.968225 v _478_/X (sky130_fd_sc_hd__and3_4)
                                                         _139_ (net)
                      0.045821    0.001140    3.969364 v _496_/A1 (sky130_fd_sc_hd__o21a_4)
     2    0.004935    0.034870    0.217958    4.187323 v _496_/X (sky130_fd_sc_hd__o21a_4)
                                                         _157_ (net)
                      0.034871    0.000336    4.187658 v _512_/C (sky130_fd_sc_hd__or3_4)
     3    0.010926    0.076184    0.356473    4.544131 v _512_/X (sky130_fd_sc_hd__or3_4)
                                                         _173_ (net)
                      0.076184    0.000663    4.544794 v _515_/A2 (sky130_fd_sc_hd__a211o_4)
     2    0.009624    0.057152    0.368379    4.913173 v _515_/X (sky130_fd_sc_hd__a211o_4)
                                                         _176_ (net)
                      0.057152    0.000513    4.913686 v _585_/A2 (sky130_fd_sc_hd__a21o_4)
     2    0.012390    0.043457    0.238003    5.151688 v _585_/X (sky130_fd_sc_hd__a21o_4)
                                                         _245_ (net)
                      0.043491    0.001148    5.152836 v rebuffer54/A (sky130_fd_sc_hd__buf_6)
     1    0.009741    0.025233    0.119634    5.272470 v rebuffer54/X (sky130_fd_sc_hd__buf_6)
                                                         net54 (net)
                      0.025233    0.000626    5.273096 v _586_/B (sky130_fd_sc_hd__xor2_2)
     1    0.005138    0.063506    0.141405    5.414500 v _586_/X (sky130_fd_sc_hd__xor2_2)
                                                         net29 (net)
                      0.063506    0.000399    5.414899 v output29/A (sky130_fd_sc_hd__buf_6)
     1    0.036355    0.045649    0.152926    5.567825 v output29/X (sky130_fd_sc_hd__buf_6)
                                                         y[4] (net)
                      0.045763    0.002081    5.569906 v y[4] (out)
                                              5.569906   data arrival time

                                 10.000000   10.000000   clock clk (rise edge)
                                  0.000000   10.000000   clock network delay (propagated)
                                 -0.250000    9.750000   clock uncertainty
                                  0.000000    9.750000   clock reconvergence pessimism
                                 -2.000000    7.750000   output external delay
                                              7.750000   data required time
---------------------------------------------------------------------------------------------
                                              7.750000   data required time
                                             -5.569906   data arrival time
---------------------------------------------------------------------------------------------
                                              2.180094   slack (MET)


Startpoint: h0[2] (input port clocked by clk)
Endpoint: y[3] (output port clocked by clk)
Path Group: clk
Path Type: max

Fanout         Cap        Slew       Delay        Time   Description
---------------------------------------------------------------------------------------------
                                  0.000000    0.000000   clock clk (rise edge)
                                  0.000000    0.000000   clock network delay (propagated)
                                  2.000000    2.000000 ^ input external delay
     1    0.003080    0.020939    0.011907    2.011907 ^ h0[2] (in)
                                                         h0[2] (net)
                      0.020947    0.000000    2.011907 ^ input3/A (sky130_fd_sc_hd__dlymetal6s2s_1)
     8    0.037811    0.379096    0.330504    2.342411 ^ input3/X (sky130_fd_sc_hd__dlymetal6s2s_1)
                                                         net3 (net)
                      0.379112    0.002143    2.344553 ^ _455_/B (sky130_fd_sc_hd__nand4_2)
     3    0.015456    0.174950    0.235510    2.580063 v _455_/Y (sky130_fd_sc_hd__nand4_2)
                                                         _116_ (net)
                      0.174950    0.000670    2.580733 v _457_/A2 (sky130_fd_sc_hd__a21o_4)
     2    0.007792    0.037373    0.279343    2.860076 v _457_/X (sky130_fd_sc_hd__a21o_4)
                                                         _118_ (net)
                      0.037373    0.000512    2.860588 v _459_/B2 (sky130_fd_sc_hd__a22o_4)
     2    0.011179    0.047980    0.238439    3.099027 v _459_/X (sky130_fd_sc_hd__a22o_4)
                                                         _120_ (net)
                      0.047981    0.000736    3.099764 v _461_/A1 (sky130_fd_sc_hd__a21o_4)
     3    0.015136    0.047620    0.225628    3.325391 v _461_/X (sky130_fd_sc_hd__a21o_4)
                                                         _122_ (net)
                      0.047633    0.000788    3.326179 v _463_/A1 (sky130_fd_sc_hd__a21o_4)
     2    0.009978    0.039976    0.215063    3.541242 v _463_/X (sky130_fd_sc_hd__a21o_4)
                                                         _124_ (net)
                      0.039976    0.000489    3.541730 v _477_/A2 (sky130_fd_sc_hd__a21o_4)
     3    0.010389    0.040436    0.226444    3.768174 v _477_/X (sky130_fd_sc_hd__a21o_4)
                                                         _138_ (net)
                      0.040436    0.000346    3.768519 v _478_/C (sky130_fd_sc_hd__and3_4)
     2    0.014295    0.045790    0.199706    3.968225 v _478_/X (sky130_fd_sc_hd__and3_4)
                                                         _139_ (net)
                      0.045821    0.001140    3.969364 v _496_/A1 (sky130_fd_sc_hd__o21a_4)
     2    0.004935    0.034870    0.217958    4.187323 v _496_/X (sky130_fd_sc_hd__o21a_4)
                                                         _157_ (net)
                      0.034871    0.000336    4.187658 v _512_/C (sky130_fd_sc_hd__or3_4)
     3    0.010926    0.076184    0.356473    4.544131 v _512_/X (sky130_fd_sc_hd__or3_4)
                                                         _173_ (net)
                      0.076184    0.000663    4.544794 v _515_/A2 (sky130_fd_sc_hd__a211o_4)
     2    0.009624    0.057152    0.368379    4.913173 v _515_/X (sky130_fd_sc_hd__a211o_4)
                                                         _176_ (net)
                      0.057152    0.000349    4.913521 v rebuffer52/A (sky130_fd_sc_hd__buf_6)
     1    0.010593    0.025858    0.126904    5.040425 v rebuffer52/X (sky130_fd_sc_hd__buf_6)
                                                         net52 (net)
                      0.025883    0.000883    5.041308 v _516_/B (sky130_fd_sc_hd__nand2b_4)
     1    0.009126    0.052027    0.062768    5.104076 ^ _516_/Y (sky130_fd_sc_hd__nand2b_4)
                                                         _177_ (net)
                      0.052028    0.000463    5.104539 ^ _518_/B (sky130_fd_sc_hd__xnor2_2)
     1    0.005276    0.126316    0.109588    5.214128 ^ _518_/Y (sky130_fd_sc_hd__xnor2_2)
                                                         net28 (net)
                      0.126316    0.000413    5.214541 ^ output28/A (sky130_fd_sc_hd__buf_6)
     1    0.034526    0.077439    0.159331    5.373872 ^ output28/X (sky130_fd_sc_hd__buf_6)
                                                         y[3] (net)
                      0.077481    0.001750    5.375622 ^ y[3] (out)
                                              5.375622   data arrival time

                                 10.000000   10.000000   clock clk (rise edge)
                                  0.000000   10.000000   clock network delay (propagated)
                                 -0.250000    9.750000   clock uncertainty
                                  0.000000    9.750000   clock reconvergence pessimism
                                 -2.000000    7.750000   output external delay
                                              7.750000   data required time
---------------------------------------------------------------------------------------------
                                              7.750000   data required time
                                             -5.375622   data arrival time
---------------------------------------------------------------------------------------------
                                              2.374378   slack (MET)


Startpoint: h2[1] (input port clocked by clk)
Endpoint: y[2] (output port clocked by clk)
Path Group: clk
Path Type: max

Fanout         Cap        Slew       Delay        Time   Description
---------------------------------------------------------------------------------------------
                                  0.000000    0.000000   clock clk (rise edge)
                                  0.000000    0.000000   clock network delay (propagated)
                                  2.000000    2.000000 v input external delay
     1    0.003645    0.010579    0.006206    2.006206 v h2[1] (in)
                                                         h2[1] (net)
                      0.010582    0.000000    2.006206 v input10/A (sky130_fd_sc_hd__dlymetal6s4s_1)
     6    0.023219    0.124132    0.326868    2.333074 v input10/X (sky130_fd_sc_hd__dlymetal6s4s_1)
                                                         net10 (net)
                      0.124140    0.001213    2.334287 v _413_/B (sky130_fd_sc_hd__and2_4)
     4    0.013097    0.040372    0.213676    2.547963 v _413_/X (sky130_fd_sc_hd__and2_4)
                                                         _075_ (net)
                      0.040377    0.000508    2.548471 v _414_/C (sky130_fd_sc_hd__and3_2)
     3    0.009317    0.053224    0.234494    2.782965 v _414_/X (sky130_fd_sc_hd__and3_2)
                                                         _076_ (net)
                      0.053225    0.000383    2.783347 v _418_/A (sky130_fd_sc_hd__or3b_4)
     3    0.022022    0.095880    0.459110    3.242458 v _418_/X (sky130_fd_sc_hd__or3b_4)
                                                         _080_ (net)
                      0.095880    0.001353    3.243811 v _420_/A (sky130_fd_sc_hd__and2_2)
     2    0.007371    0.047094    0.210639    3.454450 v _420_/X (sky130_fd_sc_hd__and2_2)
                                                         _082_ (net)
                      0.047095    0.000299    3.454749 v _423_/A (sky130_fd_sc_hd__nand2_2)
     3    0.026267    0.146478    0.136343    3.591092 ^ _423_/Y (sky130_fd_sc_hd__nand2_2)
                                                         _085_ (net)
                      0.146496    0.001393    3.592485 ^ _425_/A (sky130_fd_sc_hd__nand2_2)
     2    0.008939    0.061242    0.084789    3.677274 v _425_/Y (sky130_fd_sc_hd__nand2_2)
                                                         _087_ (net)
                      0.061272    0.000541    3.677815 v _426_/C (sky130_fd_sc_hd__or3_4)
     3    0.011914    0.077493    0.367546    4.045362 v _426_/X (sky130_fd_sc_hd__or3_4)
                                                         _088_ (net)
                      0.077493    0.000541    4.045902 v _439_/A1 (sky130_fd_sc_hd__a211o_2)
     2    0.007834    0.060831    0.335468    4.381371 v _439_/X (sky130_fd_sc_hd__a211o_2)
                                                         _101_ (net)
                      0.060831    0.000548    4.381918 v _440_/B (sky130_fd_sc_hd__nand2b_2)
     1    0.010222    0.073020    0.095058    4.476977 ^ _440_/Y (sky130_fd_sc_hd__nand2b_2)
                                                         _102_ (net)
                      0.073023    0.000534    4.477511 ^ _449_/A (sky130_fd_sc_hd__xnor2_2)
     1    0.002685    0.098398    0.110553    4.588064 ^ _449_/Y (sky130_fd_sc_hd__xnor2_2)
                                                         net27 (net)
                      0.098399    0.000115    4.588179 ^ output27/A (sky130_fd_sc_hd__dlymetal6s2s_1)
     1    0.035263    0.355657    0.342343    4.930521 ^ output27/X (sky130_fd_sc_hd__dlymetal6s2s_1)
                                                         y[2] (net)
                      0.355669    0.001796    4.932317 ^ y[2] (out)
                                              4.932317   data arrival time

                                 10.000000   10.000000   clock clk (rise edge)
                                  0.000000   10.000000   clock network delay (propagated)
                                 -0.250000    9.750000   clock uncertainty
                                  0.000000    9.750000   clock reconvergence pessimism
                                 -2.000000    7.750000   output external delay
                                              7.750000   data required time
---------------------------------------------------------------------------------------------
                                              7.750000   data required time
                                             -4.932317   data arrival time
---------------------------------------------------------------------------------------------
                                              2.817683   slack (MET)


Startpoint: h1[1] (input port clocked by clk)
Endpoint: y[1] (output port clocked by clk)
Path Group: clk
Path Type: max

Fanout         Cap        Slew       Delay        Time   Description
---------------------------------------------------------------------------------------------
                                  0.000000    0.000000   clock clk (rise edge)
                                  0.000000    0.000000   clock network delay (propagated)
                                  2.000000    2.000000 ^ input external delay
     1    0.004071    0.025255    0.015572    2.015572 ^ h1[1] (in)
                                                         h1[1] (net)
                      0.025256    0.000000    2.015572 ^ input6/A (sky130_fd_sc_hd__clkbuf_2)
    10    0.047709    0.258714    0.257895    2.273467 ^ input6/X (sky130_fd_sc_hd__clkbuf_2)
                                                         net6 (net)
                      0.258875    0.005605    2.279071 ^ _390_/B1 (sky130_fd_sc_hd__a22o_2)
     2    0.007558    0.058130    0.211077    2.490148 ^ _390_/X (sky130_fd_sc_hd__a22o_2)
                                                         _052_ (net)
                      0.058131    0.000324    2.490472 ^ _392_/C (sky130_fd_sc_hd__and4_2)
     3    0.014013    0.102134    0.279064    2.769536 ^ _392_/X (sky130_fd_sc_hd__and4_2)
                                                         _054_ (net)
                      0.102140    0.000942    2.770478 ^ _394_/A (sky130_fd_sc_hd__nor2_2)
     2    0.006280    0.041180    0.059454    2.829931 v _394_/Y (sky130_fd_sc_hd__nor2_2)
                                                         _056_ (net)
                      0.041202    0.000398    2.830330 v _396_/A (sky130_fd_sc_hd__and2_2)
     3    0.009238    0.051154    0.191401    3.021731 v _396_/X (sky130_fd_sc_hd__and2_2)
                                                         _058_ (net)
                      0.051154    0.000268    3.021998 v _430_/A (sky130_fd_sc_hd__or2_2)
     2    0.009526    0.073469    0.336556    3.358554 v _430_/X (sky130_fd_sc_hd__or2_2)
                                                         _092_ (net)
                      0.073471    0.000525    3.359079 v _433_/A (sky130_fd_sc_hd__nor2_2)
     3    0.012993    0.161454    0.188694    3.547773 ^ _433_/Y (sky130_fd_sc_hd__nor2_2)
                                                         _095_ (net)
                      0.161459    0.000754    3.548527 ^ _436_/A (sky130_fd_sc_hd__nor2_2)
     2    0.007021    0.047721    0.073285    3.621812 v _436_/Y (sky130_fd_sc_hd__nor2_2)
                                                         _098_ (net)
                      0.047729    0.000461    3.622273 v _437_/C (sky130_fd_sc_hd__and3_2)
     3    0.010551    0.056693    0.241982    3.864256 v _437_/X (sky130_fd_sc_hd__and3_2)
                                                         _099_ (net)
                      0.056698    0.000622    3.864878 v _442_/A (sky130_fd_sc_hd__nor2_2)
     2    0.012322    0.154644    0.176362    4.041240 ^ _442_/Y (sky130_fd_sc_hd__nor2_2)
                                                         _104_ (net)
                      0.154654    0.001028    4.042268 ^ _704_/A (sky130_fd_sc_hd__xnor2_2)
     1    0.002738    0.099243    0.130330    4.172598 ^ _704_/Y (sky130_fd_sc_hd__xnor2_2)
                                                         net26 (net)
                      0.099243    0.000203    4.172801 ^ output26/A (sky130_fd_sc_hd__clkdlybuf4s25_1)
     1    0.034966    0.353420    0.506119    4.678920 ^ output26/X (sky130_fd_sc_hd__clkdlybuf4s25_1)
                                                         y[1] (net)
                      0.353425    0.001909    4.680829 ^ y[1] (out)
                                              4.680829   data arrival time

                                 10.000000   10.000000   clock clk (rise edge)
                                  0.000000   10.000000   clock network delay (propagated)
                                 -0.250000    9.750000   clock uncertainty
                                  0.000000    9.750000   clock reconvergence pessimism
                                 -2.000000    7.750000   output external delay
                                              7.750000   data required time
---------------------------------------------------------------------------------------------
                                              7.750000   data required time
                                             -4.680829   data arrival time
---------------------------------------------------------------------------------------------
                                              3.069171   slack (MET)


Startpoint: h1[0] (input port clocked by clk)
Endpoint: y[0] (output port clocked by clk)
Path Group: clk
Path Type: max

Fanout         Cap        Slew       Delay        Time   Description
---------------------------------------------------------------------------------------------
                                  0.000000    0.000000   clock clk (rise edge)
                                  0.000000    0.000000   clock network delay (propagated)
                                  2.000000    2.000000 ^ input external delay
     1    0.003304    0.021920    0.012740    2.012740 ^ h1[0] (in)
                                                         h1[0] (net)
                      0.021921    0.000000    2.012740 ^ input5/A (sky130_fd_sc_hd__clkbuf_2)
    10    0.043662    0.238514    0.240193    2.252934 ^ input5/X (sky130_fd_sc_hd__clkbuf_2)
                                                         net5 (net)
                      0.238832    0.007491    2.260425 ^ _395_/A (sky130_fd_sc_hd__and4_2)
     3    0.013727    0.101358    0.320627    2.581052 ^ _395_/X (sky130_fd_sc_hd__and4_2)
                                                         _057_ (net)
                      0.101367    0.001056    2.582108 ^ _444_/A (sky130_fd_sc_hd__nor2_2)
     2    0.016855    0.063774    0.081563    2.663671 v _444_/Y (sky130_fd_sc_hd__nor2_2)
                                                         _106_ (net)
                      0.063831    0.001314    2.664985 v _445_/B (sky130_fd_sc_hd__xnor2_2)
     2    0.006895    0.058525    0.148869    2.813854 v _445_/Y (sky130_fd_sc_hd__xnor2_2)
                                                         _107_ (net)
                      0.058526    0.000371    2.814225 v _446_/C (sky130_fd_sc_hd__and3_2)
     2    0.008771    0.051982    0.240804    3.055030 v _446_/X (sky130_fd_sc_hd__and3_2)
                                                         _108_ (net)
                      0.051985    0.000466    3.055496 v _703_/A (sky130_fd_sc_hd__nor2_2)
     1    0.006307    0.095224    0.127113    3.182609 ^ _703_/Y (sky130_fd_sc_hd__nor2_2)
                                                         net25 (net)
                      0.095226    0.000517    3.183125 ^ output25/A (sky130_fd_sc_hd__clkdlybuf4s25_1)
     1    0.035309    0.356719    0.507076    3.690201 ^ output25/X (sky130_fd_sc_hd__clkdlybuf4s25_1)
                                                         y[0] (net)
                      0.356723    0.001961    3.692163 ^ y[0] (out)
                                              3.692163   data arrival time

                                 10.000000   10.000000   clock clk (rise edge)
                                  0.000000   10.000000   clock network delay (propagated)
                                 -0.250000    9.750000   clock uncertainty
                                  0.000000    9.750000   clock reconvergence pessimism
                                 -2.000000    7.750000   output external delay
                                              7.750000   data required time
---------------------------------------------------------------------------------------------
                                              7.750000   data required time
                                             -3.692163   data arrival time
---------------------------------------------------------------------------------------------
                                              4.057838   slack (MET)


Startpoint: rst (input port clocked by clk)
Endpoint: _748_ (rising edge-triggered flip-flop clocked by clk)
Path Group: clk
Path Type: max

Fanout         Cap        Slew       Delay        Time   Description
---------------------------------------------------------------------------------------------
                                  0.000000    0.000000   clock clk (rise edge)
                                  0.000000    0.000000   clock network delay (propagated)
                                  2.000000    2.000000 ^ input external delay
     1    0.003968    0.024810    0.015198    2.015198 ^ rst (in)
                                                         rst (net)
                      0.024812    0.000000    2.015198 ^ input17/A (sky130_fd_sc_hd__clkdlybuf4s25_1)
     3    0.017531    0.183837    0.354471    2.369670 ^ input17/X (sky130_fd_sc_hd__clkdlybuf4s25_1)
                                                         net17 (net)
                      0.183838    0.000875    2.370545 ^ _369_/A (sky130_fd_sc_hd__inv_2)
     4    0.018582    0.069095    0.096058    2.466603 v _369_/Y (sky130_fd_sc_hd__inv_2)
                                                         _367_ (net)
                      0.069116    0.001013    2.467616 v fanout37/A (sky130_fd_sc_hd__clkdlybuf4s25_1)
    10    0.028347    0.213377    0.412702    2.880318 v fanout37/X (sky130_fd_sc_hd__clkdlybuf4s25_1)
                                                         net37 (net)
                      0.213380    0.001128    2.881446 v _719_/B1 (sky130_fd_sc_hd__o41a_2)
     1    0.004698    0.068758    0.202246    3.083692 v _719_/X (sky130_fd_sc_hd__o41a_2)
                                                         _012_ (net)
                      0.068758    0.000266    3.083958 v hold94/A (sky130_fd_sc_hd__dlygate4sd3_1)
     1    0.003084    0.054742    0.589022    3.672979 v hold94/X (sky130_fd_sc_hd__dlygate4sd3_1)
                                                         net94 (net)
                      0.054742    0.000230    3.673210 v _748_/D (sky130_fd_sc_hd__dfxtp_2)
                                              3.673210   data arrival time

                                 10.000000   10.000000   clock clk (rise edge)
                                  0.000000   10.000000   clock source latency
     1    0.015489    0.075396    0.049861   10.049862 ^ clk (in)
                                                         clk (net)
                      0.075478    0.000000   10.049862 ^ clkbuf_0_clk/A (sky130_fd_sc_hd__clkbuf_16)
     4    0.041378    0.061058    0.145723   10.195585 ^ clkbuf_0_clk/X (sky130_fd_sc_hd__clkbuf_16)
                                                         clknet_0_clk (net)
                      0.061137    0.001782   10.197367 ^ clkbuf_2_2__f_clk/A (sky130_fd_sc_hd__clkbuf_16)
     9    0.026545    0.047732    0.130346   10.327712 ^ clkbuf_2_2__f_clk/X (sky130_fd_sc_hd__clkbuf_16)
                                                         clknet_2_2__leaf_clk (net)
                      0.047800    0.001511   10.329223 ^ _748_/CLK (sky130_fd_sc_hd__dfxtp_2)
                                 -0.250000   10.079223   clock uncertainty
                                  0.000000   10.079223   clock reconvergence pessimism
                                 -0.116482    9.962741   library setup time
                                              9.962741   data required time
---------------------------------------------------------------------------------------------
                                              9.962741   data required time
                                             -3.673210   data arrival time
---------------------------------------------------------------------------------------------
                                              6.289531   slack (MET)


Startpoint: _755_ (rising edge-triggered flip-flop clocked by clk)
Endpoint: diag_busy (output port clocked by clk)
Path Group: clk
Path Type: max

Fanout         Cap        Slew       Delay        Time   Description
---------------------------------------------------------------------------------------------
                                  0.000000    0.000000   clock clk (rise edge)
                                  0.000000    0.000000   clock source latency
     1    0.015489    0.075396    0.055110    0.055110 ^ clk (in)
                                                         clk (net)
                      0.075478    0.000000    0.055110 ^ clkbuf_0_clk/A (sky130_fd_sc_hd__clkbuf_16)
     4    0.041378    0.061058    0.161063    0.216173 ^ clkbuf_0_clk/X (sky130_fd_sc_hd__clkbuf_16)
                                                         clknet_0_clk (net)
                      0.061159    0.002196    0.218369 ^ clkbuf_2_0__f_clk/A (sky130_fd_sc_hd__clkbuf_16)
     9    0.025877    0.047306    0.143062    0.361431 ^ clkbuf_2_0__f_clk/X (sky130_fd_sc_hd__clkbuf_16)
                                                         clknet_2_0__leaf_clk (net)
                      0.047426    0.002113    0.363545 ^ _755_/CLK (sky130_fd_sc_hd__dfxtp_2)
     6    0.024534    0.130191    0.402236    0.765781 ^ _755_/Q (sky130_fd_sc_hd__dfxtp_2)
                                                         net23 (net)
                      0.130201    0.001285    0.767065 ^ output23/A (sky130_fd_sc_hd__clkdlybuf4s25_1)
     1    0.035530    0.359236    0.520418    1.287483 ^ output23/X (sky130_fd_sc_hd__clkdlybuf4s25_1)
                                                         diag_busy (net)
                      0.359242    0.002105    1.289588 ^ diag_busy (out)
                                              1.289588   data arrival time

                                 10.000000   10.000000   clock clk (rise edge)
                                  0.000000   10.000000   clock network delay (propagated)
                                 -0.250000    9.750000   clock uncertainty
                                  0.000000    9.750000   clock reconvergence pessimism
                                 -2.000000    7.750000   output external delay
                                              7.750000   data required time
---------------------------------------------------------------------------------------------
                                              7.750000   data required time
                                             -1.289588   data arrival time
---------------------------------------------------------------------------------------------
                                              6.460412   slack (MET)


Startpoint: _774_ (rising edge-triggered flip-flop clocked by clk)
Endpoint: _755_ (rising edge-triggered flip-flop clocked by clk)
Path Group: clk
Path Type: max

Fanout         Cap        Slew       Delay        Time   Description
---------------------------------------------------------------------------------------------
                                  0.000000    0.000000   clock clk (rise edge)
                                  0.000000    0.000000   clock source latency
     1    0.015489    0.075396    0.055110    0.055110 ^ clk (in)
                                                         clk (net)
                      0.075478    0.000000    0.055110 ^ clkbuf_0_clk/A (sky130_fd_sc_hd__clkbuf_16)
     4    0.041378    0.061058    0.161063    0.216173 ^ clkbuf_0_clk/X (sky130_fd_sc_hd__clkbuf_16)
                                                         clknet_0_clk (net)
                      0.061137    0.001969    0.218142 ^ clkbuf_2_2__f_clk/A (sky130_fd_sc_hd__clkbuf_16)
     9    0.026545    0.047732    0.144066    0.362208 ^ clkbuf_2_2__f_clk/X (sky130_fd_sc_hd__clkbuf_16)
                                                         clknet_2_2__leaf_clk (net)
                      0.047759    0.001156    0.363364 ^ _774_/CLK (sky130_fd_sc_hd__dfxtp_2)
     1    0.002364    0.021725    0.316234    0.679599 v _774_/Q (sky130_fd_sc_hd__dfxtp_2)
                                                         controller.state[5] (net)
                      0.021725    0.000155    0.679753 v hold88/A (sky130_fd_sc_hd__dlygate4sd3_1)
     2    0.006851    0.073203    0.595385    1.275138 v hold88/X (sky130_fd_sc_hd__dlygate4sd3_1)
                                                         net88 (net)
                      0.073203    0.000416    1.275554 v _720_/A (sky130_fd_sc_hd__or4_2)
     2    0.010469    0.129531    0.749893    2.025447 v _720_/X (sky130_fd_sc_hd__or4_2)
                                                         _359_ (net)
                      0.129531    0.001029    2.026476 v _721_/C (sky130_fd_sc_hd__nor3_2)
     2    0.012025    0.245412    0.236247    2.262723 ^ _721_/Y (sky130_fd_sc_hd__nor3_2)
                                                         _360_ (net)
                      0.245415    0.000387    2.263110 ^ _732_/D_N (sky130_fd_sc_hd__or4b_2)
     1    0.004383    0.106771    0.650311    2.913422 v _732_/X (sky130_fd_sc_hd__or4b_2)
                                                         _365_ (net)
                      0.106771    0.000209    2.913631 v _733_/S (sky130_fd_sc_hd__mux2_1)
     1    0.002852    0.055394    0.342619    3.256250 v _733_/X (sky130_fd_sc_hd__mux2_1)
                                                         _366_ (net)
                      0.055394    0.000220    3.256470 v _734_/B (sky130_fd_sc_hd__and2_2)
     1    0.003177    0.037383    0.197894    3.454365 v _734_/X (sky130_fd_sc_hd__and2_2)
                                                         _019_ (net)
                      0.037383    0.000227    3.454592 v _755_/D (sky130_fd_sc_hd__dfxtp_2)
                                              3.454592   data arrival time

                                 10.000000   10.000000   clock clk (rise edge)
                                  0.000000   10.000000   clock source latency
     1    0.015489    0.075396    0.049861   10.049862 ^ clk (in)
                                                         clk (net)
                      0.075478    0.000000   10.049862 ^ clkbuf_0_clk/A (sky130_fd_sc_hd__clkbuf_16)
     4    0.041378    0.061058    0.145723   10.195585 ^ clkbuf_0_clk/X (sky130_fd_sc_hd__clkbuf_16)
                                                         clknet_0_clk (net)
                      0.061159    0.001988   10.197573 ^ clkbuf_2_0__f_clk/A (sky130_fd_sc_hd__clkbuf_16)
     9    0.025877    0.047306    0.129437   10.327010 ^ clkbuf_2_0__f_clk/X (sky130_fd_sc_hd__clkbuf_16)
                                                         clknet_2_0__leaf_clk (net)
                      0.047426    0.001912   10.328922 ^ _755_/CLK (sky130_fd_sc_hd__dfxtp_2)
                                 -0.250000   10.078922   clock uncertainty
                                  0.020588   10.099510   clock reconvergence pessimism
                                 -0.108994    9.990517   library setup time
                                              9.990517   data required time
---------------------------------------------------------------------------------------------
                                              9.990517   data required time
                                             -3.454592   data arrival time
---------------------------------------------------------------------------------------------
                                              6.535924   slack (MET)


Startpoint: _756_ (rising edge-triggered flip-flop clocked by clk)
Endpoint: diag_done (output port clocked by clk)
Path Group: clk
Path Type: max

Fanout         Cap        Slew       Delay        Time   Description
---------------------------------------------------------------------------------------------
                                  0.000000    0.000000   clock clk (rise edge)
                                  0.000000    0.000000   clock source latency
     1    0.015489    0.075396    0.055110    0.055110 ^ clk (in)
                                                         clk (net)
                      0.075478    0.000000    0.055110 ^ clkbuf_0_clk/A (sky130_fd_sc_hd__clkbuf_16)
     4    0.041378    0.061058    0.161063    0.216173 ^ clkbuf_0_clk/X (sky130_fd_sc_hd__clkbuf_16)
                                                         clknet_0_clk (net)
                      0.061137    0.001969    0.218142 ^ clkbuf_2_2__f_clk/A (sky130_fd_sc_hd__clkbuf_16)
     9    0.026545    0.047732    0.144066    0.362208 ^ clkbuf_2_2__f_clk/X (sky130_fd_sc_hd__clkbuf_16)
                                                         clknet_2_2__leaf_clk (net)
                      0.047732    0.000317    0.362526 ^ _756_/CLK (sky130_fd_sc_hd__dfxtp_2)
     1    0.002775    0.029648    0.319756    0.682282 ^ _756_/Q (sky130_fd_sc_hd__dfxtp_2)
                                                         net24 (net)
                      0.029648    0.000203    0.682485 ^ output24/A (sky130_fd_sc_hd__clkdlybuf4s25_1)
     1    0.035112    0.354861    0.481778    1.164263 ^ output24/X (sky130_fd_sc_hd__clkdlybuf4s25_1)
                                                         diag_done (net)
                      0.354865    0.001879    1.166142 ^ diag_done (out)
                                              1.166142   data arrival time

                                 10.000000   10.000000   clock clk (rise edge)
                                  0.000000   10.000000   clock network delay (propagated)
                                 -0.250000    9.750000   clock uncertainty
                                  0.000000    9.750000   clock reconvergence pessimism
                                 -2.000000    7.750000   output external delay
                                              7.750000   data required time
---------------------------------------------------------------------------------------------
                                              7.750000   data required time
                                             -1.166142   data arrival time
---------------------------------------------------------------------------------------------
                                              6.583858   slack (MET)


Startpoint: rst (input port clocked by clk)
Endpoint: _769_ (rising edge-triggered flip-flop clocked by clk)
Path Group: clk
Path Type: max

Fanout         Cap        Slew       Delay        Time   Description
---------------------------------------------------------------------------------------------
                                  0.000000    0.000000   clock clk (rise edge)
                                  0.000000    0.000000   clock network delay (propagated)
                                  2.000000    2.000000 v input external delay
     1    0.003743    0.010805    0.006390    2.006390 v rst (in)
                                                         rst (net)
                      0.010808    0.000000    2.006390 v input17/A (sky130_fd_sc_hd__clkdlybuf4s25_1)
     3    0.016356    0.130249    0.319946    2.326336 v input17/X (sky130_fd_sc_hd__clkdlybuf4s25_1)
                                                         net17 (net)
                      0.130249    0.000224    2.326560 v _718_/C1 (sky130_fd_sc_hd__a211o_2)
     1    0.001924    0.043389    0.294962    2.621522 v _718_/X (sky130_fd_sc_hd__a211o_2)
                                                         _011_ (net)
                      0.043389    0.000139    2.621660 v hold87/A (sky130_fd_sc_hd__dlygate4sd3_1)
     1    0.002351    0.050438    0.570614    3.192274 v hold87/X (sky130_fd_sc_hd__dlygate4sd3_1)
                                                         net87 (net)
                      0.050438    0.000169    3.192442 v _769_/D (sky130_fd_sc_hd__dfxtp_2)
                                              3.192442   data arrival time

                                 10.000000   10.000000   clock clk (rise edge)
                                  0.000000   10.000000   clock source latency
     1    0.015489    0.075396    0.049861   10.049862 ^ clk (in)
                                                         clk (net)
                      0.075478    0.000000   10.049862 ^ clkbuf_0_clk/A (sky130_fd_sc_hd__clkbuf_16)
     4    0.041378    0.061058    0.145723   10.195585 ^ clkbuf_0_clk/X (sky130_fd_sc_hd__clkbuf_16)
                                                         clknet_0_clk (net)
                      0.061159    0.001988   10.197573 ^ clkbuf_2_0__f_clk/A (sky130_fd_sc_hd__clkbuf_16)
     9    0.025877    0.047306    0.129437   10.327010 ^ clkbuf_2_0__f_clk/X (sky130_fd_sc_hd__clkbuf_16)
                                                         clknet_2_0__leaf_clk (net)
                      0.047416    0.001833   10.328843 ^ _769_/CLK (sky130_fd_sc_hd__dfxtp_2)
                                 -0.250000   10.078843   clock uncertainty
                                  0.000000   10.078843   clock reconvergence pessimism
                                 -0.114694    9.964149   library setup time
                                              9.964149   data required time
---------------------------------------------------------------------------------------------
                                              9.964149   data required time
                                             -3.192442   data arrival time
---------------------------------------------------------------------------------------------
                                              6.771707   slack (MET)


Startpoint: rst (input port clocked by clk)
Endpoint: _775_ (rising edge-triggered flip-flop clocked by clk)
Path Group: clk
Path Type: max

Fanout         Cap        Slew       Delay        Time   Description
---------------------------------------------------------------------------------------------
                                  0.000000    0.000000   clock clk (rise edge)
                                  0.000000    0.000000   clock network delay (propagated)
                                  2.000000    2.000000 ^ input external delay
     1    0.003968    0.024810    0.015198    2.015198 ^ rst (in)
                                                         rst (net)
                      0.024812    0.000000    2.015198 ^ input17/A (sky130_fd_sc_hd__clkdlybuf4s25_1)
     3    0.017531    0.183837    0.354471    2.369670 ^ input17/X (sky130_fd_sc_hd__clkdlybuf4s25_1)
                                                         net17 (net)
                      0.183838    0.000875    2.370545 ^ _369_/A (sky130_fd_sc_hd__inv_2)
     4    0.018582    0.069095    0.096058    2.466603 v _369_/Y (sky130_fd_sc_hd__inv_2)
                                                         _367_ (net)
                      0.069100    0.000509    2.467113 v fanout35/A (sky130_fd_sc_hd__clkdlybuf4s25_1)
    10    0.029652    0.222558    0.420172    2.887285 v fanout35/X (sky130_fd_sc_hd__clkdlybuf4s25_1)
                                                         net35 (net)
                      0.222565    0.001535    2.888819 v _712_/A (sky130_fd_sc_hd__and2_2)
     1    0.008530    0.049484    0.275394    3.164213 v _712_/X (sky130_fd_sc_hd__and2_2)
                                                         _005_ (net)
                      0.049493    0.000673    3.164886 v _775_/D (sky130_fd_sc_hd__dfxtp_2)
                                              3.164886   data arrival time

                                 10.000000   10.000000   clock clk (rise edge)
                                  0.000000   10.000000   clock source latency
     1    0.015489    0.075396    0.049861   10.049862 ^ clk (in)
                                                         clk (net)
                      0.075478    0.000000   10.049862 ^ clkbuf_0_clk/A (sky130_fd_sc_hd__clkbuf_16)
     4    0.041378    0.061058    0.145723   10.195585 ^ clkbuf_0_clk/X (sky130_fd_sc_hd__clkbuf_16)
                                                         clknet_0_clk (net)
                      0.061159    0.001988   10.197573 ^ clkbuf_2_0__f_clk/A (sky130_fd_sc_hd__clkbuf_16)
     9    0.025877    0.047306    0.129437   10.327010 ^ clkbuf_2_0__f_clk/X (sky130_fd_sc_hd__clkbuf_16)
                                                         clknet_2_0__leaf_clk (net)
                      0.047425    0.001902   10.328912 ^ _775_/CLK (sky130_fd_sc_hd__dfxtp_2)
                                 -0.250000   10.078912   clock uncertainty
                                  0.000000   10.078912   clock reconvergence pessimism
                                 -0.114279    9.964632   library setup time
                                              9.964632   data required time
---------------------------------------------------------------------------------------------
                                              9.964632   data required time
                                             -3.164886   data arrival time
---------------------------------------------------------------------------------------------
                                              6.799746   slack (MET)


Startpoint: rst (input port clocked by clk)
Endpoint: _761_ (rising edge-triggered flip-flop clocked by clk)
Path Group: clk
Path Type: max

Fanout         Cap        Slew       Delay        Time   Description
---------------------------------------------------------------------------------------------
                                  0.000000    0.000000   clock clk (rise edge)
                                  0.000000    0.000000   clock network delay (propagated)
                                  2.000000    2.000000 ^ input external delay
     1    0.003968    0.024810    0.015198    2.015198 ^ rst (in)
                                                         rst (net)
                      0.024812    0.000000    2.015198 ^ input17/A (sky130_fd_sc_hd__clkdlybuf4s25_1)
     3    0.017531    0.183837    0.354471    2.369670 ^ input17/X (sky130_fd_sc_hd__clkdlybuf4s25_1)
                                                         net17 (net)
                      0.183838    0.000875    2.370545 ^ _369_/A (sky130_fd_sc_hd__inv_2)
     4    0.018582    0.069095    0.096058    2.466603 v _369_/Y (sky130_fd_sc_hd__inv_2)
                                                         _367_ (net)
                      0.069116    0.001013    2.467616 v fanout37/A (sky130_fd_sc_hd__clkdlybuf4s25_1)
    10    0.028347    0.213377    0.412702    2.880318 v fanout37/X (sky130_fd_sc_hd__clkdlybuf4s25_1)
                                                         net37 (net)
                      0.213389    0.001799    2.882117 v _740_/B (sky130_fd_sc_hd__and2_2)
     1    0.002482    0.035568    0.272518    3.154634 v _740_/X (sky130_fd_sc_hd__and2_2)
                                                         _025_ (net)
                      0.035568    0.000173    3.154807 v _761_/D (sky130_fd_sc_hd__dfxtp_2)
                                              3.154807   data arrival time

                                 10.000000   10.000000   clock clk (rise edge)
                                  0.000000   10.000000   clock source latency
     1    0.015489    0.075396    0.049861   10.049862 ^ clk (in)
                                                         clk (net)
                      0.075478    0.000000   10.049862 ^ clkbuf_0_clk/A (sky130_fd_sc_hd__clkbuf_16)
     4    0.041378    0.061058    0.145723   10.195585 ^ clkbuf_0_clk/X (sky130_fd_sc_hd__clkbuf_16)
                                                         clknet_0_clk (net)
                      0.061155    0.001950   10.197535 ^ clkbuf_2_3__f_clk/A (sky130_fd_sc_hd__clkbuf_16)
     9    0.025260    0.046754    0.128779   10.326313 ^ clkbuf_2_3__f_clk/X (sky130_fd_sc_hd__clkbuf_16)
                                                         clknet_2_3__leaf_clk (net)
                      0.046873    0.001887   10.328200 ^ _761_/CLK (sky130_fd_sc_hd__dfxtp_2)
                                 -0.250000   10.078200   clock uncertainty
                                  0.000000   10.078200   clock reconvergence pessimism
                                 -0.108331    9.969870   library setup time
                                              9.969870   data required time
---------------------------------------------------------------------------------------------
                                              9.969870   data required time
                                             -3.154807   data arrival time
---------------------------------------------------------------------------------------------
                                              6.815063   slack (MET)


Startpoint: rst (input port clocked by clk)
Endpoint: _751_ (rising edge-triggered flip-flop clocked by clk)
Path Group: clk
Path Type: max

Fanout         Cap        Slew       Delay        Time   Description
---------------------------------------------------------------------------------------------
                                  0.000000    0.000000   clock clk (rise edge)
                                  0.000000    0.000000   clock network delay (propagated)
                                  2.000000    2.000000 ^ input external delay
     1    0.003968    0.024810    0.015198    2.015198 ^ rst (in)
                                                         rst (net)
                      0.024812    0.000000    2.015198 ^ input17/A (sky130_fd_sc_hd__clkdlybuf4s25_1)
     3    0.017531    0.183837    0.354471    2.369670 ^ input17/X (sky130_fd_sc_hd__clkdlybuf4s25_1)
                                                         net17 (net)
                      0.183838    0.000875    2.370545 ^ _369_/A (sky130_fd_sc_hd__inv_2)
     4    0.018582    0.069095    0.096058    2.466603 v _369_/Y (sky130_fd_sc_hd__inv_2)
                                                         _367_ (net)
                      0.069100    0.000509    2.467113 v fanout35/A (sky130_fd_sc_hd__clkdlybuf4s25_1)
    10    0.029652    0.222558    0.420172    2.887285 v fanout35/X (sky130_fd_sc_hd__clkdlybuf4s25_1)
                                                         net35 (net)
                      0.222558    0.000588    2.887872 v _726_/A (sky130_fd_sc_hd__and2_2)
     1    0.004331    0.040992    0.261954    3.149826 v _726_/X (sky130_fd_sc_hd__and2_2)
                                                         _015_ (net)
                      0.040992    0.000410    3.150236 v _751_/D (sky130_fd_sc_hd__dfxtp_2)
                                              3.150236   data arrival time

                                 10.000000   10.000000   clock clk (rise edge)
                                  0.000000   10.000000   clock source latency
     1    0.015489    0.075396    0.049861   10.049862 ^ clk (in)
                                                         clk (net)
                      0.075478    0.000000   10.049862 ^ clkbuf_0_clk/A (sky130_fd_sc_hd__clkbuf_16)
     4    0.041378    0.061058    0.145723   10.195585 ^ clkbuf_0_clk/X (sky130_fd_sc_hd__clkbuf_16)
                                                         clknet_0_clk (net)
                      0.061142    0.001830   10.197414 ^ clkbuf_2_1__f_clk/A (sky130_fd_sc_hd__clkbuf_16)
     9    0.024122    0.045535    0.128037   10.325452 ^ clkbuf_2_1__f_clk/X (sky130_fd_sc_hd__clkbuf_16)
                                                         clknet_2_1__leaf_clk (net)
                      0.045569    0.001047   10.326499 ^ _751_/CLK (sky130_fd_sc_hd__dfxtp_2)
                                 -0.250000   10.076499   clock uncertainty
                                  0.000000   10.076499   clock reconvergence pessimism
                                 -0.111002    9.965496   library setup time
                                              9.965496   data required time
---------------------------------------------------------------------------------------------
                                              9.965496   data required time
                                             -3.150236   data arrival time
---------------------------------------------------------------------------------------------
                                              6.815260   slack (MET)


Startpoint: rst (input port clocked by clk)
Endpoint: _780_ (rising edge-triggered flip-flop clocked by clk)
Path Group: clk
Path Type: max

Fanout         Cap        Slew       Delay        Time   Description
---------------------------------------------------------------------------------------------
                                  0.000000    0.000000   clock clk (rise edge)
                                  0.000000    0.000000   clock network delay (propagated)
                                  2.000000    2.000000 ^ input external delay
     1    0.003968    0.024810    0.015198    2.015198 ^ rst (in)
                                                         rst (net)
                      0.024812    0.000000    2.015198 ^ input17/A (sky130_fd_sc_hd__clkdlybuf4s25_1)
     3    0.017531    0.183837    0.354471    2.369670 ^ input17/X (sky130_fd_sc_hd__clkdlybuf4s25_1)
                                                         net17 (net)
                      0.183838    0.000875    2.370545 ^ _369_/A (sky130_fd_sc_hd__inv_2)
     4    0.018582    0.069095    0.096058    2.466603 v _369_/Y (sky130_fd_sc_hd__inv_2)
                                                         _367_ (net)
                      0.069116    0.001013    2.467616 v fanout37/A (sky130_fd_sc_hd__clkdlybuf4s25_1)
    10    0.028347    0.213377    0.412702    2.880318 v fanout37/X (sky130_fd_sc_hd__clkdlybuf4s25_1)
                                                         net37 (net)
                      0.213387    0.001696    2.882015 v _706_/B (sky130_fd_sc_hd__and2_2)
     1    0.002246    0.034992    0.271391    3.153406 v _706_/X (sky130_fd_sc_hd__and2_2)
                                                         _010_ (net)
                      0.034992    0.000161    3.153567 v _780_/D (sky130_fd_sc_hd__dfxtp_2)
                                              3.153567   data arrival time

                                 10.000000   10.000000   clock clk (rise edge)
                                  0.000000   10.000000   clock source latency
     1    0.015489    0.075396    0.049861   10.049862 ^ clk (in)
                                                         clk (net)
                      0.075478    0.000000   10.049862 ^ clkbuf_0_clk/A (sky130_fd_sc_hd__clkbuf_16)
     4    0.041378    0.061058    0.145723   10.195585 ^ clkbuf_0_clk/X (sky130_fd_sc_hd__clkbuf_16)
                                                         clknet_0_clk (net)
                      0.061137    0.001782   10.197367 ^ clkbuf_2_2__f_clk/A (sky130_fd_sc_hd__clkbuf_16)
     9    0.026545    0.047732    0.130346   10.327712 ^ clkbuf_2_2__f_clk/X (sky130_fd_sc_hd__clkbuf_16)
                                                         clknet_2_2__leaf_clk (net)
                      0.047732    0.000277   10.327990 ^ _780_/CLK (sky130_fd_sc_hd__dfxtp_2)
                                 -0.250000   10.077990   clock uncertainty
                                  0.000000   10.077990   clock reconvergence pessimism
                                 -0.107879    9.970110   library setup time
                                              9.970110   data required time
---------------------------------------------------------------------------------------------
                                              9.970110   data required time
                                             -3.153567   data arrival time
---------------------------------------------------------------------------------------------
                                              6.816543   slack (MET)


Startpoint: rst (input port clocked by clk)
Endpoint: _762_ (rising edge-triggered flip-flop clocked by clk)
Path Group: clk
Path Type: max

Fanout         Cap        Slew       Delay        Time   Description
---------------------------------------------------------------------------------------------
                                  0.000000    0.000000   clock clk (rise edge)
                                  0.000000    0.000000   clock network delay (propagated)
                                  2.000000    2.000000 ^ input external delay
     1    0.003968    0.024810    0.015198    2.015198 ^ rst (in)
                                                         rst (net)
                      0.024812    0.000000    2.015198 ^ input17/A (sky130_fd_sc_hd__clkdlybuf4s25_1)
     3    0.017531    0.183837    0.354471    2.369670 ^ input17/X (sky130_fd_sc_hd__clkdlybuf4s25_1)
                                                         net17 (net)
                      0.183838    0.000875    2.370545 ^ _369_/A (sky130_fd_sc_hd__inv_2)
     4    0.018582    0.069095    0.096058    2.466603 v _369_/Y (sky130_fd_sc_hd__inv_2)
                                                         _367_ (net)
                      0.069116    0.001013    2.467616 v fanout37/A (sky130_fd_sc_hd__clkdlybuf4s25_1)
    10    0.028347    0.213377    0.412702    2.880318 v fanout37/X (sky130_fd_sc_hd__clkdlybuf4s25_1)
                                                         net37 (net)
                      0.213389    0.001815    2.882133 v _741_/B (sky130_fd_sc_hd__and2_2)
     1    0.002159    0.034777    0.270979    3.153111 v _741_/X (sky130_fd_sc_hd__and2_2)
                                                         _026_ (net)
                      0.034777    0.000152    3.153263 v _762_/D (sky130_fd_sc_hd__dfxtp_2)
                                              3.153263   data arrival time

                                 10.000000   10.000000   clock clk (rise edge)
                                  0.000000   10.000000   clock source latency
     1    0.015489    0.075396    0.049861   10.049862 ^ clk (in)
                                                         clk (net)
                      0.075478    0.000000   10.049862 ^ clkbuf_0_clk/A (sky130_fd_sc_hd__clkbuf_16)
     4    0.041378    0.061058    0.145723   10.195585 ^ clkbuf_0_clk/X (sky130_fd_sc_hd__clkbuf_16)
                                                         clknet_0_clk (net)
                      0.061155    0.001950   10.197535 ^ clkbuf_2_3__f_clk/A (sky130_fd_sc_hd__clkbuf_16)
     9    0.025260    0.046754    0.128779   10.326313 ^ clkbuf_2_3__f_clk/X (sky130_fd_sc_hd__clkbuf_16)
                                                         clknet_2_3__leaf_clk (net)
                      0.046876    0.001913   10.328227 ^ _762_/CLK (sky130_fd_sc_hd__dfxtp_2)
                                 -0.250000   10.078226   clock uncertainty
                                  0.000000   10.078226   clock reconvergence pessimism
                                 -0.107985    9.970242   library setup time
                                              9.970242   data required time
---------------------------------------------------------------------------------------------
                                              9.970242   data required time
                                             -3.153263   data arrival time
---------------------------------------------------------------------------------------------
                                              6.816978   slack (MET)


Startpoint: rst (input port clocked by clk)
Endpoint: _752_ (rising edge-triggered flip-flop clocked by clk)
Path Group: clk
Path Type: max

Fanout         Cap        Slew       Delay        Time   Description
---------------------------------------------------------------------------------------------
                                  0.000000    0.000000   clock clk (rise edge)
                                  0.000000    0.000000   clock network delay (propagated)
                                  2.000000    2.000000 ^ input external delay
     1    0.003968    0.024810    0.015198    2.015198 ^ rst (in)
                                                         rst (net)
                      0.024812    0.000000    2.015198 ^ input17/A (sky130_fd_sc_hd__clkdlybuf4s25_1)
     3    0.017531    0.183837    0.354471    2.369670 ^ input17/X (sky130_fd_sc_hd__clkdlybuf4s25_1)
                                                         net17 (net)
                      0.183838    0.000875    2.370545 ^ _369_/A (sky130_fd_sc_hd__inv_2)
     4    0.018582    0.069095    0.096058    2.466603 v _369_/Y (sky130_fd_sc_hd__inv_2)
                                                         _367_ (net)
                      0.069100    0.000509    2.467113 v fanout35/A (sky130_fd_sc_hd__clkdlybuf4s25_1)
    10    0.029652    0.222558    0.420172    2.887285 v fanout35/X (sky130_fd_sc_hd__clkdlybuf4s25_1)
                                                         net35 (net)
                      0.222558    0.000617    2.887901 v _728_/A (sky130_fd_sc_hd__and2_2)
     1    0.003077    0.037129    0.256339    3.144240 v _728_/X (sky130_fd_sc_hd__and2_2)
                                                         _016_ (net)
                      0.037129    0.000224    3.144464 v _752_/D (sky130_fd_sc_hd__dfxtp_2)
                                              3.144464   data arrival time

                                 10.000000   10.000000   clock clk (rise edge)
                                  0.000000   10.000000   clock source latency
     1    0.015489    0.075396    0.049861   10.049862 ^ clk (in)
                                                         clk (net)
                      0.075478    0.000000   10.049862 ^ clkbuf_0_clk/A (sky130_fd_sc_hd__clkbuf_16)
     4    0.041378    0.061058    0.145723   10.195585 ^ clkbuf_0_clk/X (sky130_fd_sc_hd__clkbuf_16)
                                                         clknet_0_clk (net)
                      0.061142    0.001830   10.197414 ^ clkbuf_2_1__f_clk/A (sky130_fd_sc_hd__clkbuf_16)
     9    0.024122    0.045535    0.128037   10.325452 ^ clkbuf_2_1__f_clk/X (sky130_fd_sc_hd__clkbuf_16)
                                                         clknet_2_1__leaf_clk (net)
                      0.045603    0.001418   10.326869 ^ _752_/CLK (sky130_fd_sc_hd__dfxtp_2)
                                 -0.250000   10.076869   clock uncertainty
                                  0.000000   10.076869   clock reconvergence pessimism
                                 -0.109309    9.967562   library setup time
                                              9.967562   data required time
---------------------------------------------------------------------------------------------
                                              9.967562   data required time
                                             -3.144464   data arrival time
---------------------------------------------------------------------------------------------
                                              6.823097   slack (MET)


Startpoint: rst (input port clocked by clk)
Endpoint: _771_ (rising edge-triggered flip-flop clocked by clk)
Path Group: clk
Path Type: max

Fanout         Cap        Slew       Delay        Time   Description
---------------------------------------------------------------------------------------------
                                  0.000000    0.000000   clock clk (rise edge)
                                  0.000000    0.000000   clock network delay (propagated)
                                  2.000000    2.000000 ^ input external delay
     1    0.003968    0.024810    0.015198    2.015198 ^ rst (in)
                                                         rst (net)
                      0.024812    0.000000    2.015198 ^ input17/A (sky130_fd_sc_hd__clkdlybuf4s25_1)
     3    0.017531    0.183837    0.354471    2.369670 ^ input17/X (sky130_fd_sc_hd__clkdlybuf4s25_1)
                                                         net17 (net)
                      0.183838    0.000875    2.370545 ^ _369_/A (sky130_fd_sc_hd__inv_2)
     4    0.018582    0.069095    0.096058    2.466603 v _369_/Y (sky130_fd_sc_hd__inv_2)
                                                         _367_ (net)
                      0.069100    0.000509    2.467113 v fanout35/A (sky130_fd_sc_hd__clkdlybuf4s25_1)
    10    0.029652    0.222558    0.420172    2.887285 v fanout35/X (sky130_fd_sc_hd__clkdlybuf4s25_1)
                                                         net35 (net)
                      0.222563    0.001374    2.888659 v _716_/A (sky130_fd_sc_hd__and2_2)
     1    0.002822    0.036382    0.255178    3.143837 v _716_/X (sky130_fd_sc_hd__and2_2)
                                                         _001_ (net)
                      0.036382    0.000199    3.144036 v _771_/D (sky130_fd_sc_hd__dfxtp_2)
                                              3.144036   data arrival time

                                 10.000000   10.000000   clock clk (rise edge)
                                  0.000000   10.000000   clock source latency
     1    0.015489    0.075396    0.049861   10.049862 ^ clk (in)
                                                         clk (net)
                      0.075478    0.000000   10.049862 ^ clkbuf_0_clk/A (sky130_fd_sc_hd__clkbuf_16)
     4    0.041378    0.061058    0.145723   10.195585 ^ clkbuf_0_clk/X (sky130_fd_sc_hd__clkbuf_16)
                                                         clknet_0_clk (net)
                      0.061159    0.001988   10.197573 ^ clkbuf_2_0__f_clk/A (sky130_fd_sc_hd__clkbuf_16)
     9    0.025877    0.047306    0.129437   10.327010 ^ clkbuf_2_0__f_clk/X (sky130_fd_sc_hd__clkbuf_16)
                                                         clknet_2_0__leaf_clk (net)
                      0.047348    0.001214   10.328224 ^ _771_/CLK (sky130_fd_sc_hd__dfxtp_2)
                                 -0.250000   10.078224   clock uncertainty
                                  0.000000   10.078224   clock reconvergence pessimism
                                 -0.108575    9.969648   library setup time
                                              9.969648   data required time
---------------------------------------------------------------------------------------------
                                              9.969648   data required time
                                             -3.144036   data arrival time
---------------------------------------------------------------------------------------------
                                              6.825612   slack (MET)


Startpoint: rst (input port clocked by clk)
Endpoint: _753_ (rising edge-triggered flip-flop clocked by clk)
Path Group: clk
Path Type: max

Fanout         Cap        Slew       Delay        Time   Description
---------------------------------------------------------------------------------------------
                                  0.000000    0.000000   clock clk (rise edge)
                                  0.000000    0.000000   clock network delay (propagated)
                                  2.000000    2.000000 ^ input external delay
     1    0.003968    0.024810    0.015198    2.015198 ^ rst (in)
                                                         rst (net)
                      0.024812    0.000000    2.015198 ^ input17/A (sky130_fd_sc_hd__clkdlybuf4s25_1)
     3    0.017531    0.183837    0.354471    2.369670 ^ input17/X (sky130_fd_sc_hd__clkdlybuf4s25_1)
                                                         net17 (net)
                      0.183838    0.000875    2.370545 ^ _369_/A (sky130_fd_sc_hd__inv_2)
     4    0.018582    0.069095    0.096058    2.466603 v _369_/Y (sky130_fd_sc_hd__inv_2)
                                                         _367_ (net)
                      0.069100    0.000509    2.467113 v fanout35/A (sky130_fd_sc_hd__clkdlybuf4s25_1)
    10    0.029652    0.222558    0.420172    2.887285 v fanout35/X (sky130_fd_sc_hd__clkdlybuf4s25_1)
                                                         net35 (net)
                      0.222558    0.000674    2.887958 v _730_/A (sky130_fd_sc_hd__and2_2)
     1    0.002562    0.035799    0.253987    3.141946 v _730_/X (sky130_fd_sc_hd__and2_2)
                                                         _017_ (net)
                      0.035799    0.000174    3.142120 v _753_/D (sky130_fd_sc_hd__dfxtp_2)
                                              3.142120   data arrival time

                                 10.000000   10.000000   clock clk (rise edge)
                                  0.000000   10.000000   clock source latency
     1    0.015489    0.075396    0.049861   10.049862 ^ clk (in)
                                                         clk (net)
                      0.075478    0.000000   10.049862 ^ clkbuf_0_clk/A (sky130_fd_sc_hd__clkbuf_16)
     4    0.041378    0.061058    0.145723   10.195585 ^ clkbuf_0_clk/X (sky130_fd_sc_hd__clkbuf_16)
                                                         clknet_0_clk (net)
                      0.061142    0.001830   10.197414 ^ clkbuf_2_1__f_clk/A (sky130_fd_sc_hd__clkbuf_16)
     9    0.024122    0.045535    0.128037   10.325452 ^ clkbuf_2_1__f_clk/X (sky130_fd_sc_hd__clkbuf_16)
                                                         clknet_2_1__leaf_clk (net)
                      0.045599    0.001377   10.326829 ^ _753_/CLK (sky130_fd_sc_hd__dfxtp_2)
                                 -0.250000   10.076829   clock uncertainty
                                  0.000000   10.076829   clock reconvergence pessimism
                                 -0.108729    9.968100   library setup time
                                              9.968100   data required time
---------------------------------------------------------------------------------------------
                                              9.968100   data required time
                                             -3.142120   data arrival time
---------------------------------------------------------------------------------------------
                                              6.825980   slack (MET)


Startpoint: rst (input port clocked by clk)
Endpoint: _772_ (rising edge-triggered flip-flop clocked by clk)
Path Group: clk
Path Type: max

Fanout         Cap        Slew       Delay        Time   Description
---------------------------------------------------------------------------------------------
                                  0.000000    0.000000   clock clk (rise edge)
                                  0.000000    0.000000   clock network delay (propagated)
                                  2.000000    2.000000 ^ input external delay
     1    0.003968    0.024810    0.015198    2.015198 ^ rst (in)
                                                         rst (net)
                      0.024812    0.000000    2.015198 ^ input17/A (sky130_fd_sc_hd__clkdlybuf4s25_1)
     3    0.017531    0.183837    0.354471    2.369670 ^ input17/X (sky130_fd_sc_hd__clkdlybuf4s25_1)
                                                         net17 (net)
                      0.183838    0.000875    2.370545 ^ _369_/A (sky130_fd_sc_hd__inv_2)
     4    0.018582    0.069095    0.096058    2.466603 v _369_/Y (sky130_fd_sc_hd__inv_2)
                                                         _367_ (net)
                      0.069100    0.000509    2.467113 v fanout35/A (sky130_fd_sc_hd__clkdlybuf4s25_1)
    10    0.029652    0.222558    0.420172    2.887285 v fanout35/X (sky130_fd_sc_hd__clkdlybuf4s25_1)
                                                         net35 (net)
                      0.222562    0.001289    2.888574 v _715_/A (sky130_fd_sc_hd__and2_2)
     1    0.002527    0.035674    0.253824    3.142398 v _715_/X (sky130_fd_sc_hd__and2_2)
                                                         _002_ (net)
                      0.035674    0.000191    3.142589 v _772_/D (sky130_fd_sc_hd__dfxtp_2)
                                              3.142589   data arrival time

                                 10.000000   10.000000   clock clk (rise edge)
                                  0.000000   10.000000   clock source latency
     1    0.015489    0.075396    0.049861   10.049862 ^ clk (in)
                                                         clk (net)
                      0.075478    0.000000   10.049862 ^ clkbuf_0_clk/A (sky130_fd_sc_hd__clkbuf_16)
     4    0.041378    0.061058    0.145723   10.195585 ^ clkbuf_0_clk/X (sky130_fd_sc_hd__clkbuf_16)
                                                         clknet_0_clk (net)
                      0.061159    0.001988   10.197573 ^ clkbuf_2_0__f_clk/A (sky130_fd_sc_hd__clkbuf_16)
     9    0.025877    0.047306    0.129437   10.327010 ^ clkbuf_2_0__f_clk/X (sky130_fd_sc_hd__clkbuf_16)
                                                         clknet_2_0__leaf_clk (net)
                      0.047389    0.001616   10.328627 ^ _772_/CLK (sky130_fd_sc_hd__dfxtp_2)
                                 -0.250000   10.078627   clock uncertainty
                                  0.000000   10.078627   clock reconvergence pessimism
                                 -0.108257    9.970369   library setup time
                                              9.970369   data required time
---------------------------------------------------------------------------------------------
                                              9.970369   data required time
                                             -3.142589   data arrival time
---------------------------------------------------------------------------------------------
                                              6.827781   slack (MET)


Startpoint: rst (input port clocked by clk)
Endpoint: _770_ (rising edge-triggered flip-flop clocked by clk)
Path Group: clk
Path Type: max

Fanout         Cap        Slew       Delay        Time   Description
---------------------------------------------------------------------------------------------
                                  0.000000    0.000000   clock clk (rise edge)
                                  0.000000    0.000000   clock network delay (propagated)
                                  2.000000    2.000000 ^ input external delay
     1    0.003968    0.024810    0.015198    2.015198 ^ rst (in)
                                                         rst (net)
                      0.024812    0.000000    2.015198 ^ input17/A (sky130_fd_sc_hd__clkdlybuf4s25_1)
     3    0.017531    0.183837    0.354471    2.369670 ^ input17/X (sky130_fd_sc_hd__clkdlybuf4s25_1)
                                                         net17 (net)
                      0.183838    0.000875    2.370545 ^ _369_/A (sky130_fd_sc_hd__inv_2)
     4    0.018582    0.069095    0.096058    2.466603 v _369_/Y (sky130_fd_sc_hd__inv_2)
                                                         _367_ (net)
                      0.069100    0.000509    2.467113 v fanout35/A (sky130_fd_sc_hd__clkdlybuf4s25_1)
    10    0.029652    0.222558    0.420172    2.887285 v fanout35/X (sky130_fd_sc_hd__clkdlybuf4s25_1)
                                                         net35 (net)
                      0.222567    0.001688    2.888972 v _717_/A (sky130_fd_sc_hd__and2_2)
     1    0.002189    0.034814    0.252282    3.141254 v _717_/X (sky130_fd_sc_hd__and2_2)
                                                         _000_ (net)
                      0.034814    0.000156    3.141410 v _770_/D (sky130_fd_sc_hd__dfxtp_2)
                                              3.141410   data arrival time

                                 10.000000   10.000000   clock clk (rise edge)
                                  0.000000   10.000000   clock source latency
     1    0.015489    0.075396    0.049861   10.049862 ^ clk (in)
                                                         clk (net)
                      0.075478    0.000000   10.049862 ^ clkbuf_0_clk/A (sky130_fd_sc_hd__clkbuf_16)
     4    0.041378    0.061058    0.145723   10.195585 ^ clkbuf_0_clk/X (sky130_fd_sc_hd__clkbuf_16)
                                                         clknet_0_clk (net)
                      0.061159    0.001988   10.197573 ^ clkbuf_2_0__f_clk/A (sky130_fd_sc_hd__clkbuf_16)
     9    0.025877    0.047306    0.129437   10.327010 ^ clkbuf_2_0__f_clk/X (sky130_fd_sc_hd__clkbuf_16)
                                                         clknet_2_0__leaf_clk (net)
                      0.047347    0.001201   10.328211 ^ _770_/CLK (sky130_fd_sc_hd__dfxtp_2)
                                 -0.250000   10.078211   clock uncertainty
                                  0.000000   10.078211   clock reconvergence pessimism
                                 -0.107891    9.970320   library setup time
                                              9.970320   data required time
---------------------------------------------------------------------------------------------
                                              9.970320   data required time
                                             -3.141410   data arrival time
---------------------------------------------------------------------------------------------
                                              6.828909   slack (MET)


Startpoint: rst (input port clocked by clk)
Endpoint: _778_ (rising edge-triggered flip-flop clocked by clk)
Path Group: clk
Path Type: max

Fanout         Cap        Slew       Delay        Time   Description
---------------------------------------------------------------------------------------------
                                  0.000000    0.000000   clock clk (rise edge)
                                  0.000000    0.000000   clock network delay (propagated)
                                  2.000000    2.000000 ^ input external delay
     1    0.003968    0.024810    0.015198    2.015198 ^ rst (in)
                                                         rst (net)
                      0.024812    0.000000    2.015198 ^ input17/A (sky130_fd_sc_hd__clkdlybuf4s25_1)
     3    0.017531    0.183837    0.354471    2.369670 ^ input17/X (sky130_fd_sc_hd__clkdlybuf4s25_1)
                                                         net17 (net)
                      0.183838    0.000875    2.370545 ^ _369_/A (sky130_fd_sc_hd__inv_2)
     4    0.018582    0.069095    0.096058    2.466603 v _369_/Y (sky130_fd_sc_hd__inv_2)
                                                         _367_ (net)
                      0.069100    0.000509    2.467113 v fanout35/A (sky130_fd_sc_hd__clkdlybuf4s25_1)
    10    0.029652    0.222558    0.420172    2.887285 v fanout35/X (sky130_fd_sc_hd__clkdlybuf4s25_1)
                                                         net35 (net)
                      0.222562    0.001323    2.888607 v _708_/A (sky130_fd_sc_hd__and2_2)
     1    0.002062    0.034478    0.251693    3.140300 v _708_/X (sky130_fd_sc_hd__and2_2)
                                                         _008_ (net)
                      0.034478    0.000151    3.140451 v _778_/D (sky130_fd_sc_hd__dfxtp_2)
                                              3.140451   data arrival time

                                 10.000000   10.000000   clock clk (rise edge)
                                  0.000000   10.000000   clock source latency
     1    0.015489    0.075396    0.049861   10.049862 ^ clk (in)
                                                         clk (net)
                      0.075478    0.000000   10.049862 ^ clkbuf_0_clk/A (sky130_fd_sc_hd__clkbuf_16)
     4    0.041378    0.061058    0.145723   10.195585 ^ clkbuf_0_clk/X (sky130_fd_sc_hd__clkbuf_16)
                                                         clknet_0_clk (net)
                      0.061159    0.001988   10.197573 ^ clkbuf_2_0__f_clk/A (sky130_fd_sc_hd__clkbuf_16)
     9    0.025877    0.047306    0.129437   10.327010 ^ clkbuf_2_0__f_clk/X (sky130_fd_sc_hd__clkbuf_16)
                                                         clknet_2_0__leaf_clk (net)
                      0.047377    0.001508   10.328518 ^ _778_/CLK (sky130_fd_sc_hd__dfxtp_2)
                                 -0.250000   10.078518   clock uncertainty
                                  0.000000   10.078518   clock reconvergence pessimism
                                 -0.107737    9.970781   library setup time
                                              9.970781   data required time
---------------------------------------------------------------------------------------------
                                              9.970781   data required time
                                             -3.140451   data arrival time
---------------------------------------------------------------------------------------------
                                              6.830329   slack (MET)


Startpoint: rst (input port clocked by clk)
Endpoint: _776_ (rising edge-triggered flip-flop clocked by clk)
Path Group: clk
Path Type: max

Fanout         Cap        Slew       Delay        Time   Description
---------------------------------------------------------------------------------------------
                                  0.000000    0.000000   clock clk (rise edge)
                                  0.000000    0.000000   clock network delay (propagated)
                                  2.000000    2.000000 ^ input external delay
     1    0.003968    0.024810    0.015198    2.015198 ^ rst (in)
                                                         rst (net)
                      0.024812    0.000000    2.015198 ^ input17/A (sky130_fd_sc_hd__clkdlybuf4s25_1)
     3    0.017531    0.183837    0.354471    2.369670 ^ input17/X (sky130_fd_sc_hd__clkdlybuf4s25_1)
                                                         net17 (net)
                      0.183838    0.000875    2.370545 ^ _369_/A (sky130_fd_sc_hd__inv_2)
     4    0.018582    0.069095    0.096058    2.466603 v _369_/Y (sky130_fd_sc_hd__inv_2)
                                                         _367_ (net)
                      0.069116    0.001013    2.467616 v fanout37/A (sky130_fd_sc_hd__clkdlybuf4s25_1)
    10    0.028347    0.213377    0.412702    2.880318 v fanout37/X (sky130_fd_sc_hd__clkdlybuf4s25_1)
                                                         net37 (net)
                      0.213390    0.001853    2.882171 v _710_/A (sky130_fd_sc_hd__and2_2)
     1    0.003537    0.038371    0.253979    3.136150 v _710_/X (sky130_fd_sc_hd__and2_2)
                                                         _006_ (net)
                      0.038371    0.000255    3.136405 v _776_/D (sky130_fd_sc_hd__dfxtp_2)
                                              3.136405   data arrival time

                                 10.000000   10.000000   clock clk (rise edge)
                                  0.000000   10.000000   clock source latency
     1    0.015489    0.075396    0.049861   10.049862 ^ clk (in)
                                                         clk (net)
                      0.075478    0.000000   10.049862 ^ clkbuf_0_clk/A (sky130_fd_sc_hd__clkbuf_16)
     4    0.041378    0.061058    0.145723   10.195585 ^ clkbuf_0_clk/X (sky130_fd_sc_hd__clkbuf_16)
                                                         clknet_0_clk (net)
                      0.061137    0.001782   10.197367 ^ clkbuf_2_2__f_clk/A (sky130_fd_sc_hd__clkbuf_16)
     9    0.026545    0.047732    0.130346   10.327712 ^ clkbuf_2_2__f_clk/X (sky130_fd_sc_hd__clkbuf_16)
                                                         clknet_2_2__leaf_clk (net)
                      0.047788    0.001392   10.329104 ^ _776_/CLK (sky130_fd_sc_hd__dfxtp_2)
                                 -0.250000   10.079104   clock uncertainty
                                  0.000000   10.079104   clock reconvergence pessimism
                                 -0.109340    9.969764   library setup time
                                              9.969764   data required time
---------------------------------------------------------------------------------------------
                                              9.969764   data required time
                                             -3.136405   data arrival time
---------------------------------------------------------------------------------------------
                                              6.833359   slack (MET)


Startpoint: rst (input port clocked by clk)
Endpoint: _779_ (rising edge-triggered flip-flop clocked by clk)
Path Group: clk
Path Type: max

Fanout         Cap        Slew       Delay        Time   Description
---------------------------------------------------------------------------------------------
                                  0.000000    0.000000   clock clk (rise edge)
                                  0.000000    0.000000   clock network delay (propagated)
                                  2.000000    2.000000 ^ input external delay
     1    0.003968    0.024810    0.015198    2.015198 ^ rst (in)
                                                         rst (net)
                      0.024812    0.000000    2.015198 ^ input17/A (sky130_fd_sc_hd__clkdlybuf4s25_1)
     3    0.017531    0.183837    0.354471    2.369670 ^ input17/X (sky130_fd_sc_hd__clkdlybuf4s25_1)
                                                         net17 (net)
                      0.183838    0.000875    2.370545 ^ _369_/A (sky130_fd_sc_hd__inv_2)
     4    0.018582    0.069095    0.096058    2.466603 v _369_/Y (sky130_fd_sc_hd__inv_2)
                                                         _367_ (net)
                      0.069116    0.001013    2.467616 v fanout37/A (sky130_fd_sc_hd__clkdlybuf4s25_1)
    10    0.028347    0.213377    0.412702    2.880318 v fanout37/X (sky130_fd_sc_hd__clkdlybuf4s25_1)
                                                         net37 (net)
                      0.213381    0.001285    2.881603 v _707_/A (sky130_fd_sc_hd__and2_2)
     1    0.003405    0.038067    0.253380    3.134983 v _707_/X (sky130_fd_sc_hd__and2_2)
                                                         _009_ (net)
                      0.038067    0.000227    3.135211 v _779_/D (sky130_fd_sc_hd__dfxtp_2)
                                              3.135211   data arrival time

                                 10.000000   10.000000   clock clk (rise edge)
                                  0.000000   10.000000   clock source latency
     1    0.015489    0.075396    0.049861   10.049862 ^ clk (in)
                                                         clk (net)
                      0.075478    0.000000   10.049862 ^ clkbuf_0_clk/A (sky130_fd_sc_hd__clkbuf_16)
     4    0.041378    0.061058    0.145723   10.195585 ^ clkbuf_0_clk/X (sky130_fd_sc_hd__clkbuf_16)
                                                         clknet_0_clk (net)
                      0.061137    0.001782   10.197367 ^ clkbuf_2_2__f_clk/A (sky130_fd_sc_hd__clkbuf_16)
     9    0.026545    0.047732    0.130346   10.327712 ^ clkbuf_2_2__f_clk/X (sky130_fd_sc_hd__clkbuf_16)
                                                         clknet_2_2__leaf_clk (net)
                      0.047732    0.000286   10.327998 ^ _779_/CLK (sky130_fd_sc_hd__dfxtp_2)
                                 -0.250000   10.077998   clock uncertainty
                                  0.000000   10.077998   clock reconvergence pessimism
                                 -0.109221    9.968778   library setup time
                                              9.968778   data required time
---------------------------------------------------------------------------------------------
                                              9.968778   data required time
                                             -3.135211   data arrival time
---------------------------------------------------------------------------------------------
                                              6.833567   slack (MET)


Startpoint: rst (input port clocked by clk)
Endpoint: _774_ (rising edge-triggered flip-flop clocked by clk)
Path Group: clk
Path Type: max

Fanout         Cap        Slew       Delay        Time   Description
---------------------------------------------------------------------------------------------
                                  0.000000    0.000000   clock clk (rise edge)
                                  0.000000    0.000000   clock network delay (propagated)
                                  2.000000    2.000000 ^ input external delay
     1    0.003968    0.024810    0.015198    2.015198 ^ rst (in)
                                                         rst (net)
                      0.024812    0.000000    2.015198 ^ input17/A (sky130_fd_sc_hd__clkdlybuf4s25_1)
     3    0.017531    0.183837    0.354471    2.369670 ^ input17/X (sky130_fd_sc_hd__clkdlybuf4s25_1)
                                                         net17 (net)
                      0.183838    0.000875    2.370545 ^ _369_/A (sky130_fd_sc_hd__inv_2)
     4    0.018582    0.069095    0.096058    2.466603 v _369_/Y (sky130_fd_sc_hd__inv_2)
                                                         _367_ (net)
                      0.069116    0.001013    2.467616 v fanout37/A (sky130_fd_sc_hd__clkdlybuf4s25_1)
    10    0.028347    0.213377    0.412702    2.880318 v fanout37/X (sky130_fd_sc_hd__clkdlybuf4s25_1)
                                                         net37 (net)
                      0.213380    0.001183    2.881501 v _713_/A (sky130_fd_sc_hd__and2_2)
     1    0.003265    0.037590    0.252735    3.134236 v _713_/X (sky130_fd_sc_hd__and2_2)
                                                         _004_ (net)
                      0.037590    0.000220    3.134456 v _774_/D (sky130_fd_sc_hd__dfxtp_2)
                                              3.134456   data arrival time

                                 10.000000   10.000000   clock clk (rise edge)
                                  0.000000   10.000000   clock source latency
     1    0.015489    0.075396    0.049861   10.049862 ^ clk (in)
                                                         clk (net)
                      0.075478    0.000000   10.049862 ^ clkbuf_0_clk/A (sky130_fd_sc_hd__clkbuf_16)
     4    0.041378    0.061058    0.145723   10.195585 ^ clkbuf_0_clk/X (sky130_fd_sc_hd__clkbuf_16)
                                                         clknet_0_clk (net)
                      0.061137    0.001782   10.197367 ^ clkbuf_2_2__f_clk/A (sky130_fd_sc_hd__clkbuf_16)
     9    0.026545    0.047732    0.130346   10.327712 ^ clkbuf_2_2__f_clk/X (sky130_fd_sc_hd__clkbuf_16)
                                                         clknet_2_2__leaf_clk (net)
                      0.047759    0.001046   10.328758 ^ _774_/CLK (sky130_fd_sc_hd__dfxtp_2)
                                 -0.250000   10.078758   clock uncertainty
                                  0.000000   10.078758   clock reconvergence pessimism
                                 -0.109006    9.969752   library setup time
                                              9.969752   data required time
---------------------------------------------------------------------------------------------
                                              9.969752   data required time
                                             -3.134456   data arrival time
---------------------------------------------------------------------------------------------
                                              6.835296   slack (MET)


Startpoint: rst (input port clocked by clk)
Endpoint: _777_ (rising edge-triggered flip-flop clocked by clk)
Path Group: clk
Path Type: max

Fanout         Cap        Slew       Delay        Time   Description
---------------------------------------------------------------------------------------------
                                  0.000000    0.000000   clock clk (rise edge)
                                  0.000000    0.000000   clock network delay (propagated)
                                  2.000000    2.000000 ^ input external delay
     1    0.003968    0.024810    0.015198    2.015198 ^ rst (in)
                                                         rst (net)
                      0.024812    0.000000    2.015198 ^ input17/A (sky130_fd_sc_hd__clkdlybuf4s25_1)
     3    0.017531    0.183837    0.354471    2.369670 ^ input17/X (sky130_fd_sc_hd__clkdlybuf4s25_1)
                                                         net17 (net)
                      0.183838    0.000875    2.370545 ^ _369_/A (sky130_fd_sc_hd__inv_2)
     4    0.018582    0.069095    0.096058    2.466603 v _369_/Y (sky130_fd_sc_hd__inv_2)
                                                         _367_ (net)
                      0.069116    0.001013    2.467616 v fanout37/A (sky130_fd_sc_hd__clkdlybuf4s25_1)
    10    0.028347    0.213377    0.412702    2.880318 v fanout37/X (sky130_fd_sc_hd__clkdlybuf4s25_1)
                                                         net37 (net)
                      0.213380    0.001200    2.881518 v _709_/A (sky130_fd_sc_hd__and2_2)
     1    0.003089    0.037047    0.251930    3.133448 v _709_/X (sky130_fd_sc_hd__and2_2)
                                                         _007_ (net)
                      0.037047    0.000199    3.133647 v _777_/D (sky130_fd_sc_hd__dfxtp_2)
                                              3.133647   data arrival time

                                 10.000000   10.000000   clock clk (rise edge)
                                  0.000000   10.000000   clock source latency
     1    0.015489    0.075396    0.049861   10.049862 ^ clk (in)
                                                         clk (net)
                      0.075478    0.000000   10.049862 ^ clkbuf_0_clk/A (sky130_fd_sc_hd__clkbuf_16)
     4    0.041378    0.061058    0.145723   10.195585 ^ clkbuf_0_clk/X (sky130_fd_sc_hd__clkbuf_16)
                                                         clknet_0_clk (net)
                      0.061137    0.001782   10.197367 ^ clkbuf_2_2__f_clk/A (sky130_fd_sc_hd__clkbuf_16)
     9    0.026545    0.047732    0.130346   10.327712 ^ clkbuf_2_2__f_clk/X (sky130_fd_sc_hd__clkbuf_16)
                                                         clknet_2_2__leaf_clk (net)
                      0.047780    0.001304   10.329016 ^ _777_/CLK (sky130_fd_sc_hd__dfxtp_2)
                                 -0.250000   10.079016   clock uncertainty
                                  0.000000   10.079016   clock reconvergence pessimism
                                 -0.108764    9.970252   library setup time
                                              9.970252   data required time
---------------------------------------------------------------------------------------------
                                              9.970252   data required time
                                             -3.133647   data arrival time
---------------------------------------------------------------------------------------------
                                              6.836605   slack (MET)


Startpoint: rst (input port clocked by clk)
Endpoint: _756_ (rising edge-triggered flip-flop clocked by clk)
Path Group: clk
Path Type: max

Fanout         Cap        Slew       Delay        Time   Description
---------------------------------------------------------------------------------------------
                                  0.000000    0.000000   clock clk (rise edge)
                                  0.000000    0.000000   clock network delay (propagated)
                                  2.000000    2.000000 ^ input external delay
     1    0.003968    0.024810    0.015198    2.015198 ^ rst (in)
                                                         rst (net)
                      0.024812    0.000000    2.015198 ^ input17/A (sky130_fd_sc_hd__clkdlybuf4s25_1)
     3    0.017531    0.183837    0.354471    2.369670 ^ input17/X (sky130_fd_sc_hd__clkdlybuf4s25_1)
                                                         net17 (net)
                      0.183838    0.000875    2.370545 ^ _369_/A (sky130_fd_sc_hd__inv_2)
     4    0.018582    0.069095    0.096058    2.466603 v _369_/Y (sky130_fd_sc_hd__inv_2)
                                                         _367_ (net)
                      0.069116    0.001013    2.467616 v fanout37/A (sky130_fd_sc_hd__clkdlybuf4s25_1)
    10    0.028347    0.213377    0.412702    2.880318 v fanout37/X (sky130_fd_sc_hd__clkdlybuf4s25_1)
                                                         net37 (net)
                      0.213382    0.001329    2.881647 v _735_/A (sky130_fd_sc_hd__and2_2)
     1    0.002027    0.034354    0.247064    3.128711 v _735_/X (sky130_fd_sc_hd__and2_2)
                                                         _020_ (net)
                      0.034354    0.000095    3.128807 v _756_/D (sky130_fd_sc_hd__dfxtp_2)
                                              3.128807   data arrival time

                                 10.000000   10.000000   clock clk (rise edge)
                                  0.000000   10.000000   clock source latency
     1    0.015489    0.075396    0.049861   10.049862 ^ clk (in)
                                                         clk (net)
                      0.075478    0.000000   10.049862 ^ clkbuf_0_clk/A (sky130_fd_sc_hd__clkbuf_16)
     4    0.041378    0.061058    0.145723   10.195585 ^ clkbuf_0_clk/X (sky130_fd_sc_hd__clkbuf_16)
                                                         clknet_0_clk (net)
                      0.061137    0.001782   10.197367 ^ clkbuf_2_2__f_clk/A (sky130_fd_sc_hd__clkbuf_16)
     9    0.026545    0.047732    0.130346   10.327712 ^ clkbuf_2_2__f_clk/X (sky130_fd_sc_hd__clkbuf_16)
                                                         clknet_2_2__leaf_clk (net)
                      0.047732    0.000288   10.328000 ^ _756_/CLK (sky130_fd_sc_hd__dfxtp_2)
                                 -0.250000   10.078000   clock uncertainty
                                  0.000000   10.078000   clock reconvergence pessimism
                                 -0.107600    9.970400   library setup time
                                              9.970400   data required time
---------------------------------------------------------------------------------------------
                                              9.970400   data required time
                                             -3.128807   data arrival time
---------------------------------------------------------------------------------------------
                                              6.841593   slack (MET)


Startpoint: rst (input port clocked by clk)
Endpoint: _773_ (rising edge-triggered flip-flop clocked by clk)
Path Group: clk
Path Type: max

Fanout         Cap        Slew       Delay        Time   Description
---------------------------------------------------------------------------------------------
                                  0.000000    0.000000   clock clk (rise edge)
                                  0.000000    0.000000   clock network delay (propagated)
                                  2.000000    2.000000 ^ input external delay
     1    0.003968    0.024810    0.015198    2.015198 ^ rst (in)
                                                         rst (net)
                      0.024812    0.000000    2.015198 ^ input17/A (sky130_fd_sc_hd__clkdlybuf4s25_1)
     3    0.017531    0.183837    0.354471    2.369670 ^ input17/X (sky130_fd_sc_hd__clkdlybuf4s25_1)
                                                         net17 (net)
                      0.183838    0.000875    2.370545 ^ _369_/A (sky130_fd_sc_hd__inv_2)
     4    0.018582    0.069095    0.096058    2.466603 v _369_/Y (sky130_fd_sc_hd__inv_2)
                                                         _367_ (net)
                      0.069116    0.001013    2.467616 v fanout37/A (sky130_fd_sc_hd__clkdlybuf4s25_1)
    10    0.028347    0.213377    0.412702    2.880318 v fanout37/X (sky130_fd_sc_hd__clkdlybuf4s25_1)
                                                         net37 (net)
                      0.213383    0.001413    2.881731 v _714_/A (sky130_fd_sc_hd__and2_2)
     1    0.002021    0.034367    0.247027    3.128758 v _714_/X (sky130_fd_sc_hd__and2_2)
                                                         _003_ (net)
                      0.034367    0.000151    3.128909 v _773_/D (sky130_fd_sc_hd__dfxtp_2)
                                              3.128909   data arrival time

                                 10.000000   10.000000   clock clk (rise edge)
                                  0.000000   10.000000   clock source latency
     1    0.015489    0.075396    0.049861   10.049862 ^ clk (in)
                                                         clk (net)
                      0.075478    0.000000   10.049862 ^ clkbuf_0_clk/A (sky130_fd_sc_hd__clkbuf_16)
     4    0.041378    0.061058    0.145723   10.195585 ^ clkbuf_0_clk/X (sky130_fd_sc_hd__clkbuf_16)
                                                         clknet_0_clk (net)
                      0.061137    0.001782   10.197367 ^ clkbuf_2_2__f_clk/A (sky130_fd_sc_hd__clkbuf_16)
     9    0.026545    0.047732    0.130346   10.327712 ^ clkbuf_2_2__f_clk/X (sky130_fd_sc_hd__clkbuf_16)
                                                         clknet_2_2__leaf_clk (net)
                      0.047810    0.001604   10.329316 ^ _773_/CLK (sky130_fd_sc_hd__dfxtp_2)
                                 -0.250000   10.079316   clock uncertainty
                                  0.000000   10.079316   clock reconvergence pessimism
                                 -0.107588    9.971728   library setup time
                                              9.971728   data required time
---------------------------------------------------------------------------------------------
                                              9.971728   data required time
                                             -3.128909   data arrival time
---------------------------------------------------------------------------------------------
                                              6.842819   slack (MET)


Startpoint: rst (input port clocked by clk)
Endpoint: _750_ (rising edge-triggered flip-flop clocked by clk)
Path Group: clk
Path Type: max

Fanout         Cap        Slew       Delay        Time   Description
---------------------------------------------------------------------------------------------
                                  0.000000    0.000000   clock clk (rise edge)
                                  0.000000    0.000000   clock network delay (propagated)
                                  2.000000    2.000000 ^ input external delay
     1    0.003968    0.024810    0.015198    2.015198 ^ rst (in)
                                                         rst (net)
                      0.024812    0.000000    2.015198 ^ input17/A (sky130_fd_sc_hd__clkdlybuf4s25_1)
     3    0.017531    0.183837    0.354471    2.369670 ^ input17/X (sky130_fd_sc_hd__clkdlybuf4s25_1)
                                                         net17 (net)
                      0.183838    0.000875    2.370545 ^ _369_/A (sky130_fd_sc_hd__inv_2)
     4    0.018582    0.069095    0.096058    2.466603 v _369_/Y (sky130_fd_sc_hd__inv_2)
                                                         _367_ (net)
                      0.069100    0.000509    2.467113 v fanout35/A (sky130_fd_sc_hd__clkdlybuf4s25_1)
    10    0.029652    0.222558    0.420172    2.887285 v fanout35/X (sky130_fd_sc_hd__clkdlybuf4s25_1)
                                                         net35 (net)
                      0.222567    0.001696    2.888981 v _724_/B1 (sky130_fd_sc_hd__o21a_2)
     1    0.002044    0.031276    0.194175    3.083156 v _724_/X (sky130_fd_sc_hd__o21a_2)
                                                         _014_ (net)
                      0.031276    0.000096    3.083252 v _750_/D (sky130_fd_sc_hd__dfxtp_2)
                                              3.083252   data arrival time

                                 10.000000   10.000000   clock clk (rise edge)
                                  0.000000   10.000000   clock source latency
     1    0.015489    0.075396    0.049861   10.049862 ^ clk (in)
                                                         clk (net)
                      0.075478    0.000000   10.049862 ^ clkbuf_0_clk/A (sky130_fd_sc_hd__clkbuf_16)
     4    0.041378    0.061058    0.145723   10.195585 ^ clkbuf_0_clk/X (sky130_fd_sc_hd__clkbuf_16)
                                                         clknet_0_clk (net)
                      0.061159    0.001988   10.197573 ^ clkbuf_2_0__f_clk/A (sky130_fd_sc_hd__clkbuf_16)
     9    0.025877    0.047306    0.129437   10.327010 ^ clkbuf_2_0__f_clk/X (sky130_fd_sc_hd__clkbuf_16)
                                                         clknet_2_0__leaf_clk (net)
                      0.047346    0.001186   10.328196 ^ _750_/CLK (sky130_fd_sc_hd__dfxtp_2)
                                 -0.250000   10.078196   clock uncertainty
                                  0.000000   10.078196   clock reconvergence pessimism
                                 -0.106347    9.971848   library setup time
                                              9.971848   data required time
---------------------------------------------------------------------------------------------
                                              9.971848   data required time
                                             -3.083252   data arrival time
---------------------------------------------------------------------------------------------
                                              6.888597   slack (MET)


Startpoint: rst (input port clocked by clk)
Endpoint: _754_ (rising edge-triggered flip-flop clocked by clk)
Path Group: clk
Path Type: max

Fanout         Cap        Slew       Delay        Time   Description
---------------------------------------------------------------------------------------------
                                  0.000000    0.000000   clock clk (rise edge)
                                  0.000000    0.000000   clock network delay (propagated)
                                  2.000000    2.000000 ^ input external delay
     1    0.003968    0.024810    0.015198    2.015198 ^ rst (in)
                                                         rst (net)
                      0.024812    0.000000    2.015198 ^ input17/A (sky130_fd_sc_hd__clkdlybuf4s25_1)
     3    0.017531    0.183837    0.354471    2.369670 ^ input17/X (sky130_fd_sc_hd__clkdlybuf4s25_1)
                                                         net17 (net)
                      0.183838    0.000875    2.370545 ^ _369_/A (sky130_fd_sc_hd__inv_2)
     4    0.018582    0.069095    0.096058    2.466603 v _369_/Y (sky130_fd_sc_hd__inv_2)
                                                         _367_ (net)
                      0.069140    0.001480    2.468084 v fanout36/A (sky130_fd_sc_hd__clkdlybuf4s25_1)
     5    0.015333    0.123190    0.340080    2.808163 v fanout36/X (sky130_fd_sc_hd__clkdlybuf4s25_1)
                                                         net36 (net)
                      0.123192    0.000797    2.808960 v _731_/B (sky130_fd_sc_hd__and3b_2)
     1    0.002604    0.037040    0.232582    3.041542 v _731_/X (sky130_fd_sc_hd__and3b_2)
                                                         _018_ (net)
                      0.037040    0.000176    3.041718 v _754_/D (sky130_fd_sc_hd__dfxtp_2)
                                              3.041718   data arrival time

                                 10.000000   10.000000   clock clk (rise edge)
                                  0.000000   10.000000   clock source latency
     1    0.015489    0.075396    0.049861   10.049862 ^ clk (in)
                                                         clk (net)
                      0.075478    0.000000   10.049862 ^ clkbuf_0_clk/A (sky130_fd_sc_hd__clkbuf_16)
     4    0.041378    0.061058    0.145723   10.195585 ^ clkbuf_0_clk/X (sky130_fd_sc_hd__clkbuf_16)
                                                         clknet_0_clk (net)
                      0.061142    0.001830   10.197414 ^ clkbuf_2_1__f_clk/A (sky130_fd_sc_hd__clkbuf_16)
     9    0.024122    0.045535    0.128037   10.325452 ^ clkbuf_2_1__f_clk/X (sky130_fd_sc_hd__clkbuf_16)
                                                         clknet_2_1__leaf_clk (net)
                      0.045587    0.001257   10.326709 ^ _754_/CLK (sky130_fd_sc_hd__dfxtp_2)
                                 -0.250000   10.076709   clock uncertainty
                                  0.000000   10.076709   clock reconvergence pessimism
                                 -0.109273    9.967435   library setup time
                                              9.967435   data required time
---------------------------------------------------------------------------------------------
                                              9.967435   data required time
                                             -3.041718   data arrival time
---------------------------------------------------------------------------------------------
                                              6.925717   slack (MET)


Startpoint: rst (input port clocked by clk)
Endpoint: _760_ (rising edge-triggered flip-flop clocked by clk)
Path Group: clk
Path Type: max

Fanout         Cap        Slew       Delay        Time   Description
---------------------------------------------------------------------------------------------
                                  0.000000    0.000000   clock clk (rise edge)
                                  0.000000    0.000000   clock network delay (propagated)
                                  2.000000    2.000000 ^ input external delay
     1    0.003968    0.024810    0.015198    2.015198 ^ rst (in)
                                                         rst (net)
                      0.024812    0.000000    2.015198 ^ input17/A (sky130_fd_sc_hd__clkdlybuf4s25_1)
     3    0.017531    0.183837    0.354471    2.369670 ^ input17/X (sky130_fd_sc_hd__clkdlybuf4s25_1)
                                                         net17 (net)
                      0.183838    0.000875    2.370545 ^ _369_/A (sky130_fd_sc_hd__inv_2)
     4    0.018582    0.069095    0.096058    2.466603 v _369_/Y (sky130_fd_sc_hd__inv_2)
                                                         _367_ (net)
                      0.069140    0.001480    2.468084 v fanout36/A (sky130_fd_sc_hd__clkdlybuf4s25_1)
     5    0.015333    0.123190    0.340080    2.808163 v fanout36/X (sky130_fd_sc_hd__clkdlybuf4s25_1)
                                                         net36 (net)
                      0.123194    0.000934    2.809098 v _739_/B (sky130_fd_sc_hd__and2_2)
     1    0.003417    0.037653    0.231799    3.040896 v _739_/X (sky130_fd_sc_hd__and2_2)
                                                         _024_ (net)
                      0.037756    0.000245    3.041141 v _760_/D (sky130_fd_sc_hd__dfxtp_2)
                                              3.041141   data arrival time

                                 10.000000   10.000000   clock clk (rise edge)
                                  0.000000   10.000000   clock source latency
     1    0.015489    0.075396    0.049861   10.049862 ^ clk (in)
                                                         clk (net)
                      0.075478    0.000000   10.049862 ^ clkbuf_0_clk/A (sky130_fd_sc_hd__clkbuf_16)
     4    0.041378    0.061058    0.145723   10.195585 ^ clkbuf_0_clk/X (sky130_fd_sc_hd__clkbuf_16)
                                                         clknet_0_clk (net)
                      0.061142    0.001830   10.197414 ^ clkbuf_2_1__f_clk/A (sky130_fd_sc_hd__clkbuf_16)
     9    0.024122    0.045535    0.128037   10.325452 ^ clkbuf_2_1__f_clk/X (sky130_fd_sc_hd__clkbuf_16)
                                                         clknet_2_1__leaf_clk (net)
                      0.045571    0.001073   10.326525 ^ _760_/CLK (sky130_fd_sc_hd__dfxtp_2)
                                 -0.250000   10.076525   clock uncertainty
                                  0.000000   10.076525   clock reconvergence pessimism
                                 -0.109590    9.966935   library setup time
                                              9.966935   data required time
---------------------------------------------------------------------------------------------
                                              9.966935   data required time
                                             -3.041141   data arrival time
---------------------------------------------------------------------------------------------
                                              6.925794   slack (MET)


Startpoint: rst (input port clocked by clk)
Endpoint: _759_ (rising edge-triggered flip-flop clocked by clk)
Path Group: clk
Path Type: max

Fanout         Cap        Slew       Delay        Time   Description
---------------------------------------------------------------------------------------------
                                  0.000000    0.000000   clock clk (rise edge)
                                  0.000000    0.000000   clock network delay (propagated)
                                  2.000000    2.000000 ^ input external delay
     1    0.003968    0.024810    0.015198    2.015198 ^ rst (in)
                                                         rst (net)
                      0.024812    0.000000    2.015198 ^ input17/A (sky130_fd_sc_hd__clkdlybuf4s25_1)
     3    0.017531    0.183837    0.354471    2.369670 ^ input17/X (sky130_fd_sc_hd__clkdlybuf4s25_1)
                                                         net17 (net)
                      0.183838    0.000875    2.370545 ^ _369_/A (sky130_fd_sc_hd__inv_2)
     4    0.018582    0.069095    0.096058    2.466603 v _369_/Y (sky130_fd_sc_hd__inv_2)
                                                         _367_ (net)
                      0.069140    0.001480    2.468084 v fanout36/A (sky130_fd_sc_hd__clkdlybuf4s25_1)
     5    0.015333    0.123190    0.340080    2.808163 v fanout36/X (sky130_fd_sc_hd__clkdlybuf4s25_1)
                                                         net36 (net)
                      0.123194    0.000952    2.809115 v _738_/B (sky130_fd_sc_hd__and2_2)
     1    0.002684    0.035907    0.228293    3.037408 v _738_/X (sky130_fd_sc_hd__and2_2)
                                                         _023_ (net)
                      0.035907    0.000181    3.037589 v _759_/D (sky130_fd_sc_hd__dfxtp_2)
                                              3.037589   data arrival time

                                 10.000000   10.000000   clock clk (rise edge)
                                  0.000000   10.000000   clock source latency
     1    0.015489    0.075396    0.049861   10.049862 ^ clk (in)
                                                         clk (net)
                      0.075478    0.000000   10.049862 ^ clkbuf_0_clk/A (sky130_fd_sc_hd__clkbuf_16)
     4    0.041378    0.061058    0.145723   10.195585 ^ clkbuf_0_clk/X (sky130_fd_sc_hd__clkbuf_16)
                                                         clknet_0_clk (net)
                      0.061142    0.001830   10.197414 ^ clkbuf_2_1__f_clk/A (sky130_fd_sc_hd__clkbuf_16)
     9    0.024122    0.045535    0.128037   10.325452 ^ clkbuf_2_1__f_clk/X (sky130_fd_sc_hd__clkbuf_16)
                                                         clknet_2_1__leaf_clk (net)
                      0.045578    0.001151   10.326603 ^ _759_/CLK (sky130_fd_sc_hd__dfxtp_2)
                                 -0.250000   10.076603   clock uncertainty
                                  0.000000   10.076603   clock reconvergence pessimism
                                 -0.108781    9.967821   library setup time
                                              9.967821   data required time
---------------------------------------------------------------------------------------------
                                              9.967821   data required time
                                             -3.037589   data arrival time
---------------------------------------------------------------------------------------------
                                              6.930233   slack (MET)


Startpoint: rst (input port clocked by clk)
Endpoint: _757_ (rising edge-triggered flip-flop clocked by clk)
Path Group: clk
Path Type: max

Fanout         Cap        Slew       Delay        Time   Description
---------------------------------------------------------------------------------------------
                                  0.000000    0.000000   clock clk (rise edge)
                                  0.000000    0.000000   clock network delay (propagated)
                                  2.000000    2.000000 ^ input external delay
     1    0.003968    0.024810    0.015198    2.015198 ^ rst (in)
                                                         rst (net)
                      0.024812    0.000000    2.015198 ^ input17/A (sky130_fd_sc_hd__clkdlybuf4s25_1)
     3    0.017531    0.183837    0.354471    2.369670 ^ input17/X (sky130_fd_sc_hd__clkdlybuf4s25_1)
                                                         net17 (net)
                      0.183838    0.000875    2.370545 ^ _369_/A (sky130_fd_sc_hd__inv_2)
     4    0.018582    0.069095    0.096058    2.466603 v _369_/Y (sky130_fd_sc_hd__inv_2)
                                                         _367_ (net)
                      0.069140    0.001480    2.468084 v fanout36/A (sky130_fd_sc_hd__clkdlybuf4s25_1)
     5    0.015333    0.123190    0.340080    2.808163 v fanout36/X (sky130_fd_sc_hd__clkdlybuf4s25_1)
                                                         net36 (net)
                      0.123197    0.001112    2.809276 v _736_/B (sky130_fd_sc_hd__and2_2)
     1    0.002484    0.035430    0.227333    3.036609 v _736_/X (sky130_fd_sc_hd__and2_2)
                                                         _021_ (net)
                      0.035430    0.000171    3.036780 v _757_/D (sky130_fd_sc_hd__dfxtp_2)
                                              3.036780   data arrival time

                                 10.000000   10.000000   clock clk (rise edge)
                                  0.000000   10.000000   clock source latency
     1    0.015489    0.075396    0.049861   10.049862 ^ clk (in)
                                                         clk (net)
                      0.075478    0.000000   10.049862 ^ clkbuf_0_clk/A (sky130_fd_sc_hd__clkbuf_16)
     4    0.041378    0.061058    0.145723   10.195585 ^ clkbuf_0_clk/X (sky130_fd_sc_hd__clkbuf_16)
                                                         clknet_0_clk (net)
                      0.061142    0.001830   10.197414 ^ clkbuf_2_1__f_clk/A (sky130_fd_sc_hd__clkbuf_16)
     9    0.024122    0.045535    0.128037   10.325452 ^ clkbuf_2_1__f_clk/X (sky130_fd_sc_hd__clkbuf_16)
                                                         clknet_2_1__leaf_clk (net)
                      0.045574    0.001114   10.326566 ^ _757_/CLK (sky130_fd_sc_hd__dfxtp_2)
                                 -0.250000   10.076566   clock uncertainty
                                  0.000000   10.076566   clock reconvergence pessimism
                                 -0.108574    9.967992   library setup time
                                              9.967992   data required time
---------------------------------------------------------------------------------------------
                                              9.967992   data required time
                                             -3.036780   data arrival time
---------------------------------------------------------------------------------------------
                                              6.931212   slack (MET)


Startpoint: rst (input port clocked by clk)
Endpoint: _767_ (rising edge-triggered flip-flop clocked by clk)
Path Group: clk
Path Type: max

Fanout         Cap        Slew       Delay        Time   Description
---------------------------------------------------------------------------------------------
                                  0.000000    0.000000   clock clk (rise edge)
                                  0.000000    0.000000   clock network delay (propagated)
                                  2.000000    2.000000 ^ input external delay
     1    0.003968    0.024810    0.015198    2.015198 ^ rst (in)
                                                         rst (net)
                      0.024812    0.000000    2.015198 ^ input17/A (sky130_fd_sc_hd__clkdlybuf4s25_1)
     3    0.017531    0.183837    0.354471    2.369670 ^ input17/X (sky130_fd_sc_hd__clkdlybuf4s25_1)
                                                         net17 (net)
                      0.183838    0.000875    2.370545 ^ _369_/A (sky130_fd_sc_hd__inv_2)
     4    0.018582    0.069095    0.096058    2.466603 v _369_/Y (sky130_fd_sc_hd__inv_2)
                                                         _367_ (net)
                      0.069139    0.001463    2.468067 v fanout38/A (sky130_fd_sc_hd__clkdlybuf4s25_1)
     6    0.014689    0.118764    0.336398    2.804465 v fanout38/X (sky130_fd_sc_hd__clkdlybuf4s25_1)
                                                         net38 (net)
                      0.118772    0.001137    2.805602 v _746_/B (sky130_fd_sc_hd__and2_2)
     1    0.003364    0.037621    0.229385    3.034987 v _746_/X (sky130_fd_sc_hd__and2_2)
                                                         _031_ (net)
                      0.037621    0.000255    3.035242 v _767_/D (sky130_fd_sc_hd__dfxtp_2)
                                              3.035242   data arrival time

                                 10.000000   10.000000   clock clk (rise edge)
                                  0.000000   10.000000   clock source latency
     1    0.015489    0.075396    0.049861   10.049862 ^ clk (in)
                                                         clk (net)
                      0.075478    0.000000   10.049862 ^ clkbuf_0_clk/A (sky130_fd_sc_hd__clkbuf_16)
     4    0.041378    0.061058    0.145723   10.195585 ^ clkbuf_0_clk/X (sky130_fd_sc_hd__clkbuf_16)
                                                         clknet_0_clk (net)
                      0.061155    0.001950   10.197535 ^ clkbuf_2_3__f_clk/A (sky130_fd_sc_hd__clkbuf_16)
     9    0.025260    0.046754    0.128779   10.326313 ^ clkbuf_2_3__f_clk/X (sky130_fd_sc_hd__clkbuf_16)
                                                         clknet_2_3__leaf_clk (net)
                      0.046836    0.001598   10.327911 ^ _767_/CLK (sky130_fd_sc_hd__dfxtp_2)
                                 -0.250000   10.077911   clock uncertainty
                                  0.000000   10.077911   clock reconvergence pessimism
                                 -0.109235    9.968676   library setup time
                                              9.968676   data required time
---------------------------------------------------------------------------------------------
                                              9.968676   data required time
                                             -3.035242   data arrival time
---------------------------------------------------------------------------------------------
                                              6.933434   slack (MET)


Startpoint: rst (input port clocked by clk)
Endpoint: _758_ (rising edge-triggered flip-flop clocked by clk)
Path Group: clk
Path Type: max

Fanout         Cap        Slew       Delay        Time   Description
---------------------------------------------------------------------------------------------
                                  0.000000    0.000000   clock clk (rise edge)
                                  0.000000    0.000000   clock network delay (propagated)
                                  2.000000    2.000000 ^ input external delay
     1    0.003968    0.024810    0.015198    2.015198 ^ rst (in)
                                                         rst (net)
                      0.024812    0.000000    2.015198 ^ input17/A (sky130_fd_sc_hd__clkdlybuf4s25_1)
     3    0.017531    0.183837    0.354471    2.369670 ^ input17/X (sky130_fd_sc_hd__clkdlybuf4s25_1)
                                                         net17 (net)
                      0.183838    0.000875    2.370545 ^ _369_/A (sky130_fd_sc_hd__inv_2)
     4    0.018582    0.069095    0.096058    2.466603 v _369_/Y (sky130_fd_sc_hd__inv_2)
                                                         _367_ (net)
                      0.069140    0.001480    2.468084 v fanout36/A (sky130_fd_sc_hd__clkdlybuf4s25_1)
     5    0.015333    0.123190    0.340080    2.808163 v fanout36/X (sky130_fd_sc_hd__clkdlybuf4s25_1)
                                                         net36 (net)
                      0.123192    0.000804    2.808967 v _737_/B (sky130_fd_sc_hd__and2_2)
     1    0.002148    0.034619    0.225725    3.034693 v _737_/X (sky130_fd_sc_hd__and2_2)
                                                         _022_ (net)
                      0.034619    0.000101    3.034794 v _758_/D (sky130_fd_sc_hd__dfxtp_2)
                                              3.034794   data arrival time

                                 10.000000   10.000000   clock clk (rise edge)
                                  0.000000   10.000000   clock source latency
     1    0.015489    0.075396    0.049861   10.049862 ^ clk (in)
                                                         clk (net)
                      0.075478    0.000000   10.049862 ^ clkbuf_0_clk/A (sky130_fd_sc_hd__clkbuf_16)
     4    0.041378    0.061058    0.145723   10.195585 ^ clkbuf_0_clk/X (sky130_fd_sc_hd__clkbuf_16)
                                                         clknet_0_clk (net)
                      0.061142    0.001830   10.197414 ^ clkbuf_2_1__f_clk/A (sky130_fd_sc_hd__clkbuf_16)
     9    0.024122    0.045535    0.128037   10.325452 ^ clkbuf_2_1__f_clk/X (sky130_fd_sc_hd__clkbuf_16)
                                                         clknet_2_1__leaf_clk (net)
                      0.045571    0.001068   10.326519 ^ _758_/CLK (sky130_fd_sc_hd__dfxtp_2)
                                 -0.250000   10.076519   clock uncertainty
                                  0.000000   10.076519   clock reconvergence pessimism
                                 -0.108220    9.968299   library setup time
                                              9.968299   data required time
---------------------------------------------------------------------------------------------
                                              9.968299   data required time
                                             -3.034794   data arrival time
---------------------------------------------------------------------------------------------
                                              6.933506   slack (MET)


Startpoint: rst (input port clocked by clk)
Endpoint: _764_ (rising edge-triggered flip-flop clocked by clk)
Path Group: clk
Path Type: max

Fanout         Cap        Slew       Delay        Time   Description
---------------------------------------------------------------------------------------------
                                  0.000000    0.000000   clock clk (rise edge)
                                  0.000000    0.000000   clock network delay (propagated)
                                  2.000000    2.000000 ^ input external delay
     1    0.003968    0.024810    0.015198    2.015198 ^ rst (in)
                                                         rst (net)
                      0.024812    0.000000    2.015198 ^ input17/A (sky130_fd_sc_hd__clkdlybuf4s25_1)
     3    0.017531    0.183837    0.354471    2.369670 ^ input17/X (sky130_fd_sc_hd__clkdlybuf4s25_1)
                                                         net17 (net)
                      0.183838    0.000875    2.370545 ^ _369_/A (sky130_fd_sc_hd__inv_2)
     4    0.018582    0.069095    0.096058    2.466603 v _369_/Y (sky130_fd_sc_hd__inv_2)
                                                         _367_ (net)
                      0.069139    0.001463    2.468067 v fanout38/A (sky130_fd_sc_hd__clkdlybuf4s25_1)
     6    0.014689    0.118764    0.336398    2.804465 v fanout38/X (sky130_fd_sc_hd__clkdlybuf4s25_1)
                                                         net38 (net)
                      0.118764    0.000419    2.804884 v _743_/B (sky130_fd_sc_hd__and2_2)
     1    0.002767    0.036113    0.226541    3.031425 v _743_/X (sky130_fd_sc_hd__and2_2)
                                                         _028_ (net)
                      0.036113    0.000178    3.031602 v _764_/D (sky130_fd_sc_hd__dfxtp_2)
                                              3.031602   data arrival time

                                 10.000000   10.000000   clock clk (rise edge)
                                  0.000000   10.000000   clock source latency
     1    0.015489    0.075396    0.049861   10.049862 ^ clk (in)
                                                         clk (net)
                      0.075478    0.000000   10.049862 ^ clkbuf_0_clk/A (sky130_fd_sc_hd__clkbuf_16)
     4    0.041378    0.061058    0.145723   10.195585 ^ clkbuf_0_clk/X (sky130_fd_sc_hd__clkbuf_16)
                                                         clknet_0_clk (net)
                      0.061155    0.001950   10.197535 ^ clkbuf_2_3__f_clk/A (sky130_fd_sc_hd__clkbuf_16)
     9    0.025260    0.046754    0.128779   10.326313 ^ clkbuf_2_3__f_clk/X (sky130_fd_sc_hd__clkbuf_16)
                                                         clknet_2_3__leaf_clk (net)
                      0.046887    0.001991   10.328304 ^ _764_/CLK (sky130_fd_sc_hd__dfxtp_2)
                                 -0.250000   10.078304   clock uncertainty
                                  0.000000   10.078304   clock reconvergence pessimism
                                 -0.108565    9.969739   library setup time
                                              9.969739   data required time
---------------------------------------------------------------------------------------------
                                              9.969739   data required time
                                             -3.031602   data arrival time
---------------------------------------------------------------------------------------------
                                              6.938137   slack (MET)


Startpoint: rst (input port clocked by clk)
Endpoint: _768_ (rising edge-triggered flip-flop clocked by clk)
Path Group: clk
Path Type: max

Fanout         Cap        Slew       Delay        Time   Description
---------------------------------------------------------------------------------------------
                                  0.000000    0.000000   clock clk (rise edge)
                                  0.000000    0.000000   clock network delay (propagated)
                                  2.000000    2.000000 ^ input external delay
     1    0.003968    0.024810    0.015198    2.015198 ^ rst (in)
                                                         rst (net)
                      0.024812    0.000000    2.015198 ^ input17/A (sky130_fd_sc_hd__clkdlybuf4s25_1)
     3    0.017531    0.183837    0.354471    2.369670 ^ input17/X (sky130_fd_sc_hd__clkdlybuf4s25_1)
                                                         net17 (net)
                      0.183838    0.000875    2.370545 ^ _369_/A (sky130_fd_sc_hd__inv_2)
     4    0.018582    0.069095    0.096058    2.466603 v _369_/Y (sky130_fd_sc_hd__inv_2)
                                                         _367_ (net)
                      0.069139    0.001463    2.468067 v fanout38/A (sky130_fd_sc_hd__clkdlybuf4s25_1)
     6    0.014689    0.118764    0.336398    2.804465 v fanout38/X (sky130_fd_sc_hd__clkdlybuf4s25_1)
                                                         net38 (net)
                      0.118768    0.000899    2.805364 v _747_/B (sky130_fd_sc_hd__and2_2)
     1    0.002524    0.035534    0.225375    3.030740 v _747_/X (sky130_fd_sc_hd__and2_2)
                                                         _032_ (net)
                      0.035534    0.000169    3.030908 v _768_/D (sky130_fd_sc_hd__dfxtp_2)
                                              3.030908   data arrival time

                                 10.000000   10.000000   clock clk (rise edge)
                                  0.000000   10.000000   clock source latency
     1    0.015489    0.075396    0.049861   10.049862 ^ clk (in)
                                                         clk (net)
                      0.075478    0.000000   10.049862 ^ clkbuf_0_clk/A (sky130_fd_sc_hd__clkbuf_16)
     4    0.041378    0.061058    0.145723   10.195585 ^ clkbuf_0_clk/X (sky130_fd_sc_hd__clkbuf_16)
                                                         clknet_0_clk (net)
                      0.061155    0.001950   10.197535 ^ clkbuf_2_3__f_clk/A (sky130_fd_sc_hd__clkbuf_16)
     9    0.025260    0.046754    0.128779   10.326313 ^ clkbuf_2_3__f_clk/X (sky130_fd_sc_hd__clkbuf_16)
                                                         clknet_2_3__leaf_clk (net)
                      0.046832    0.001567   10.327880 ^ _768_/CLK (sky130_fd_sc_hd__dfxtp_2)
                                 -0.250000   10.077880   clock uncertainty
                                  0.000000   10.077880   clock reconvergence pessimism
                                 -0.108325    9.969555   library setup time
                                              9.969555   data required time
---------------------------------------------------------------------------------------------
                                              9.969555   data required time
                                             -3.030908   data arrival time
---------------------------------------------------------------------------------------------
                                              6.938647   slack (MET)


Startpoint: rst (input port clocked by clk)
Endpoint: _766_ (rising edge-triggered flip-flop clocked by clk)
Path Group: clk
Path Type: max

Fanout         Cap        Slew       Delay        Time   Description
---------------------------------------------------------------------------------------------
                                  0.000000    0.000000   clock clk (rise edge)
                                  0.000000    0.000000   clock network delay (propagated)
                                  2.000000    2.000000 ^ input external delay
     1    0.003968    0.024810    0.015198    2.015198 ^ rst (in)
                                                         rst (net)
                      0.024812    0.000000    2.015198 ^ input17/A (sky130_fd_sc_hd__clkdlybuf4s25_1)
     3    0.017531    0.183837    0.354471    2.369670 ^ input17/X (sky130_fd_sc_hd__clkdlybuf4s25_1)
                                                         net17 (net)
                      0.183838    0.000875    2.370545 ^ _369_/A (sky130_fd_sc_hd__inv_2)
     4    0.018582    0.069095    0.096058    2.466603 v _369_/Y (sky130_fd_sc_hd__inv_2)
                                                         _367_ (net)
                      0.069139    0.001463    2.468067 v fanout38/A (sky130_fd_sc_hd__clkdlybuf4s25_1)
     6    0.014689    0.118764    0.336398    2.804465 v fanout38/X (sky130_fd_sc_hd__clkdlybuf4s25_1)
                                                         net38 (net)
                      0.118773    0.001154    2.805619 v _745_/B (sky130_fd_sc_hd__and2_2)
     1    0.002368    0.035160    0.224626    3.030245 v _745_/X (sky130_fd_sc_hd__and2_2)
                                                         _030_ (net)
                      0.035160    0.000169    3.030414 v _766_/D (sky130_fd_sc_hd__dfxtp_2)
                                              3.030414   data arrival time

                                 10.000000   10.000000   clock clk (rise edge)
                                  0.000000   10.000000   clock source latency
     1    0.015489    0.075396    0.049861   10.049862 ^ clk (in)
                                                         clk (net)
                      0.075478    0.000000   10.049862 ^ clkbuf_0_clk/A (sky130_fd_sc_hd__clkbuf_16)
     4    0.041378    0.061058    0.145723   10.195585 ^ clkbuf_0_clk/X (sky130_fd_sc_hd__clkbuf_16)
                                                         clknet_0_clk (net)
                      0.061155    0.001950   10.197535 ^ clkbuf_2_3__f_clk/A (sky130_fd_sc_hd__clkbuf_16)
     9    0.025260    0.046754    0.128779   10.326313 ^ clkbuf_2_3__f_clk/X (sky130_fd_sc_hd__clkbuf_16)
                                                         clknet_2_3__leaf_clk (net)
                      0.046810    0.001366   10.327680 ^ _766_/CLK (sky130_fd_sc_hd__dfxtp_2)
                                 -0.250000   10.077680   clock uncertainty
                                  0.000000   10.077680   clock reconvergence pessimism
                                 -0.108167    9.969513   library setup time
                                              9.969513   data required time
---------------------------------------------------------------------------------------------
                                              9.969513   data required time
                                             -3.030414   data arrival time
---------------------------------------------------------------------------------------------
                                              6.939098   slack (MET)


Startpoint: rst (input port clocked by clk)
Endpoint: _763_ (rising edge-triggered flip-flop clocked by clk)
Path Group: clk
Path Type: max

Fanout         Cap        Slew       Delay        Time   Description
---------------------------------------------------------------------------------------------
                                  0.000000    0.000000   clock clk (rise edge)
                                  0.000000    0.000000   clock network delay (propagated)
                                  2.000000    2.000000 ^ input external delay
     1    0.003968    0.024810    0.015198    2.015198 ^ rst (in)
                                                         rst (net)
                      0.024812    0.000000    2.015198 ^ input17/A (sky130_fd_sc_hd__clkdlybuf4s25_1)
     3    0.017531    0.183837    0.354471    2.369670 ^ input17/X (sky130_fd_sc_hd__clkdlybuf4s25_1)
                                                         net17 (net)
                      0.183838    0.000875    2.370545 ^ _369_/A (sky130_fd_sc_hd__inv_2)
     4    0.018582    0.069095    0.096058    2.466603 v _369_/Y (sky130_fd_sc_hd__inv_2)
                                                         _367_ (net)
                      0.069139    0.001463    2.468067 v fanout38/A (sky130_fd_sc_hd__clkdlybuf4s25_1)
     6    0.014689    0.118764    0.336398    2.804465 v fanout38/X (sky130_fd_sc_hd__clkdlybuf4s25_1)
                                                         net38 (net)
                      0.118767    0.000829    2.805294 v _742_/B (sky130_fd_sc_hd__and2_2)
     1    0.002428    0.035304    0.224912    3.030206 v _742_/X (sky130_fd_sc_hd__and2_2)
                                                         _027_ (net)
                      0.035304    0.000167    3.030374 v _763_/D (sky130_fd_sc_hd__dfxtp_2)
                                              3.030374   data arrival time

                                 10.000000   10.000000   clock clk (rise edge)
                                  0.000000   10.000000   clock source latency
     1    0.015489    0.075396    0.049861   10.049862 ^ clk (in)
                                                         clk (net)
                      0.075478    0.000000   10.049862 ^ clkbuf_0_clk/A (sky130_fd_sc_hd__clkbuf_16)
     4    0.041378    0.061058    0.145723   10.195585 ^ clkbuf_0_clk/X (sky130_fd_sc_hd__clkbuf_16)
                                                         clknet_0_clk (net)
                      0.061155    0.001950   10.197535 ^ clkbuf_2_3__f_clk/A (sky130_fd_sc_hd__clkbuf_16)
     9    0.025260    0.046754    0.128779   10.326313 ^ clkbuf_2_3__f_clk/X (sky130_fd_sc_hd__clkbuf_16)
                                                         clknet_2_3__leaf_clk (net)
                      0.046895    0.002043   10.328356 ^ _763_/CLK (sky130_fd_sc_hd__dfxtp_2)
                                 -0.250000   10.078356   clock uncertainty
                                  0.000000   10.078356   clock reconvergence pessimism
                                 -0.108210    9.970146   library setup time
                                              9.970146   data required time
---------------------------------------------------------------------------------------------
                                              9.970146   data required time
                                             -3.030374   data arrival time
---------------------------------------------------------------------------------------------
                                              6.939773   slack (MET)


Startpoint: rst (input port clocked by clk)
Endpoint: _765_ (rising edge-triggered flip-flop clocked by clk)
Path Group: clk
Path Type: max

Fanout         Cap        Slew       Delay        Time   Description
---------------------------------------------------------------------------------------------
                                  0.000000    0.000000   clock clk (rise edge)
                                  0.000000    0.000000   clock network delay (propagated)
                                  2.000000    2.000000 ^ input external delay
     1    0.003968    0.024810    0.015198    2.015198 ^ rst (in)
                                                         rst (net)
                      0.024812    0.000000    2.015198 ^ input17/A (sky130_fd_sc_hd__clkdlybuf4s25_1)
     3    0.017531    0.183837    0.354471    2.369670 ^ input17/X (sky130_fd_sc_hd__clkdlybuf4s25_1)
                                                         net17 (net)
                      0.183838    0.000875    2.370545 ^ _369_/A (sky130_fd_sc_hd__inv_2)
     4    0.018582    0.069095    0.096058    2.466603 v _369_/Y (sky130_fd_sc_hd__inv_2)
                                                         _367_ (net)
                      0.069139    0.001463    2.468067 v fanout38/A (sky130_fd_sc_hd__clkdlybuf4s25_1)
     6    0.014689    0.118764    0.336398    2.804465 v fanout38/X (sky130_fd_sc_hd__clkdlybuf4s25_1)
                                                         net38 (net)
                      0.118773    0.001167    2.805632 v _744_/B (sky130_fd_sc_hd__and2_2)
     1    0.002122    0.034566    0.223442    3.029074 v _744_/X (sky130_fd_sc_hd__and2_2)
                                                         _029_ (net)
                      0.034566    0.000160    3.029234 v _765_/D (sky130_fd_sc_hd__dfxtp_2)
                                              3.029234   data arrival time

                                 10.000000   10.000000   clock clk (rise edge)
                                  0.000000   10.000000   clock source latency
     1    0.015489    0.075396    0.049861   10.049862 ^ clk (in)
                                                         clk (net)
                      0.075478    0.000000   10.049862 ^ clkbuf_0_clk/A (sky130_fd_sc_hd__clkbuf_16)
     4    0.041378    0.061058    0.145723   10.195585 ^ clkbuf_0_clk/X (sky130_fd_sc_hd__clkbuf_16)
                                                         clknet_0_clk (net)
                      0.061155    0.001950   10.197535 ^ clkbuf_2_3__f_clk/A (sky130_fd_sc_hd__clkbuf_16)
     9    0.025260    0.046754    0.128779   10.326313 ^ clkbuf_2_3__f_clk/X (sky130_fd_sc_hd__clkbuf_16)
                                                         clknet_2_3__leaf_clk (net)
                      0.046875    0.001902   10.328215 ^ _765_/CLK (sky130_fd_sc_hd__dfxtp_2)
                                 -0.250000   10.078215   clock uncertainty
                                  0.000000   10.078215   clock reconvergence pessimism
                                 -0.107893    9.970322   library setup time
                                              9.970322   data required time
---------------------------------------------------------------------------------------------
                                              9.970322   data required time
                                             -3.029234   data arrival time
---------------------------------------------------------------------------------------------
                                              6.941088   slack (MET)


Startpoint: rst (input port clocked by clk)
Endpoint: _749_ (rising edge-triggered flip-flop clocked by clk)
Path Group: clk
Path Type: max

Fanout         Cap        Slew       Delay        Time   Description
---------------------------------------------------------------------------------------------
                                  0.000000    0.000000   clock clk (rise edge)
                                  0.000000    0.000000   clock network delay (propagated)
                                  2.000000    2.000000 ^ input external delay
     1    0.003968    0.024810    0.015198    2.015198 ^ rst (in)
                                                         rst (net)
                      0.024812    0.000000    2.015198 ^ input17/A (sky130_fd_sc_hd__clkdlybuf4s25_1)
     3    0.017531    0.183837    0.354471    2.369670 ^ input17/X (sky130_fd_sc_hd__clkdlybuf4s25_1)
                                                         net17 (net)
                      0.183839    0.000925    2.370595 ^ _722_/A (sky130_fd_sc_hd__nor2_2)
     1    0.003650    0.049217    0.064765    2.435360 v _722_/Y (sky130_fd_sc_hd__nor2_2)
                                                         _013_ (net)
                      0.049217    0.000224    2.435584 v _749_/D (sky130_fd_sc_hd__dfxtp_2)
                                              2.435584   data arrival time

                                 10.000000   10.000000   clock clk (rise edge)
                                  0.000000   10.000000   clock source latency
     1    0.015489    0.075396    0.049861   10.049862 ^ clk (in)
                                                         clk (net)
                      0.075478    0.000000   10.049862 ^ clkbuf_0_clk/A (sky130_fd_sc_hd__clkbuf_16)
     4    0.041378    0.061058    0.145723   10.195585 ^ clkbuf_0_clk/X (sky130_fd_sc_hd__clkbuf_16)
                                                         clknet_0_clk (net)
                      0.061159    0.001988   10.197573 ^ clkbuf_2_0__f_clk/A (sky130_fd_sc_hd__clkbuf_16)
     9    0.025877    0.047306    0.129437   10.327010 ^ clkbuf_2_0__f_clk/X (sky130_fd_sc_hd__clkbuf_16)
                                                         clknet_2_0__leaf_clk (net)
                      0.047425    0.001905   10.328915 ^ _749_/CLK (sky130_fd_sc_hd__dfxtp_2)
                                 -0.250000   10.078915   clock uncertainty
                                  0.000000   10.078915   clock reconvergence pessimism
                                 -0.114159    9.964756   library setup time
                                              9.964756   data required time
---------------------------------------------------------------------------------------------
                                              9.964756   data required time
                                             -2.435584   data arrival time
---------------------------------------------------------------------------------------------
                                              7.529172   slack (MET)



