Reading timing models for corner nom_tt_025C_1v80…
Reading timing library for the 'nom_tt_025C_1v80' corner at '/Users/balliprincephilomon/.ciel/ciel/sky130/versions/8afc8346a57fe1ab7934ba5a6056ea8b43078e71/sky130A/libs.ref/sky130_fd_sc_hd/lib/sky130_fd_sc_hd__tt_025C_1v80.lib'…
Reading OpenROAD database at '/Users/balliprincephilomon/Prince/Self_diagnosis_FIR/physical_design/runs/RUN_2026-09-18_23-04-08/35-openroad-cts/self_diagnosing_fir.odb'…
Reading design constraints file at '/nix/store/ljb503jj13ih6kqgymr6k5ac4k23cps5-python3-3.13.9-env/lib/python3.13/site-packages/librelane/scripts/base.sdc'…
[INFO] Using clock clk…
[INFO] Setting output delay to: 2.0
[INFO] Setting input delay to: 2.0
[INFO] Setting load to: 0.033442
[INFO] Setting clock uncertainty to: 0.25
[INFO] Setting clock transition to: 0.1499999999999999944488848768742172978818416595458984375
[INFO] Setting timing derate to: 5.0%
%OL_CREATE_REPORT min.rpt

===========================================================================
report_checks -path_delay min (Hold)
============================================================================
======================= nom_tt_025C_1v80 Corner ===================================

Startpoint: _779_ (rising edge-triggered flip-flop clocked by clk)
Endpoint: _769_ (rising edge-triggered flip-flop clocked by clk)
Path Group: clk
Path Type: min

Fanout         Cap        Slew       Delay        Time   Description
---------------------------------------------------------------------------------------------
                                  0.000000    0.000000   clock clk (rise edge)
                                  0.000000    0.000000   clock source latency
     1    0.012454    0.062209    0.039909    0.039909 ^ clk (in)
                                                         clk (net)
                      0.062211    0.000000    0.039909 ^ clkbuf_0_clk/A (sky130_fd_sc_hd__clkbuf_16)
     4    0.036344    0.056588    0.138316    0.178225 ^ clkbuf_0_clk/X (sky130_fd_sc_hd__clkbuf_16)
                                                         clknet_0_clk (net)
                      0.056588    0.000129    0.178354 ^ clkbuf_2_2__f_clk/A (sky130_fd_sc_hd__clkbuf_16)
     9    0.021730    0.043338    0.124804    0.303158 ^ clkbuf_2_2__f_clk/X (sky130_fd_sc_hd__clkbuf_16)
                                                         clknet_2_2__leaf_clk (net)
                      0.043338    0.000016    0.303173 ^ _779_/CLK (sky130_fd_sc_hd__dfxtp_2)
     2    0.007546    0.050363    0.305963    0.609137 ^ _779_/Q (sky130_fd_sc_hd__dfxtp_2)
                                                         controller.state[10] (net)
                      0.050363    0.000066    0.609203 ^ _718_/B1 (sky130_fd_sc_hd__a211o_2)
     1    0.002009    0.023089    0.082290    0.691493 ^ _718_/X (sky130_fd_sc_hd__a211o_2)
                                                         _011_ (net)
                      0.023089    0.000003    0.691496 ^ _769_/D (sky130_fd_sc_hd__dfxtp_2)
                                              0.691496   data arrival time

                                  0.000000    0.000000   clock clk (rise edge)
                                  0.000000    0.000000   clock source latency
     1    0.012454    0.062209    0.044110    0.044110 ^ clk (in)
                                                         clk (net)
                      0.062211    0.000000    0.044110 ^ clkbuf_0_clk/A (sky130_fd_sc_hd__clkbuf_16)
     4    0.036344    0.056588    0.152876    0.196986 ^ clkbuf_0_clk/X (sky130_fd_sc_hd__clkbuf_16)
                                                         clknet_0_clk (net)
                      0.056588    0.000157    0.197143 ^ clkbuf_2_0__f_clk/A (sky130_fd_sc_hd__clkbuf_16)
     9    0.021369    0.043022    0.137571    0.334714 ^ clkbuf_2_0__f_clk/X (sky130_fd_sc_hd__clkbuf_16)
                                                         clknet_2_0__leaf_clk (net)
                      0.043022    0.000053    0.334767 ^ _769_/CLK (sky130_fd_sc_hd__dfxtp_2)
                                  0.250000    0.584767   clock uncertainty
                                 -0.018761    0.566006   clock reconvergence pessimism
                                 -0.026911    0.539096   library hold time
                                              0.539096   data required time
---------------------------------------------------------------------------------------------
                                              0.539096   data required time
                                             -0.691496   data arrival time
---------------------------------------------------------------------------------------------
                                              0.152400   slack (MET)


Startpoint: _774_ (rising edge-triggered flip-flop clocked by clk)
Endpoint: _780_ (rising edge-triggered flip-flop clocked by clk)
Path Group: clk
Path Type: min

Fanout         Cap        Slew       Delay        Time   Description
---------------------------------------------------------------------------------------------
                                  0.000000    0.000000   clock clk (rise edge)
                                  0.000000    0.000000   clock source latency
     1    0.012454    0.062209    0.039909    0.039909 ^ clk (in)
                                                         clk (net)
                      0.062211    0.000000    0.039909 ^ clkbuf_0_clk/A (sky130_fd_sc_hd__clkbuf_16)
     4    0.036344    0.056588    0.138316    0.178225 ^ clkbuf_0_clk/X (sky130_fd_sc_hd__clkbuf_16)
                                                         clknet_0_clk (net)
                      0.056588    0.000129    0.178354 ^ clkbuf_2_2__f_clk/A (sky130_fd_sc_hd__clkbuf_16)
     9    0.021730    0.043338    0.124804    0.303158 ^ clkbuf_2_2__f_clk/X (sky130_fd_sc_hd__clkbuf_16)
                                                         clknet_2_2__leaf_clk (net)
                      0.043338    0.000029    0.303186 ^ _774_/CLK (sky130_fd_sc_hd__dfxtp_2)
     2    0.003823    0.035395    0.292415    0.595602 ^ _774_/Q (sky130_fd_sc_hd__dfxtp_2)
                                                         controller.state[5] (net)
                      0.035395    0.000010    0.595612 ^ _706_/A (sky130_fd_sc_hd__and2_2)
     1    0.001979    0.033787    0.109600    0.705212 ^ _706_/X (sky130_fd_sc_hd__and2_2)
                                                         _010_ (net)
                      0.033787    0.000003    0.705215 ^ _780_/D (sky130_fd_sc_hd__dfxtp_2)
                                              0.705215   data arrival time

                                  0.000000    0.000000   clock clk (rise edge)
                                  0.000000    0.000000   clock source latency
     1    0.012454    0.062209    0.044110    0.044110 ^ clk (in)
                                                         clk (net)
                      0.062211    0.000000    0.044110 ^ clkbuf_0_clk/A (sky130_fd_sc_hd__clkbuf_16)
     4    0.036344    0.056588    0.152876    0.196986 ^ clkbuf_0_clk/X (sky130_fd_sc_hd__clkbuf_16)
                                                         clknet_0_clk (net)
                      0.056588    0.000142    0.197128 ^ clkbuf_2_2__f_clk/A (sky130_fd_sc_hd__clkbuf_16)
     9    0.021730    0.043338    0.137941    0.335069 ^ clkbuf_2_2__f_clk/X (sky130_fd_sc_hd__clkbuf_16)
                                                         clknet_2_2__leaf_clk (net)
                      0.043338    0.000041    0.335110 ^ _780_/CLK (sky130_fd_sc_hd__dfxtp_2)
                                  0.250000    0.585110   clock uncertainty
                                 -0.031911    0.553198   clock reconvergence pessimism
                                 -0.029086    0.524113   library hold time
                                              0.524113   data required time
---------------------------------------------------------------------------------------------
                                              0.524113   data required time
                                             -0.705215   data arrival time
---------------------------------------------------------------------------------------------
                                              0.181102   slack (MET)


Startpoint: _772_ (rising edge-triggered flip-flop clocked by clk)
Endpoint: _778_ (rising edge-triggered flip-flop clocked by clk)
Path Group: clk
Path Type: min

Fanout         Cap        Slew       Delay        Time   Description
---------------------------------------------------------------------------------------------
                                  0.000000    0.000000   clock clk (rise edge)
                                  0.000000    0.000000   clock source latency
     1    0.012454    0.062209    0.039909    0.039909 ^ clk (in)
                                                         clk (net)
                      0.062211    0.000000    0.039909 ^ clkbuf_0_clk/A (sky130_fd_sc_hd__clkbuf_16)
     4    0.036344    0.056588    0.138316    0.178225 ^ clkbuf_0_clk/X (sky130_fd_sc_hd__clkbuf_16)
                                                         clknet_0_clk (net)
                      0.056588    0.000142    0.178367 ^ clkbuf_2_0__f_clk/A (sky130_fd_sc_hd__clkbuf_16)
     9    0.021369    0.043022    0.124469    0.302836 ^ clkbuf_2_0__f_clk/X (sky130_fd_sc_hd__clkbuf_16)
                                                         clknet_2_0__leaf_clk (net)
                      0.043022    0.000048    0.302884 ^ _772_/CLK (sky130_fd_sc_hd__dfxtp_2)
     2    0.003663    0.034698    0.291602    0.594486 ^ _772_/Q (sky130_fd_sc_hd__dfxtp_2)
                                                         controller.state[3] (net)
                      0.034698    0.000003    0.594489 ^ _708_/B (sky130_fd_sc_hd__and2_2)
     1    0.001866    0.033236    0.113689    0.708178 ^ _708_/X (sky130_fd_sc_hd__and2_2)
                                                         _008_ (net)
                      0.033236    0.000002    0.708180 ^ _778_/D (sky130_fd_sc_hd__dfxtp_2)
                                              0.708180   data arrival time

                                  0.000000    0.000000   clock clk (rise edge)
                                  0.000000    0.000000   clock source latency
     1    0.012454    0.062209    0.044110    0.044110 ^ clk (in)
                                                         clk (net)
                      0.062211    0.000000    0.044110 ^ clkbuf_0_clk/A (sky130_fd_sc_hd__clkbuf_16)
     4    0.036344    0.056588    0.152876    0.196986 ^ clkbuf_0_clk/X (sky130_fd_sc_hd__clkbuf_16)
                                                         clknet_0_clk (net)
                      0.056588    0.000157    0.197143 ^ clkbuf_2_0__f_clk/A (sky130_fd_sc_hd__clkbuf_16)
     9    0.021369    0.043022    0.137571    0.334714 ^ clkbuf_2_0__f_clk/X (sky130_fd_sc_hd__clkbuf_16)
                                                         clknet_2_0__leaf_clk (net)
                      0.043022    0.000032    0.334746 ^ _778_/CLK (sky130_fd_sc_hd__dfxtp_2)
                                  0.250000    0.584746   clock uncertainty
                                 -0.031877    0.552868   clock reconvergence pessimism
                                 -0.029013    0.523856   library hold time
                                              0.523856   data required time
---------------------------------------------------------------------------------------------
                                              0.523856   data required time
                                             -0.708180   data arrival time
---------------------------------------------------------------------------------------------
                                              0.184325   slack (MET)


Startpoint: _777_ (rising edge-triggered flip-flop clocked by clk)
Endpoint: _774_ (rising edge-triggered flip-flop clocked by clk)
Path Group: clk
Path Type: min

Fanout         Cap        Slew       Delay        Time   Description
---------------------------------------------------------------------------------------------
                                  0.000000    0.000000   clock clk (rise edge)
                                  0.000000    0.000000   clock source latency
     1    0.012454    0.062209    0.039909    0.039909 ^ clk (in)
                                                         clk (net)
                      0.062211    0.000000    0.039909 ^ clkbuf_0_clk/A (sky130_fd_sc_hd__clkbuf_16)
     4    0.036344    0.056588    0.138316    0.178225 ^ clkbuf_0_clk/X (sky130_fd_sc_hd__clkbuf_16)
                                                         clknet_0_clk (net)
                      0.056588    0.000129    0.178354 ^ clkbuf_2_2__f_clk/A (sky130_fd_sc_hd__clkbuf_16)
     9    0.021730    0.043338    0.124804    0.303158 ^ clkbuf_2_2__f_clk/X (sky130_fd_sc_hd__clkbuf_16)
                                                         clknet_2_2__leaf_clk (net)
                      0.043338    0.000034    0.303191 ^ _777_/CLK (sky130_fd_sc_hd__dfxtp_2)
     2    0.003854    0.035528    0.292549    0.595741 ^ _777_/Q (sky130_fd_sc_hd__dfxtp_2)
                                                         controller.state[8] (net)
                      0.035528    0.000003    0.595744 ^ _713_/B (sky130_fd_sc_hd__and2_2)
     1    0.002179    0.034737    0.115454    0.711198 ^ _713_/X (sky130_fd_sc_hd__and2_2)
                                                         _004_ (net)
                      0.034737    0.000006    0.711203 ^ _774_/D (sky130_fd_sc_hd__dfxtp_2)
                                              0.711203   data arrival time

                                  0.000000    0.000000   clock clk (rise edge)
                                  0.000000    0.000000   clock source latency
     1    0.012454    0.062209    0.044110    0.044110 ^ clk (in)
                                                         clk (net)
                      0.062211    0.000000    0.044110 ^ clkbuf_0_clk/A (sky130_fd_sc_hd__clkbuf_16)
     4    0.036344    0.056588    0.152876    0.196986 ^ clkbuf_0_clk/X (sky130_fd_sc_hd__clkbuf_16)
                                                         clknet_0_clk (net)
                      0.056588    0.000142    0.197128 ^ clkbuf_2_2__f_clk/A (sky130_fd_sc_hd__clkbuf_16)
     9    0.021730    0.043338    0.137941    0.335069 ^ clkbuf_2_2__f_clk/X (sky130_fd_sc_hd__clkbuf_16)
                                                         clknet_2_2__leaf_clk (net)
                      0.043338    0.000032    0.335101 ^ _774_/CLK (sky130_fd_sc_hd__dfxtp_2)
                                  0.250000    0.585101   clock uncertainty
                                 -0.031911    0.553189   clock reconvergence pessimism
                                 -0.029282    0.523907   library hold time
                                              0.523907   data required time
---------------------------------------------------------------------------------------------
                                              0.523907   data required time
                                             -0.711203   data arrival time
---------------------------------------------------------------------------------------------
                                              0.187296   slack (MET)


Startpoint: _775_ (rising edge-triggered flip-flop clocked by clk)
Endpoint: _772_ (rising edge-triggered flip-flop clocked by clk)
Path Group: clk
Path Type: min

Fanout         Cap        Slew       Delay        Time   Description
---------------------------------------------------------------------------------------------
                                  0.000000    0.000000   clock clk (rise edge)
                                  0.000000    0.000000   clock source latency
     1    0.012454    0.062209    0.039909    0.039909 ^ clk (in)
                                                         clk (net)
                      0.062211    0.000000    0.039909 ^ clkbuf_0_clk/A (sky130_fd_sc_hd__clkbuf_16)
     4    0.036344    0.056588    0.138316    0.178225 ^ clkbuf_0_clk/X (sky130_fd_sc_hd__clkbuf_16)
                                                         clknet_0_clk (net)
                      0.056588    0.000142    0.178367 ^ clkbuf_2_0__f_clk/A (sky130_fd_sc_hd__clkbuf_16)
     9    0.021369    0.043022    0.124469    0.302836 ^ clkbuf_2_0__f_clk/X (sky130_fd_sc_hd__clkbuf_16)
                                                         clknet_2_0__leaf_clk (net)
                      0.043022    0.000066    0.302903 ^ _775_/CLK (sky130_fd_sc_hd__dfxtp_2)
     2    0.004140    0.035344    0.293690    0.596592 ^ _775_/Q (sky130_fd_sc_hd__dfxtp_2)
                                                         controller.state[6] (net)
                      0.035344    0.000011    0.596603 ^ _715_/B (sky130_fd_sc_hd__and2_2)
     1    0.002115    0.034429    0.115088    0.711691 ^ _715_/X (sky130_fd_sc_hd__and2_2)
                                                         _002_ (net)
                      0.034429    0.000004    0.711695 ^ _772_/D (sky130_fd_sc_hd__dfxtp_2)
                                              0.711695   data arrival time

                                  0.000000    0.000000   clock clk (rise edge)
                                  0.000000    0.000000   clock source latency
     1    0.012454    0.062209    0.044110    0.044110 ^ clk (in)
                                                         clk (net)
                      0.062211    0.000000    0.044110 ^ clkbuf_0_clk/A (sky130_fd_sc_hd__clkbuf_16)
     4    0.036344    0.056588    0.152876    0.196986 ^ clkbuf_0_clk/X (sky130_fd_sc_hd__clkbuf_16)
                                                         clknet_0_clk (net)
                      0.056588    0.000157    0.197143 ^ clkbuf_2_0__f_clk/A (sky130_fd_sc_hd__clkbuf_16)
     9    0.021369    0.043022    0.137571    0.334714 ^ clkbuf_2_0__f_clk/X (sky130_fd_sc_hd__clkbuf_16)
                                                         clknet_2_0__leaf_clk (net)
                      0.043022    0.000053    0.334766 ^ _772_/CLK (sky130_fd_sc_hd__dfxtp_2)
                                  0.250000    0.584766   clock uncertainty
                                 -0.031877    0.552889   clock reconvergence pessimism
                                 -0.029260    0.523629   library hold time
                                              0.523629   data required time
---------------------------------------------------------------------------------------------
                                              0.523629   data required time
                                             -0.711695   data arrival time
---------------------------------------------------------------------------------------------
                                              0.188066   slack (MET)


Startpoint: _771_ (rising edge-triggered flip-flop clocked by clk)
Endpoint: _777_ (rising edge-triggered flip-flop clocked by clk)
Path Group: clk
Path Type: min

Fanout         Cap        Slew       Delay        Time   Description
---------------------------------------------------------------------------------------------
                                  0.000000    0.000000   clock clk (rise edge)
                                  0.000000    0.000000   clock source latency
     1    0.012454    0.062209    0.039909    0.039909 ^ clk (in)
                                                         clk (net)
                      0.062211    0.000000    0.039909 ^ clkbuf_0_clk/A (sky130_fd_sc_hd__clkbuf_16)
     4    0.036344    0.056588    0.138316    0.178225 ^ clkbuf_0_clk/X (sky130_fd_sc_hd__clkbuf_16)
                                                         clknet_0_clk (net)
                      0.056588    0.000142    0.178367 ^ clkbuf_2_0__f_clk/A (sky130_fd_sc_hd__clkbuf_16)
     9    0.021369    0.043022    0.124469    0.302836 ^ clkbuf_2_0__f_clk/X (sky130_fd_sc_hd__clkbuf_16)
                                                         clknet_2_0__leaf_clk (net)
                      0.043022    0.000030    0.302866 ^ _771_/CLK (sky130_fd_sc_hd__dfxtp_2)
     2    0.007178    0.050520    0.304568    0.607434 ^ _771_/Q (sky130_fd_sc_hd__dfxtp_2)
                                                         controller.state[2] (net)
                      0.050520    0.000009    0.607443 ^ _709_/B (sky130_fd_sc_hd__and2_2)
     1    0.001939    0.033561    0.118587    0.726030 ^ _709_/X (sky130_fd_sc_hd__and2_2)
                                                         _007_ (net)
                      0.033561    0.000003    0.726033 ^ _777_/D (sky130_fd_sc_hd__dfxtp_2)
                                              0.726033   data arrival time

                                  0.000000    0.000000   clock clk (rise edge)
                                  0.000000    0.000000   clock source latency
     1    0.012454    0.062209    0.044110    0.044110 ^ clk (in)
                                                         clk (net)
                      0.062211    0.000000    0.044110 ^ clkbuf_0_clk/A (sky130_fd_sc_hd__clkbuf_16)
     4    0.036344    0.056588    0.152876    0.196986 ^ clkbuf_0_clk/X (sky130_fd_sc_hd__clkbuf_16)
                                                         clknet_0_clk (net)
                      0.056588    0.000142    0.197128 ^ clkbuf_2_2__f_clk/A (sky130_fd_sc_hd__clkbuf_16)
     9    0.021730    0.043338    0.137941    0.335069 ^ clkbuf_2_2__f_clk/X (sky130_fd_sc_hd__clkbuf_16)
                                                         clknet_2_2__leaf_clk (net)
                      0.043338    0.000037    0.335106 ^ _777_/CLK (sky130_fd_sc_hd__dfxtp_2)
                                  0.250000    0.585106   clock uncertainty
                                 -0.018761    0.566346   clock reconvergence pessimism
                                 -0.029039    0.537307   library hold time
                                              0.537307   data required time
---------------------------------------------------------------------------------------------
                                              0.537307   data required time
                                             -0.726033   data arrival time
---------------------------------------------------------------------------------------------
                                              0.188726   slack (MET)


Startpoint: _780_ (rising edge-triggered flip-flop clocked by clk)
Endpoint: _748_ (rising edge-triggered flip-flop clocked by clk)
Path Group: clk
Path Type: min

Fanout         Cap        Slew       Delay        Time   Description
---------------------------------------------------------------------------------------------
                                  0.000000    0.000000   clock clk (rise edge)
                                  0.000000    0.000000   clock source latency
     1    0.012454    0.062209    0.039909    0.039909 ^ clk (in)
                                                         clk (net)
                      0.062211    0.000000    0.039909 ^ clkbuf_0_clk/A (sky130_fd_sc_hd__clkbuf_16)
     4    0.036344    0.056588    0.138316    0.178225 ^ clkbuf_0_clk/X (sky130_fd_sc_hd__clkbuf_16)
                                                         clknet_0_clk (net)
                      0.056588    0.000129    0.178354 ^ clkbuf_2_2__f_clk/A (sky130_fd_sc_hd__clkbuf_16)
     9    0.021730    0.043338    0.124804    0.303158 ^ clkbuf_2_2__f_clk/X (sky130_fd_sc_hd__clkbuf_16)
                                                         clknet_2_2__leaf_clk (net)
                      0.043338    0.000037    0.303194 ^ _780_/CLK (sky130_fd_sc_hd__dfxtp_2)
     3    0.008060    0.052660    0.307789    0.610983 ^ _780_/Q (sky130_fd_sc_hd__dfxtp_2)
                                                         controller.state[11] (net)
                      0.052660    0.000046    0.611029 ^ _719_/A4 (sky130_fd_sc_hd__o41a_2)
     1    0.002409    0.027663    0.104812    0.715841 ^ _719_/X (sky130_fd_sc_hd__o41a_2)
                                                         _012_ (net)
                      0.027663    0.000009    0.715850 ^ _748_/D (sky130_fd_sc_hd__dfxtp_2)
                                              0.715850   data arrival time

                                  0.000000    0.000000   clock clk (rise edge)
                                  0.000000    0.000000   clock source latency
     1    0.012454    0.062209    0.044110    0.044110 ^ clk (in)
                                                         clk (net)
                      0.062211    0.000000    0.044110 ^ clkbuf_0_clk/A (sky130_fd_sc_hd__clkbuf_16)
     4    0.036344    0.056588    0.152876    0.196986 ^ clkbuf_0_clk/X (sky130_fd_sc_hd__clkbuf_16)
                                                         clknet_0_clk (net)
                      0.056588    0.000142    0.197128 ^ clkbuf_2_2__f_clk/A (sky130_fd_sc_hd__clkbuf_16)
     9    0.021730    0.043338    0.137941    0.335069 ^ clkbuf_2_2__f_clk/X (sky130_fd_sc_hd__clkbuf_16)
                                                         clknet_2_2__leaf_clk (net)
                      0.043338    0.000053    0.335122 ^ _748_/CLK (sky130_fd_sc_hd__dfxtp_2)
                                  0.250000    0.585122   clock uncertainty
                                 -0.031911    0.553211   clock reconvergence pessimism
                                 -0.027817    0.525394   library hold time
                                              0.525394   data required time
---------------------------------------------------------------------------------------------
                                              0.525394   data required time
                                             -0.715850   data arrival time
---------------------------------------------------------------------------------------------
                                              0.190456   slack (MET)


Startpoint: _770_ (rising edge-triggered flip-flop clocked by clk)
Endpoint: _776_ (rising edge-triggered flip-flop clocked by clk)
Path Group: clk
Path Type: min

Fanout         Cap        Slew       Delay        Time   Description
---------------------------------------------------------------------------------------------
                                  0.000000    0.000000   clock clk (rise edge)
                                  0.000000    0.000000   clock source latency
     1    0.012454    0.062209    0.039909    0.039909 ^ clk (in)
                                                         clk (net)
                      0.062211    0.000000    0.039909 ^ clkbuf_0_clk/A (sky130_fd_sc_hd__clkbuf_16)
     4    0.036344    0.056588    0.138316    0.178225 ^ clkbuf_0_clk/X (sky130_fd_sc_hd__clkbuf_16)
                                                         clknet_0_clk (net)
                      0.056588    0.000142    0.178367 ^ clkbuf_2_0__f_clk/A (sky130_fd_sc_hd__clkbuf_16)
     9    0.021369    0.043022    0.124469    0.302836 ^ clkbuf_2_0__f_clk/X (sky130_fd_sc_hd__clkbuf_16)
                                                         clknet_2_0__leaf_clk (net)
                      0.043022    0.000022    0.302859 ^ _770_/CLK (sky130_fd_sc_hd__dfxtp_2)
     3    0.007476    0.051871    0.305628    0.608487 ^ _770_/Q (sky130_fd_sc_hd__dfxtp_2)
                                                         controller.state[1] (net)
                      0.051871    0.000008    0.608495 ^ _710_/B (sky130_fd_sc_hd__and2_2)
     1    0.002507    0.035517    0.121757    0.730252 ^ _710_/X (sky130_fd_sc_hd__and2_2)
                                                         _006_ (net)
                      0.035517    0.000011    0.730263 ^ _776_/D (sky130_fd_sc_hd__dfxtp_2)
                                              0.730263   data arrival time

                                  0.000000    0.000000   clock clk (rise edge)
                                  0.000000    0.000000   clock source latency
     1    0.012454    0.062209    0.044110    0.044110 ^ clk (in)
                                                         clk (net)
                      0.062211    0.000000    0.044110 ^ clkbuf_0_clk/A (sky130_fd_sc_hd__clkbuf_16)
     4    0.036344    0.056588    0.152876    0.196986 ^ clkbuf_0_clk/X (sky130_fd_sc_hd__clkbuf_16)
                                                         clknet_0_clk (net)
                      0.056588    0.000142    0.197128 ^ clkbuf_2_2__f_clk/A (sky130_fd_sc_hd__clkbuf_16)
     9    0.021730    0.043338    0.137941    0.335069 ^ clkbuf_2_2__f_clk/X (sky130_fd_sc_hd__clkbuf_16)
                                                         clknet_2_2__leaf_clk (net)
                      0.043338    0.000046    0.335115 ^ _776_/CLK (sky130_fd_sc_hd__dfxtp_2)
                                  0.250000    0.585115   clock uncertainty
                                 -0.018761    0.566355   clock reconvergence pessimism
                                 -0.029444    0.536911   library hold time
                                              0.536911   data required time
---------------------------------------------------------------------------------------------
                                              0.536911   data required time
                                             -0.730263   data arrival time
---------------------------------------------------------------------------------------------
                                              0.193352   slack (MET)


Startpoint: _780_ (rising edge-triggered flip-flop clocked by clk)
Endpoint: _770_ (rising edge-triggered flip-flop clocked by clk)
Path Group: clk
Path Type: min

Fanout         Cap        Slew       Delay        Time   Description
---------------------------------------------------------------------------------------------
                                  0.000000    0.000000   clock clk (rise edge)
                                  0.000000    0.000000   clock source latency
     1    0.012454    0.062209    0.039909    0.039909 ^ clk (in)
                                                         clk (net)
                      0.062211    0.000000    0.039909 ^ clkbuf_0_clk/A (sky130_fd_sc_hd__clkbuf_16)
     4    0.036344    0.056588    0.138316    0.178225 ^ clkbuf_0_clk/X (sky130_fd_sc_hd__clkbuf_16)
                                                         clknet_0_clk (net)
                      0.056588    0.000129    0.178354 ^ clkbuf_2_2__f_clk/A (sky130_fd_sc_hd__clkbuf_16)
     9    0.021730    0.043338    0.124804    0.303158 ^ clkbuf_2_2__f_clk/X (sky130_fd_sc_hd__clkbuf_16)
                                                         clknet_2_2__leaf_clk (net)
                      0.043338    0.000037    0.303194 ^ _780_/CLK (sky130_fd_sc_hd__dfxtp_2)
     3    0.008060    0.052660    0.307789    0.610983 ^ _780_/Q (sky130_fd_sc_hd__dfxtp_2)
                                                         controller.state[11] (net)
                      0.052660    0.000057    0.611040 ^ _717_/B (sky130_fd_sc_hd__and2_2)
     1    0.001946    0.033589    0.119232    0.730273 ^ _717_/X (sky130_fd_sc_hd__and2_2)
                                                         _000_ (net)
                      0.033589    0.000003    0.730275 ^ _770_/D (sky130_fd_sc_hd__dfxtp_2)
                                              0.730275   data arrival time

                                  0.000000    0.000000   clock clk (rise edge)
                                  0.000000    0.000000   clock source latency
     1    0.012454    0.062209    0.044110    0.044110 ^ clk (in)
                                                         clk (net)
                      0.062211    0.000000    0.044110 ^ clkbuf_0_clk/A (sky130_fd_sc_hd__clkbuf_16)
     4    0.036344    0.056588    0.152876    0.196986 ^ clkbuf_0_clk/X (sky130_fd_sc_hd__clkbuf_16)
                                                         clknet_0_clk (net)
                      0.056588    0.000157    0.197143 ^ clkbuf_2_0__f_clk/A (sky130_fd_sc_hd__clkbuf_16)
     9    0.021369    0.043022    0.137571    0.334714 ^ clkbuf_2_0__f_clk/X (sky130_fd_sc_hd__clkbuf_16)
                                                         clknet_2_0__leaf_clk (net)
                      0.043022    0.000025    0.334738 ^ _770_/CLK (sky130_fd_sc_hd__dfxtp_2)
                                  0.250000    0.584738   clock uncertainty
                                 -0.018761    0.565978   clock reconvergence pessimism
                                 -0.029086    0.536892   library hold time
                                              0.536892   data required time
---------------------------------------------------------------------------------------------
                                              0.536892   data required time
                                             -0.730275   data arrival time
---------------------------------------------------------------------------------------------
                                              0.193383   slack (MET)


Startpoint: _778_ (rising edge-triggered flip-flop clocked by clk)
Endpoint: _749_ (rising edge-triggered flip-flop clocked by clk)
Path Group: clk
Path Type: min

Fanout         Cap        Slew       Delay        Time   Description
---------------------------------------------------------------------------------------------
                                  0.000000    0.000000   clock clk (rise edge)
                                  0.000000    0.000000   clock source latency
     1    0.012454    0.062209    0.039909    0.039909 ^ clk (in)
                                                         clk (net)
                      0.062211    0.000000    0.039909 ^ clkbuf_0_clk/A (sky130_fd_sc_hd__clkbuf_16)
     4    0.036344    0.056588    0.138316    0.178225 ^ clkbuf_0_clk/X (sky130_fd_sc_hd__clkbuf_16)
                                                         clknet_0_clk (net)
                      0.056588    0.000142    0.178367 ^ clkbuf_2_0__f_clk/A (sky130_fd_sc_hd__clkbuf_16)
     9    0.021369    0.043022    0.124469    0.302836 ^ clkbuf_2_0__f_clk/X (sky130_fd_sc_hd__clkbuf_16)
                                                         clknet_2_0__leaf_clk (net)
                      0.043022    0.000029    0.302865 ^ _778_/CLK (sky130_fd_sc_hd__dfxtp_2)
     2    0.006948    0.049481    0.303752    0.606617 ^ _778_/Q (sky130_fd_sc_hd__dfxtp_2)
                                                         controller.state[9] (net)
                      0.049481    0.000017    0.606634 ^ _721_/B (sky130_fd_sc_hd__nor3_2)
     2    0.008048    0.028075    0.046323    0.652957 v _721_/Y (sky130_fd_sc_hd__nor3_2)
                                                         _360_ (net)
                      0.028075    0.000061    0.653018 v _722_/B (sky130_fd_sc_hd__nor2_2)
     1    0.003005    0.062471    0.061399    0.714417 ^ _722_/Y (sky130_fd_sc_hd__nor2_2)
                                                         _013_ (net)
                      0.062471    0.000020    0.714437 ^ _749_/D (sky130_fd_sc_hd__dfxtp_2)
                                              0.714437   data arrival time

                                  0.000000    0.000000   clock clk (rise edge)
                                  0.000000    0.000000   clock source latency
     1    0.012454    0.062209    0.044110    0.044110 ^ clk (in)
                                                         clk (net)
                      0.062211    0.000000    0.044110 ^ clkbuf_0_clk/A (sky130_fd_sc_hd__clkbuf_16)
     4    0.036344    0.056588    0.152876    0.196986 ^ clkbuf_0_clk/X (sky130_fd_sc_hd__clkbuf_16)
                                                         clknet_0_clk (net)
                      0.056588    0.000157    0.197143 ^ clkbuf_2_0__f_clk/A (sky130_fd_sc_hd__clkbuf_16)
     9    0.021369    0.043022    0.137571    0.334714 ^ clkbuf_2_0__f_clk/X (sky130_fd_sc_hd__clkbuf_16)
                                                         clknet_2_0__leaf_clk (net)
                      0.043023    0.000092    0.334806 ^ _749_/CLK (sky130_fd_sc_hd__dfxtp_2)
                                  0.250000    0.584806   clock uncertainty
                                 -0.031877    0.552929   clock reconvergence pessimism
                                 -0.035069    0.517859   library hold time
                                              0.517859   data required time
---------------------------------------------------------------------------------------------
                                              0.517859   data required time
                                             -0.714437   data arrival time
---------------------------------------------------------------------------------------------
                                              0.196577   slack (MET)


Startpoint: _776_ (rising edge-triggered flip-flop clocked by clk)
Endpoint: _773_ (rising edge-triggered flip-flop clocked by clk)
Path Group: clk
Path Type: min

Fanout         Cap        Slew       Delay        Time   Description
---------------------------------------------------------------------------------------------
                                  0.000000    0.000000   clock clk (rise edge)
                                  0.000000    0.000000   clock source latency
     1    0.012454    0.062209    0.039909    0.039909 ^ clk (in)
                                                         clk (net)
                      0.062211    0.000000    0.039909 ^ clkbuf_0_clk/A (sky130_fd_sc_hd__clkbuf_16)
     4    0.036344    0.056588    0.138316    0.178225 ^ clkbuf_0_clk/X (sky130_fd_sc_hd__clkbuf_16)
                                                         clknet_0_clk (net)
                      0.056588    0.000129    0.178354 ^ clkbuf_2_2__f_clk/A (sky130_fd_sc_hd__clkbuf_16)
     9    0.021730    0.043338    0.124804    0.303158 ^ clkbuf_2_2__f_clk/X (sky130_fd_sc_hd__clkbuf_16)
                                                         clknet_2_2__leaf_clk (net)
                      0.043338    0.000042    0.303200 ^ _776_/CLK (sky130_fd_sc_hd__dfxtp_2)
     3    0.006568    0.047757    0.302510    0.605710 ^ _776_/Q (sky130_fd_sc_hd__dfxtp_2)
                                                         controller.state[7] (net)
                      0.047757    0.000001    0.605711 ^ _714_/B (sky130_fd_sc_hd__and2_2)
     1    0.001917    0.033459    0.117685    0.723396 ^ _714_/X (sky130_fd_sc_hd__and2_2)
                                                         _003_ (net)
                      0.033459    0.000003    0.723398 ^ _773_/D (sky130_fd_sc_hd__dfxtp_2)
                                              0.723398   data arrival time

                                  0.000000    0.000000   clock clk (rise edge)
                                  0.000000    0.000000   clock source latency
     1    0.012454    0.062209    0.044110    0.044110 ^ clk (in)
                                                         clk (net)
                      0.062211    0.000000    0.044110 ^ clkbuf_0_clk/A (sky130_fd_sc_hd__clkbuf_16)
     4    0.036344    0.056588    0.152876    0.196986 ^ clkbuf_0_clk/X (sky130_fd_sc_hd__clkbuf_16)
                                                         clknet_0_clk (net)
                      0.056588    0.000142    0.197128 ^ clkbuf_2_2__f_clk/A (sky130_fd_sc_hd__clkbuf_16)
     9    0.021730    0.043338    0.137941    0.335069 ^ clkbuf_2_2__f_clk/X (sky130_fd_sc_hd__clkbuf_16)
                                                         clknet_2_2__leaf_clk (net)
                      0.043338    0.000048    0.335117 ^ _773_/CLK (sky130_fd_sc_hd__dfxtp_2)
                                  0.250000    0.585117   clock uncertainty
                                 -0.031911    0.553205   clock reconvergence pessimism
                                 -0.029017    0.524188   library hold time
                                              0.524188   data required time
---------------------------------------------------------------------------------------------
                                              0.524188   data required time
                                             -0.723398   data arrival time
---------------------------------------------------------------------------------------------
                                              0.199210   slack (MET)


Startpoint: _778_ (rising edge-triggered flip-flop clocked by clk)
Endpoint: _771_ (rising edge-triggered flip-flop clocked by clk)
Path Group: clk
Path Type: min

Fanout         Cap        Slew       Delay        Time   Description
---------------------------------------------------------------------------------------------
                                  0.000000    0.000000   clock clk (rise edge)
                                  0.000000    0.000000   clock source latency
     1    0.012454    0.062209    0.039909    0.039909 ^ clk (in)
                                                         clk (net)
                      0.062211    0.000000    0.039909 ^ clkbuf_0_clk/A (sky130_fd_sc_hd__clkbuf_16)
     4    0.036344    0.056588    0.138316    0.178225 ^ clkbuf_0_clk/X (sky130_fd_sc_hd__clkbuf_16)
                                                         clknet_0_clk (net)
                      0.056588    0.000142    0.178367 ^ clkbuf_2_0__f_clk/A (sky130_fd_sc_hd__clkbuf_16)
     9    0.021369    0.043022    0.124469    0.302836 ^ clkbuf_2_0__f_clk/X (sky130_fd_sc_hd__clkbuf_16)
                                                         clknet_2_0__leaf_clk (net)
                      0.043022    0.000029    0.302865 ^ _778_/CLK (sky130_fd_sc_hd__dfxtp_2)
     2    0.006948    0.049481    0.303752    0.606617 ^ _778_/Q (sky130_fd_sc_hd__dfxtp_2)
                                                         controller.state[9] (net)
                      0.049481    0.000011    0.606628 ^ _716_/B (sky130_fd_sc_hd__and2_2)
     1    0.001875    0.033254    0.117974    0.724602 ^ _716_/X (sky130_fd_sc_hd__and2_2)
                                                         _001_ (net)
                      0.033254    0.000001    0.724604 ^ _771_/D (sky130_fd_sc_hd__dfxtp_2)
                                              0.724604   data arrival time

                                  0.000000    0.000000   clock clk (rise edge)
                                  0.000000    0.000000   clock source latency
     1    0.012454    0.062209    0.044110    0.044110 ^ clk (in)
                                                         clk (net)
                      0.062211    0.000000    0.044110 ^ clkbuf_0_clk/A (sky130_fd_sc_hd__clkbuf_16)
     4    0.036344    0.056588    0.152876    0.196986 ^ clkbuf_0_clk/X (sky130_fd_sc_hd__clkbuf_16)
                                                         clknet_0_clk (net)
                      0.056588    0.000157    0.197143 ^ clkbuf_2_0__f_clk/A (sky130_fd_sc_hd__clkbuf_16)
     9    0.021369    0.043022    0.137571    0.334714 ^ clkbuf_2_0__f_clk/X (sky130_fd_sc_hd__clkbuf_16)
                                                         clknet_2_0__leaf_clk (net)
                      0.043022    0.000033    0.334747 ^ _771_/CLK (sky130_fd_sc_hd__dfxtp_2)
                                  0.250000    0.584747   clock uncertainty
                                 -0.031877    0.552869   clock reconvergence pessimism
                                 -0.029017    0.523853   library hold time
                                              0.523853   data required time
---------------------------------------------------------------------------------------------
                                              0.523853   data required time
                                             -0.724604   data arrival time
---------------------------------------------------------------------------------------------
                                              0.200751   slack (MET)


Startpoint: _779_ (rising edge-triggered flip-flop clocked by clk)
Endpoint: _756_ (rising edge-triggered flip-flop clocked by clk)
Path Group: clk
Path Type: min

Fanout         Cap        Slew       Delay        Time   Description
---------------------------------------------------------------------------------------------
                                  0.000000    0.000000   clock clk (rise edge)
                                  0.000000    0.000000   clock source latency
     1    0.012454    0.062209    0.039909    0.039909 ^ clk (in)
                                                         clk (net)
                      0.062211    0.000000    0.039909 ^ clkbuf_0_clk/A (sky130_fd_sc_hd__clkbuf_16)
     4    0.036344    0.056588    0.138316    0.178225 ^ clkbuf_0_clk/X (sky130_fd_sc_hd__clkbuf_16)
                                                         clknet_0_clk (net)
                      0.056588    0.000129    0.178354 ^ clkbuf_2_2__f_clk/A (sky130_fd_sc_hd__clkbuf_16)
     9    0.021730    0.043338    0.124804    0.303158 ^ clkbuf_2_2__f_clk/X (sky130_fd_sc_hd__clkbuf_16)
                                                         clknet_2_2__leaf_clk (net)
                      0.043338    0.000016    0.303173 ^ _779_/CLK (sky130_fd_sc_hd__dfxtp_2)
     2    0.007546    0.050363    0.305963    0.609137 ^ _779_/Q (sky130_fd_sc_hd__dfxtp_2)
                                                         controller.state[10] (net)
                      0.050363    0.000023    0.609160 ^ _735_/B (sky130_fd_sc_hd__and2_2)
     1    0.001875    0.033253    0.118228    0.727387 ^ _735_/X (sky130_fd_sc_hd__and2_2)
                                                         _020_ (net)
                      0.033253    0.000001    0.727389 ^ _756_/D (sky130_fd_sc_hd__dfxtp_2)
                                              0.727389   data arrival time

                                  0.000000    0.000000   clock clk (rise edge)
                                  0.000000    0.000000   clock source latency
     1    0.012454    0.062209    0.044110    0.044110 ^ clk (in)
                                                         clk (net)
                      0.062211    0.000000    0.044110 ^ clkbuf_0_clk/A (sky130_fd_sc_hd__clkbuf_16)
     4    0.036344    0.056588    0.152876    0.196986 ^ clkbuf_0_clk/X (sky130_fd_sc_hd__clkbuf_16)
                                                         clknet_0_clk (net)
                      0.056588    0.000142    0.197128 ^ clkbuf_2_2__f_clk/A (sky130_fd_sc_hd__clkbuf_16)
     9    0.021730    0.043338    0.137941    0.335069 ^ clkbuf_2_2__f_clk/X (sky130_fd_sc_hd__clkbuf_16)
                                                         clknet_2_2__leaf_clk (net)
                      0.043338    0.000019    0.335088 ^ _756_/CLK (sky130_fd_sc_hd__dfxtp_2)
                                  0.250000    0.585088   clock uncertainty
                                 -0.031911    0.553176   clock reconvergence pessimism
                                 -0.028975    0.524201   library hold time
                                              0.524201   data required time
---------------------------------------------------------------------------------------------
                                              0.524201   data required time
                                             -0.727389   data arrival time
---------------------------------------------------------------------------------------------
                                              0.203187   slack (MET)


Startpoint: _773_ (rising edge-triggered flip-flop clocked by clk)
Endpoint: _779_ (rising edge-triggered flip-flop clocked by clk)
Path Group: clk
Path Type: min

Fanout         Cap        Slew       Delay        Time   Description
---------------------------------------------------------------------------------------------
                                  0.000000    0.000000   clock clk (rise edge)
                                  0.000000    0.000000   clock source latency
     1    0.012454    0.062209    0.039909    0.039909 ^ clk (in)
                                                         clk (net)
                      0.062211    0.000000    0.039909 ^ clkbuf_0_clk/A (sky130_fd_sc_hd__clkbuf_16)
     4    0.036344    0.056588    0.138316    0.178225 ^ clkbuf_0_clk/X (sky130_fd_sc_hd__clkbuf_16)
                                                         clknet_0_clk (net)
                      0.056588    0.000129    0.178354 ^ clkbuf_2_2__f_clk/A (sky130_fd_sc_hd__clkbuf_16)
     9    0.021730    0.043338    0.124804    0.303158 ^ clkbuf_2_2__f_clk/X (sky130_fd_sc_hd__clkbuf_16)
                                                         clknet_2_2__leaf_clk (net)
                      0.043338    0.000043    0.303201 ^ _773_/CLK (sky130_fd_sc_hd__dfxtp_2)
     3    0.007628    0.050727    0.306265    0.609465 ^ _773_/Q (sky130_fd_sc_hd__dfxtp_2)
                                                         controller.state[4] (net)
                      0.050727    0.000037    0.609502 ^ _707_/B (sky130_fd_sc_hd__and2_2)
     1    0.002098    0.034325    0.119424    0.728926 ^ _707_/X (sky130_fd_sc_hd__and2_2)
                                                         _009_ (net)
                      0.034325    0.000004    0.728930 ^ _779_/D (sky130_fd_sc_hd__dfxtp_2)
                                              0.728930   data arrival time

                                  0.000000    0.000000   clock clk (rise edge)
                                  0.000000    0.000000   clock source latency
     1    0.012454    0.062209    0.044110    0.044110 ^ clk (in)
                                                         clk (net)
                      0.062211    0.000000    0.044110 ^ clkbuf_0_clk/A (sky130_fd_sc_hd__clkbuf_16)
     4    0.036344    0.056588    0.152876    0.196986 ^ clkbuf_0_clk/X (sky130_fd_sc_hd__clkbuf_16)
                                                         clknet_0_clk (net)
                      0.056588    0.000142    0.197128 ^ clkbuf_2_2__f_clk/A (sky130_fd_sc_hd__clkbuf_16)
     9    0.021730    0.043338    0.137941    0.335069 ^ clkbuf_2_2__f_clk/X (sky130_fd_sc_hd__clkbuf_16)
                                                         clknet_2_2__leaf_clk (net)
                      0.043338    0.000017    0.335086 ^ _779_/CLK (sky130_fd_sc_hd__dfxtp_2)
                                  0.250000    0.585086   clock uncertainty
                                 -0.031911    0.553175   clock reconvergence pessimism
                                 -0.029197    0.523978   library hold time
                                              0.523978   data required time
---------------------------------------------------------------------------------------------
                                              0.523978   data required time
                                             -0.728930   data arrival time
---------------------------------------------------------------------------------------------
                                              0.204951   slack (MET)


Startpoint: _763_ (rising edge-triggered flip-flop clocked by clk)
Endpoint: _767_ (rising edge-triggered flip-flop clocked by clk)
Path Group: clk
Path Type: min

Fanout         Cap        Slew       Delay        Time   Description
---------------------------------------------------------------------------------------------
                                  0.000000    0.000000   clock clk (rise edge)
                                  0.000000    0.000000   clock source latency
     1    0.012454    0.062209    0.039909    0.039909 ^ clk (in)
                                                         clk (net)
                      0.062211    0.000000    0.039909 ^ clkbuf_0_clk/A (sky130_fd_sc_hd__clkbuf_16)
     4    0.036344    0.056588    0.138316    0.178225 ^ clkbuf_0_clk/X (sky130_fd_sc_hd__clkbuf_16)
                                                         clknet_0_clk (net)
                      0.056588    0.000110    0.178335 ^ clkbuf_2_3__f_clk/A (sky130_fd_sc_hd__clkbuf_16)
     9    0.021622    0.043243    0.124708    0.303042 ^ clkbuf_2_3__f_clk/X (sky130_fd_sc_hd__clkbuf_16)
                                                         clknet_2_3__leaf_clk (net)
                      0.043243    0.000034    0.303076 ^ _763_/CLK (sky130_fd_sc_hd__dfxtp_2)
     5    0.016130    0.089761    0.335379    0.638455 ^ _763_/Q (sky130_fd_sc_hd__dfxtp_2)
                                                         diagnostic.x2[2] (net)
                      0.089761    0.000048    0.638503 ^ _746_/A (sky130_fd_sc_hd__and2_2)
     1    0.002580    0.035856    0.130972    0.769475 ^ _746_/X (sky130_fd_sc_hd__and2_2)
                                                         _031_ (net)
                      0.035856    0.000012    0.769487 ^ _767_/D (sky130_fd_sc_hd__dfxtp_2)
                                              0.769487   data arrival time

                                  0.000000    0.000000   clock clk (rise edge)
                                  0.000000    0.000000   clock source latency
     1    0.012454    0.062209    0.044110    0.044110 ^ clk (in)
                                                         clk (net)
                      0.062211    0.000000    0.044110 ^ clkbuf_0_clk/A (sky130_fd_sc_hd__clkbuf_16)
     4    0.036344    0.056588    0.152876    0.196986 ^ clkbuf_0_clk/X (sky130_fd_sc_hd__clkbuf_16)
                                                         clknet_0_clk (net)
                      0.056588    0.000121    0.197107 ^ clkbuf_2_3__f_clk/A (sky130_fd_sc_hd__clkbuf_16)
     9    0.021622    0.043243    0.137835    0.334942 ^ clkbuf_2_3__f_clk/X (sky130_fd_sc_hd__clkbuf_16)
                                                         clknet_2_3__leaf_clk (net)
                      0.043243    0.000019    0.334961 ^ _767_/CLK (sky130_fd_sc_hd__dfxtp_2)
                                  0.250000    0.584961   clock uncertainty
                                 -0.031899    0.553062   clock reconvergence pessimism
                                 -0.029526    0.523535   library hold time
                                              0.523535   data required time
---------------------------------------------------------------------------------------------
                                              0.523535   data required time
                                             -0.769487   data arrival time
---------------------------------------------------------------------------------------------
                                              0.245952   slack (MET)


Startpoint: _772_ (rising edge-triggered flip-flop clocked by clk)
Endpoint: _750_ (rising edge-triggered flip-flop clocked by clk)
Path Group: clk
Path Type: min

Fanout         Cap        Slew       Delay        Time   Description
---------------------------------------------------------------------------------------------
                                  0.000000    0.000000   clock clk (rise edge)
                                  0.000000    0.000000   clock source latency
     1    0.012454    0.062209    0.039909    0.039909 ^ clk (in)
                                                         clk (net)
                      0.062211    0.000000    0.039909 ^ clkbuf_0_clk/A (sky130_fd_sc_hd__clkbuf_16)
     4    0.036344    0.056588    0.138316    0.178225 ^ clkbuf_0_clk/X (sky130_fd_sc_hd__clkbuf_16)
                                                         clknet_0_clk (net)
                      0.056588    0.000142    0.178367 ^ clkbuf_2_0__f_clk/A (sky130_fd_sc_hd__clkbuf_16)
     9    0.021369    0.043022    0.124469    0.302836 ^ clkbuf_2_0__f_clk/X (sky130_fd_sc_hd__clkbuf_16)
                                                         clknet_2_0__leaf_clk (net)
                      0.043022    0.000048    0.302884 ^ _772_/CLK (sky130_fd_sc_hd__dfxtp_2)
     2    0.003663    0.034698    0.291602    0.594486 ^ _772_/Q (sky130_fd_sc_hd__dfxtp_2)
                                                         controller.state[3] (net)
                      0.034698    0.000003    0.594490 ^ _723_/A (sky130_fd_sc_hd__or2_2)
     2    0.005298    0.039933    0.096671    0.691160 ^ _723_/X (sky130_fd_sc_hd__or2_2)
                                                         _361_ (net)
                      0.039933    0.000027    0.691188 ^ _724_/A2 (sky130_fd_sc_hd__o21a_2)
     1    0.002264    0.027821    0.094161    0.785349 ^ _724_/X (sky130_fd_sc_hd__o21a_2)
                                                         _014_ (net)
                      0.027821    0.000006    0.785355 ^ _750_/D (sky130_fd_sc_hd__dfxtp_2)
                                              0.785355   data arrival time

                                  0.000000    0.000000   clock clk (rise edge)
                                  0.000000    0.000000   clock source latency
     1    0.012454    0.062209    0.044110    0.044110 ^ clk (in)
                                                         clk (net)
                      0.062211    0.000000    0.044110 ^ clkbuf_0_clk/A (sky130_fd_sc_hd__clkbuf_16)
     4    0.036344    0.056588    0.152876    0.196986 ^ clkbuf_0_clk/X (sky130_fd_sc_hd__clkbuf_16)
                                                         clknet_0_clk (net)
                      0.056588    0.000157    0.197143 ^ clkbuf_2_0__f_clk/A (sky130_fd_sc_hd__clkbuf_16)
     9    0.021369    0.043022    0.137571    0.334714 ^ clkbuf_2_0__f_clk/X (sky130_fd_sc_hd__clkbuf_16)
                                                         clknet_2_0__leaf_clk (net)
                      0.043022    0.000022    0.334736 ^ _750_/CLK (sky130_fd_sc_hd__dfxtp_2)
                                  0.250000    0.584736   clock uncertainty
                                 -0.031877    0.552858   clock reconvergence pessimism
                                 -0.027891    0.524967   library hold time
                                              0.524967   data required time
---------------------------------------------------------------------------------------------
                                              0.524967   data required time
                                             -0.785355   data arrival time
---------------------------------------------------------------------------------------------
                                              0.260388   slack (MET)


Startpoint: _749_ (rising edge-triggered flip-flop clocked by clk)
Endpoint: _752_ (rising edge-triggered flip-flop clocked by clk)
Path Group: clk
Path Type: min

Fanout         Cap        Slew       Delay        Time   Description
---------------------------------------------------------------------------------------------
                                  0.000000    0.000000   clock clk (rise edge)
                                  0.000000    0.000000   clock source latency
     1    0.012454    0.062209    0.039909    0.039909 ^ clk (in)
                                                         clk (net)
                      0.062211    0.000000    0.039909 ^ clkbuf_0_clk/A (sky130_fd_sc_hd__clkbuf_16)
     4    0.036344    0.056588    0.138316    0.178225 ^ clkbuf_0_clk/X (sky130_fd_sc_hd__clkbuf_16)
                                                         clknet_0_clk (net)
                      0.056588    0.000142    0.178367 ^ clkbuf_2_0__f_clk/A (sky130_fd_sc_hd__clkbuf_16)
     9    0.021369    0.043022    0.124469    0.302836 ^ clkbuf_2_0__f_clk/X (sky130_fd_sc_hd__clkbuf_16)
                                                         clknet_2_0__leaf_clk (net)
                      0.043023    0.000084    0.302920 ^ _749_/CLK (sky130_fd_sc_hd__dfxtp_2)
     1    0.002385    0.029120    0.285997    0.588917 ^ _749_/Q (sky130_fd_sc_hd__dfxtp_2)
                                                         controller.test_x[1] (net)
                      0.029120    0.000005    0.588922 ^ _727_/A1 (sky130_fd_sc_hd__mux2_1)
     1    0.001699    0.034113    0.097792    0.686714 ^ _727_/X (sky130_fd_sc_hd__mux2_1)
                                                         _363_ (net)
                      0.034113    0.000000    0.686715 ^ _728_/B (sky130_fd_sc_hd__and2_2)
     1    0.002412    0.035140    0.116184    0.802899 ^ _728_/X (sky130_fd_sc_hd__and2_2)
                                                         _016_ (net)
                      0.035140    0.000008    0.802908 ^ _752_/D (sky130_fd_sc_hd__dfxtp_2)
                                              0.802908   data arrival time

                                  0.000000    0.000000   clock clk (rise edge)
                                  0.000000    0.000000   clock source latency
     1    0.012454    0.062209    0.044110    0.044110 ^ clk (in)
                                                         clk (net)
                      0.062211    0.000000    0.044110 ^ clkbuf_0_clk/A (sky130_fd_sc_hd__clkbuf_16)
     4    0.036344    0.056588    0.152876    0.196986 ^ clkbuf_0_clk/X (sky130_fd_sc_hd__clkbuf_16)
                                                         clknet_0_clk (net)
                      0.056588    0.000119    0.197105 ^ clkbuf_2_1__f_clk/A (sky130_fd_sc_hd__clkbuf_16)
     9    0.020919    0.042636    0.137115    0.334220 ^ clkbuf_2_1__f_clk/X (sky130_fd_sc_hd__clkbuf_16)
                                                         clknet_2_1__leaf_clk (net)
                      0.042636    0.000077    0.334297 ^ _752_/CLK (sky130_fd_sc_hd__dfxtp_2)
                                  0.250000    0.584297   clock uncertainty
                                 -0.018761    0.565536   clock reconvergence pessimism
                                 -0.029458    0.536078   library hold time
                                              0.536078   data required time
---------------------------------------------------------------------------------------------
                                              0.536078   data required time
                                             -0.802908   data arrival time
---------------------------------------------------------------------------------------------
                                              0.266829   slack (MET)


Startpoint: _750_ (rising edge-triggered flip-flop clocked by clk)
Endpoint: _751_ (rising edge-triggered flip-flop clocked by clk)
Path Group: clk
Path Type: min

Fanout         Cap        Slew       Delay        Time   Description
---------------------------------------------------------------------------------------------
                                  0.000000    0.000000   clock clk (rise edge)
                                  0.000000    0.000000   clock source latency
     1    0.012454    0.062209    0.039909    0.039909 ^ clk (in)
                                                         clk (net)
                      0.062211    0.000000    0.039909 ^ clkbuf_0_clk/A (sky130_fd_sc_hd__clkbuf_16)
     4    0.036344    0.056588    0.138316    0.178225 ^ clkbuf_0_clk/X (sky130_fd_sc_hd__clkbuf_16)
                                                         clknet_0_clk (net)
                      0.056588    0.000142    0.178367 ^ clkbuf_2_0__f_clk/A (sky130_fd_sc_hd__clkbuf_16)
     9    0.021369    0.043022    0.124469    0.302836 ^ clkbuf_2_0__f_clk/X (sky130_fd_sc_hd__clkbuf_16)
                                                         clknet_2_0__leaf_clk (net)
                      0.043022    0.000020    0.302856 ^ _750_/CLK (sky130_fd_sc_hd__dfxtp_2)
     1    0.002457    0.029433    0.286311    0.589167 ^ _750_/Q (sky130_fd_sc_hd__dfxtp_2)
                                                         controller.test_x[0] (net)
                      0.029433    0.000007    0.589174 ^ _725_/A1 (sky130_fd_sc_hd__mux2_1)
     1    0.001894    0.035658    0.099381    0.688555 ^ _725_/X (sky130_fd_sc_hd__mux2_1)
                                                         _362_ (net)
                      0.035658    0.000003    0.688558 ^ _726_/B (sky130_fd_sc_hd__and2_2)
     1    0.002089    0.034304    0.115051    0.803609 ^ _726_/X (sky130_fd_sc_hd__and2_2)
                                                         _015_ (net)
                      0.034304    0.000005    0.803614 ^ _751_/D (sky130_fd_sc_hd__dfxtp_2)
                                              0.803614   data arrival time

                                  0.000000    0.000000   clock clk (rise edge)
                                  0.000000    0.000000   clock source latency
     1    0.012454    0.062209    0.044110    0.044110 ^ clk (in)
                                                         clk (net)
                      0.062211    0.000000    0.044110 ^ clkbuf_0_clk/A (sky130_fd_sc_hd__clkbuf_16)
     4    0.036344    0.056588    0.152876    0.196986 ^ clkbuf_0_clk/X (sky130_fd_sc_hd__clkbuf_16)
                                                         clknet_0_clk (net)
                      0.056588    0.000119    0.197105 ^ clkbuf_2_1__f_clk/A (sky130_fd_sc_hd__clkbuf_16)
     9    0.020919    0.042636    0.137115    0.334220 ^ clkbuf_2_1__f_clk/X (sky130_fd_sc_hd__clkbuf_16)
                                                         clknet_2_1__leaf_clk (net)
                      0.042636    0.000060    0.334280 ^ _751_/CLK (sky130_fd_sc_hd__dfxtp_2)
                                  0.250000    0.584280   clock uncertainty
                                 -0.018761    0.565520   clock reconvergence pessimism
                                 -0.029285    0.536235   library hold time
                                              0.536235   data required time
---------------------------------------------------------------------------------------------
                                              0.536235   data required time
                                             -0.803614   data arrival time
---------------------------------------------------------------------------------------------
                                              0.267379   slack (MET)


Startpoint: _757_ (rising edge-triggered flip-flop clocked by clk)
Endpoint: _761_ (rising edge-triggered flip-flop clocked by clk)
Path Group: clk
Path Type: min

Fanout         Cap        Slew       Delay        Time   Description
---------------------------------------------------------------------------------------------
                                  0.000000    0.000000   clock clk (rise edge)
                                  0.000000    0.000000   clock source latency
     1    0.012454    0.062209    0.039909    0.039909 ^ clk (in)
                                                         clk (net)
                      0.062211    0.000000    0.039909 ^ clkbuf_0_clk/A (sky130_fd_sc_hd__clkbuf_16)
     4    0.036344    0.056588    0.138316    0.178225 ^ clkbuf_0_clk/X (sky130_fd_sc_hd__clkbuf_16)
                                                         clknet_0_clk (net)
                      0.056588    0.000108    0.178333 ^ clkbuf_2_1__f_clk/A (sky130_fd_sc_hd__clkbuf_16)
     9    0.020919    0.042636    0.124056    0.302389 ^ clkbuf_2_1__f_clk/X (sky130_fd_sc_hd__clkbuf_16)
                                                         clknet_2_1__leaf_clk (net)
                      0.042636    0.000039    0.302428 ^ _757_/CLK (sky130_fd_sc_hd__dfxtp_2)
     8    0.024893    0.069023    0.333070    0.635498 v _757_/Q (sky130_fd_sc_hd__dfxtp_2)
                                                         diagnostic.x1[0] (net)
                      0.069023    0.000006    0.635504 v _740_/A (sky130_fd_sc_hd__and2_2)
     1    0.001922    0.032613    0.160361    0.795865 v _740_/X (sky130_fd_sc_hd__and2_2)
                                                         _025_ (net)
                      0.032613    0.000002    0.795867 v _761_/D (sky130_fd_sc_hd__dfxtp_2)
                                              0.795867   data arrival time

                                  0.000000    0.000000   clock clk (rise edge)
                                  0.000000    0.000000   clock source latency
     1    0.012454    0.062209    0.044110    0.044110 ^ clk (in)
                                                         clk (net)
                      0.062211    0.000000    0.044110 ^ clkbuf_0_clk/A (sky130_fd_sc_hd__clkbuf_16)
     4    0.036344    0.056588    0.152876    0.196986 ^ clkbuf_0_clk/X (sky130_fd_sc_hd__clkbuf_16)
                                                         clknet_0_clk (net)
                      0.056588    0.000121    0.197107 ^ clkbuf_2_3__f_clk/A (sky130_fd_sc_hd__clkbuf_16)
     9    0.021622    0.043243    0.137835    0.334942 ^ clkbuf_2_3__f_clk/X (sky130_fd_sc_hd__clkbuf_16)
                                                         clknet_2_3__leaf_clk (net)
                      0.043243    0.000047    0.334989 ^ _761_/CLK (sky130_fd_sc_hd__dfxtp_2)
                                  0.250000    0.584989   clock uncertainty
                                 -0.018761    0.566228   clock reconvergence pessimism
                                 -0.041363    0.524866   library hold time
                                              0.524866   data required time
---------------------------------------------------------------------------------------------
                                              0.524866   data required time
                                             -0.795867   data arrival time
---------------------------------------------------------------------------------------------
                                              0.271001   slack (MET)


Startpoint: _748_ (rising edge-triggered flip-flop clocked by clk)
Endpoint: _753_ (rising edge-triggered flip-flop clocked by clk)
Path Group: clk
Path Type: min

Fanout         Cap        Slew       Delay        Time   Description
---------------------------------------------------------------------------------------------
                                  0.000000    0.000000   clock clk (rise edge)
                                  0.000000    0.000000   clock source latency
     1    0.012454    0.062209    0.039909    0.039909 ^ clk (in)
                                                         clk (net)
                      0.062211    0.000000    0.039909 ^ clkbuf_0_clk/A (sky130_fd_sc_hd__clkbuf_16)
     4    0.036344    0.056588    0.138316    0.178225 ^ clkbuf_0_clk/X (sky130_fd_sc_hd__clkbuf_16)
                                                         clknet_0_clk (net)
                      0.056588    0.000129    0.178354 ^ clkbuf_2_2__f_clk/A (sky130_fd_sc_hd__clkbuf_16)
     9    0.021730    0.043338    0.124804    0.303158 ^ clkbuf_2_2__f_clk/X (sky130_fd_sc_hd__clkbuf_16)
                                                         clknet_2_2__leaf_clk (net)
                      0.043338    0.000048    0.303206 ^ _748_/CLK (sky130_fd_sc_hd__dfxtp_2)
     1    0.003973    0.034577    0.293063    0.596269 ^ _748_/Q (sky130_fd_sc_hd__dfxtp_2)
                                                         controller.test_x[2] (net)
                      0.034577    0.000025    0.596294 ^ _729_/A1 (sky130_fd_sc_hd__mux2_1)
     1    0.002073    0.037068    0.102422    0.698716 ^ _729_/X (sky130_fd_sc_hd__mux2_1)
                                                         _364_ (net)
                      0.037068    0.000006    0.698722 ^ _730_/B (sky130_fd_sc_hd__and2_2)
     1    0.002162    0.034652    0.115813    0.814534 ^ _730_/X (sky130_fd_sc_hd__and2_2)
                                                         _017_ (net)
                      0.034652    0.000006    0.814540 ^ _753_/D (sky130_fd_sc_hd__dfxtp_2)
                                              0.814540   data arrival time

                                  0.000000    0.000000   clock clk (rise edge)
                                  0.000000    0.000000   clock source latency
     1    0.012454    0.062209    0.044110    0.044110 ^ clk (in)
                                                         clk (net)
                      0.062211    0.000000    0.044110 ^ clkbuf_0_clk/A (sky130_fd_sc_hd__clkbuf_16)
     4    0.036344    0.056588    0.152876    0.196986 ^ clkbuf_0_clk/X (sky130_fd_sc_hd__clkbuf_16)
                                                         clknet_0_clk (net)
                      0.056588    0.000119    0.197105 ^ clkbuf_2_1__f_clk/A (sky130_fd_sc_hd__clkbuf_16)
     9    0.020919    0.042636    0.137115    0.334220 ^ clkbuf_2_1__f_clk/X (sky130_fd_sc_hd__clkbuf_16)
                                                         clknet_2_1__leaf_clk (net)
                      0.042636    0.000077    0.334297 ^ _753_/CLK (sky130_fd_sc_hd__dfxtp_2)
                                  0.250000    0.584297   clock uncertainty
                                 -0.018761    0.565536   clock reconvergence pessimism
                                 -0.029357    0.536179   library hold time
                                              0.536179   data required time
---------------------------------------------------------------------------------------------
                                              0.536179   data required time
                                             -0.814540   data arrival time
---------------------------------------------------------------------------------------------
                                              0.278361   slack (MET)


Startpoint: _760_ (rising edge-triggered flip-flop clocked by clk)
Endpoint: _764_ (rising edge-triggered flip-flop clocked by clk)
Path Group: clk
Path Type: min

Fanout         Cap        Slew       Delay        Time   Description
---------------------------------------------------------------------------------------------
                                  0.000000    0.000000   clock clk (rise edge)
                                  0.000000    0.000000   clock source latency
     1    0.012454    0.062209    0.039909    0.039909 ^ clk (in)
                                                         clk (net)
                      0.062211    0.000000    0.039909 ^ clkbuf_0_clk/A (sky130_fd_sc_hd__clkbuf_16)
     4    0.036344    0.056588    0.138316    0.178225 ^ clkbuf_0_clk/X (sky130_fd_sc_hd__clkbuf_16)
                                                         clknet_0_clk (net)
                      0.056588    0.000108    0.178333 ^ clkbuf_2_1__f_clk/A (sky130_fd_sc_hd__clkbuf_16)
     9    0.020919    0.042636    0.124056    0.302389 ^ clkbuf_2_1__f_clk/X (sky130_fd_sc_hd__clkbuf_16)
                                                         clknet_2_1__leaf_clk (net)
                      0.042636    0.000049    0.302439 ^ _760_/CLK (sky130_fd_sc_hd__dfxtp_2)
     8    0.027707    0.075219    0.337864    0.640303 v _760_/Q (sky130_fd_sc_hd__dfxtp_2)
                                                         diagnostic.x1[3] (net)
                      0.075219    0.000054    0.640356 v _743_/A (sky130_fd_sc_hd__and2_2)
     1    0.002223    0.033464    0.164250    0.804606 v _743_/X (sky130_fd_sc_hd__and2_2)
                                                         _028_ (net)
                      0.033464    0.000005    0.804612 v _764_/D (sky130_fd_sc_hd__dfxtp_2)
                                              0.804612   data arrival time

                                  0.000000    0.000000   clock clk (rise edge)
                                  0.000000    0.000000   clock source latency
     1    0.012454    0.062209    0.044110    0.044110 ^ clk (in)
                                                         clk (net)
                      0.062211    0.000000    0.044110 ^ clkbuf_0_clk/A (sky130_fd_sc_hd__clkbuf_16)
     4    0.036344    0.056588    0.152876    0.196986 ^ clkbuf_0_clk/X (sky130_fd_sc_hd__clkbuf_16)
                                                         clknet_0_clk (net)
                      0.056588    0.000121    0.197107 ^ clkbuf_2_3__f_clk/A (sky130_fd_sc_hd__clkbuf_16)
     9    0.021622    0.043243    0.137835    0.334942 ^ clkbuf_2_3__f_clk/X (sky130_fd_sc_hd__clkbuf_16)
                                                         clknet_2_3__leaf_clk (net)
                      0.043243    0.000043    0.334985 ^ _764_/CLK (sky130_fd_sc_hd__dfxtp_2)
                                  0.250000    0.584985   clock uncertainty
                                 -0.018761    0.566225   clock reconvergence pessimism
                                 -0.041712    0.524513   library hold time
                                              0.524513   data required time
---------------------------------------------------------------------------------------------
                                              0.524513   data required time
                                             -0.804612   data arrival time
---------------------------------------------------------------------------------------------
                                              0.280099   slack (MET)


Startpoint: _759_ (rising edge-triggered flip-flop clocked by clk)
Endpoint: _763_ (rising edge-triggered flip-flop clocked by clk)
Path Group: clk
Path Type: min

Fanout         Cap        Slew       Delay        Time   Description
---------------------------------------------------------------------------------------------
                                  0.000000    0.000000   clock clk (rise edge)
                                  0.000000    0.000000   clock source latency
     1    0.012454    0.062209    0.039909    0.039909 ^ clk (in)
                                                         clk (net)
                      0.062211    0.000000    0.039909 ^ clkbuf_0_clk/A (sky130_fd_sc_hd__clkbuf_16)
     4    0.036344    0.056588    0.138316    0.178225 ^ clkbuf_0_clk/X (sky130_fd_sc_hd__clkbuf_16)
                                                         clknet_0_clk (net)
                      0.056588    0.000108    0.178333 ^ clkbuf_2_1__f_clk/A (sky130_fd_sc_hd__clkbuf_16)
     9    0.020919    0.042636    0.124056    0.302389 ^ clkbuf_2_1__f_clk/X (sky130_fd_sc_hd__clkbuf_16)
                                                         clknet_2_1__leaf_clk (net)
                      0.042636    0.000043    0.302432 ^ _759_/CLK (sky130_fd_sc_hd__dfxtp_2)
     9    0.030379    0.080989    0.342661    0.645093 v _759_/Q (sky130_fd_sc_hd__dfxtp_2)
                                                         diagnostic.x1[2] (net)
                      0.080989    0.000147    0.645240 v _742_/A (sky130_fd_sc_hd__and2_2)
     1    0.001953    0.032708    0.165554    0.810794 v _742_/X (sky130_fd_sc_hd__and2_2)
                                                         _027_ (net)
                      0.032708    0.000003    0.810797 v _763_/D (sky130_fd_sc_hd__dfxtp_2)
                                              0.810797   data arrival time

                                  0.000000    0.000000   clock clk (rise edge)
                                  0.000000    0.000000   clock source latency
     1    0.012454    0.062209    0.044110    0.044110 ^ clk (in)
                                                         clk (net)
                      0.062211    0.000000    0.044110 ^ clkbuf_0_clk/A (sky130_fd_sc_hd__clkbuf_16)
     4    0.036344    0.056588    0.152876    0.196986 ^ clkbuf_0_clk/X (sky130_fd_sc_hd__clkbuf_16)
                                                         clknet_0_clk (net)
                      0.056588    0.000121    0.197107 ^ clkbuf_2_3__f_clk/A (sky130_fd_sc_hd__clkbuf_16)
     9    0.021622    0.043243    0.137835    0.334942 ^ clkbuf_2_3__f_clk/X (sky130_fd_sc_hd__clkbuf_16)
                                                         clknet_2_3__leaf_clk (net)
                      0.043243    0.000038    0.334979 ^ _763_/CLK (sky130_fd_sc_hd__dfxtp_2)
                                  0.250000    0.584979   clock uncertainty
                                 -0.018761    0.566219   clock reconvergence pessimism
                                 -0.041402    0.524817   library hold time
                                              0.524817   data required time
---------------------------------------------------------------------------------------------
                                              0.524817   data required time
                                             -0.810797   data arrival time
---------------------------------------------------------------------------------------------
                                              0.285980   slack (MET)


Startpoint: _761_ (rising edge-triggered flip-flop clocked by clk)
Endpoint: _765_ (rising edge-triggered flip-flop clocked by clk)
Path Group: clk
Path Type: min

Fanout         Cap        Slew       Delay        Time   Description
---------------------------------------------------------------------------------------------
                                  0.000000    0.000000   clock clk (rise edge)
                                  0.000000    0.000000   clock source latency
     1    0.012454    0.062209    0.039909    0.039909 ^ clk (in)
                                                         clk (net)
                      0.062211    0.000000    0.039909 ^ clkbuf_0_clk/A (sky130_fd_sc_hd__clkbuf_16)
     4    0.036344    0.056588    0.138316    0.178225 ^ clkbuf_0_clk/X (sky130_fd_sc_hd__clkbuf_16)
                                                         clknet_0_clk (net)
                      0.056588    0.000110    0.178335 ^ clkbuf_2_3__f_clk/A (sky130_fd_sc_hd__clkbuf_16)
     9    0.021622    0.043243    0.124708    0.303042 ^ clkbuf_2_3__f_clk/X (sky130_fd_sc_hd__clkbuf_16)
                                                         clknet_2_3__leaf_clk (net)
                      0.043243    0.000042    0.303085 ^ _761_/CLK (sky130_fd_sc_hd__dfxtp_2)
     8    0.025450    0.070218    0.334278    0.637362 v _761_/Q (sky130_fd_sc_hd__dfxtp_2)
                                                         diagnostic.x2[0] (net)
                      0.070218    0.000011    0.637374 v _744_/A (sky130_fd_sc_hd__and2_2)
     1    0.001953    0.032699    0.160996    0.798370 v _744_/X (sky130_fd_sc_hd__and2_2)
                                                         _029_ (net)
                      0.032699    0.000003    0.798373 v _765_/D (sky130_fd_sc_hd__dfxtp_2)
                                              0.798373   data arrival time

                                  0.000000    0.000000   clock clk (rise edge)
                                  0.000000    0.000000   clock source latency
     1    0.012454    0.062209    0.044110    0.044110 ^ clk (in)
                                                         clk (net)
                      0.062211    0.000000    0.044110 ^ clkbuf_0_clk/A (sky130_fd_sc_hd__clkbuf_16)
     4    0.036344    0.056588    0.152876    0.196986 ^ clkbuf_0_clk/X (sky130_fd_sc_hd__clkbuf_16)
                                                         clknet_0_clk (net)
                      0.056588    0.000121    0.197107 ^ clkbuf_2_3__f_clk/A (sky130_fd_sc_hd__clkbuf_16)
     9    0.021622    0.043243    0.137835    0.334942 ^ clkbuf_2_3__f_clk/X (sky130_fd_sc_hd__clkbuf_16)
                                                         clknet_2_3__leaf_clk (net)
                      0.043243    0.000014    0.334956 ^ _765_/CLK (sky130_fd_sc_hd__dfxtp_2)
                                  0.250000    0.584956   clock uncertainty
                                 -0.031899    0.553056   clock reconvergence pessimism
                                 -0.041398    0.511658   library hold time
                                              0.511658   data required time
---------------------------------------------------------------------------------------------
                                              0.511658   data required time
                                             -0.798373   data arrival time
---------------------------------------------------------------------------------------------
                                              0.286714   slack (MET)


Startpoint: _764_ (rising edge-triggered flip-flop clocked by clk)
Endpoint: _768_ (rising edge-triggered flip-flop clocked by clk)
Path Group: clk
Path Type: min

Fanout         Cap        Slew       Delay        Time   Description
---------------------------------------------------------------------------------------------
                                  0.000000    0.000000   clock clk (rise edge)
                                  0.000000    0.000000   clock source latency
     1    0.012454    0.062209    0.039909    0.039909 ^ clk (in)
                                                         clk (net)
                      0.062211    0.000000    0.039909 ^ clkbuf_0_clk/A (sky130_fd_sc_hd__clkbuf_16)
     4    0.036344    0.056588    0.138316    0.178225 ^ clkbuf_0_clk/X (sky130_fd_sc_hd__clkbuf_16)
                                                         clknet_0_clk (net)
                      0.056588    0.000110    0.178335 ^ clkbuf_2_3__f_clk/A (sky130_fd_sc_hd__clkbuf_16)
     9    0.021622    0.043243    0.124708    0.303042 ^ clkbuf_2_3__f_clk/X (sky130_fd_sc_hd__clkbuf_16)
                                                         clknet_2_3__leaf_clk (net)
                      0.043243    0.000039    0.303082 ^ _764_/CLK (sky130_fd_sc_hd__dfxtp_2)
     8    0.025624    0.070652    0.334487    0.637568 v _764_/Q (sky130_fd_sc_hd__dfxtp_2)
                                                         diagnostic.x2[3] (net)
                      0.070652    0.000082    0.637651 v _747_/A (sky130_fd_sc_hd__and2_2)
     1    0.001924    0.032619    0.161059    0.798710 v _747_/X (sky130_fd_sc_hd__and2_2)
                                                         _032_ (net)
                      0.032619    0.000003    0.798713 v _768_/D (sky130_fd_sc_hd__dfxtp_2)
                                              0.798713   data arrival time

                                  0.000000    0.000000   clock clk (rise edge)
                                  0.000000    0.000000   clock source latency
     1    0.012454    0.062209    0.044110    0.044110 ^ clk (in)
                                                         clk (net)
                      0.062211    0.000000    0.044110 ^ clkbuf_0_clk/A (sky130_fd_sc_hd__clkbuf_16)
     4    0.036344    0.056588    0.152876    0.196986 ^ clkbuf_0_clk/X (sky130_fd_sc_hd__clkbuf_16)
                                                         clknet_0_clk (net)
                      0.056588    0.000121    0.197107 ^ clkbuf_2_3__f_clk/A (sky130_fd_sc_hd__clkbuf_16)
     9    0.021622    0.043243    0.137835    0.334942 ^ clkbuf_2_3__f_clk/X (sky130_fd_sc_hd__clkbuf_16)
                                                         clknet_2_3__leaf_clk (net)
                      0.043243    0.000019    0.334961 ^ _768_/CLK (sky130_fd_sc_hd__dfxtp_2)
                                  0.250000    0.584961   clock uncertainty
                                 -0.031899    0.553061   clock reconvergence pessimism
                                 -0.041365    0.511696   library hold time
                                              0.511696   data required time
---------------------------------------------------------------------------------------------
                                              0.511696   data required time
                                             -0.798713   data arrival time
---------------------------------------------------------------------------------------------
                                              0.287016   slack (MET)


Startpoint: _754_ (rising edge-triggered flip-flop clocked by clk)
Endpoint: _760_ (rising edge-triggered flip-flop clocked by clk)
Path Group: clk
Path Type: min

Fanout         Cap        Slew       Delay        Time   Description
---------------------------------------------------------------------------------------------
                                  0.000000    0.000000   clock clk (rise edge)
                                  0.000000    0.000000   clock source latency
     1    0.012454    0.062209    0.039909    0.039909 ^ clk (in)
                                                         clk (net)
                      0.062211    0.000000    0.039909 ^ clkbuf_0_clk/A (sky130_fd_sc_hd__clkbuf_16)
     4    0.036344    0.056588    0.138316    0.178225 ^ clkbuf_0_clk/X (sky130_fd_sc_hd__clkbuf_16)
                                                         clknet_0_clk (net)
                      0.056588    0.000108    0.178333 ^ clkbuf_2_1__f_clk/A (sky130_fd_sc_hd__clkbuf_16)
     9    0.020919    0.042636    0.124056    0.302389 ^ clkbuf_2_1__f_clk/X (sky130_fd_sc_hd__clkbuf_16)
                                                         clknet_2_1__leaf_clk (net)
                      0.042636    0.000067    0.302456 ^ _754_/CLK (sky130_fd_sc_hd__dfxtp_2)
     8    0.025028    0.069384    0.333189    0.635645 v _754_/Q (sky130_fd_sc_hd__dfxtp_2)
                                                         diagnostic.x0[3] (net)
                      0.069384    0.000079    0.635724 v _739_/A (sky130_fd_sc_hd__and2_2)
     1    0.002721    0.034149    0.163867    0.799591 v _739_/X (sky130_fd_sc_hd__and2_2)
                                                         _024_ (net)
                      0.034149    0.000013    0.799604 v _760_/D (sky130_fd_sc_hd__dfxtp_2)
                                              0.799604   data arrival time

                                  0.000000    0.000000   clock clk (rise edge)
                                  0.000000    0.000000   clock source latency
     1    0.012454    0.062209    0.044110    0.044110 ^ clk (in)
                                                         clk (net)
                      0.062211    0.000000    0.044110 ^ clkbuf_0_clk/A (sky130_fd_sc_hd__clkbuf_16)
     4    0.036344    0.056588    0.152876    0.196986 ^ clkbuf_0_clk/X (sky130_fd_sc_hd__clkbuf_16)
                                                         clknet_0_clk (net)
                      0.056588    0.000119    0.197105 ^ clkbuf_2_1__f_clk/A (sky130_fd_sc_hd__clkbuf_16)
     9    0.020919    0.042636    0.137115    0.334220 ^ clkbuf_2_1__f_clk/X (sky130_fd_sc_hd__clkbuf_16)
                                                         clknet_2_1__leaf_clk (net)
                      0.042636    0.000054    0.334274 ^ _760_/CLK (sky130_fd_sc_hd__dfxtp_2)
                                  0.250000    0.584274   clock uncertainty
                                 -0.031830    0.552444   clock reconvergence pessimism
                                 -0.042128    0.510316   library hold time
                                              0.510316   data required time
---------------------------------------------------------------------------------------------
                                              0.510316   data required time
                                             -0.799604   data arrival time
---------------------------------------------------------------------------------------------
                                              0.289288   slack (MET)


Startpoint: _755_ (rising edge-triggered flip-flop clocked by clk)
Endpoint: _754_ (rising edge-triggered flip-flop clocked by clk)
Path Group: clk
Path Type: min

Fanout         Cap        Slew       Delay        Time   Description
---------------------------------------------------------------------------------------------
                                  0.000000    0.000000   clock clk (rise edge)
                                  0.000000    0.000000   clock source latency
     1    0.012454    0.062209    0.039909    0.039909 ^ clk (in)
                                                         clk (net)
                      0.062211    0.000000    0.039909 ^ clkbuf_0_clk/A (sky130_fd_sc_hd__clkbuf_16)
     4    0.036344    0.056588    0.138316    0.178225 ^ clkbuf_0_clk/X (sky130_fd_sc_hd__clkbuf_16)
                                                         clknet_0_clk (net)
                      0.056588    0.000142    0.178367 ^ clkbuf_2_0__f_clk/A (sky130_fd_sc_hd__clkbuf_16)
     9    0.021369    0.043022    0.124469    0.302836 ^ clkbuf_2_0__f_clk/X (sky130_fd_sc_hd__clkbuf_16)
                                                         clknet_2_0__leaf_clk (net)
                      0.043023    0.000078    0.302914 ^ _755_/CLK (sky130_fd_sc_hd__dfxtp_2)
     6    0.018359    0.055182    0.321489    0.624403 v _755_/Q (sky130_fd_sc_hd__dfxtp_2)
                                                         net23 (net)
                      0.055182    0.000089    0.624492 v _731_/A_N (sky130_fd_sc_hd__and3b_2)
     1    0.002115    0.039809    0.206158    0.830651 ^ _731_/X (sky130_fd_sc_hd__and3b_2)
                                                         _018_ (net)
                      0.039809    0.000005    0.830656 ^ _754_/D (sky130_fd_sc_hd__dfxtp_2)
                                              0.830656   data arrival time

                                  0.000000    0.000000   clock clk (rise edge)
                                  0.000000    0.000000   clock source latency
     1    0.012454    0.062209    0.044110    0.044110 ^ clk (in)
                                                         clk (net)
                      0.062211    0.000000    0.044110 ^ clkbuf_0_clk/A (sky130_fd_sc_hd__clkbuf_16)
     4    0.036344    0.056588    0.152876    0.196986 ^ clkbuf_0_clk/X (sky130_fd_sc_hd__clkbuf_16)
                                                         clknet_0_clk (net)
                      0.056588    0.000119    0.197105 ^ clkbuf_2_1__f_clk/A (sky130_fd_sc_hd__clkbuf_16)
     9    0.020919    0.042636    0.137115    0.334220 ^ clkbuf_2_1__f_clk/X (sky130_fd_sc_hd__clkbuf_16)
                                                         clknet_2_1__leaf_clk (net)
                      0.042636    0.000074    0.334294 ^ _754_/CLK (sky130_fd_sc_hd__dfxtp_2)
                                  0.250000    0.584294   clock uncertainty
                                 -0.018761    0.565533   clock reconvergence pessimism
                                 -0.030425    0.535108   library hold time
                                              0.535108   data required time
---------------------------------------------------------------------------------------------
                                              0.535108   data required time
                                             -0.830656   data arrival time
---------------------------------------------------------------------------------------------
                                              0.295548   slack (MET)


Startpoint: _762_ (rising edge-triggered flip-flop clocked by clk)
Endpoint: _766_ (rising edge-triggered flip-flop clocked by clk)
Path Group: clk
Path Type: min

Fanout         Cap        Slew       Delay        Time   Description
---------------------------------------------------------------------------------------------
                                  0.000000    0.000000   clock clk (rise edge)
                                  0.000000    0.000000   clock source latency
     1    0.012454    0.062209    0.039909    0.039909 ^ clk (in)
                                                         clk (net)
                      0.062211    0.000000    0.039909 ^ clkbuf_0_clk/A (sky130_fd_sc_hd__clkbuf_16)
     4    0.036344    0.056588    0.138316    0.178225 ^ clkbuf_0_clk/X (sky130_fd_sc_hd__clkbuf_16)
                                                         clknet_0_clk (net)
                      0.056588    0.000110    0.178335 ^ clkbuf_2_3__f_clk/A (sky130_fd_sc_hd__clkbuf_16)
     9    0.021622    0.043243    0.124708    0.303042 ^ clkbuf_2_3__f_clk/X (sky130_fd_sc_hd__clkbuf_16)
                                                         clknet_2_3__leaf_clk (net)
                      0.043243    0.000048    0.303091 ^ _762_/CLK (sky130_fd_sc_hd__dfxtp_2)
    10    0.028442    0.076654    0.339647    0.642737 v _762_/Q (sky130_fd_sc_hd__dfxtp_2)
                                                         diagnostic.x2[1] (net)
                      0.076654    0.000069    0.642806 v _745_/A (sky130_fd_sc_hd__and2_2)
     1    0.002118    0.033171    0.164416    0.807223 v _745_/X (sky130_fd_sc_hd__and2_2)
                                                         _030_ (net)
                      0.033171    0.000005    0.807228 v _766_/D (sky130_fd_sc_hd__dfxtp_2)
                                              0.807228   data arrival time

                                  0.000000    0.000000   clock clk (rise edge)
                                  0.000000    0.000000   clock source latency
     1    0.012454    0.062209    0.044110    0.044110 ^ clk (in)
                                                         clk (net)
                      0.062211    0.000000    0.044110 ^ clkbuf_0_clk/A (sky130_fd_sc_hd__clkbuf_16)
     4    0.036344    0.056588    0.152876    0.196986 ^ clkbuf_0_clk/X (sky130_fd_sc_hd__clkbuf_16)
                                                         clknet_0_clk (net)
                      0.056588    0.000121    0.197107 ^ clkbuf_2_3__f_clk/A (sky130_fd_sc_hd__clkbuf_16)
     9    0.021622    0.043243    0.137835    0.334942 ^ clkbuf_2_3__f_clk/X (sky130_fd_sc_hd__clkbuf_16)
                                                         clknet_2_3__leaf_clk (net)
                      0.043243    0.000010    0.334951 ^ _766_/CLK (sky130_fd_sc_hd__dfxtp_2)
                                  0.250000    0.584952   clock uncertainty
                                 -0.031899    0.553052   clock reconvergence pessimism
                                 -0.041591    0.511461   library hold time
                                              0.511461   data required time
---------------------------------------------------------------------------------------------
                                              0.511461   data required time
                                             -0.807228   data arrival time
---------------------------------------------------------------------------------------------
                                              0.295767   slack (MET)


Startpoint: _758_ (rising edge-triggered flip-flop clocked by clk)
Endpoint: _762_ (rising edge-triggered flip-flop clocked by clk)
Path Group: clk
Path Type: min

Fanout         Cap        Slew       Delay        Time   Description
---------------------------------------------------------------------------------------------
                                  0.000000    0.000000   clock clk (rise edge)
                                  0.000000    0.000000   clock source latency
     1    0.012454    0.062209    0.039909    0.039909 ^ clk (in)
                                                         clk (net)
                      0.062211    0.000000    0.039909 ^ clkbuf_0_clk/A (sky130_fd_sc_hd__clkbuf_16)
     4    0.036344    0.056588    0.138316    0.178225 ^ clkbuf_0_clk/X (sky130_fd_sc_hd__clkbuf_16)
                                                         clknet_0_clk (net)
                      0.056588    0.000108    0.178333 ^ clkbuf_2_1__f_clk/A (sky130_fd_sc_hd__clkbuf_16)
     9    0.020919    0.042636    0.124056    0.302389 ^ clkbuf_2_1__f_clk/X (sky130_fd_sc_hd__clkbuf_16)
                                                         clknet_2_1__leaf_clk (net)
                      0.042636    0.000038    0.302427 ^ _758_/CLK (sky130_fd_sc_hd__dfxtp_2)
    10    0.033507    0.087735    0.348344    0.650771 v _758_/Q (sky130_fd_sc_hd__dfxtp_2)
                                                         diagnostic.x1[1] (net)
                      0.087735    0.000026    0.650797 v _741_/A (sky130_fd_sc_hd__and2_2)
     1    0.002565    0.033828    0.170980    0.821777 v _741_/X (sky130_fd_sc_hd__and2_2)
                                                         _026_ (net)
                      0.033828    0.000010    0.821787 v _762_/D (sky130_fd_sc_hd__dfxtp_2)
                                              0.821787   data arrival time

                                  0.000000    0.000000   clock clk (rise edge)
                                  0.000000    0.000000   clock source latency
     1    0.012454    0.062209    0.044110    0.044110 ^ clk (in)
                                                         clk (net)
                      0.062211    0.000000    0.044110 ^ clkbuf_0_clk/A (sky130_fd_sc_hd__clkbuf_16)
     4    0.036344    0.056588    0.152876    0.196986 ^ clkbuf_0_clk/X (sky130_fd_sc_hd__clkbuf_16)
                                                         clknet_0_clk (net)
                      0.056588    0.000121    0.197107 ^ clkbuf_2_3__f_clk/A (sky130_fd_sc_hd__clkbuf_16)
     9    0.021622    0.043243    0.137835    0.334942 ^ clkbuf_2_3__f_clk/X (sky130_fd_sc_hd__clkbuf_16)
                                                         clknet_2_3__leaf_clk (net)
                      0.043243    0.000053    0.334995 ^ _762_/CLK (sky130_fd_sc_hd__dfxtp_2)
                                  0.250000    0.584995   clock uncertainty
                                 -0.018761    0.566234   clock reconvergence pessimism
                                 -0.041861    0.524373   library hold time
                                              0.524373   data required time
---------------------------------------------------------------------------------------------
                                              0.524373   data required time
                                             -0.821787   data arrival time
---------------------------------------------------------------------------------------------
                                              0.297413   slack (MET)


Startpoint: _753_ (rising edge-triggered flip-flop clocked by clk)
Endpoint: _759_ (rising edge-triggered flip-flop clocked by clk)
Path Group: clk
Path Type: min

Fanout         Cap        Slew       Delay        Time   Description
---------------------------------------------------------------------------------------------
                                  0.000000    0.000000   clock clk (rise edge)
                                  0.000000    0.000000   clock source latency
     1    0.012454    0.062209    0.039909    0.039909 ^ clk (in)
                                                         clk (net)
                      0.062211    0.000000    0.039909 ^ clkbuf_0_clk/A (sky130_fd_sc_hd__clkbuf_16)
     4    0.036344    0.056588    0.138316    0.178225 ^ clkbuf_0_clk/X (sky130_fd_sc_hd__clkbuf_16)
                                                         clknet_0_clk (net)
                      0.056588    0.000108    0.178333 ^ clkbuf_2_1__f_clk/A (sky130_fd_sc_hd__clkbuf_16)
     9    0.020919    0.042636    0.124056    0.302389 ^ clkbuf_2_1__f_clk/X (sky130_fd_sc_hd__clkbuf_16)
                                                         clknet_2_1__leaf_clk (net)
                      0.042636    0.000070    0.302459 ^ _753_/CLK (sky130_fd_sc_hd__dfxtp_2)
     9    0.028964    0.077814    0.340315    0.642774 v _753_/Q (sky130_fd_sc_hd__dfxtp_2)
                                                         diagnostic.x0[2] (net)
                      0.077814    0.000042    0.642816 v _738_/A (sky130_fd_sc_hd__and2_2)
     1    0.002288    0.033155    0.165617    0.808433 v _738_/X (sky130_fd_sc_hd__and2_2)
                                                         _023_ (net)
                      0.033155    0.000007    0.808440 v _759_/D (sky130_fd_sc_hd__dfxtp_2)
                                              0.808440   data arrival time

                                  0.000000    0.000000   clock clk (rise edge)
                                  0.000000    0.000000   clock source latency
     1    0.012454    0.062209    0.044110    0.044110 ^ clk (in)
                                                         clk (net)
                      0.062211    0.000000    0.044110 ^ clkbuf_0_clk/A (sky130_fd_sc_hd__clkbuf_16)
     4    0.036344    0.056588    0.152876    0.196986 ^ clkbuf_0_clk/X (sky130_fd_sc_hd__clkbuf_16)
                                                         clknet_0_clk (net)
                      0.056588    0.000119    0.197105 ^ clkbuf_2_1__f_clk/A (sky130_fd_sc_hd__clkbuf_16)
     9    0.020919    0.042636    0.137115    0.334220 ^ clkbuf_2_1__f_clk/X (sky130_fd_sc_hd__clkbuf_16)
                                                         clknet_2_1__leaf_clk (net)
                      0.042636    0.000047    0.334267 ^ _759_/CLK (sky130_fd_sc_hd__dfxtp_2)
                                  0.250000    0.584267   clock uncertainty
                                 -0.031830    0.552437   clock reconvergence pessimism
                                 -0.041720    0.510716   library hold time
                                              0.510716   data required time
---------------------------------------------------------------------------------------------
                                              0.510716   data required time
                                             -0.808440   data arrival time
---------------------------------------------------------------------------------------------
                                              0.297723   slack (MET)


Startpoint: _751_ (rising edge-triggered flip-flop clocked by clk)
Endpoint: _757_ (rising edge-triggered flip-flop clocked by clk)
Path Group: clk
Path Type: min

Fanout         Cap        Slew       Delay        Time   Description
---------------------------------------------------------------------------------------------
                                  0.000000    0.000000   clock clk (rise edge)
                                  0.000000    0.000000   clock source latency
     1    0.012454    0.062209    0.039909    0.039909 ^ clk (in)
                                                         clk (net)
                      0.062211    0.000000    0.039909 ^ clkbuf_0_clk/A (sky130_fd_sc_hd__clkbuf_16)
     4    0.036344    0.056588    0.138316    0.178225 ^ clkbuf_0_clk/X (sky130_fd_sc_hd__clkbuf_16)
                                                         clknet_0_clk (net)
                      0.056588    0.000108    0.178333 ^ clkbuf_2_1__f_clk/A (sky130_fd_sc_hd__clkbuf_16)
     9    0.020919    0.042636    0.124056    0.302389 ^ clkbuf_2_1__f_clk/X (sky130_fd_sc_hd__clkbuf_16)
                                                         clknet_2_1__leaf_clk (net)
                      0.042636    0.000054    0.302444 ^ _751_/CLK (sky130_fd_sc_hd__dfxtp_2)
     9    0.029587    0.079197    0.341374    0.643818 v _751_/Q (sky130_fd_sc_hd__dfxtp_2)
                                                         diagnostic.x0[0] (net)
                      0.079197    0.000145    0.643963 v _736_/A (sky130_fd_sc_hd__and2_2)
     1    0.001953    0.032706    0.164795    0.808758 v _736_/X (sky130_fd_sc_hd__and2_2)
                                                         _021_ (net)
                      0.032706    0.000003    0.808761 v _757_/D (sky130_fd_sc_hd__dfxtp_2)
                                              0.808761   data arrival time

                                  0.000000    0.000000   clock clk (rise edge)
                                  0.000000    0.000000   clock source latency
     1    0.012454    0.062209    0.044110    0.044110 ^ clk (in)
                                                         clk (net)
                      0.062211    0.000000    0.044110 ^ clkbuf_0_clk/A (sky130_fd_sc_hd__clkbuf_16)
     4    0.036344    0.056588    0.152876    0.196986 ^ clkbuf_0_clk/X (sky130_fd_sc_hd__clkbuf_16)
                                                         clknet_0_clk (net)
                      0.056588    0.000119    0.197105 ^ clkbuf_2_1__f_clk/A (sky130_fd_sc_hd__clkbuf_16)
     9    0.020919    0.042636    0.137115    0.334220 ^ clkbuf_2_1__f_clk/X (sky130_fd_sc_hd__clkbuf_16)
                                                         clknet_2_1__leaf_clk (net)
                      0.042636    0.000043    0.334263 ^ _757_/CLK (sky130_fd_sc_hd__dfxtp_2)
                                  0.250000    0.584263   clock uncertainty
                                 -0.031830    0.552433   clock reconvergence pessimism
                                 -0.041536    0.510896   library hold time
                                              0.510896   data required time
---------------------------------------------------------------------------------------------
                                              0.510896   data required time
                                             -0.808761   data arrival time
---------------------------------------------------------------------------------------------
                                              0.297865   slack (MET)


Startpoint: _752_ (rising edge-triggered flip-flop clocked by clk)
Endpoint: _758_ (rising edge-triggered flip-flop clocked by clk)
Path Group: clk
Path Type: min

Fanout         Cap        Slew       Delay        Time   Description
---------------------------------------------------------------------------------------------
                                  0.000000    0.000000   clock clk (rise edge)
                                  0.000000    0.000000   clock source latency
     1    0.012454    0.062209    0.039909    0.039909 ^ clk (in)
                                                         clk (net)
                      0.062211    0.000000    0.039909 ^ clkbuf_0_clk/A (sky130_fd_sc_hd__clkbuf_16)
     4    0.036344    0.056588    0.138316    0.178225 ^ clkbuf_0_clk/X (sky130_fd_sc_hd__clkbuf_16)
                                                         clknet_0_clk (net)
                      0.056588    0.000108    0.178333 ^ clkbuf_2_1__f_clk/A (sky130_fd_sc_hd__clkbuf_16)
     9    0.020919    0.042636    0.124056    0.302389 ^ clkbuf_2_1__f_clk/X (sky130_fd_sc_hd__clkbuf_16)
                                                         clknet_2_1__leaf_clk (net)
                      0.042636    0.000069    0.302459 ^ _752_/CLK (sky130_fd_sc_hd__dfxtp_2)
     9    0.030520    0.081234    0.343015    0.645474 v _752_/Q (sky130_fd_sc_hd__dfxtp_2)
                                                         diagnostic.x0[1] (net)
                      0.081234    0.000030    0.645504 v _737_/A (sky130_fd_sc_hd__and2_2)
     1    0.001882    0.032510    0.165362    0.810866 v _737_/X (sky130_fd_sc_hd__and2_2)
                                                         _022_ (net)
                      0.032510    0.000001    0.810868 v _758_/D (sky130_fd_sc_hd__dfxtp_2)
                                              0.810868   data arrival time

                                  0.000000    0.000000   clock clk (rise edge)
                                  0.000000    0.000000   clock source latency
     1    0.012454    0.062209    0.044110    0.044110 ^ clk (in)
                                                         clk (net)
                      0.062211    0.000000    0.044110 ^ clkbuf_0_clk/A (sky130_fd_sc_hd__clkbuf_16)
     4    0.036344    0.056588    0.152876    0.196986 ^ clkbuf_0_clk/X (sky130_fd_sc_hd__clkbuf_16)
                                                         clknet_0_clk (net)
                      0.056588    0.000119    0.197105 ^ clkbuf_2_1__f_clk/A (sky130_fd_sc_hd__clkbuf_16)
     9    0.020919    0.042636    0.137115    0.334220 ^ clkbuf_2_1__f_clk/X (sky130_fd_sc_hd__clkbuf_16)
                                                         clknet_2_1__leaf_clk (net)
                      0.042636    0.000042    0.334262 ^ _758_/CLK (sky130_fd_sc_hd__dfxtp_2)
                                  0.250000    0.584262   clock uncertainty
                                 -0.031830    0.552431   clock reconvergence pessimism
                                 -0.041456    0.510975   library hold time
                                              0.510975   data required time
---------------------------------------------------------------------------------------------
                                              0.510975   data required time
                                             -0.810868   data arrival time
---------------------------------------------------------------------------------------------
                                              0.299892   slack (MET)


Startpoint: _769_ (rising edge-triggered flip-flop clocked by clk)
Endpoint: _775_ (rising edge-triggered flip-flop clocked by clk)
Path Group: clk
Path Type: min

Fanout         Cap        Slew       Delay        Time   Description
---------------------------------------------------------------------------------------------
                                  0.000000    0.000000   clock clk (rise edge)
                                  0.000000    0.000000   clock source latency
     1    0.012454    0.062209    0.039909    0.039909 ^ clk (in)
                                                         clk (net)
                      0.062211    0.000000    0.039909 ^ clkbuf_0_clk/A (sky130_fd_sc_hd__clkbuf_16)
     4    0.036344    0.056588    0.138316    0.178225 ^ clkbuf_0_clk/X (sky130_fd_sc_hd__clkbuf_16)
                                                         clknet_0_clk (net)
                      0.056588    0.000142    0.178367 ^ clkbuf_2_0__f_clk/A (sky130_fd_sc_hd__clkbuf_16)
     9    0.021369    0.043022    0.124469    0.302836 ^ clkbuf_2_0__f_clk/X (sky130_fd_sc_hd__clkbuf_16)
                                                         clknet_2_0__leaf_clk (net)
                      0.043022    0.000048    0.302884 ^ _769_/CLK (sky130_fd_sc_hd__dfxtp_2)
     2    0.004870    0.040068    0.296364    0.599248 ^ _769_/Q (sky130_fd_sc_hd__dfxtp_2)
                                                         controller.state[0] (net)
                      0.040068    0.000004    0.599252 ^ _711_/B (sky130_fd_sc_hd__and2_2)
     2    0.004633    0.045067    0.128351    0.727603 ^ _711_/X (sky130_fd_sc_hd__and2_2)
                                                         _358_ (net)
                      0.045067    0.000017    0.727620 ^ _712_/B (sky130_fd_sc_hd__and2_2)
     1    0.002494    0.035470    0.119732    0.847352 ^ _712_/X (sky130_fd_sc_hd__and2_2)
                                                         _005_ (net)
                      0.035470    0.000010    0.847362 ^ _775_/D (sky130_fd_sc_hd__dfxtp_2)
                                              0.847362   data arrival time

                                  0.000000    0.000000   clock clk (rise edge)
                                  0.000000    0.000000   clock source latency
     1    0.012454    0.062209    0.044110    0.044110 ^ clk (in)
                                                         clk (net)
                      0.062211    0.000000    0.044110 ^ clkbuf_0_clk/A (sky130_fd_sc_hd__clkbuf_16)
     4    0.036344    0.056588    0.152876    0.196986 ^ clkbuf_0_clk/X (sky130_fd_sc_hd__clkbuf_16)
                                                         clknet_0_clk (net)
                      0.056588    0.000157    0.197143 ^ clkbuf_2_0__f_clk/A (sky130_fd_sc_hd__clkbuf_16)
     9    0.021369    0.043022    0.137571    0.334714 ^ clkbuf_2_0__f_clk/X (sky130_fd_sc_hd__clkbuf_16)
                                                         clknet_2_0__leaf_clk (net)
                      0.043022    0.000073    0.334787 ^ _775_/CLK (sky130_fd_sc_hd__dfxtp_2)
                                  0.250000    0.584787   clock uncertainty
                                 -0.031877    0.552910   clock reconvergence pessimism
                                 -0.029475    0.523434   library hold time
                                              0.523434   data required time
---------------------------------------------------------------------------------------------
                                              0.523434   data required time
                                             -0.847362   data arrival time
---------------------------------------------------------------------------------------------
                                              0.323928   slack (MET)


Startpoint: _755_ (rising edge-triggered flip-flop clocked by clk)
Endpoint: _755_ (rising edge-triggered flip-flop clocked by clk)
Path Group: clk
Path Type: min

Fanout         Cap        Slew       Delay        Time   Description
---------------------------------------------------------------------------------------------
                                  0.000000    0.000000   clock clk (rise edge)
                                  0.000000    0.000000   clock source latency
     1    0.012454    0.062209    0.039909    0.039909 ^ clk (in)
                                                         clk (net)
                      0.062211    0.000000    0.039909 ^ clkbuf_0_clk/A (sky130_fd_sc_hd__clkbuf_16)
     4    0.036344    0.056588    0.138316    0.178225 ^ clkbuf_0_clk/X (sky130_fd_sc_hd__clkbuf_16)
                                                         clknet_0_clk (net)
                      0.056588    0.000142    0.178367 ^ clkbuf_2_0__f_clk/A (sky130_fd_sc_hd__clkbuf_16)
     9    0.021369    0.043022    0.124469    0.302836 ^ clkbuf_2_0__f_clk/X (sky130_fd_sc_hd__clkbuf_16)
                                                         clknet_2_0__leaf_clk (net)
                      0.043023    0.000078    0.302914 ^ _755_/CLK (sky130_fd_sc_hd__dfxtp_2)
     6    0.019531    0.106029    0.346564    0.649478 ^ _755_/Q (sky130_fd_sc_hd__dfxtp_2)
                                                         net23 (net)
                      0.106029    0.000005    0.649483 ^ _733_/A1 (sky130_fd_sc_hd__mux2_1)
     1    0.001698    0.034084    0.122722    0.772206 ^ _733_/X (sky130_fd_sc_hd__mux2_1)
                                                         _366_ (net)
                      0.034084    0.000000    0.772207 ^ _734_/B (sky130_fd_sc_hd__and2_2)
     1    0.001906    0.033427    0.113705    0.885912 ^ _734_/X (sky130_fd_sc_hd__and2_2)
                                                         _019_ (net)
                      0.033427    0.000003    0.885915 ^ _755_/D (sky130_fd_sc_hd__dfxtp_2)
                                              0.885915   data arrival time

                                  0.000000    0.000000   clock clk (rise edge)
                                  0.000000    0.000000   clock source latency
     1    0.012454    0.062209    0.044110    0.044110 ^ clk (in)
                                                         clk (net)
                      0.062211    0.000000    0.044110 ^ clkbuf_0_clk/A (sky130_fd_sc_hd__clkbuf_16)
     4    0.036344    0.056588    0.152876    0.196986 ^ clkbuf_0_clk/X (sky130_fd_sc_hd__clkbuf_16)
                                                         clknet_0_clk (net)
                      0.056588    0.000157    0.197143 ^ clkbuf_2_0__f_clk/A (sky130_fd_sc_hd__clkbuf_16)
     9    0.021369    0.043022    0.137571    0.334714 ^ clkbuf_2_0__f_clk/X (sky130_fd_sc_hd__clkbuf_16)
                                                         clknet_2_0__leaf_clk (net)
                      0.043023    0.000086    0.334800 ^ _755_/CLK (sky130_fd_sc_hd__dfxtp_2)
                                  0.250000    0.584800   clock uncertainty
                                 -0.031886    0.552914   clock reconvergence pessimism
                                 -0.029052    0.523862   library hold time
                                              0.523862   data required time
---------------------------------------------------------------------------------------------
                                              0.523862   data required time
                                             -0.885915   data arrival time
---------------------------------------------------------------------------------------------
                                              0.362053   slack (MET)


Startpoint: _756_ (rising edge-triggered flip-flop clocked by clk)
Endpoint: diag_done (output port clocked by clk)
Path Group: clk
Path Type: min

Fanout         Cap        Slew       Delay        Time   Description
---------------------------------------------------------------------------------------------
                                  0.000000    0.000000   clock clk (rise edge)
                                  0.000000    0.000000   clock source latency
     1    0.012454    0.062209    0.039909    0.039909 ^ clk (in)
                                                         clk (net)
                      0.062211    0.000000    0.039909 ^ clkbuf_0_clk/A (sky130_fd_sc_hd__clkbuf_16)
     4    0.036344    0.056588    0.138316    0.178225 ^ clkbuf_0_clk/X (sky130_fd_sc_hd__clkbuf_16)
                                                         clknet_0_clk (net)
                      0.056588    0.000129    0.178354 ^ clkbuf_2_2__f_clk/A (sky130_fd_sc_hd__clkbuf_16)
     9    0.021730    0.043338    0.124804    0.303158 ^ clkbuf_2_2__f_clk/X (sky130_fd_sc_hd__clkbuf_16)
                                                         clknet_2_2__leaf_clk (net)
                      0.043338    0.000017    0.303175 ^ _756_/CLK (sky130_fd_sc_hd__dfxtp_2)
     1    0.002404    0.022448    0.284745    0.587920 v _756_/Q (sky130_fd_sc_hd__dfxtp_2)
                                                         net24 (net)
                      0.022448    0.000004    0.587924 v output24/A (sky130_fd_sc_hd__clkdlybuf4s25_1)
     1    0.034469    0.256377    0.385794    0.973718 v output24/X (sky130_fd_sc_hd__clkdlybuf4s25_1)
                                                         diag_done (net)
                      0.256377    0.000217    0.973934 v diag_done (out)
                                              0.973934   data arrival time

                                  0.000000    0.000000   clock clk (rise edge)
                                  0.000000    0.000000   clock network delay (propagated)
                                  0.250000    0.250000   clock uncertainty
                                  0.000000    0.250000   clock reconvergence pessimism
                                 -2.000000   -1.750000   output external delay
                                             -1.750000   data required time
---------------------------------------------------------------------------------------------
                                             -1.750000   data required time
                                             -0.973934   data arrival time
---------------------------------------------------------------------------------------------
                                              2.723934   slack (MET)


Startpoint: _755_ (rising edge-triggered flip-flop clocked by clk)
Endpoint: diag_busy (output port clocked by clk)
Path Group: clk
Path Type: min

Fanout         Cap        Slew       Delay        Time   Description
---------------------------------------------------------------------------------------------
                                  0.000000    0.000000   clock clk (rise edge)
                                  0.000000    0.000000   clock source latency
     1    0.012454    0.062209    0.039909    0.039909 ^ clk (in)
                                                         clk (net)
                      0.062211    0.000000    0.039909 ^ clkbuf_0_clk/A (sky130_fd_sc_hd__clkbuf_16)
     4    0.036344    0.056588    0.138316    0.178225 ^ clkbuf_0_clk/X (sky130_fd_sc_hd__clkbuf_16)
                                                         clknet_0_clk (net)
                      0.056588    0.000142    0.178367 ^ clkbuf_2_0__f_clk/A (sky130_fd_sc_hd__clkbuf_16)
     9    0.021369    0.043022    0.124469    0.302836 ^ clkbuf_2_0__f_clk/X (sky130_fd_sc_hd__clkbuf_16)
                                                         clknet_2_0__leaf_clk (net)
                      0.043023    0.000078    0.302914 ^ _755_/CLK (sky130_fd_sc_hd__dfxtp_2)
     6    0.018359    0.055182    0.321489    0.624403 v _755_/Q (sky130_fd_sc_hd__dfxtp_2)
                                                         net23 (net)
                      0.055182    0.000102    0.624504 v output23/A (sky130_fd_sc_hd__clkdlybuf4s25_1)
     1    0.034862    0.259532    0.401087    1.025591 v output23/X (sky130_fd_sc_hd__clkdlybuf4s25_1)
                                                         diag_busy (net)
                      0.259532    0.000262    1.025854 v diag_busy (out)
                                              1.025854   data arrival time

                                  0.000000    0.000000   clock clk (rise edge)
                                  0.000000    0.000000   clock network delay (propagated)
                                  0.250000    0.250000   clock uncertainty
                                  0.000000    0.250000   clock reconvergence pessimism
                                 -2.000000   -1.750000   output external delay
                                             -1.750000   data required time
---------------------------------------------------------------------------------------------
                                             -1.750000   data required time
                                             -1.025854   data arrival time
---------------------------------------------------------------------------------------------
                                              2.775854   slack (MET)


Startpoint: _761_ (rising edge-triggered flip-flop clocked by clk)
Endpoint: y[0] (output port clocked by clk)
Path Group: clk
Path Type: min

Fanout         Cap        Slew       Delay        Time   Description
---------------------------------------------------------------------------------------------
                                  0.000000    0.000000   clock clk (rise edge)
                                  0.000000    0.000000   clock source latency
     1    0.012454    0.062209    0.039909    0.039909 ^ clk (in)
                                                         clk (net)
                      0.062211    0.000000    0.039909 ^ clkbuf_0_clk/A (sky130_fd_sc_hd__clkbuf_16)
     4    0.036344    0.056588    0.138316    0.178225 ^ clkbuf_0_clk/X (sky130_fd_sc_hd__clkbuf_16)
                                                         clknet_0_clk (net)
                      0.056588    0.000110    0.178335 ^ clkbuf_2_3__f_clk/A (sky130_fd_sc_hd__clkbuf_16)
     9    0.021622    0.043243    0.124708    0.303042 ^ clkbuf_2_3__f_clk/X (sky130_fd_sc_hd__clkbuf_16)
                                                         clknet_2_3__leaf_clk (net)
                      0.043243    0.000042    0.303085 ^ _761_/CLK (sky130_fd_sc_hd__dfxtp_2)
     8    0.025450    0.070218    0.334278    0.637362 v _761_/Q (sky130_fd_sc_hd__dfxtp_2)
                                                         diagnostic.x2[0] (net)
                      0.070218    0.000097    0.637459 v _702_/A2 (sky130_fd_sc_hd__a21oi_2)
     1    0.004998    0.101652    0.141214    0.778673 ^ _702_/Y (sky130_fd_sc_hd__a21oi_2)
                                                         _357_ (net)
                      0.101652    0.000005    0.778678 ^ _703_/B (sky130_fd_sc_hd__nor2_2)
     1    0.003912    0.027128    0.040002    0.818681 v _703_/Y (sky130_fd_sc_hd__nor2_2)
                                                         net25 (net)
                      0.027128    0.000034    0.818715 v output25/A (sky130_fd_sc_hd__clkdlybuf4s25_1)
     1    0.034643    0.257667    0.388528    1.207243 v output25/X (sky130_fd_sc_hd__clkdlybuf4s25_1)
                                                         y[0] (net)
                      0.257667    0.000261    1.207504 v y[0] (out)
                                              1.207504   data arrival time

                                  0.000000    0.000000   clock clk (rise edge)
                                  0.000000    0.000000   clock network delay (propagated)
                                  0.250000    0.250000   clock uncertainty
                                  0.000000    0.250000   clock reconvergence pessimism
                                 -2.000000   -1.750000   output external delay
                                             -1.750000   data required time
---------------------------------------------------------------------------------------------
                                             -1.750000   data required time
                                             -1.207504   data arrival time
---------------------------------------------------------------------------------------------
                                              2.957504   slack (MET)


Startpoint: _765_ (rising edge-triggered flip-flop clocked by clk)
Endpoint: y[1] (output port clocked by clk)
Path Group: clk
Path Type: min

Fanout         Cap        Slew       Delay        Time   Description
---------------------------------------------------------------------------------------------
                                  0.000000    0.000000   clock clk (rise edge)
                                  0.000000    0.000000   clock source latency
     1    0.012454    0.062209    0.039909    0.039909 ^ clk (in)
                                                         clk (net)
                      0.062211    0.000000    0.039909 ^ clkbuf_0_clk/A (sky130_fd_sc_hd__clkbuf_16)
     4    0.036344    0.056588    0.138316    0.178225 ^ clkbuf_0_clk/X (sky130_fd_sc_hd__clkbuf_16)
                                                         clknet_0_clk (net)
                      0.056588    0.000110    0.178335 ^ clkbuf_2_3__f_clk/A (sky130_fd_sc_hd__clkbuf_16)
     9    0.021622    0.043243    0.124708    0.303042 ^ clkbuf_2_3__f_clk/X (sky130_fd_sc_hd__clkbuf_16)
                                                         clknet_2_3__leaf_clk (net)
                      0.043243    0.000013    0.303055 ^ _765_/CLK (sky130_fd_sc_hd__dfxtp_2)
     6    0.024246    0.128685    0.362109    0.665164 ^ _765_/Q (sky130_fd_sc_hd__dfxtp_2)
                                                         diagnostic.x3[0] (net)
                      0.128685    0.000094    0.665259 ^ _447_/A2 (sky130_fd_sc_hd__a31oi_2)
     2    0.011901    0.045231    0.129199    0.794458 v _447_/Y (sky130_fd_sc_hd__a31oi_2)
                                                         _109_ (net)
                      0.045231    0.000096    0.794555 v _704_/B (sky130_fd_sc_hd__xnor2_2)
     1    0.002315    0.031429    0.112179    0.906734 v _704_/Y (sky130_fd_sc_hd__xnor2_2)
                                                         net26 (net)
                      0.031429    0.000003    0.906737 v output26/A (sky130_fd_sc_hd__clkdlybuf4s25_1)
     1    0.034492    0.256613    0.389590    1.296327 v output26/X (sky130_fd_sc_hd__clkdlybuf4s25_1)
                                                         y[1] (net)
                      0.256613    0.000178    1.296504 v y[1] (out)
                                              1.296504   data arrival time

                                  0.000000    0.000000   clock clk (rise edge)
                                  0.000000    0.000000   clock network delay (propagated)
                                  0.250000    0.250000   clock uncertainty
                                  0.000000    0.250000   clock reconvergence pessimism
                                 -2.000000   -1.750000   output external delay
                                             -1.750000   data required time
---------------------------------------------------------------------------------------------
                                             -1.750000   data required time
                                             -1.296504   data arrival time
---------------------------------------------------------------------------------------------
                                              3.046504   slack (MET)


Startpoint: _765_ (rising edge-triggered flip-flop clocked by clk)
Endpoint: y[2] (output port clocked by clk)
Path Group: clk
Path Type: min

Fanout         Cap        Slew       Delay        Time   Description
---------------------------------------------------------------------------------------------
                                  0.000000    0.000000   clock clk (rise edge)
                                  0.000000    0.000000   clock source latency
     1    0.012454    0.062209    0.039909    0.039909 ^ clk (in)
                                                         clk (net)
                      0.062211    0.000000    0.039909 ^ clkbuf_0_clk/A (sky130_fd_sc_hd__clkbuf_16)
     4    0.036344    0.056588    0.138316    0.178225 ^ clkbuf_0_clk/X (sky130_fd_sc_hd__clkbuf_16)
                                                         clknet_0_clk (net)
                      0.056588    0.000110    0.178335 ^ clkbuf_2_3__f_clk/A (sky130_fd_sc_hd__clkbuf_16)
     9    0.021622    0.043243    0.124708    0.303042 ^ clkbuf_2_3__f_clk/X (sky130_fd_sc_hd__clkbuf_16)
                                                         clknet_2_3__leaf_clk (net)
                      0.043243    0.000013    0.303055 ^ _765_/CLK (sky130_fd_sc_hd__dfxtp_2)
     6    0.024246    0.128685    0.362109    0.665164 ^ _765_/Q (sky130_fd_sc_hd__dfxtp_2)
                                                         diagnostic.x3[0] (net)
                      0.128685    0.000094    0.665259 ^ _447_/A2 (sky130_fd_sc_hd__a31oi_2)
     2    0.011901    0.045231    0.129199    0.794458 v _447_/Y (sky130_fd_sc_hd__a31oi_2)
                                                         _109_ (net)
                      0.045231    0.000082    0.794540 v _448_/A_N (sky130_fd_sc_hd__and2b_2)
     2    0.011537    0.074863    0.223364    1.017904 ^ _448_/X (sky130_fd_sc_hd__and2b_2)
                                                         _110_ (net)
                      0.074863    0.000031    1.017935 ^ _449_/B (sky130_fd_sc_hd__xnor2_2)
     1    0.002443    0.028830    0.052338    1.070273 v _449_/Y (sky130_fd_sc_hd__xnor2_2)
                                                         net27 (net)
                      0.028830    0.000004    1.070278 v output27/A (sky130_fd_sc_hd__clkdlybuf4s25_1)
     1    0.034583    0.257222    0.389001    1.459278 v output27/X (sky130_fd_sc_hd__clkdlybuf4s25_1)
                                                         y[2] (net)
                      0.257222    0.000158    1.459437 v y[2] (out)
                                              1.459437   data arrival time

                                  0.000000    0.000000   clock clk (rise edge)
                                  0.000000    0.000000   clock network delay (propagated)
                                  0.250000    0.250000   clock uncertainty
                                  0.000000    0.250000   clock reconvergence pessimism
                                 -2.000000   -1.750000   output external delay
                                             -1.750000   data required time
---------------------------------------------------------------------------------------------
                                             -1.750000   data required time
                                             -1.459437   data arrival time
---------------------------------------------------------------------------------------------
                                              3.209436   slack (MET)


Startpoint: _765_ (rising edge-triggered flip-flop clocked by clk)
Endpoint: y[3] (output port clocked by clk)
Path Group: clk
Path Type: min

Fanout         Cap        Slew       Delay        Time   Description
---------------------------------------------------------------------------------------------
                                  0.000000    0.000000   clock clk (rise edge)
                                  0.000000    0.000000   clock source latency
     1    0.012454    0.062209    0.039909    0.039909 ^ clk (in)
                                                         clk (net)
                      0.062211    0.000000    0.039909 ^ clkbuf_0_clk/A (sky130_fd_sc_hd__clkbuf_16)
     4    0.036344    0.056588    0.138316    0.178225 ^ clkbuf_0_clk/X (sky130_fd_sc_hd__clkbuf_16)
                                                         clknet_0_clk (net)
                      0.056588    0.000110    0.178335 ^ clkbuf_2_3__f_clk/A (sky130_fd_sc_hd__clkbuf_16)
     9    0.021622    0.043243    0.124708    0.303042 ^ clkbuf_2_3__f_clk/X (sky130_fd_sc_hd__clkbuf_16)
                                                         clknet_2_3__leaf_clk (net)
                      0.043243    0.000013    0.303055 ^ _765_/CLK (sky130_fd_sc_hd__dfxtp_2)
     6    0.024246    0.128685    0.362109    0.665164 ^ _765_/Q (sky130_fd_sc_hd__dfxtp_2)
                                                         diagnostic.x3[0] (net)
                      0.128685    0.000094    0.665259 ^ _447_/A2 (sky130_fd_sc_hd__a31oi_2)
     2    0.011901    0.045231    0.129199    0.794458 v _447_/Y (sky130_fd_sc_hd__a31oi_2)
                                                         _109_ (net)
                      0.045231    0.000082    0.794540 v _448_/A_N (sky130_fd_sc_hd__and2b_2)
     2    0.011537    0.074863    0.223364    1.017904 ^ _448_/X (sky130_fd_sc_hd__and2b_2)
                                                         _110_ (net)
                      0.074863    0.000017    1.017921 ^ _517_/A2 (sky130_fd_sc_hd__a21o_2)
     2    0.011980    0.066723    0.148044    1.165965 ^ _517_/X (sky130_fd_sc_hd__a21o_2)
                                                         _178_ (net)
                      0.066723    0.000047    1.166012 ^ _518_/B (sky130_fd_sc_hd__xnor2_2)
     1    0.002315    0.027548    0.050422    1.216434 v _518_/Y (sky130_fd_sc_hd__xnor2_2)
                                                         net28 (net)
                      0.027548    0.000003    1.216437 v output28/A (sky130_fd_sc_hd__clkdlybuf4s25_1)
     1    0.034178    0.254299    0.386575    1.603012 v output28/X (sky130_fd_sc_hd__clkdlybuf4s25_1)
                                                         y[3] (net)
                      0.254299    0.000108    1.603120 v y[3] (out)
                                              1.603120   data arrival time

                                  0.000000    0.000000   clock clk (rise edge)
                                  0.000000    0.000000   clock network delay (propagated)
                                  0.250000    0.250000   clock uncertainty
                                  0.000000    0.250000   clock reconvergence pessimism
                                 -2.000000   -1.750000   output external delay
                                             -1.750000   data required time
---------------------------------------------------------------------------------------------
                                             -1.750000   data required time
                                             -1.603120   data arrival time
---------------------------------------------------------------------------------------------
                                              3.353120   slack (MET)


Startpoint: _764_ (rising edge-triggered flip-flop clocked by clk)
Endpoint: y[7] (output port clocked by clk)
Path Group: clk
Path Type: min

Fanout         Cap        Slew       Delay        Time   Description
---------------------------------------------------------------------------------------------
                                  0.000000    0.000000   clock clk (rise edge)
                                  0.000000    0.000000   clock source latency
     1    0.012454    0.062209    0.039909    0.039909 ^ clk (in)
                                                         clk (net)
                      0.062211    0.000000    0.039909 ^ clkbuf_0_clk/A (sky130_fd_sc_hd__clkbuf_16)
     4    0.036344    0.056588    0.138316    0.178225 ^ clkbuf_0_clk/X (sky130_fd_sc_hd__clkbuf_16)
                                                         clknet_0_clk (net)
                      0.056588    0.000110    0.178335 ^ clkbuf_2_3__f_clk/A (sky130_fd_sc_hd__clkbuf_16)
     9    0.021622    0.043243    0.124708    0.303042 ^ clkbuf_2_3__f_clk/X (sky130_fd_sc_hd__clkbuf_16)
                                                         clknet_2_3__leaf_clk (net)
                      0.043243    0.000039    0.303082 ^ _764_/CLK (sky130_fd_sc_hd__dfxtp_2)
     8    0.025624    0.070652    0.334487    0.637568 v _764_/Q (sky130_fd_sc_hd__dfxtp_2)
                                                         diagnostic.x2[3] (net)
                      0.070652    0.000219    0.637788 v _625_/A (sky130_fd_sc_hd__nand2_2)
     2    0.005782    0.046223    0.065457    0.703245 ^ _625_/Y (sky130_fd_sc_hd__nand2_2)
                                                         _284_ (net)
                      0.046223    0.000003    0.703248 ^ _676_/B1 (sky130_fd_sc_hd__a21o_2)
     1    0.005522    0.037664    0.085487    0.788735 ^ _676_/X (sky130_fd_sc_hd__a21o_2)
                                                         _333_ (net)
                      0.037664    0.000021    0.788756 ^ _677_/B (sky130_fd_sc_hd__nand2_2)
     2    0.015111    0.066576    0.071818    0.860574 v _677_/Y (sky130_fd_sc_hd__nand2_2)
                                                         _334_ (net)
                      0.066580    0.000410    0.860984 v _691_/A (sky130_fd_sc_hd__xor2_2)
     2    0.011835    0.169366    0.205303    1.066286 ^ _691_/X (sky130_fd_sc_hd__xor2_2)
                                                         _348_ (net)
                      0.169366    0.000043    1.066330 ^ _694_/A (sky130_fd_sc_hd__xnor2_2)
     2    0.012459    0.080116    0.155033    1.221363 ^ _694_/Y (sky130_fd_sc_hd__xnor2_2)
                                                         _351_ (net)
                      0.080116    0.000009    1.221372 ^ _696_/A (sky130_fd_sc_hd__xor2_2)
     1    0.002356    0.029230    0.060790    1.282161 v _696_/X (sky130_fd_sc_hd__xor2_2)
                                                         net32 (net)
                      0.029230    0.000004    1.282165 v output32/A (sky130_fd_sc_hd__clkdlybuf4s25_1)
     1    0.034532    0.256889    0.388846    1.671010 v output32/X (sky130_fd_sc_hd__clkdlybuf4s25_1)
                                                         y[7] (net)
                      0.256889    0.000236    1.671246 v y[7] (out)
                                              1.671246   data arrival time

                                  0.000000    0.000000   clock clk (rise edge)
                                  0.000000    0.000000   clock network delay (propagated)
                                  0.250000    0.250000   clock uncertainty
                                  0.000000    0.250000   clock reconvergence pessimism
                                 -2.000000   -1.750000   output external delay
                                             -1.750000   data required time
---------------------------------------------------------------------------------------------
                                             -1.750000   data required time
                                             -1.671246   data arrival time
---------------------------------------------------------------------------------------------
                                              3.421247   slack (MET)


Startpoint: _765_ (rising edge-triggered flip-flop clocked by clk)
Endpoint: y[4] (output port clocked by clk)
Path Group: clk
Path Type: min

Fanout         Cap        Slew       Delay        Time   Description
---------------------------------------------------------------------------------------------
                                  0.000000    0.000000   clock clk (rise edge)
                                  0.000000    0.000000   clock source latency
     1    0.012454    0.062209    0.039909    0.039909 ^ clk (in)
                                                         clk (net)
                      0.062211    0.000000    0.039909 ^ clkbuf_0_clk/A (sky130_fd_sc_hd__clkbuf_16)
     4    0.036344    0.056588    0.138316    0.178225 ^ clkbuf_0_clk/X (sky130_fd_sc_hd__clkbuf_16)
                                                         clknet_0_clk (net)
                      0.056588    0.000110    0.178335 ^ clkbuf_2_3__f_clk/A (sky130_fd_sc_hd__clkbuf_16)
     9    0.021622    0.043243    0.124708    0.303042 ^ clkbuf_2_3__f_clk/X (sky130_fd_sc_hd__clkbuf_16)
                                                         clknet_2_3__leaf_clk (net)
                      0.043243    0.000013    0.303055 ^ _765_/CLK (sky130_fd_sc_hd__dfxtp_2)
     6    0.024246    0.128685    0.362109    0.665164 ^ _765_/Q (sky130_fd_sc_hd__dfxtp_2)
                                                         diagnostic.x3[0] (net)
                      0.128685    0.000094    0.665259 ^ _447_/A2 (sky130_fd_sc_hd__a31oi_2)
     2    0.011901    0.045231    0.129199    0.794458 v _447_/Y (sky130_fd_sc_hd__a31oi_2)
                                                         _109_ (net)
                      0.045231    0.000082    0.794540 v _448_/A_N (sky130_fd_sc_hd__and2b_2)
     2    0.011537    0.074863    0.223364    1.017904 ^ _448_/X (sky130_fd_sc_hd__and2b_2)
                                                         _110_ (net)
                      0.074863    0.000017    1.017921 ^ _517_/A2 (sky130_fd_sc_hd__a21o_2)
     2    0.011980    0.066723    0.148044    1.165965 ^ _517_/X (sky130_fd_sc_hd__a21o_2)
                                                         _178_ (net)
                      0.066723    0.000054    1.166020 ^ _585_/A2 (sky130_fd_sc_hd__a21o_2)
     2    0.012277    0.067969    0.146755    1.312775 ^ _585_/X (sky130_fd_sc_hd__a21o_2)
                                                         _245_ (net)
                      0.067969    0.000054    1.312828 ^ _586_/B (sky130_fd_sc_hd__xor2_2)
     1    0.002396    0.029318    0.051581    1.364410 v _586_/X (sky130_fd_sc_hd__xor2_2)
                                                         net29 (net)
                      0.029318    0.000004    1.364414 v output29/A (sky130_fd_sc_hd__clkdlybuf4s25_1)
     1    0.034612    0.257444    0.389322    1.753735 v output29/X (sky130_fd_sc_hd__clkdlybuf4s25_1)
                                                         y[4] (net)
                      0.257444    0.000187    1.753922 v y[4] (out)
                                              1.753922   data arrival time

                                  0.000000    0.000000   clock clk (rise edge)
                                  0.000000    0.000000   clock network delay (propagated)
                                  0.250000    0.250000   clock uncertainty
                                  0.000000    0.250000   clock reconvergence pessimism
                                 -2.000000   -1.750000   output external delay
                                             -1.750000   data required time
---------------------------------------------------------------------------------------------
                                             -1.750000   data required time
                                             -1.753922   data arrival time
---------------------------------------------------------------------------------------------
                                              3.503923   slack (MET)


Startpoint: _768_ (rising edge-triggered flip-flop clocked by clk)
Endpoint: y[9] (output port clocked by clk)
Path Group: clk
Path Type: min

Fanout         Cap        Slew       Delay        Time   Description
---------------------------------------------------------------------------------------------
                                  0.000000    0.000000   clock clk (rise edge)
                                  0.000000    0.000000   clock source latency
     1    0.012454    0.062209    0.039909    0.039909 ^ clk (in)
                                                         clk (net)
                      0.062211    0.000000    0.039909 ^ clkbuf_0_clk/A (sky130_fd_sc_hd__clkbuf_16)
     4    0.036344    0.056588    0.138316    0.178225 ^ clkbuf_0_clk/X (sky130_fd_sc_hd__clkbuf_16)
                                                         clknet_0_clk (net)
                      0.056588    0.000110    0.178335 ^ clkbuf_2_3__f_clk/A (sky130_fd_sc_hd__clkbuf_16)
     9    0.021622    0.043243    0.124708    0.303042 ^ clkbuf_2_3__f_clk/X (sky130_fd_sc_hd__clkbuf_16)
                                                         clknet_2_3__leaf_clk (net)
                      0.043243    0.000017    0.303060 ^ _768_/CLK (sky130_fd_sc_hd__dfxtp_2)
     7    0.024580    0.130311    0.363140    0.666199 ^ _768_/Q (sky130_fd_sc_hd__dfxtp_2)
                                                         diagnostic.x3[3] (net)
                      0.130311    0.000336    0.666535 ^ _615_/A (sky130_fd_sc_hd__nand2_2)
     2    0.004960    0.047510    0.059988    0.726523 v _615_/Y (sky130_fd_sc_hd__nand2_2)
                                                         _274_ (net)
                      0.047510    0.000008    0.726531 v _686_/B1 (sky130_fd_sc_hd__a21o_2)
     1    0.004394    0.036799    0.177972    0.904503 v _686_/X (sky130_fd_sc_hd__a21o_2)
                                                         _343_ (net)
                      0.036799    0.000005    0.904508 v _687_/B (sky130_fd_sc_hd__nand2_2)
     2    0.011043    0.066763    0.078203    0.982710 ^ _687_/Y (sky130_fd_sc_hd__nand2_2)
                                                         _344_ (net)
                      0.066763    0.000038    0.982748 ^ _688_/B (sky130_fd_sc_hd__and2_2)
     2    0.004549    0.045988    0.135646    1.118394 ^ _688_/X (sky130_fd_sc_hd__and2_2)
                                                         _345_ (net)
                      0.045988    0.000004    1.118399 ^ _698_/B1 (sky130_fd_sc_hd__o22a_2)
     2    0.005033    0.042152    0.129166    1.247565 ^ _698_/X (sky130_fd_sc_hd__o22a_2)
                                                         _354_ (net)
                      0.042152    0.000008    1.247573 ^ _705_/B1 (sky130_fd_sc_hd__a21o_2)
     1    0.002577    0.025769    0.073194    1.320768 ^ _705_/X (sky130_fd_sc_hd__a21o_2)
                                                         net34 (net)
                      0.025769    0.000003    1.320770 ^ output34/A (sky130_fd_sc_hd__clkdlybuf4s25_1)
     1    0.034791    0.351513    0.433545    1.754315 ^ output34/X (sky130_fd_sc_hd__clkdlybuf4s25_1)
                                                         y[9] (net)
                      0.351513    0.000272    1.754587 ^ y[9] (out)
                                              1.754587   data arrival time

                                  0.000000    0.000000   clock clk (rise edge)
                                  0.000000    0.000000   clock network delay (propagated)
                                  0.250000    0.250000   clock uncertainty
                                  0.000000    0.250000   clock reconvergence pessimism
                                 -2.000000   -1.750000   output external delay
                                             -1.750000   data required time
---------------------------------------------------------------------------------------------
                                             -1.750000   data required time
                                             -1.754587   data arrival time
---------------------------------------------------------------------------------------------
                                              3.504587   slack (MET)


Startpoint: _764_ (rising edge-triggered flip-flop clocked by clk)
Endpoint: y[8] (output port clocked by clk)
Path Group: clk
Path Type: min

Fanout         Cap        Slew       Delay        Time   Description
---------------------------------------------------------------------------------------------
                                  0.000000    0.000000   clock clk (rise edge)
                                  0.000000    0.000000   clock source latency
     1    0.012454    0.062209    0.039909    0.039909 ^ clk (in)
                                                         clk (net)
                      0.062211    0.000000    0.039909 ^ clkbuf_0_clk/A (sky130_fd_sc_hd__clkbuf_16)
     4    0.036344    0.056588    0.138316    0.178225 ^ clkbuf_0_clk/X (sky130_fd_sc_hd__clkbuf_16)
                                                         clknet_0_clk (net)
                      0.056588    0.000110    0.178335 ^ clkbuf_2_3__f_clk/A (sky130_fd_sc_hd__clkbuf_16)
     9    0.021622    0.043243    0.124708    0.303042 ^ clkbuf_2_3__f_clk/X (sky130_fd_sc_hd__clkbuf_16)
                                                         clknet_2_3__leaf_clk (net)
                      0.043243    0.000039    0.303082 ^ _764_/CLK (sky130_fd_sc_hd__dfxtp_2)
     8    0.025624    0.070652    0.334487    0.637568 v _764_/Q (sky130_fd_sc_hd__dfxtp_2)
                                                         diagnostic.x2[3] (net)
                      0.070652    0.000219    0.637788 v _625_/A (sky130_fd_sc_hd__nand2_2)
     2    0.005782    0.046223    0.065457    0.703245 ^ _625_/Y (sky130_fd_sc_hd__nand2_2)
                                                         _284_ (net)
                      0.046223    0.000003    0.703248 ^ _676_/B1 (sky130_fd_sc_hd__a21o_2)
     1    0.005522    0.037664    0.085487    0.788735 ^ _676_/X (sky130_fd_sc_hd__a21o_2)
                                                         _333_ (net)
                      0.037664    0.000021    0.788756 ^ _677_/B (sky130_fd_sc_hd__nand2_2)
     2    0.015111    0.066576    0.071818    0.860574 v _677_/Y (sky130_fd_sc_hd__nand2_2)
                                                         _334_ (net)
                      0.066580    0.000410    0.860984 v _691_/A (sky130_fd_sc_hd__xor2_2)
     2    0.011835    0.169366    0.205303    1.066286 ^ _691_/X (sky130_fd_sc_hd__xor2_2)
                                                         _348_ (net)
                      0.169366    0.000035    1.066321 ^ _693_/B (sky130_fd_sc_hd__and2b_2)
     1    0.003183    0.036308    0.155162    1.221483 ^ _693_/X (sky130_fd_sc_hd__and2b_2)
                                                         _350_ (net)
                      0.036308    0.000010    1.221493 ^ _697_/B1 (sky130_fd_sc_hd__a21o_2)
     2    0.013235    0.072437    0.107805    1.329299 ^ _697_/X (sky130_fd_sc_hd__a21o_2)
                                                         _353_ (net)
                      0.072437    0.000041    1.329339 ^ _701_/A (sky130_fd_sc_hd__xor2_2)
     1    0.002356    0.029196    0.058835    1.388174 v _701_/X (sky130_fd_sc_hd__xor2_2)
                                                         net33 (net)
                      0.029196    0.000004    1.388178 v output33/A (sky130_fd_sc_hd__clkdlybuf4s25_1)
     1    0.034532    0.256888    0.388832    1.777010 v output33/X (sky130_fd_sc_hd__clkdlybuf4s25_1)
                                                         y[8] (net)
                      0.256888    0.000236    1.777246 v y[8] (out)
                                              1.777246   data arrival time

                                  0.000000    0.000000   clock clk (rise edge)
                                  0.000000    0.000000   clock network delay (propagated)
                                  0.250000    0.250000   clock uncertainty
                                  0.000000    0.250000   clock reconvergence pessimism
                                 -2.000000   -1.750000   output external delay
                                             -1.750000   data required time
---------------------------------------------------------------------------------------------
                                             -1.750000   data required time
                                             -1.777246   data arrival time
---------------------------------------------------------------------------------------------
                                              3.527246   slack (MET)


Startpoint: _765_ (rising edge-triggered flip-flop clocked by clk)
Endpoint: y[5] (output port clocked by clk)
Path Group: clk
Path Type: min

Fanout         Cap        Slew       Delay        Time   Description
---------------------------------------------------------------------------------------------
                                  0.000000    0.000000   clock clk (rise edge)
                                  0.000000    0.000000   clock source latency
     1    0.012454    0.062209    0.039909    0.039909 ^ clk (in)
                                                         clk (net)
                      0.062211    0.000000    0.039909 ^ clkbuf_0_clk/A (sky130_fd_sc_hd__clkbuf_16)
     4    0.036344    0.056588    0.138316    0.178225 ^ clkbuf_0_clk/X (sky130_fd_sc_hd__clkbuf_16)
                                                         clknet_0_clk (net)
                      0.056588    0.000110    0.178335 ^ clkbuf_2_3__f_clk/A (sky130_fd_sc_hd__clkbuf_16)
     9    0.021622    0.043243    0.124708    0.303042 ^ clkbuf_2_3__f_clk/X (sky130_fd_sc_hd__clkbuf_16)
                                                         clknet_2_3__leaf_clk (net)
                      0.043243    0.000013    0.303055 ^ _765_/CLK (sky130_fd_sc_hd__dfxtp_2)
     6    0.024246    0.128685    0.362109    0.665164 ^ _765_/Q (sky130_fd_sc_hd__dfxtp_2)
                                                         diagnostic.x3[0] (net)
                      0.128685    0.000094    0.665259 ^ _447_/A2 (sky130_fd_sc_hd__a31oi_2)
     2    0.011901    0.045231    0.129199    0.794458 v _447_/Y (sky130_fd_sc_hd__a31oi_2)
                                                         _109_ (net)
                      0.045231    0.000082    0.794540 v _448_/A_N (sky130_fd_sc_hd__and2b_2)
     2    0.011537    0.074863    0.223364    1.017904 ^ _448_/X (sky130_fd_sc_hd__and2b_2)
                                                         _110_ (net)
                      0.074863    0.000017    1.017921 ^ _517_/A2 (sky130_fd_sc_hd__a21o_2)
     2    0.011980    0.066723    0.148044    1.165965 ^ _517_/X (sky130_fd_sc_hd__a21o_2)
                                                         _178_ (net)
                      0.066723    0.000054    1.166020 ^ _585_/A2 (sky130_fd_sc_hd__a21o_2)
     2    0.012277    0.067969    0.146755    1.312775 ^ _585_/X (sky130_fd_sc_hd__a21o_2)
                                                         _245_ (net)
                      0.067969    0.000060    1.312835 ^ _637_/A2 (sky130_fd_sc_hd__a21o_2)
     2    0.012201    0.067763    0.146828    1.459663 ^ _637_/X (sky130_fd_sc_hd__a21o_2)
                                                         _296_ (net)
                      0.067763    0.000080    1.459743 ^ _638_/B (sky130_fd_sc_hd__xor2_2)
     1    0.002764    0.029905    0.052757    1.512500 v _638_/X (sky130_fd_sc_hd__xor2_2)
                                                         net30 (net)
                      0.029905    0.000010    1.512510 v output30/A (sky130_fd_sc_hd__clkdlybuf4s25_1)
     1    0.034466    0.256407    0.388843    1.901353 v output30/X (sky130_fd_sc_hd__clkdlybuf4s25_1)
                                                         y[5] (net)
                      0.256407    0.000172    1.901525 v y[5] (out)
                                              1.901525   data arrival time

                                  0.000000    0.000000   clock clk (rise edge)
                                  0.000000    0.000000   clock network delay (propagated)
                                  0.250000    0.250000   clock uncertainty
                                  0.000000    0.250000   clock reconvergence pessimism
                                 -2.000000   -1.750000   output external delay
                                             -1.750000   data required time
---------------------------------------------------------------------------------------------
                                             -1.750000   data required time
                                             -1.901525   data arrival time
---------------------------------------------------------------------------------------------
                                              3.651525   slack (MET)


Startpoint: _766_ (rising edge-triggered flip-flop clocked by clk)
Endpoint: y[6] (output port clocked by clk)
Path Group: clk
Path Type: min

Fanout         Cap        Slew       Delay        Time   Description
---------------------------------------------------------------------------------------------
                                  0.000000    0.000000   clock clk (rise edge)
                                  0.000000    0.000000   clock source latency
     1    0.012454    0.062209    0.039909    0.039909 ^ clk (in)
                                                         clk (net)
                      0.062211    0.000000    0.039909 ^ clkbuf_0_clk/A (sky130_fd_sc_hd__clkbuf_16)
     4    0.036344    0.056588    0.138316    0.178225 ^ clkbuf_0_clk/X (sky130_fd_sc_hd__clkbuf_16)
                                                         clknet_0_clk (net)
                      0.056588    0.000110    0.178335 ^ clkbuf_2_3__f_clk/A (sky130_fd_sc_hd__clkbuf_16)
     9    0.021622    0.043243    0.124708    0.303042 ^ clkbuf_2_3__f_clk/X (sky130_fd_sc_hd__clkbuf_16)
                                                         clknet_2_3__leaf_clk (net)
                      0.043243    0.000009    0.303051 ^ _766_/CLK (sky130_fd_sc_hd__dfxtp_2)
     8    0.023843    0.066803    0.331354    0.634405 v _766_/Q (sky130_fd_sc_hd__dfxtp_2)
                                                         diagnostic.x3[1] (net)
                      0.066803    0.000217    0.634622 v _484_/A (sky130_fd_sc_hd__nand2_2)
     1    0.008786    0.059450    0.074236    0.708858 ^ _484_/Y (sky130_fd_sc_hd__nand2_2)
                                                         _145_ (net)
                      0.059450    0.000016    0.708874 ^ _486_/B (sky130_fd_sc_hd__xnor2_2)
     2    0.014056    0.086724    0.131029    0.839903 ^ _486_/Y (sky130_fd_sc_hd__xnor2_2)
                                                         _147_ (net)
                      0.086724    0.000015    0.839918 ^ _575_/A2 (sky130_fd_sc_hd__a21oi_2)
     2    0.013142    0.043632    0.081869    0.921787 v _575_/Y (sky130_fd_sc_hd__a21oi_2)
                                                         _235_ (net)
                      0.043632    0.000062    0.921849 v _576_/B (sky130_fd_sc_hd__nor2_2)
     2    0.004667    0.080743    0.078821    1.000670 ^ _576_/Y (sky130_fd_sc_hd__nor2_2)
                                                         _236_ (net)
                      0.080743    0.000014    1.000684 ^ _613_/B1 (sky130_fd_sc_hd__a21o_2)
     1    0.009740    0.056933    0.110574    1.111258 ^ _613_/X (sky130_fd_sc_hd__a21o_2)
                                                         _272_ (net)
                      0.056933    0.000036    1.111294 ^ _621_/A (sky130_fd_sc_hd__xnor2_2)
     2    0.012630    0.072207    0.089505    1.200799 v _621_/Y (sky130_fd_sc_hd__xnor2_2)
                                                         _280_ (net)
                      0.072207    0.000022    1.200821 v _622_/B (sky130_fd_sc_hd__nor2_2)
     2    0.004558    0.080625    0.088446    1.289266 ^ _622_/Y (sky130_fd_sc_hd__nor2_2)
                                                         _281_ (net)
                      0.080625    0.000005    1.289271 ^ _672_/A (sky130_fd_sc_hd__or3b_2)
     2    0.008008    0.059038    0.130004    1.419275 ^ _672_/X (sky130_fd_sc_hd__or3b_2)
                                                         _330_ (net)
                      0.059038    0.000010    1.419285 ^ _673_/B (sky130_fd_sc_hd__nand2b_2)
     1    0.008867    0.049449    0.066979    1.486265 v _673_/Y (sky130_fd_sc_hd__nand2b_2)
                                                         _331_ (net)
                      0.049449    0.000023    1.486288 v _675_/A (sky130_fd_sc_hd__xnor2_2)
     1    0.002323    0.027916    0.116976    1.603264 v _675_/Y (sky130_fd_sc_hd__xnor2_2)
                                                         net31 (net)
                      0.027916    0.000003    1.603267 v output31/A (sky130_fd_sc_hd__clkdlybuf4s25_1)
     1    0.034428    0.256104    0.387863    1.991130 v output31/X (sky130_fd_sc_hd__clkdlybuf4s25_1)
                                                         y[6] (net)
                      0.256104    0.000146    1.991276 v y[6] (out)
                                              1.991276   data arrival time

                                  0.000000    0.000000   clock clk (rise edge)
                                  0.000000    0.000000   clock network delay (propagated)
                                  0.250000    0.250000   clock uncertainty
                                  0.000000    0.250000   clock reconvergence pessimism
                                 -2.000000   -1.750000   output external delay
                                             -1.750000   data required time
---------------------------------------------------------------------------------------------
                                             -1.750000   data required time
                                             -1.991276   data arrival time
---------------------------------------------------------------------------------------------
                                              3.741276   slack (MET)



%OL_END_REPORT
%OL_CREATE_REPORT max.rpt

===========================================================================
report_checks -path_delay max (Setup)
============================================================================
======================= nom_tt_025C_1v80 Corner ===================================

Startpoint: h0[1] (input port clocked by clk)
Endpoint: y[8] (output port clocked by clk)
Path Group: clk
Path Type: max

Fanout         Cap        Slew       Delay        Time   Description
---------------------------------------------------------------------------------------------
                                  0.000000    0.000000   clock clk (rise edge)
                                  0.000000    0.000000   clock network delay (propagated)
                                  2.000000    2.000000 v input external delay
     1    0.002884    0.008827    0.004782    2.004782 v h0[1] (in)
                                                         h0[1] (net)
                      0.008827    0.000000    2.004782 v input2/A (sky130_fd_sc_hd__clkdlybuf4s25_1)
     8    0.027491    0.207239    0.381984    2.386766 v input2/X (sky130_fd_sc_hd__clkdlybuf4s25_1)
                                                         net2 (net)
                      0.207239    0.000262    2.387028 v _453_/A2 (sky130_fd_sc_hd__a22o_2)
     2    0.006983    0.049732    0.347354    2.734382 v _453_/X (sky130_fd_sc_hd__a22o_2)
                                                         _114_ (net)
                      0.049732    0.000021    2.734403 v _454_/B2 (sky130_fd_sc_hd__a22o_2)
     2    0.007071    0.051734    0.249208    2.983611 v _454_/X (sky130_fd_sc_hd__a22o_2)
                                                         _115_ (net)
                      0.051734    0.000005    2.983616 v _457_/A1 (sky130_fd_sc_hd__a21o_2)
     2    0.006832    0.043447    0.207944    3.191561 v _457_/X (sky130_fd_sc_hd__a21o_2)
                                                         _118_ (net)
                      0.043447    0.000019    3.191580 v _459_/B2 (sky130_fd_sc_hd__a22o_2)
     2    0.007768    0.051643    0.249649    3.441229 v _459_/X (sky130_fd_sc_hd__a22o_2)
                                                         _120_ (net)
                      0.051643    0.000028    3.441257 v _461_/A2 (sky130_fd_sc_hd__a21o_2)
     3    0.009447    0.051455    0.240693    3.681950 v _461_/X (sky130_fd_sc_hd__a21o_2)
                                                         _122_ (net)
                      0.051455    0.000023    3.681973 v _463_/A2 (sky130_fd_sc_hd__a21o_2)
     2    0.008509    0.047576    0.237344    3.919317 v _463_/X (sky130_fd_sc_hd__a21o_2)
                                                         _124_ (net)
                      0.047576    0.000056    3.919373 v _477_/A2 (sky130_fd_sc_hd__a21o_2)
     3    0.009106    0.050631    0.237749    4.157122 v _477_/X (sky130_fd_sc_hd__a21o_2)
                                                         _138_ (net)
                      0.050631    0.000014    4.157135 v _478_/C (sky130_fd_sc_hd__and3_2)
     2    0.009242    0.053022    0.238967    4.396103 v _478_/X (sky130_fd_sc_hd__and3_2)
                                                         _139_ (net)
                      0.053022    0.000087    4.396189 v _496_/A1 (sky130_fd_sc_hd__o21a_2)
     2    0.006381    0.042208    0.229692    4.625882 v _496_/X (sky130_fd_sc_hd__o21a_2)
                                                         _157_ (net)
                      0.042208    0.000010    4.625891 v _512_/B (sky130_fd_sc_hd__or3_2)
     3    0.007018    0.090371    0.488998    5.114890 v _512_/X (sky130_fd_sc_hd__or3_2)
                                                         _173_ (net)
                      0.090371    0.000030    5.114920 v _515_/A1 (sky130_fd_sc_hd__a211o_2)
     2    0.007451    0.061972    0.339383    5.454302 v _515_/X (sky130_fd_sc_hd__a211o_2)
                                                         _176_ (net)
                      0.061972    0.000004    5.454307 v _585_/A1 (sky130_fd_sc_hd__a21o_2)
     2    0.011405    0.055625    0.227728    5.682034 v _585_/X (sky130_fd_sc_hd__a21o_2)
                                                         _245_ (net)
                      0.055625    0.000062    5.682096 v _637_/A2 (sky130_fd_sc_hd__a21o_2)
     2    0.011329    0.055417    0.248793    5.930889 v _637_/X (sky130_fd_sc_hd__a21o_2)
                                                         _296_ (net)
                      0.055417    0.000071    5.930960 v _674_/A2 (sky130_fd_sc_hd__a21o_2)
     2    0.012214    0.056329    0.251741    6.182702 v _674_/X (sky130_fd_sc_hd__a21o_2)
                                                         _332_ (net)
                      0.056329    0.000109    6.182811 v _695_/A2 (sky130_fd_sc_hd__a21o_2)
     2    0.011370    0.055517    0.249245    6.432055 v _695_/X (sky130_fd_sc_hd__a21o_2)
                                                         _352_ (net)
                      0.055517    0.000054    6.432109 v _697_/A2 (sky130_fd_sc_hd__a21o_2)
     2    0.012274    0.056444    0.252034    6.684143 v _697_/X (sky130_fd_sc_hd__a21o_2)
                                                         _353_ (net)
                      0.056444    0.000041    6.684184 v _701_/A (sky130_fd_sc_hd__xor2_2)
     1    0.002581    0.089181    0.143019    6.827203 ^ _701_/X (sky130_fd_sc_hd__xor2_2)
                                                         net33 (net)
                      0.089181    0.000004    6.827208 ^ output33/A (sky130_fd_sc_hd__clkdlybuf4s25_1)
     1    0.034532    0.348727    0.500542    7.327750 ^ output33/X (sky130_fd_sc_hd__clkdlybuf4s25_1)
                                                         y[8] (net)
                      0.348727    0.000261    7.328011 ^ y[8] (out)
                                              7.328011   data arrival time

                                 10.000000   10.000000   clock clk (rise edge)
                                  0.000000   10.000000   clock network delay (propagated)
                                 -0.250000    9.750000   clock uncertainty
                                  0.000000    9.750000   clock reconvergence pessimism
                                 -2.000000    7.750000   output external delay
                                              7.750000   data required time
---------------------------------------------------------------------------------------------
                                              7.750000   data required time
                                             -7.328011   data arrival time
---------------------------------------------------------------------------------------------
                                              0.421990   slack (MET)


Startpoint: h0[1] (input port clocked by clk)
Endpoint: y[9] (output port clocked by clk)
Path Group: clk
Path Type: max

Fanout         Cap        Slew       Delay        Time   Description
---------------------------------------------------------------------------------------------
                                  0.000000    0.000000   clock clk (rise edge)
                                  0.000000    0.000000   clock network delay (propagated)
                                  2.000000    2.000000 v input external delay
     1    0.002884    0.008827    0.004782    2.004782 v h0[1] (in)
                                                         h0[1] (net)
                      0.008827    0.000000    2.004782 v input2/A (sky130_fd_sc_hd__clkdlybuf4s25_1)
     8    0.027491    0.207239    0.381984    2.386766 v input2/X (sky130_fd_sc_hd__clkdlybuf4s25_1)
                                                         net2 (net)
                      0.207239    0.000262    2.387028 v _453_/A2 (sky130_fd_sc_hd__a22o_2)
     2    0.006983    0.049732    0.347354    2.734382 v _453_/X (sky130_fd_sc_hd__a22o_2)
                                                         _114_ (net)
                      0.049732    0.000021    2.734403 v _454_/B2 (sky130_fd_sc_hd__a22o_2)
     2    0.007071    0.051734    0.249208    2.983611 v _454_/X (sky130_fd_sc_hd__a22o_2)
                                                         _115_ (net)
                      0.051734    0.000005    2.983616 v _457_/A1 (sky130_fd_sc_hd__a21o_2)
     2    0.006832    0.043447    0.207944    3.191561 v _457_/X (sky130_fd_sc_hd__a21o_2)
                                                         _118_ (net)
                      0.043447    0.000019    3.191580 v _459_/B2 (sky130_fd_sc_hd__a22o_2)
     2    0.007768    0.051643    0.249649    3.441229 v _459_/X (sky130_fd_sc_hd__a22o_2)
                                                         _120_ (net)
                      0.051643    0.000028    3.441257 v _461_/A2 (sky130_fd_sc_hd__a21o_2)
     3    0.009447    0.051455    0.240693    3.681950 v _461_/X (sky130_fd_sc_hd__a21o_2)
                                                         _122_ (net)
                      0.051455    0.000023    3.681973 v _463_/A2 (sky130_fd_sc_hd__a21o_2)
     2    0.008509    0.047576    0.237344    3.919317 v _463_/X (sky130_fd_sc_hd__a21o_2)
                                                         _124_ (net)
                      0.047576    0.000056    3.919373 v _477_/A2 (sky130_fd_sc_hd__a21o_2)
     3    0.009106    0.050631    0.237749    4.157122 v _477_/X (sky130_fd_sc_hd__a21o_2)
                                                         _138_ (net)
                      0.050631    0.000014    4.157135 v _478_/C (sky130_fd_sc_hd__and3_2)
     2    0.009242    0.053022    0.238967    4.396103 v _478_/X (sky130_fd_sc_hd__and3_2)
                                                         _139_ (net)
                      0.053022    0.000087    4.396189 v _496_/A1 (sky130_fd_sc_hd__o21a_2)
     2    0.006381    0.042208    0.229692    4.625882 v _496_/X (sky130_fd_sc_hd__o21a_2)
                                                         _157_ (net)
                      0.042208    0.000010    4.625891 v _512_/B (sky130_fd_sc_hd__or3_2)
     3    0.007018    0.090371    0.488998    5.114890 v _512_/X (sky130_fd_sc_hd__or3_2)
                                                         _173_ (net)
                      0.090371    0.000030    5.114920 v _515_/A1 (sky130_fd_sc_hd__a211o_2)
     2    0.007451    0.061972    0.339383    5.454302 v _515_/X (sky130_fd_sc_hd__a211o_2)
                                                         _176_ (net)
                      0.061972    0.000004    5.454307 v _585_/A1 (sky130_fd_sc_hd__a21o_2)
     2    0.011405    0.055625    0.227728    5.682034 v _585_/X (sky130_fd_sc_hd__a21o_2)
                                                         _245_ (net)
                      0.055625    0.000062    5.682096 v _637_/A2 (sky130_fd_sc_hd__a21o_2)
     2    0.011329    0.055417    0.248793    5.930889 v _637_/X (sky130_fd_sc_hd__a21o_2)
                                                         _296_ (net)
                      0.055417    0.000071    5.930960 v _674_/A2 (sky130_fd_sc_hd__a21o_2)
     2    0.012214    0.056329    0.251741    6.182702 v _674_/X (sky130_fd_sc_hd__a21o_2)
                                                         _332_ (net)
                      0.056329    0.000109    6.182811 v _695_/A2 (sky130_fd_sc_hd__a21o_2)
     2    0.011370    0.055517    0.249245    6.432055 v _695_/X (sky130_fd_sc_hd__a21o_2)
                                                         _352_ (net)
                      0.055517    0.000054    6.432109 v _697_/A2 (sky130_fd_sc_hd__a21o_2)
     2    0.012274    0.056444    0.252034    6.684143 v _697_/X (sky130_fd_sc_hd__a21o_2)
                                                         _353_ (net)
                      0.056444    0.000034    6.684176 v _705_/A1 (sky130_fd_sc_hd__a21o_2)
     1    0.002352    0.032786    0.191971    6.876148 v _705_/X (sky130_fd_sc_hd__a21o_2)
                                                         net34 (net)
                      0.032786    0.000003    6.876151 v output34/A (sky130_fd_sc_hd__clkdlybuf4s25_1)
     1    0.034791    0.258793    0.432785    7.308936 v output34/X (sky130_fd_sc_hd__clkdlybuf4s25_1)
                                                         y[9] (net)
                      0.258793    0.000300    7.309236 v y[9] (out)
                                              7.309236   data arrival time

                                 10.000000   10.000000   clock clk (rise edge)
                                  0.000000   10.000000   clock network delay (propagated)
                                 -0.250000    9.750000   clock uncertainty
                                  0.000000    9.750000   clock reconvergence pessimism
                                 -2.000000    7.750000   output external delay
                                              7.750000   data required time
---------------------------------------------------------------------------------------------
                                              7.750000   data required time
                                             -7.309236   data arrival time
---------------------------------------------------------------------------------------------
                                              0.440764   slack (MET)


Startpoint: h0[1] (input port clocked by clk)
Endpoint: y[7] (output port clocked by clk)
Path Group: clk
Path Type: max

Fanout         Cap        Slew       Delay        Time   Description
---------------------------------------------------------------------------------------------
                                  0.000000    0.000000   clock clk (rise edge)
                                  0.000000    0.000000   clock network delay (propagated)
                                  2.000000    2.000000 v input external delay
     1    0.002884    0.008827    0.004782    2.004782 v h0[1] (in)
                                                         h0[1] (net)
                      0.008827    0.000000    2.004782 v input2/A (sky130_fd_sc_hd__clkdlybuf4s25_1)
     8    0.027491    0.207239    0.381984    2.386766 v input2/X (sky130_fd_sc_hd__clkdlybuf4s25_1)
                                                         net2 (net)
                      0.207239    0.000262    2.387028 v _453_/A2 (sky130_fd_sc_hd__a22o_2)
     2    0.006983    0.049732    0.347354    2.734382 v _453_/X (sky130_fd_sc_hd__a22o_2)
                                                         _114_ (net)
                      0.049732    0.000021    2.734403 v _454_/B2 (sky130_fd_sc_hd__a22o_2)
     2    0.007071    0.051734    0.249208    2.983611 v _454_/X (sky130_fd_sc_hd__a22o_2)
                                                         _115_ (net)
                      0.051734    0.000005    2.983616 v _457_/A1 (sky130_fd_sc_hd__a21o_2)
     2    0.006832    0.043447    0.207944    3.191561 v _457_/X (sky130_fd_sc_hd__a21o_2)
                                                         _118_ (net)
                      0.043447    0.000019    3.191580 v _459_/B2 (sky130_fd_sc_hd__a22o_2)
     2    0.007768    0.051643    0.249649    3.441229 v _459_/X (sky130_fd_sc_hd__a22o_2)
                                                         _120_ (net)
                      0.051643    0.000028    3.441257 v _461_/A2 (sky130_fd_sc_hd__a21o_2)
     3    0.009447    0.051455    0.240693    3.681950 v _461_/X (sky130_fd_sc_hd__a21o_2)
                                                         _122_ (net)
                      0.051455    0.000023    3.681973 v _463_/A2 (sky130_fd_sc_hd__a21o_2)
     2    0.008509    0.047576    0.237344    3.919317 v _463_/X (sky130_fd_sc_hd__a21o_2)
                                                         _124_ (net)
                      0.047576    0.000056    3.919373 v _477_/A2 (sky130_fd_sc_hd__a21o_2)
     3    0.009106    0.050631    0.237749    4.157122 v _477_/X (sky130_fd_sc_hd__a21o_2)
                                                         _138_ (net)
                      0.050631    0.000014    4.157135 v _478_/C (sky130_fd_sc_hd__and3_2)
     2    0.009242    0.053022    0.238967    4.396103 v _478_/X (sky130_fd_sc_hd__and3_2)
                                                         _139_ (net)
                      0.053022    0.000087    4.396189 v _496_/A1 (sky130_fd_sc_hd__o21a_2)
     2    0.006381    0.042208    0.229692    4.625882 v _496_/X (sky130_fd_sc_hd__o21a_2)
                                                         _157_ (net)
                      0.042208    0.000010    4.625891 v _512_/B (sky130_fd_sc_hd__or3_2)
     3    0.007018    0.090371    0.488998    5.114890 v _512_/X (sky130_fd_sc_hd__or3_2)
                                                         _173_ (net)
                      0.090371    0.000030    5.114920 v _515_/A1 (sky130_fd_sc_hd__a211o_2)
     2    0.007451    0.061972    0.339383    5.454302 v _515_/X (sky130_fd_sc_hd__a211o_2)
                                                         _176_ (net)
                      0.061972    0.000004    5.454307 v _585_/A1 (sky130_fd_sc_hd__a21o_2)
     2    0.011405    0.055625    0.227728    5.682034 v _585_/X (sky130_fd_sc_hd__a21o_2)
                                                         _245_ (net)
                      0.055625    0.000062    5.682096 v _637_/A2 (sky130_fd_sc_hd__a21o_2)
     2    0.011329    0.055417    0.248793    5.930889 v _637_/X (sky130_fd_sc_hd__a21o_2)
                                                         _296_ (net)
                      0.055417    0.000071    5.930960 v _674_/A2 (sky130_fd_sc_hd__a21o_2)
     2    0.012214    0.056329    0.251741    6.182702 v _674_/X (sky130_fd_sc_hd__a21o_2)
                                                         _332_ (net)
                      0.056329    0.000109    6.182811 v _695_/A2 (sky130_fd_sc_hd__a21o_2)
     2    0.011370    0.055517    0.249245    6.432055 v _695_/X (sky130_fd_sc_hd__a21o_2)
                                                         _352_ (net)
                      0.055517    0.000044    6.432100 v _696_/B (sky130_fd_sc_hd__xor2_2)
     1    0.002581    0.089299    0.114851    6.546951 ^ _696_/X (sky130_fd_sc_hd__xor2_2)
                                                         net32 (net)
                      0.089299    0.000004    6.546956 ^ output32/A (sky130_fd_sc_hd__clkdlybuf4s25_1)
     1    0.034532    0.348729    0.500584    7.047540 ^ output32/X (sky130_fd_sc_hd__clkdlybuf4s25_1)
                                                         y[7] (net)
                      0.348729    0.000261    7.047801 ^ y[7] (out)
                                              7.047801   data arrival time

                                 10.000000   10.000000   clock clk (rise edge)
                                  0.000000   10.000000   clock network delay (propagated)
                                 -0.250000    9.750000   clock uncertainty
                                  0.000000    9.750000   clock reconvergence pessimism
                                 -2.000000    7.750000   output external delay
                                              7.750000   data required time
---------------------------------------------------------------------------------------------
                                              7.750000   data required time
                                             -7.047801   data arrival time
---------------------------------------------------------------------------------------------
                                              0.702199   slack (MET)


Startpoint: h0[1] (input port clocked by clk)
Endpoint: y[6] (output port clocked by clk)
Path Group: clk
Path Type: max

Fanout         Cap        Slew       Delay        Time   Description
---------------------------------------------------------------------------------------------
                                  0.000000    0.000000   clock clk (rise edge)
                                  0.000000    0.000000   clock network delay (propagated)
                                  2.000000    2.000000 v input external delay
     1    0.002884    0.008827    0.004782    2.004782 v h0[1] (in)
                                                         h0[1] (net)
                      0.008827    0.000000    2.004782 v input2/A (sky130_fd_sc_hd__clkdlybuf4s25_1)
     8    0.027491    0.207239    0.381984    2.386766 v input2/X (sky130_fd_sc_hd__clkdlybuf4s25_1)
                                                         net2 (net)
                      0.207239    0.000262    2.387028 v _453_/A2 (sky130_fd_sc_hd__a22o_2)
     2    0.006983    0.049732    0.347354    2.734382 v _453_/X (sky130_fd_sc_hd__a22o_2)
                                                         _114_ (net)
                      0.049732    0.000021    2.734403 v _454_/B2 (sky130_fd_sc_hd__a22o_2)
     2    0.007071    0.051734    0.249208    2.983611 v _454_/X (sky130_fd_sc_hd__a22o_2)
                                                         _115_ (net)
                      0.051734    0.000005    2.983616 v _457_/A1 (sky130_fd_sc_hd__a21o_2)
     2    0.006832    0.043447    0.207944    3.191561 v _457_/X (sky130_fd_sc_hd__a21o_2)
                                                         _118_ (net)
                      0.043447    0.000019    3.191580 v _459_/B2 (sky130_fd_sc_hd__a22o_2)
     2    0.007768    0.051643    0.249649    3.441229 v _459_/X (sky130_fd_sc_hd__a22o_2)
                                                         _120_ (net)
                      0.051643    0.000028    3.441257 v _461_/A2 (sky130_fd_sc_hd__a21o_2)
     3    0.009447    0.051455    0.240693    3.681950 v _461_/X (sky130_fd_sc_hd__a21o_2)
                                                         _122_ (net)
                      0.051455    0.000023    3.681973 v _463_/A2 (sky130_fd_sc_hd__a21o_2)
     2    0.008509    0.047576    0.237344    3.919317 v _463_/X (sky130_fd_sc_hd__a21o_2)
                                                         _124_ (net)
                      0.047576    0.000056    3.919373 v _477_/A2 (sky130_fd_sc_hd__a21o_2)
     3    0.009106    0.050631    0.237749    4.157122 v _477_/X (sky130_fd_sc_hd__a21o_2)
                                                         _138_ (net)
                      0.050631    0.000014    4.157135 v _478_/C (sky130_fd_sc_hd__and3_2)
     2    0.009242    0.053022    0.238967    4.396103 v _478_/X (sky130_fd_sc_hd__and3_2)
                                                         _139_ (net)
                      0.053022    0.000087    4.396189 v _496_/A1 (sky130_fd_sc_hd__o21a_2)
     2    0.006381    0.042208    0.229692    4.625882 v _496_/X (sky130_fd_sc_hd__o21a_2)
                                                         _157_ (net)
                      0.042208    0.000010    4.625891 v _512_/B (sky130_fd_sc_hd__or3_2)
     3    0.007018    0.090371    0.488998    5.114890 v _512_/X (sky130_fd_sc_hd__or3_2)
                                                         _173_ (net)
                      0.090371    0.000030    5.114920 v _515_/A1 (sky130_fd_sc_hd__a211o_2)
     2    0.007451    0.061972    0.339383    5.454302 v _515_/X (sky130_fd_sc_hd__a211o_2)
                                                         _176_ (net)
                      0.061972    0.000004    5.454307 v _585_/A1 (sky130_fd_sc_hd__a21o_2)
     2    0.011405    0.055625    0.227728    5.682034 v _585_/X (sky130_fd_sc_hd__a21o_2)
                                                         _245_ (net)
                      0.055625    0.000062    5.682096 v _637_/A2 (sky130_fd_sc_hd__a21o_2)
     2    0.011329    0.055417    0.248793    5.930889 v _637_/X (sky130_fd_sc_hd__a21o_2)
                                                         _296_ (net)
                      0.055417    0.000071    5.930960 v _674_/A2 (sky130_fd_sc_hd__a21o_2)
     2    0.012214    0.056329    0.251741    6.182702 v _674_/X (sky130_fd_sc_hd__a21o_2)
                                                         _332_ (net)
                      0.056329    0.000107    6.182808 v _675_/B (sky130_fd_sc_hd__xnor2_2)
     1    0.002548    0.097582    0.114652    6.297461 ^ _675_/Y (sky130_fd_sc_hd__xnor2_2)
                                                         net31 (net)
                      0.097582    0.000004    6.297464 ^ output31/A (sky130_fd_sc_hd__clkdlybuf4s25_1)
     1    0.034428    0.351946    0.503035    6.800500 ^ output31/X (sky130_fd_sc_hd__clkdlybuf4s25_1)
                                                         y[6] (net)
                      0.351946    0.000162    6.800662 ^ y[6] (out)
                                              6.800662   data arrival time

                                 10.000000   10.000000   clock clk (rise edge)
                                  0.000000   10.000000   clock network delay (propagated)
                                 -0.250000    9.750000   clock uncertainty
                                  0.000000    9.750000   clock reconvergence pessimism
                                 -2.000000    7.750000   output external delay
                                              7.750000   data required time
---------------------------------------------------------------------------------------------
                                              7.750000   data required time
                                             -6.800662   data arrival time
---------------------------------------------------------------------------------------------
                                              0.949338   slack (MET)


Startpoint: h0[1] (input port clocked by clk)
Endpoint: y[5] (output port clocked by clk)
Path Group: clk
Path Type: max

Fanout         Cap        Slew       Delay        Time   Description
---------------------------------------------------------------------------------------------
                                  0.000000    0.000000   clock clk (rise edge)
                                  0.000000    0.000000   clock network delay (propagated)
                                  2.000000    2.000000 v input external delay
     1    0.002884    0.008827    0.004782    2.004782 v h0[1] (in)
                                                         h0[1] (net)
                      0.008827    0.000000    2.004782 v input2/A (sky130_fd_sc_hd__clkdlybuf4s25_1)
     8    0.027491    0.207239    0.381984    2.386766 v input2/X (sky130_fd_sc_hd__clkdlybuf4s25_1)
                                                         net2 (net)
                      0.207239    0.000262    2.387028 v _453_/A2 (sky130_fd_sc_hd__a22o_2)
     2    0.006983    0.049732    0.347354    2.734382 v _453_/X (sky130_fd_sc_hd__a22o_2)
                                                         _114_ (net)
                      0.049732    0.000021    2.734403 v _454_/B2 (sky130_fd_sc_hd__a22o_2)
     2    0.007071    0.051734    0.249208    2.983611 v _454_/X (sky130_fd_sc_hd__a22o_2)
                                                         _115_ (net)
                      0.051734    0.000005    2.983616 v _457_/A1 (sky130_fd_sc_hd__a21o_2)
     2    0.006832    0.043447    0.207944    3.191561 v _457_/X (sky130_fd_sc_hd__a21o_2)
                                                         _118_ (net)
                      0.043447    0.000019    3.191580 v _459_/B2 (sky130_fd_sc_hd__a22o_2)
     2    0.007768    0.051643    0.249649    3.441229 v _459_/X (sky130_fd_sc_hd__a22o_2)
                                                         _120_ (net)
                      0.051643    0.000028    3.441257 v _461_/A2 (sky130_fd_sc_hd__a21o_2)
     3    0.009447    0.051455    0.240693    3.681950 v _461_/X (sky130_fd_sc_hd__a21o_2)
                                                         _122_ (net)
                      0.051455    0.000023    3.681973 v _463_/A2 (sky130_fd_sc_hd__a21o_2)
     2    0.008509    0.047576    0.237344    3.919317 v _463_/X (sky130_fd_sc_hd__a21o_2)
                                                         _124_ (net)
                      0.047576    0.000056    3.919373 v _477_/A2 (sky130_fd_sc_hd__a21o_2)
     3    0.009106    0.050631    0.237749    4.157122 v _477_/X (sky130_fd_sc_hd__a21o_2)
                                                         _138_ (net)
                      0.050631    0.000014    4.157135 v _478_/C (sky130_fd_sc_hd__and3_2)
     2    0.009242    0.053022    0.238967    4.396103 v _478_/X (sky130_fd_sc_hd__and3_2)
                                                         _139_ (net)
                      0.053022    0.000087    4.396189 v _496_/A1 (sky130_fd_sc_hd__o21a_2)
     2    0.006381    0.042208    0.229692    4.625882 v _496_/X (sky130_fd_sc_hd__o21a_2)
                                                         _157_ (net)
                      0.042208    0.000010    4.625891 v _512_/B (sky130_fd_sc_hd__or3_2)
     3    0.007018    0.090371    0.488998    5.114890 v _512_/X (sky130_fd_sc_hd__or3_2)
                                                         _173_ (net)
                      0.090371    0.000030    5.114920 v _515_/A1 (sky130_fd_sc_hd__a211o_2)
     2    0.007451    0.061972    0.339383    5.454302 v _515_/X (sky130_fd_sc_hd__a211o_2)
                                                         _176_ (net)
                      0.061972    0.000004    5.454307 v _585_/A1 (sky130_fd_sc_hd__a21o_2)
     2    0.011405    0.055625    0.227728    5.682034 v _585_/X (sky130_fd_sc_hd__a21o_2)
                                                         _245_ (net)
                      0.055625    0.000062    5.682096 v _637_/A2 (sky130_fd_sc_hd__a21o_2)
     2    0.011329    0.055417    0.248793    5.930889 v _637_/X (sky130_fd_sc_hd__a21o_2)
                                                         _296_ (net)
                      0.055417    0.000082    5.930971 v _638_/B (sky130_fd_sc_hd__xor2_2)
     1    0.002989    0.093793    0.118436    6.049407 ^ _638_/X (sky130_fd_sc_hd__xor2_2)
                                                         net30 (net)
                      0.093793    0.000012    6.049420 ^ output30/A (sky130_fd_sc_hd__clkdlybuf4s25_1)
     1    0.034466    0.348132    0.501793    6.551213 ^ output30/X (sky130_fd_sc_hd__clkdlybuf4s25_1)
                                                         y[5] (net)
                      0.348132    0.000190    6.551403 ^ y[5] (out)
                                              6.551403   data arrival time

                                 10.000000   10.000000   clock clk (rise edge)
                                  0.000000   10.000000   clock network delay (propagated)
                                 -0.250000    9.750000   clock uncertainty
                                  0.000000    9.750000   clock reconvergence pessimism
                                 -2.000000    7.750000   output external delay
                                              7.750000   data required time
---------------------------------------------------------------------------------------------
                                              7.750000   data required time
                                             -6.551403   data arrival time
---------------------------------------------------------------------------------------------
                                              1.198597   slack (MET)


Startpoint: h0[1] (input port clocked by clk)
Endpoint: y[4] (output port clocked by clk)
Path Group: clk
Path Type: max

Fanout         Cap        Slew       Delay        Time   Description
---------------------------------------------------------------------------------------------
                                  0.000000    0.000000   clock clk (rise edge)
                                  0.000000    0.000000   clock network delay (propagated)
                                  2.000000    2.000000 v input external delay
     1    0.002884    0.008827    0.004782    2.004782 v h0[1] (in)
                                                         h0[1] (net)
                      0.008827    0.000000    2.004782 v input2/A (sky130_fd_sc_hd__clkdlybuf4s25_1)
     8    0.027491    0.207239    0.381984    2.386766 v input2/X (sky130_fd_sc_hd__clkdlybuf4s25_1)
                                                         net2 (net)
                      0.207239    0.000262    2.387028 v _453_/A2 (sky130_fd_sc_hd__a22o_2)
     2    0.006983    0.049732    0.347354    2.734382 v _453_/X (sky130_fd_sc_hd__a22o_2)
                                                         _114_ (net)
                      0.049732    0.000021    2.734403 v _454_/B2 (sky130_fd_sc_hd__a22o_2)
     2    0.007071    0.051734    0.249208    2.983611 v _454_/X (sky130_fd_sc_hd__a22o_2)
                                                         _115_ (net)
                      0.051734    0.000005    2.983616 v _457_/A1 (sky130_fd_sc_hd__a21o_2)
     2    0.006832    0.043447    0.207944    3.191561 v _457_/X (sky130_fd_sc_hd__a21o_2)
                                                         _118_ (net)
                      0.043447    0.000019    3.191580 v _459_/B2 (sky130_fd_sc_hd__a22o_2)
     2    0.007768    0.051643    0.249649    3.441229 v _459_/X (sky130_fd_sc_hd__a22o_2)
                                                         _120_ (net)
                      0.051643    0.000028    3.441257 v _461_/A2 (sky130_fd_sc_hd__a21o_2)
     3    0.009447    0.051455    0.240693    3.681950 v _461_/X (sky130_fd_sc_hd__a21o_2)
                                                         _122_ (net)
                      0.051455    0.000023    3.681973 v _463_/A2 (sky130_fd_sc_hd__a21o_2)
     2    0.008509    0.047576    0.237344    3.919317 v _463_/X (sky130_fd_sc_hd__a21o_2)
                                                         _124_ (net)
                      0.047576    0.000056    3.919373 v _477_/A2 (sky130_fd_sc_hd__a21o_2)
     3    0.009106    0.050631    0.237749    4.157122 v _477_/X (sky130_fd_sc_hd__a21o_2)
                                                         _138_ (net)
                      0.050631    0.000014    4.157135 v _478_/C (sky130_fd_sc_hd__and3_2)
     2    0.009242    0.053022    0.238967    4.396103 v _478_/X (sky130_fd_sc_hd__and3_2)
                                                         _139_ (net)
                      0.053022    0.000087    4.396189 v _496_/A1 (sky130_fd_sc_hd__o21a_2)
     2    0.006381    0.042208    0.229692    4.625882 v _496_/X (sky130_fd_sc_hd__o21a_2)
                                                         _157_ (net)
                      0.042208    0.000010    4.625891 v _512_/B (sky130_fd_sc_hd__or3_2)
     3    0.007018    0.090371    0.488998    5.114890 v _512_/X (sky130_fd_sc_hd__or3_2)
                                                         _173_ (net)
                      0.090371    0.000030    5.114920 v _515_/A1 (sky130_fd_sc_hd__a211o_2)
     2    0.007451    0.061972    0.339383    5.454302 v _515_/X (sky130_fd_sc_hd__a211o_2)
                                                         _176_ (net)
                      0.061972    0.000004    5.454307 v _585_/A1 (sky130_fd_sc_hd__a21o_2)
     2    0.011405    0.055625    0.227728    5.682034 v _585_/X (sky130_fd_sc_hd__a21o_2)
                                                         _245_ (net)
                      0.055625    0.000055    5.682090 v _586_/B (sky130_fd_sc_hd__xor2_2)
     1    0.002621    0.089742    0.115248    5.797338 ^ _586_/X (sky130_fd_sc_hd__xor2_2)
                                                         net29 (net)
                      0.089742    0.000005    5.797342 ^ output29/A (sky130_fd_sc_hd__clkdlybuf4s25_1)
     1    0.034612    0.349503    0.501360    6.298702 ^ output29/X (sky130_fd_sc_hd__clkdlybuf4s25_1)
                                                         y[4] (net)
                      0.349503    0.000207    6.298909 ^ y[4] (out)
                                              6.298909   data arrival time

                                 10.000000   10.000000   clock clk (rise edge)
                                  0.000000   10.000000   clock network delay (propagated)
                                 -0.250000    9.750000   clock uncertainty
                                  0.000000    9.750000   clock reconvergence pessimism
                                 -2.000000    7.750000   output external delay
                                              7.750000   data required time
---------------------------------------------------------------------------------------------
                                              7.750000   data required time
                                             -6.298909   data arrival time
---------------------------------------------------------------------------------------------
                                              1.451091   slack (MET)


Startpoint: h0[1] (input port clocked by clk)
Endpoint: y[3] (output port clocked by clk)
Path Group: clk
Path Type: max

Fanout         Cap        Slew       Delay        Time   Description
---------------------------------------------------------------------------------------------
                                  0.000000    0.000000   clock clk (rise edge)
                                  0.000000    0.000000   clock network delay (propagated)
                                  2.000000    2.000000 v input external delay
     1    0.002884    0.008827    0.004782    2.004782 v h0[1] (in)
                                                         h0[1] (net)
                      0.008827    0.000000    2.004782 v input2/A (sky130_fd_sc_hd__clkdlybuf4s25_1)
     8    0.027491    0.207239    0.381984    2.386766 v input2/X (sky130_fd_sc_hd__clkdlybuf4s25_1)
                                                         net2 (net)
                      0.207239    0.000262    2.387028 v _453_/A2 (sky130_fd_sc_hd__a22o_2)
     2    0.006983    0.049732    0.347354    2.734382 v _453_/X (sky130_fd_sc_hd__a22o_2)
                                                         _114_ (net)
                      0.049732    0.000021    2.734403 v _454_/B2 (sky130_fd_sc_hd__a22o_2)
     2    0.007071    0.051734    0.249208    2.983611 v _454_/X (sky130_fd_sc_hd__a22o_2)
                                                         _115_ (net)
                      0.051734    0.000005    2.983616 v _457_/A1 (sky130_fd_sc_hd__a21o_2)
     2    0.006832    0.043447    0.207944    3.191561 v _457_/X (sky130_fd_sc_hd__a21o_2)
                                                         _118_ (net)
                      0.043447    0.000019    3.191580 v _459_/B2 (sky130_fd_sc_hd__a22o_2)
     2    0.007768    0.051643    0.249649    3.441229 v _459_/X (sky130_fd_sc_hd__a22o_2)
                                                         _120_ (net)
                      0.051643    0.000028    3.441257 v _461_/A2 (sky130_fd_sc_hd__a21o_2)
     3    0.009447    0.051455    0.240693    3.681950 v _461_/X (sky130_fd_sc_hd__a21o_2)
                                                         _122_ (net)
                      0.051455    0.000023    3.681973 v _463_/A2 (sky130_fd_sc_hd__a21o_2)
     2    0.008509    0.047576    0.237344    3.919317 v _463_/X (sky130_fd_sc_hd__a21o_2)
                                                         _124_ (net)
                      0.047576    0.000056    3.919373 v _477_/A2 (sky130_fd_sc_hd__a21o_2)
     3    0.009106    0.050631    0.237749    4.157122 v _477_/X (sky130_fd_sc_hd__a21o_2)
                                                         _138_ (net)
                      0.050631    0.000014    4.157135 v _478_/C (sky130_fd_sc_hd__and3_2)
     2    0.009242    0.053022    0.238967    4.396103 v _478_/X (sky130_fd_sc_hd__and3_2)
                                                         _139_ (net)
                      0.053022    0.000087    4.396189 v _496_/A1 (sky130_fd_sc_hd__o21a_2)
     2    0.006381    0.042208    0.229692    4.625882 v _496_/X (sky130_fd_sc_hd__o21a_2)
                                                         _157_ (net)
                      0.042208    0.000010    4.625891 v _512_/B (sky130_fd_sc_hd__or3_2)
     3    0.007018    0.090371    0.488998    5.114890 v _512_/X (sky130_fd_sc_hd__or3_2)
                                                         _173_ (net)
                      0.090371    0.000030    5.114920 v _515_/A1 (sky130_fd_sc_hd__a211o_2)
     2    0.007451    0.061972    0.339383    5.454302 v _515_/X (sky130_fd_sc_hd__a211o_2)
                                                         _176_ (net)
                      0.061972    0.000010    5.454313 v _516_/B (sky130_fd_sc_hd__nand2b_2)
     1    0.009736    0.070891    0.093989    5.548302 ^ _516_/Y (sky130_fd_sc_hd__nand2b_2)
                                                         _177_ (net)
                      0.070891    0.000034    5.548336 ^ _518_/A (sky130_fd_sc_hd__xnor2_2)
     1    0.002540    0.097488    0.109318    5.657654 ^ _518_/Y (sky130_fd_sc_hd__xnor2_2)
                                                         net28 (net)
                      0.097488    0.000004    5.657658 ^ output28/A (sky130_fd_sc_hd__clkdlybuf4s25_1)
     1    0.034178    0.349497    0.501203    6.158861 ^ output28/X (sky130_fd_sc_hd__clkdlybuf4s25_1)
                                                         y[3] (net)
                      0.349497    0.000119    6.158980 ^ y[3] (out)
                                              6.158980   data arrival time

                                 10.000000   10.000000   clock clk (rise edge)
                                  0.000000   10.000000   clock network delay (propagated)
                                 -0.250000    9.750000   clock uncertainty
                                  0.000000    9.750000   clock reconvergence pessimism
                                 -2.000000    7.750000   output external delay
                                              7.750000   data required time
---------------------------------------------------------------------------------------------
                                              7.750000   data required time
                                             -6.158980   data arrival time
---------------------------------------------------------------------------------------------
                                              1.591020   slack (MET)


Startpoint: h3[1] (input port clocked by clk)
Endpoint: y[2] (output port clocked by clk)
Path Group: clk
Path Type: max

Fanout         Cap        Slew       Delay        Time   Description
---------------------------------------------------------------------------------------------
                                  0.000000    0.000000   clock clk (rise edge)
                                  0.000000    0.000000   clock network delay (propagated)
                                  2.000000    2.000000 v input external delay
     1    0.002801    0.008634    0.004634    2.004634 v h3[1] (in)
                                                         h3[1] (net)
                      0.008634    0.000000    2.004634 v input14/A (sky130_fd_sc_hd__clkdlybuf4s25_1)
     8    0.025802    0.195257    0.372491    2.377126 v input14/X (sky130_fd_sc_hd__clkdlybuf4s25_1)
                                                         net14 (net)
                      0.195257    0.000309    2.377434 v _399_/D (sky130_fd_sc_hd__and4_2)
     3    0.011499    0.060612    0.344111    2.721545 v _399_/X (sky130_fd_sc_hd__and4_2)
                                                         _061_ (net)
                      0.060612    0.000034    2.721579 v _403_/A (sky130_fd_sc_hd__or3b_2)
     3    0.012427    0.109937    0.542981    3.264560 v _403_/X (sky130_fd_sc_hd__or3b_2)
                                                         _065_ (net)
                      0.109937    0.000009    3.264569 v _405_/A (sky130_fd_sc_hd__and2_2)
     2    0.006182    0.045983    0.213468    3.478037 v _405_/X (sky130_fd_sc_hd__and2_2)
                                                         _067_ (net)
                      0.045983    0.000011    3.478048 v _409_/A (sky130_fd_sc_hd__or2_2)
     1    0.004562    0.061584    0.312176    3.790224 v _409_/X (sky130_fd_sc_hd__or2_2)
                                                         _071_ (net)
                      0.061584    0.000009    3.790233 v _410_/B (sky130_fd_sc_hd__nand2_2)
     2    0.007718    0.060934    0.085590    3.875823 ^ _410_/Y (sky130_fd_sc_hd__nand2_2)
                                                         _072_ (net)
                      0.060934    0.000014    3.875837 ^ _411_/C (sky130_fd_sc_hd__nor3_2)
     4    0.012096    0.069299    0.057716    3.933553 v _411_/Y (sky130_fd_sc_hd__nor3_2)
                                                         _073_ (net)
                      0.069299    0.000012    3.933565 v _426_/A (sky130_fd_sc_hd__or3_2)
     3    0.009839    0.102947    0.540304    4.473868 v _426_/X (sky130_fd_sc_hd__or3_2)
                                                         _088_ (net)
                      0.102947    0.000016    4.473884 v _439_/A1 (sky130_fd_sc_hd__a211o_2)
     2    0.007199    0.061274    0.343460    4.817345 v _439_/X (sky130_fd_sc_hd__a211o_2)
                                                         _101_ (net)
                      0.061274    0.000012    4.817357 v _440_/B (sky130_fd_sc_hd__nand2b_2)
     1    0.009679    0.070581    0.093435    4.910792 ^ _440_/Y (sky130_fd_sc_hd__nand2b_2)
                                                         _102_ (net)
                      0.070581    0.000027    4.910819 ^ _449_/A (sky130_fd_sc_hd__xnor2_2)
     1    0.002668    0.098966    0.109827    5.020646 ^ _449_/Y (sky130_fd_sc_hd__xnor2_2)
                                                         net27 (net)
                      0.098966    0.000005    5.020651 ^ output27/A (sky130_fd_sc_hd__clkdlybuf4s25_1)
     1    0.034583    0.349336    0.504521    5.525172 ^ output27/X (sky130_fd_sc_hd__clkdlybuf4s25_1)
                                                         y[2] (net)
                      0.349336    0.000175    5.525347 ^ y[2] (out)
                                              5.525347   data arrival time

                                 10.000000   10.000000   clock clk (rise edge)
                                  0.000000   10.000000   clock network delay (propagated)
                                 -0.250000    9.750000   clock uncertainty
                                  0.000000    9.750000   clock reconvergence pessimism
                                 -2.000000    7.750000   output external delay
                                              7.750000   data required time
---------------------------------------------------------------------------------------------
                                              7.750000   data required time
                                             -5.525347   data arrival time
---------------------------------------------------------------------------------------------
                                              2.224653   slack (MET)


Startpoint: h1[0] (input port clocked by clk)
Endpoint: y[1] (output port clocked by clk)
Path Group: clk
Path Type: max

Fanout         Cap        Slew       Delay        Time   Description
---------------------------------------------------------------------------------------------
                                  0.000000    0.000000   clock clk (rise edge)
                                  0.000000    0.000000   clock network delay (propagated)
                                  2.000000    2.000000 ^ input external delay
     1    0.003032    0.020731    0.011660    2.011660 ^ h1[0] (in)
                                                         h1[0] (net)
                      0.020731    0.000000    2.011660 ^ input5/A (sky130_fd_sc_hd__clkdlybuf4s25_1)
    10    0.035435    0.357902    0.481883    2.493542 ^ input5/X (sky130_fd_sc_hd__clkdlybuf4s25_1)
                                                         net5 (net)
                      0.357902    0.000631    2.494174 ^ _390_/A1 (sky130_fd_sc_hd__a22o_2)
     2    0.006646    0.058975    0.243057    2.737231 ^ _390_/X (sky130_fd_sc_hd__a22o_2)
                                                         _052_ (net)
                      0.058975    0.000007    2.737238 ^ _392_/C (sky130_fd_sc_hd__and4_2)
     3    0.013009    0.097673    0.275528    3.012765 ^ _392_/X (sky130_fd_sc_hd__and4_2)
                                                         _054_ (net)
                      0.097673    0.000039    3.012805 ^ _394_/A (sky130_fd_sc_hd__nor2_2)
     2    0.005980    0.042061    0.057589    3.070393 v _394_/Y (sky130_fd_sc_hd__nor2_2)
                                                         _056_ (net)
                      0.042061    0.000008    3.070402 v _396_/A (sky130_fd_sc_hd__and2_2)
     3    0.008353    0.050714    0.189168    3.259570 v _396_/X (sky130_fd_sc_hd__and2_2)
                                                         _058_ (net)
                      0.050714    0.000005    3.259575 v _430_/A (sky130_fd_sc_hd__or2_2)
     2    0.007735    0.068231    0.328422    3.587997 v _430_/X (sky130_fd_sc_hd__or2_2)
                                                         _092_ (net)
                      0.068231    0.000056    3.588053 v _433_/A (sky130_fd_sc_hd__nor2_2)
     3    0.011295    0.148757    0.173566    3.761620 ^ _433_/Y (sky130_fd_sc_hd__nor2_2)
                                                         _095_ (net)
                      0.148757    0.000029    3.761648 ^ _436_/A (sky130_fd_sc_hd__nor2_2)
     2    0.006351    0.044365    0.069349    3.830998 v _436_/Y (sky130_fd_sc_hd__nor2_2)
                                                         _098_ (net)
                      0.044365    0.000024    3.831022 v _437_/C (sky130_fd_sc_hd__and3_2)
     3    0.009526    0.053671    0.237206    4.068228 v _437_/X (sky130_fd_sc_hd__and3_2)
                                                         _099_ (net)
                      0.053671    0.000019    4.068247 v _442_/A (sky130_fd_sc_hd__nor2_2)
     2    0.011817    0.154051    0.171679    4.239925 ^ _442_/Y (sky130_fd_sc_hd__nor2_2)
                                                         _104_ (net)
                      0.154051    0.000059    4.239984 ^ _704_/A (sky130_fd_sc_hd__xnor2_2)
     1    0.002540    0.099048    0.129338    4.369322 ^ _704_/Y (sky130_fd_sc_hd__xnor2_2)
                                                         net26 (net)
                      0.099048    0.000004    4.369326 ^ output26/A (sky130_fd_sc_hd__clkdlybuf4s25_1)
     1    0.034492    0.348456    0.503881    4.873207 ^ output26/X (sky130_fd_sc_hd__clkdlybuf4s25_1)
                                                         y[1] (net)
                      0.348456    0.000196    4.873403 ^ y[1] (out)
                                              4.873403   data arrival time

                                 10.000000   10.000000   clock clk (rise edge)
                                  0.000000   10.000000   clock network delay (propagated)
                                 -0.250000    9.750000   clock uncertainty
                                  0.000000    9.750000   clock reconvergence pessimism
                                 -2.000000    7.750000   output external delay
                                              7.750000   data required time
---------------------------------------------------------------------------------------------
                                              7.750000   data required time
                                             -4.873403   data arrival time
---------------------------------------------------------------------------------------------
                                              2.876597   slack (MET)


Startpoint: h1[0] (input port clocked by clk)
Endpoint: y[0] (output port clocked by clk)
Path Group: clk
Path Type: max

Fanout         Cap        Slew       Delay        Time   Description
---------------------------------------------------------------------------------------------
                                  0.000000    0.000000   clock clk (rise edge)
                                  0.000000    0.000000   clock network delay (propagated)
                                  2.000000    2.000000 ^ input external delay
     1    0.003032    0.020731    0.011660    2.011660 ^ h1[0] (in)
                                                         h1[0] (net)
                      0.020731    0.000000    2.011660 ^ input5/A (sky130_fd_sc_hd__clkdlybuf4s25_1)
    10    0.035435    0.357902    0.481883    2.493542 ^ input5/X (sky130_fd_sc_hd__clkdlybuf4s25_1)
                                                         net5 (net)
                      0.357902    0.000631    2.494174 ^ _395_/A (sky130_fd_sc_hd__and4_2)
     3    0.012419    0.097166    0.348393    2.842567 ^ _395_/X (sky130_fd_sc_hd__and4_2)
                                                         _057_ (net)
                      0.097166    0.000036    2.842602 ^ _444_/A (sky130_fd_sc_hd__nor2_2)
     2    0.014729    0.056649    0.076337    2.918940 v _444_/Y (sky130_fd_sc_hd__nor2_2)
                                                         _106_ (net)
                      0.056649    0.000140    2.919079 v _445_/B (sky130_fd_sc_hd__xnor2_2)
     2    0.006232    0.055505    0.143416    3.062496 v _445_/Y (sky130_fd_sc_hd__xnor2_2)
                                                         _107_ (net)
                      0.055505    0.000014    3.062509 v _446_/C (sky130_fd_sc_hd__and3_2)
     2    0.008536    0.053063    0.238750    3.301259 v _446_/X (sky130_fd_sc_hd__and3_2)
                                                         _108_ (net)
                      0.053063    0.000008    3.301267 v _703_/A (sky130_fd_sc_hd__nor2_2)
     1    0.004137    0.074770    0.110566    3.411833 ^ _703_/Y (sky130_fd_sc_hd__nor2_2)
                                                         net25 (net)
                      0.074770    0.000041    3.411874 ^ output25/A (sky130_fd_sc_hd__clkdlybuf4s25_1)
     1    0.034643    0.349632    0.496098    3.907972 ^ output25/X (sky130_fd_sc_hd__clkdlybuf4s25_1)
                                                         y[0] (net)
                      0.349632    0.000289    3.908261 ^ y[0] (out)
                                              3.908261   data arrival time

                                 10.000000   10.000000   clock clk (rise edge)
                                  0.000000   10.000000   clock network delay (propagated)
                                 -0.250000    9.750000   clock uncertainty
                                  0.000000    9.750000   clock reconvergence pessimism
                                 -2.000000    7.750000   output external delay
                                              7.750000   data required time
---------------------------------------------------------------------------------------------
                                              7.750000   data required time
                                             -3.908261   data arrival time
---------------------------------------------------------------------------------------------
                                              3.841739   slack (MET)


Startpoint: _755_ (rising edge-triggered flip-flop clocked by clk)
Endpoint: diag_busy (output port clocked by clk)
Path Group: clk
Path Type: max

Fanout         Cap        Slew       Delay        Time   Description
---------------------------------------------------------------------------------------------
                                  0.000000    0.000000   clock clk (rise edge)
                                  0.000000    0.000000   clock source latency
     1    0.012454    0.062209    0.044110    0.044110 ^ clk (in)
                                                         clk (net)
                      0.062211    0.000000    0.044110 ^ clkbuf_0_clk/A (sky130_fd_sc_hd__clkbuf_16)
     4    0.036344    0.056588    0.152876    0.196986 ^ clkbuf_0_clk/X (sky130_fd_sc_hd__clkbuf_16)
                                                         clknet_0_clk (net)
                      0.056588    0.000157    0.197143 ^ clkbuf_2_0__f_clk/A (sky130_fd_sc_hd__clkbuf_16)
     9    0.021369    0.043022    0.137571    0.334714 ^ clkbuf_2_0__f_clk/X (sky130_fd_sc_hd__clkbuf_16)
                                                         clknet_2_0__leaf_clk (net)
                      0.043023    0.000086    0.334800 ^ _755_/CLK (sky130_fd_sc_hd__dfxtp_2)
     6    0.019531    0.106029    0.383044    0.717844 ^ _755_/Q (sky130_fd_sc_hd__dfxtp_2)
                                                         net23 (net)
                      0.106029    0.000120    0.717964 ^ output23/A (sky130_fd_sc_hd__clkdlybuf4s25_1)
     1    0.034862    0.352181    0.509010    1.226974 ^ output23/X (sky130_fd_sc_hd__clkdlybuf4s25_1)
                                                         diag_busy (net)
                      0.352181    0.000290    1.227264 ^ diag_busy (out)
                                              1.227264   data arrival time

                                 10.000000   10.000000   clock clk (rise edge)
                                  0.000000   10.000000   clock network delay (propagated)
                                 -0.250000    9.750000   clock uncertainty
                                  0.000000    9.750000   clock reconvergence pessimism
                                 -2.000000    7.750000   output external delay
                                              7.750000   data required time
---------------------------------------------------------------------------------------------
                                              7.750000   data required time
                                             -1.227264   data arrival time
---------------------------------------------------------------------------------------------
                                              6.522737   slack (MET)


Startpoint: _756_ (rising edge-triggered flip-flop clocked by clk)
Endpoint: diag_done (output port clocked by clk)
Path Group: clk
Path Type: max

Fanout         Cap        Slew       Delay        Time   Description
---------------------------------------------------------------------------------------------
                                  0.000000    0.000000   clock clk (rise edge)
                                  0.000000    0.000000   clock source latency
     1    0.012454    0.062209    0.044110    0.044110 ^ clk (in)
                                                         clk (net)
                      0.062211    0.000000    0.044110 ^ clkbuf_0_clk/A (sky130_fd_sc_hd__clkbuf_16)
     4    0.036344    0.056588    0.152876    0.196986 ^ clkbuf_0_clk/X (sky130_fd_sc_hd__clkbuf_16)
                                                         clknet_0_clk (net)
                      0.056588    0.000142    0.197128 ^ clkbuf_2_2__f_clk/A (sky130_fd_sc_hd__clkbuf_16)
     9    0.021730    0.043338    0.137941    0.335069 ^ clkbuf_2_2__f_clk/X (sky130_fd_sc_hd__clkbuf_16)
                                                         clknet_2_2__leaf_clk (net)
                      0.043338    0.000019    0.335088 ^ _756_/CLK (sky130_fd_sc_hd__dfxtp_2)
     1    0.002629    0.030184    0.317407    0.652495 ^ _756_/Q (sky130_fd_sc_hd__dfxtp_2)
                                                         net24 (net)
                      0.030184    0.000005    0.652500 ^ output24/A (sky130_fd_sc_hd__clkdlybuf4s25_1)
     1    0.034469    0.348246    0.478545    1.131044 ^ output24/X (sky130_fd_sc_hd__clkdlybuf4s25_1)
                                                         diag_done (net)
                      0.348246    0.000239    1.131284 ^ diag_done (out)
                                              1.131284   data arrival time

                                 10.000000   10.000000   clock clk (rise edge)
                                  0.000000   10.000000   clock network delay (propagated)
                                 -0.250000    9.750000   clock uncertainty
                                  0.000000    9.750000   clock reconvergence pessimism
                                 -2.000000    7.750000   output external delay
                                              7.750000   data required time
---------------------------------------------------------------------------------------------
                                              7.750000   data required time
                                             -1.131284   data arrival time
---------------------------------------------------------------------------------------------
                                              6.618716   slack (MET)


Startpoint: rst (input port clocked by clk)
Endpoint: _762_ (rising edge-triggered flip-flop clocked by clk)
Path Group: clk
Path Type: max

Fanout         Cap        Slew       Delay        Time   Description
---------------------------------------------------------------------------------------------
                                  0.000000    0.000000   clock clk (rise edge)
                                  0.000000    0.000000   clock network delay (propagated)
                                  2.000000    2.000000 ^ input external delay
     1    0.002980    0.020505    0.011467    2.011467 ^ rst (in)
                                                         rst (net)
                      0.020505    0.000000    2.011467 ^ input17/A (sky130_fd_sc_hd__clkdlybuf4s25_1)
     3    0.013129    0.141262    0.321731    2.333197 ^ input17/X (sky130_fd_sc_hd__clkdlybuf4s25_1)
                                                         net17 (net)
                      0.141262    0.000075    2.333273 ^ _369_/A (sky130_fd_sc_hd__inv_2)
     4    0.014761    0.054187    0.079587    2.412860 v _369_/Y (sky130_fd_sc_hd__inv_2)
                                                         _367_ (net)
                      0.054187    0.000133    2.412993 v fanout37/A (sky130_fd_sc_hd__clkdlybuf4s25_1)
    10    0.019593    0.153147    0.358045    2.771038 v fanout37/X (sky130_fd_sc_hd__clkdlybuf4s25_1)
                                                         net37 (net)
                      0.153147    0.000078    2.771115 v _741_/B (sky130_fd_sc_hd__and2_2)
     1    0.002565    0.035655    0.242764    3.013879 v _741_/X (sky130_fd_sc_hd__and2_2)
                                                         _026_ (net)
                      0.035655    0.000011    3.013890 v _762_/D (sky130_fd_sc_hd__dfxtp_2)
                                              3.013890   data arrival time

                                 10.000000   10.000000   clock clk (rise edge)
                                  0.000000   10.000000   clock source latency
     1    0.012454    0.062209    0.039909   10.039908 ^ clk (in)
                                                         clk (net)
                      0.062211    0.000000   10.039908 ^ clkbuf_0_clk/A (sky130_fd_sc_hd__clkbuf_16)
     4    0.036344    0.056588    0.138317   10.178226 ^ clkbuf_0_clk/X (sky130_fd_sc_hd__clkbuf_16)
                                                         clknet_0_clk (net)
                      0.056588    0.000109   10.178335 ^ clkbuf_2_3__f_clk/A (sky130_fd_sc_hd__clkbuf_16)
     9    0.021622    0.043243    0.124707   10.303042 ^ clkbuf_2_3__f_clk/X (sky130_fd_sc_hd__clkbuf_16)
                                                         clknet_2_3__leaf_clk (net)
                      0.043243    0.000049   10.303091 ^ _762_/CLK (sky130_fd_sc_hd__dfxtp_2)
                                 -0.250000   10.053091   clock uncertainty
                                  0.000000   10.053091   clock reconvergence pessimism
                                 -0.109216    9.943875   library setup time
                                              9.943875   data required time
---------------------------------------------------------------------------------------------
                                              9.943875   data required time
                                             -3.013890   data arrival time
---------------------------------------------------------------------------------------------
                                              6.929986   slack (MET)


Startpoint: rst (input port clocked by clk)
Endpoint: _780_ (rising edge-triggered flip-flop clocked by clk)
Path Group: clk
Path Type: max

Fanout         Cap        Slew       Delay        Time   Description
---------------------------------------------------------------------------------------------
                                  0.000000    0.000000   clock clk (rise edge)
                                  0.000000    0.000000   clock network delay (propagated)
                                  2.000000    2.000000 ^ input external delay
     1    0.002980    0.020505    0.011467    2.011467 ^ rst (in)
                                                         rst (net)
                      0.020505    0.000000    2.011467 ^ input17/A (sky130_fd_sc_hd__clkdlybuf4s25_1)
     3    0.013129    0.141262    0.321731    2.333197 ^ input17/X (sky130_fd_sc_hd__clkdlybuf4s25_1)
                                                         net17 (net)
                      0.141262    0.000075    2.333273 ^ _369_/A (sky130_fd_sc_hd__inv_2)
     4    0.014761    0.054187    0.079587    2.412860 v _369_/Y (sky130_fd_sc_hd__inv_2)
                                                         _367_ (net)
                      0.054187    0.000133    2.412993 v fanout37/A (sky130_fd_sc_hd__clkdlybuf4s25_1)
    10    0.019593    0.153147    0.358045    2.771038 v fanout37/X (sky130_fd_sc_hd__clkdlybuf4s25_1)
                                                         net37 (net)
                      0.153147    0.000032    2.771070 v _706_/B (sky130_fd_sc_hd__and2_2)
     1    0.001986    0.034619    0.239979    3.011049 v _706_/X (sky130_fd_sc_hd__and2_2)
                                                         _010_ (net)
                      0.034619    0.000004    3.011052 v _780_/D (sky130_fd_sc_hd__dfxtp_2)
                                              3.011052   data arrival time

                                 10.000000   10.000000   clock clk (rise edge)
                                  0.000000   10.000000   clock source latency
     1    0.012454    0.062209    0.039909   10.039908 ^ clk (in)
                                                         clk (net)
                      0.062211    0.000000   10.039908 ^ clkbuf_0_clk/A (sky130_fd_sc_hd__clkbuf_16)
     4    0.036344    0.056588    0.138317   10.178226 ^ clkbuf_0_clk/X (sky130_fd_sc_hd__clkbuf_16)
                                                         clknet_0_clk (net)
                      0.056588    0.000129   10.178354 ^ clkbuf_2_2__f_clk/A (sky130_fd_sc_hd__clkbuf_16)
     9    0.021730    0.043338    0.124803   10.303158 ^ clkbuf_2_2__f_clk/X (sky130_fd_sc_hd__clkbuf_16)
                                                         clknet_2_2__leaf_clk (net)
                      0.043338    0.000037   10.303195 ^ _780_/CLK (sky130_fd_sc_hd__dfxtp_2)
                                 -0.250000   10.053195   clock uncertainty
                                  0.000000   10.053195   clock reconvergence pessimism
                                 -0.108742    9.944453   library setup time
                                              9.944453   data required time
---------------------------------------------------------------------------------------------
                                              9.944453   data required time
                                             -3.011052   data arrival time
---------------------------------------------------------------------------------------------
                                              6.933401   slack (MET)


Startpoint: rst (input port clocked by clk)
Endpoint: _761_ (rising edge-triggered flip-flop clocked by clk)
Path Group: clk
Path Type: max

Fanout         Cap        Slew       Delay        Time   Description
---------------------------------------------------------------------------------------------
                                  0.000000    0.000000   clock clk (rise edge)
                                  0.000000    0.000000   clock network delay (propagated)
                                  2.000000    2.000000 ^ input external delay
     1    0.002980    0.020505    0.011467    2.011467 ^ rst (in)
                                                         rst (net)
                      0.020505    0.000000    2.011467 ^ input17/A (sky130_fd_sc_hd__clkdlybuf4s25_1)
     3    0.013129    0.141262    0.321731    2.333197 ^ input17/X (sky130_fd_sc_hd__clkdlybuf4s25_1)
                                                         net17 (net)
                      0.141262    0.000075    2.333273 ^ _369_/A (sky130_fd_sc_hd__inv_2)
     4    0.014761    0.054187    0.079587    2.412860 v _369_/Y (sky130_fd_sc_hd__inv_2)
                                                         _367_ (net)
                      0.054187    0.000133    2.412993 v fanout37/A (sky130_fd_sc_hd__clkdlybuf4s25_1)
    10    0.019593    0.153147    0.358045    2.771038 v fanout37/X (sky130_fd_sc_hd__clkdlybuf4s25_1)
                                                         net37 (net)
                      0.153147    0.000077    2.771115 v _740_/B (sky130_fd_sc_hd__and2_2)
     1    0.001922    0.034435    0.239671    3.010786 v _740_/X (sky130_fd_sc_hd__and2_2)
                                                         _025_ (net)
                      0.034435    0.000002    3.010787 v _761_/D (sky130_fd_sc_hd__dfxtp_2)
                                              3.010787   data arrival time

                                 10.000000   10.000000   clock clk (rise edge)
                                  0.000000   10.000000   clock source latency
     1    0.012454    0.062209    0.039909   10.039908 ^ clk (in)
                                                         clk (net)
                      0.062211    0.000000   10.039908 ^ clkbuf_0_clk/A (sky130_fd_sc_hd__clkbuf_16)
     4    0.036344    0.056588    0.138317   10.178226 ^ clkbuf_0_clk/X (sky130_fd_sc_hd__clkbuf_16)
                                                         clknet_0_clk (net)
                      0.056588    0.000109   10.178335 ^ clkbuf_2_3__f_clk/A (sky130_fd_sc_hd__clkbuf_16)
     9    0.021622    0.043243    0.124707   10.303042 ^ clkbuf_2_3__f_clk/X (sky130_fd_sc_hd__clkbuf_16)
                                                         clknet_2_3__leaf_clk (net)
                      0.043243    0.000043   10.303085 ^ _761_/CLK (sky130_fd_sc_hd__dfxtp_2)
                                 -0.250000   10.053085   clock uncertainty
                                  0.000000   10.053085   clock reconvergence pessimism
                                 -0.108683    9.944402   library setup time
                                              9.944402   data required time
---------------------------------------------------------------------------------------------
                                              9.944402   data required time
                                             -3.010787   data arrival time
---------------------------------------------------------------------------------------------
                                              6.933615   slack (MET)


Startpoint: rst (input port clocked by clk)
Endpoint: _752_ (rising edge-triggered flip-flop clocked by clk)
Path Group: clk
Path Type: max

Fanout         Cap        Slew       Delay        Time   Description
---------------------------------------------------------------------------------------------
                                  0.000000    0.000000   clock clk (rise edge)
                                  0.000000    0.000000   clock network delay (propagated)
                                  2.000000    2.000000 ^ input external delay
     1    0.002980    0.020505    0.011467    2.011467 ^ rst (in)
                                                         rst (net)
                      0.020505    0.000000    2.011467 ^ input17/A (sky130_fd_sc_hd__clkdlybuf4s25_1)
     3    0.013129    0.141262    0.321731    2.333197 ^ input17/X (sky130_fd_sc_hd__clkdlybuf4s25_1)
                                                         net17 (net)
                      0.141262    0.000075    2.333273 ^ _369_/A (sky130_fd_sc_hd__inv_2)
     4    0.014761    0.054187    0.079587    2.412860 v _369_/Y (sky130_fd_sc_hd__inv_2)
                                                         _367_ (net)
                      0.054187    0.000075    2.412935 v fanout35/A (sky130_fd_sc_hd__clkdlybuf4s25_1)
    10    0.020290    0.157832    0.362007    2.774942 v fanout35/X (sky130_fd_sc_hd__clkdlybuf4s25_1)
                                                         net35 (net)
                      0.157832    0.000062    2.775004 v _728_/A (sky130_fd_sc_hd__and2_2)
     1    0.002419    0.035415    0.221798    2.996802 v _728_/X (sky130_fd_sc_hd__and2_2)
                                                         _016_ (net)
                      0.035415    0.000009    2.996811 v _752_/D (sky130_fd_sc_hd__dfxtp_2)
                                              2.996811   data arrival time

                                 10.000000   10.000000   clock clk (rise edge)
                                  0.000000   10.000000   clock source latency
     1    0.012454    0.062209    0.039909   10.039908 ^ clk (in)
                                                         clk (net)
                      0.062211    0.000000   10.039908 ^ clkbuf_0_clk/A (sky130_fd_sc_hd__clkbuf_16)
     4    0.036344    0.056588    0.138317   10.178226 ^ clkbuf_0_clk/X (sky130_fd_sc_hd__clkbuf_16)
                                                         clknet_0_clk (net)
                      0.056588    0.000107   10.178333 ^ clkbuf_2_1__f_clk/A (sky130_fd_sc_hd__clkbuf_16)
     9    0.020919    0.042636    0.124056   10.302389 ^ clkbuf_2_1__f_clk/X (sky130_fd_sc_hd__clkbuf_16)
                                                         clknet_2_1__leaf_clk (net)
                      0.042636    0.000069   10.302459 ^ _752_/CLK (sky130_fd_sc_hd__dfxtp_2)
                                 -0.250000   10.052459   clock uncertainty
                                  0.000000   10.052459   clock reconvergence pessimism
                                 -0.109253    9.943206   library setup time
                                              9.943206   data required time
---------------------------------------------------------------------------------------------
                                              9.943206   data required time
                                             -2.996811   data arrival time
---------------------------------------------------------------------------------------------
                                              6.946395   slack (MET)


Startpoint: rst (input port clocked by clk)
Endpoint: _775_ (rising edge-triggered flip-flop clocked by clk)
Path Group: clk
Path Type: max

Fanout         Cap        Slew       Delay        Time   Description
---------------------------------------------------------------------------------------------
                                  0.000000    0.000000   clock clk (rise edge)
                                  0.000000    0.000000   clock network delay (propagated)
                                  2.000000    2.000000 ^ input external delay
     1    0.002980    0.020505    0.011467    2.011467 ^ rst (in)
                                                         rst (net)
                      0.020505    0.000000    2.011467 ^ input17/A (sky130_fd_sc_hd__clkdlybuf4s25_1)
     3    0.013129    0.141262    0.321731    2.333197 ^ input17/X (sky130_fd_sc_hd__clkdlybuf4s25_1)
                                                         net17 (net)
                      0.141262    0.000075    2.333273 ^ _369_/A (sky130_fd_sc_hd__inv_2)
     4    0.014761    0.054187    0.079587    2.412860 v _369_/Y (sky130_fd_sc_hd__inv_2)
                                                         _367_ (net)
                      0.054187    0.000075    2.412935 v fanout35/A (sky130_fd_sc_hd__clkdlybuf4s25_1)
    10    0.020290    0.157832    0.362007    2.774942 v fanout35/X (sky130_fd_sc_hd__clkdlybuf4s25_1)
                                                         net35 (net)
                      0.157832    0.000015    2.774957 v _712_/A (sky130_fd_sc_hd__and2_2)
     1    0.002501    0.035625    0.222173    2.997131 v _712_/X (sky130_fd_sc_hd__and2_2)
                                                         _005_ (net)
                      0.035625    0.000011    2.997142 v _775_/D (sky130_fd_sc_hd__dfxtp_2)
                                              2.997142   data arrival time

                                 10.000000   10.000000   clock clk (rise edge)
                                  0.000000   10.000000   clock source latency
     1    0.012454    0.062209    0.039909   10.039908 ^ clk (in)
                                                         clk (net)
                      0.062211    0.000000   10.039908 ^ clkbuf_0_clk/A (sky130_fd_sc_hd__clkbuf_16)
     4    0.036344    0.056588    0.138317   10.178226 ^ clkbuf_0_clk/X (sky130_fd_sc_hd__clkbuf_16)
                                                         clknet_0_clk (net)
                      0.056588    0.000142   10.178368 ^ clkbuf_2_0__f_clk/A (sky130_fd_sc_hd__clkbuf_16)
     9    0.021369    0.043022    0.124468   10.302836 ^ clkbuf_2_0__f_clk/X (sky130_fd_sc_hd__clkbuf_16)
                                                         clknet_2_0__leaf_clk (net)
                      0.043022    0.000067   10.302903 ^ _775_/CLK (sky130_fd_sc_hd__dfxtp_2)
                                 -0.250000   10.052903   clock uncertainty
                                  0.000000   10.052903   clock reconvergence pessimism
                                 -0.109254    9.943648   library setup time
                                              9.943648   data required time
---------------------------------------------------------------------------------------------
                                              9.943648   data required time
                                             -2.997142   data arrival time
---------------------------------------------------------------------------------------------
                                              6.946506   slack (MET)


Startpoint: rst (input port clocked by clk)
Endpoint: _753_ (rising edge-triggered flip-flop clocked by clk)
Path Group: clk
Path Type: max

Fanout         Cap        Slew       Delay        Time   Description
---------------------------------------------------------------------------------------------
                                  0.000000    0.000000   clock clk (rise edge)
                                  0.000000    0.000000   clock network delay (propagated)
                                  2.000000    2.000000 ^ input external delay
     1    0.002980    0.020505    0.011467    2.011467 ^ rst (in)
                                                         rst (net)
                      0.020505    0.000000    2.011467 ^ input17/A (sky130_fd_sc_hd__clkdlybuf4s25_1)
     3    0.013129    0.141262    0.321731    2.333197 ^ input17/X (sky130_fd_sc_hd__clkdlybuf4s25_1)
                                                         net17 (net)
                      0.141262    0.000075    2.333273 ^ _369_/A (sky130_fd_sc_hd__inv_2)
     4    0.014761    0.054187    0.079587    2.412860 v _369_/Y (sky130_fd_sc_hd__inv_2)
                                                         _367_ (net)
                      0.054187    0.000075    2.412935 v fanout35/A (sky130_fd_sc_hd__clkdlybuf4s25_1)
    10    0.020290    0.157832    0.362007    2.774942 v fanout35/X (sky130_fd_sc_hd__clkdlybuf4s25_1)
                                                         net35 (net)
                      0.157832    0.000069    2.775012 v _730_/A (sky130_fd_sc_hd__and2_2)
     1    0.002169    0.035206    0.220638    2.995649 v _730_/X (sky130_fd_sc_hd__and2_2)
                                                         _017_ (net)
                      0.035206    0.000006    2.995656 v _753_/D (sky130_fd_sc_hd__dfxtp_2)
                                              2.995656   data arrival time

                                 10.000000   10.000000   clock clk (rise edge)
                                  0.000000   10.000000   clock source latency
     1    0.012454    0.062209    0.039909   10.039908 ^ clk (in)
                                                         clk (net)
                      0.062211    0.000000   10.039908 ^ clkbuf_0_clk/A (sky130_fd_sc_hd__clkbuf_16)
     4    0.036344    0.056588    0.138317   10.178226 ^ clkbuf_0_clk/X (sky130_fd_sc_hd__clkbuf_16)
                                                         clknet_0_clk (net)
                      0.056588    0.000107   10.178333 ^ clkbuf_2_1__f_clk/A (sky130_fd_sc_hd__clkbuf_16)
     9    0.020919    0.042636    0.124056   10.302389 ^ clkbuf_2_1__f_clk/X (sky130_fd_sc_hd__clkbuf_16)
                                                         clknet_2_1__leaf_clk (net)
                      0.042636    0.000070   10.302460 ^ _753_/CLK (sky130_fd_sc_hd__dfxtp_2)
                                 -0.250000   10.052460   clock uncertainty
                                  0.000000   10.052460   clock reconvergence pessimism
                                 -0.109162    9.943298   library setup time
                                              9.943298   data required time
---------------------------------------------------------------------------------------------
                                              9.943298   data required time
                                             -2.995656   data arrival time
---------------------------------------------------------------------------------------------
                                              6.947643   slack (MET)


Startpoint: rst (input port clocked by clk)
Endpoint: _751_ (rising edge-triggered flip-flop clocked by clk)
Path Group: clk
Path Type: max

Fanout         Cap        Slew       Delay        Time   Description
---------------------------------------------------------------------------------------------
                                  0.000000    0.000000   clock clk (rise edge)
                                  0.000000    0.000000   clock network delay (propagated)
                                  2.000000    2.000000 ^ input external delay
     1    0.002980    0.020505    0.011467    2.011467 ^ rst (in)
                                                         rst (net)
                      0.020505    0.000000    2.011467 ^ input17/A (sky130_fd_sc_hd__clkdlybuf4s25_1)
     3    0.013129    0.141262    0.321731    2.333197 ^ input17/X (sky130_fd_sc_hd__clkdlybuf4s25_1)
                                                         net17 (net)
                      0.141262    0.000075    2.333273 ^ _369_/A (sky130_fd_sc_hd__inv_2)
     4    0.014761    0.054187    0.079587    2.412860 v _369_/Y (sky130_fd_sc_hd__inv_2)
                                                         _367_ (net)
                      0.054187    0.000075    2.412935 v fanout35/A (sky130_fd_sc_hd__clkdlybuf4s25_1)
    10    0.020290    0.157832    0.362007    2.774942 v fanout35/X (sky130_fd_sc_hd__clkdlybuf4s25_1)
                                                         net35 (net)
                      0.157832    0.000046    2.774989 v _726_/A (sky130_fd_sc_hd__and2_2)
     1    0.002096    0.034984    0.220300    2.995289 v _726_/X (sky130_fd_sc_hd__and2_2)
                                                         _015_ (net)
                      0.034984    0.000006    2.995295 v _751_/D (sky130_fd_sc_hd__dfxtp_2)
                                              2.995295   data arrival time

                                 10.000000   10.000000   clock clk (rise edge)
                                  0.000000   10.000000   clock source latency
     1    0.012454    0.062209    0.039909   10.039908 ^ clk (in)
                                                         clk (net)
                      0.062211    0.000000   10.039908 ^ clkbuf_0_clk/A (sky130_fd_sc_hd__clkbuf_16)
     4    0.036344    0.056588    0.138317   10.178226 ^ clkbuf_0_clk/X (sky130_fd_sc_hd__clkbuf_16)
                                                         clknet_0_clk (net)
                      0.056588    0.000107   10.178333 ^ clkbuf_2_1__f_clk/A (sky130_fd_sc_hd__clkbuf_16)
     9    0.020919    0.042636    0.124056   10.302389 ^ clkbuf_2_1__f_clk/X (sky130_fd_sc_hd__clkbuf_16)
                                                         clknet_2_1__leaf_clk (net)
                      0.042636    0.000055   10.302444 ^ _751_/CLK (sky130_fd_sc_hd__dfxtp_2)
                                 -0.250000   10.052444   clock uncertainty
                                  0.000000   10.052444   clock reconvergence pessimism
                                 -0.109065    9.943379   library setup time
                                              9.943379   data required time
---------------------------------------------------------------------------------------------
                                              9.943379   data required time
                                             -2.995295   data arrival time
---------------------------------------------------------------------------------------------
                                              6.948085   slack (MET)


Startpoint: rst (input port clocked by clk)
Endpoint: _772_ (rising edge-triggered flip-flop clocked by clk)
Path Group: clk
Path Type: max

Fanout         Cap        Slew       Delay        Time   Description
---------------------------------------------------------------------------------------------
                                  0.000000    0.000000   clock clk (rise edge)
                                  0.000000    0.000000   clock network delay (propagated)
                                  2.000000    2.000000 ^ input external delay
     1    0.002980    0.020505    0.011467    2.011467 ^ rst (in)
                                                         rst (net)
                      0.020505    0.000000    2.011467 ^ input17/A (sky130_fd_sc_hd__clkdlybuf4s25_1)
     3    0.013129    0.141262    0.321731    2.333197 ^ input17/X (sky130_fd_sc_hd__clkdlybuf4s25_1)
                                                         net17 (net)
                      0.141262    0.000075    2.333273 ^ _369_/A (sky130_fd_sc_hd__inv_2)
     4    0.014761    0.054187    0.079587    2.412860 v _369_/Y (sky130_fd_sc_hd__inv_2)
                                                         _367_ (net)
                      0.054187    0.000075    2.412935 v fanout35/A (sky130_fd_sc_hd__clkdlybuf4s25_1)
    10    0.020290    0.157832    0.362007    2.774942 v fanout35/X (sky130_fd_sc_hd__clkdlybuf4s25_1)
                                                         net35 (net)
                      0.157832    0.000015    2.774957 v _715_/A (sky130_fd_sc_hd__and2_2)
     1    0.002122    0.035090    0.220421    2.995378 v _715_/X (sky130_fd_sc_hd__and2_2)
                                                         _002_ (net)
                      0.035090    0.000005    2.995383 v _772_/D (sky130_fd_sc_hd__dfxtp_2)
                                              2.995383   data arrival time

                                 10.000000   10.000000   clock clk (rise edge)
                                  0.000000   10.000000   clock source latency
     1    0.012454    0.062209    0.039909   10.039908 ^ clk (in)
                                                         clk (net)
                      0.062211    0.000000   10.039908 ^ clkbuf_0_clk/A (sky130_fd_sc_hd__clkbuf_16)
     4    0.036344    0.056588    0.138317   10.178226 ^ clkbuf_0_clk/X (sky130_fd_sc_hd__clkbuf_16)
                                                         clknet_0_clk (net)
                      0.056588    0.000142   10.178368 ^ clkbuf_2_0__f_clk/A (sky130_fd_sc_hd__clkbuf_16)
     9    0.021369    0.043022    0.124468   10.302836 ^ clkbuf_2_0__f_clk/X (sky130_fd_sc_hd__clkbuf_16)
                                                         clknet_2_0__leaf_clk (net)
                      0.043022    0.000048   10.302884 ^ _772_/CLK (sky130_fd_sc_hd__dfxtp_2)
                                 -0.250000   10.052884   clock uncertainty
                                  0.000000   10.052884   clock reconvergence pessimism
                                 -0.109021    9.943864   library setup time
                                              9.943864   data required time
---------------------------------------------------------------------------------------------
                                              9.943864   data required time
                                             -2.995383   data arrival time
---------------------------------------------------------------------------------------------
                                              6.948481   slack (MET)


Startpoint: rst (input port clocked by clk)
Endpoint: _770_ (rising edge-triggered flip-flop clocked by clk)
Path Group: clk
Path Type: max

Fanout         Cap        Slew       Delay        Time   Description
---------------------------------------------------------------------------------------------
                                  0.000000    0.000000   clock clk (rise edge)
                                  0.000000    0.000000   clock network delay (propagated)
                                  2.000000    2.000000 ^ input external delay
     1    0.002980    0.020505    0.011467    2.011467 ^ rst (in)
                                                         rst (net)
                      0.020505    0.000000    2.011467 ^ input17/A (sky130_fd_sc_hd__clkdlybuf4s25_1)
     3    0.013129    0.141262    0.321731    2.333197 ^ input17/X (sky130_fd_sc_hd__clkdlybuf4s25_1)
                                                         net17 (net)
                      0.141262    0.000075    2.333273 ^ _369_/A (sky130_fd_sc_hd__inv_2)
     4    0.014761    0.054187    0.079587    2.412860 v _369_/Y (sky130_fd_sc_hd__inv_2)
                                                         _367_ (net)
                      0.054187    0.000075    2.412935 v fanout35/A (sky130_fd_sc_hd__clkdlybuf4s25_1)
    10    0.020290    0.157832    0.362007    2.774942 v fanout35/X (sky130_fd_sc_hd__clkdlybuf4s25_1)
                                                         net35 (net)
                      0.157832    0.000045    2.774987 v _717_/A (sky130_fd_sc_hd__and2_2)
     1    0.001953    0.034571    0.219637    2.994624 v _717_/X (sky130_fd_sc_hd__and2_2)
                                                         _000_ (net)
                      0.034571    0.000003    2.994627 v _770_/D (sky130_fd_sc_hd__dfxtp_2)
                                              2.994627   data arrival time

                                 10.000000   10.000000   clock clk (rise edge)
                                  0.000000   10.000000   clock source latency
     1    0.012454    0.062209    0.039909   10.039908 ^ clk (in)
                                                         clk (net)
                      0.062211    0.000000   10.039908 ^ clkbuf_0_clk/A (sky130_fd_sc_hd__clkbuf_16)
     4    0.036344    0.056588    0.138317   10.178226 ^ clkbuf_0_clk/X (sky130_fd_sc_hd__clkbuf_16)
                                                         clknet_0_clk (net)
                      0.056588    0.000142   10.178368 ^ clkbuf_2_0__f_clk/A (sky130_fd_sc_hd__clkbuf_16)
     9    0.021369    0.043022    0.124468   10.302836 ^ clkbuf_2_0__f_clk/X (sky130_fd_sc_hd__clkbuf_16)
                                                         clknet_2_0__leaf_clk (net)
                      0.043022    0.000022   10.302858 ^ _770_/CLK (sky130_fd_sc_hd__dfxtp_2)
                                 -0.250000   10.052858   clock uncertainty
                                  0.000000   10.052858   clock reconvergence pessimism
                                 -0.108794    9.944063   library setup time
                                              9.944063   data required time
---------------------------------------------------------------------------------------------
                                              9.944063   data required time
                                             -2.994627   data arrival time
---------------------------------------------------------------------------------------------
                                              6.949436   slack (MET)


Startpoint: rst (input port clocked by clk)
Endpoint: _755_ (rising edge-triggered flip-flop clocked by clk)
Path Group: clk
Path Type: max

Fanout         Cap        Slew       Delay        Time   Description
---------------------------------------------------------------------------------------------
                                  0.000000    0.000000   clock clk (rise edge)
                                  0.000000    0.000000   clock network delay (propagated)
                                  2.000000    2.000000 ^ input external delay
     1    0.002980    0.020505    0.011467    2.011467 ^ rst (in)
                                                         rst (net)
                      0.020505    0.000000    2.011467 ^ input17/A (sky130_fd_sc_hd__clkdlybuf4s25_1)
     3    0.013129    0.141262    0.321731    2.333197 ^ input17/X (sky130_fd_sc_hd__clkdlybuf4s25_1)
                                                         net17 (net)
                      0.141262    0.000075    2.333273 ^ _369_/A (sky130_fd_sc_hd__inv_2)
     4    0.014761    0.054187    0.079587    2.412860 v _369_/Y (sky130_fd_sc_hd__inv_2)
                                                         _367_ (net)
                      0.054187    0.000075    2.412935 v fanout35/A (sky130_fd_sc_hd__clkdlybuf4s25_1)
    10    0.020290    0.157832    0.362007    2.774942 v fanout35/X (sky130_fd_sc_hd__clkdlybuf4s25_1)
                                                         net35 (net)
                      0.157832    0.000039    2.774981 v _734_/A (sky130_fd_sc_hd__and2_2)
     1    0.001913    0.034425    0.219452    2.994433 v _734_/X (sky130_fd_sc_hd__and2_2)
                                                         _019_ (net)
                      0.034425    0.000003    2.994436 v _755_/D (sky130_fd_sc_hd__dfxtp_2)
                                              2.994436   data arrival time

                                 10.000000   10.000000   clock clk (rise edge)
                                  0.000000   10.000000   clock source latency
     1    0.012454    0.062209    0.039909   10.039908 ^ clk (in)
                                                         clk (net)
                      0.062211    0.000000   10.039908 ^ clkbuf_0_clk/A (sky130_fd_sc_hd__clkbuf_16)
     4    0.036344    0.056588    0.138317   10.178226 ^ clkbuf_0_clk/X (sky130_fd_sc_hd__clkbuf_16)
                                                         clknet_0_clk (net)
                      0.056588    0.000142   10.178368 ^ clkbuf_2_0__f_clk/A (sky130_fd_sc_hd__clkbuf_16)
     9    0.021369    0.043022    0.124468   10.302836 ^ clkbuf_2_0__f_clk/X (sky130_fd_sc_hd__clkbuf_16)
                                                         clknet_2_0__leaf_clk (net)
                      0.043023    0.000078   10.302915 ^ _755_/CLK (sky130_fd_sc_hd__dfxtp_2)
                                 -0.250000   10.052915   clock uncertainty
                                  0.000000   10.052915   clock reconvergence pessimism
                                 -0.108731    9.944183   library setup time
                                              9.944183   data required time
---------------------------------------------------------------------------------------------
                                              9.944183   data required time
                                             -2.994436   data arrival time
---------------------------------------------------------------------------------------------
                                              6.949748   slack (MET)


Startpoint: rst (input port clocked by clk)
Endpoint: _771_ (rising edge-triggered flip-flop clocked by clk)
Path Group: clk
Path Type: max

Fanout         Cap        Slew       Delay        Time   Description
---------------------------------------------------------------------------------------------
                                  0.000000    0.000000   clock clk (rise edge)
                                  0.000000    0.000000   clock network delay (propagated)
                                  2.000000    2.000000 ^ input external delay
     1    0.002980    0.020505    0.011467    2.011467 ^ rst (in)
                                                         rst (net)
                      0.020505    0.000000    2.011467 ^ input17/A (sky130_fd_sc_hd__clkdlybuf4s25_1)
     3    0.013129    0.141262    0.321731    2.333197 ^ input17/X (sky130_fd_sc_hd__clkdlybuf4s25_1)
                                                         net17 (net)
                      0.141262    0.000075    2.333273 ^ _369_/A (sky130_fd_sc_hd__inv_2)
     4    0.014761    0.054187    0.079587    2.412860 v _369_/Y (sky130_fd_sc_hd__inv_2)
                                                         _367_ (net)
                      0.054187    0.000075    2.412935 v fanout35/A (sky130_fd_sc_hd__clkdlybuf4s25_1)
    10    0.020290    0.157832    0.362007    2.774942 v fanout35/X (sky130_fd_sc_hd__clkdlybuf4s25_1)
                                                         net35 (net)
                      0.157832    0.000020    2.774962 v _716_/A (sky130_fd_sc_hd__and2_2)
     1    0.001882    0.034363    0.219310    2.994272 v _716_/X (sky130_fd_sc_hd__and2_2)
                                                         _001_ (net)
                      0.034363    0.000002    2.994274 v _771_/D (sky130_fd_sc_hd__dfxtp_2)
                                              2.994274   data arrival time

                                 10.000000   10.000000   clock clk (rise edge)
                                  0.000000   10.000000   clock source latency
     1    0.012454    0.062209    0.039909   10.039908 ^ clk (in)
                                                         clk (net)
                      0.062211    0.000000   10.039908 ^ clkbuf_0_clk/A (sky130_fd_sc_hd__clkbuf_16)
     4    0.036344    0.056588    0.138317   10.178226 ^ clkbuf_0_clk/X (sky130_fd_sc_hd__clkbuf_16)
                                                         clknet_0_clk (net)
                      0.056588    0.000142   10.178368 ^ clkbuf_2_0__f_clk/A (sky130_fd_sc_hd__clkbuf_16)
     9    0.021369    0.043022    0.124468   10.302836 ^ clkbuf_2_0__f_clk/X (sky130_fd_sc_hd__clkbuf_16)
                                                         clknet_2_0__leaf_clk (net)
                      0.043022    0.000030   10.302866 ^ _771_/CLK (sky130_fd_sc_hd__dfxtp_2)
                                 -0.250000   10.052866   clock uncertainty
                                  0.000000   10.052866   clock reconvergence pessimism
                                 -0.108703    9.944163   library setup time
                                              9.944163   data required time
---------------------------------------------------------------------------------------------
                                              9.944163   data required time
                                             -2.994274   data arrival time
---------------------------------------------------------------------------------------------
                                              6.949889   slack (MET)


Startpoint: rst (input port clocked by clk)
Endpoint: _778_ (rising edge-triggered flip-flop clocked by clk)
Path Group: clk
Path Type: max

Fanout         Cap        Slew       Delay        Time   Description
---------------------------------------------------------------------------------------------
                                  0.000000    0.000000   clock clk (rise edge)
                                  0.000000    0.000000   clock network delay (propagated)
                                  2.000000    2.000000 ^ input external delay
     1    0.002980    0.020505    0.011467    2.011467 ^ rst (in)
                                                         rst (net)
                      0.020505    0.000000    2.011467 ^ input17/A (sky130_fd_sc_hd__clkdlybuf4s25_1)
     3    0.013129    0.141262    0.321731    2.333197 ^ input17/X (sky130_fd_sc_hd__clkdlybuf4s25_1)
                                                         net17 (net)
                      0.141262    0.000075    2.333273 ^ _369_/A (sky130_fd_sc_hd__inv_2)
     4    0.014761    0.054187    0.079587    2.412860 v _369_/Y (sky130_fd_sc_hd__inv_2)
                                                         _367_ (net)
                      0.054187    0.000075    2.412935 v fanout35/A (sky130_fd_sc_hd__clkdlybuf4s25_1)
    10    0.020290    0.157832    0.362007    2.774942 v fanout35/X (sky130_fd_sc_hd__clkdlybuf4s25_1)
                                                         net35 (net)
                      0.157832    0.000018    2.774961 v _708_/A (sky130_fd_sc_hd__and2_2)
     1    0.001873    0.034345    0.219269    2.994230 v _708_/X (sky130_fd_sc_hd__and2_2)
                                                         _008_ (net)
                      0.034345    0.000002    2.994232 v _778_/D (sky130_fd_sc_hd__dfxtp_2)
                                              2.994232   data arrival time

                                 10.000000   10.000000   clock clk (rise edge)
                                  0.000000   10.000000   clock source latency
     1    0.012454    0.062209    0.039909   10.039908 ^ clk (in)
                                                         clk (net)
                      0.062211    0.000000   10.039908 ^ clkbuf_0_clk/A (sky130_fd_sc_hd__clkbuf_16)
     4    0.036344    0.056588    0.138317   10.178226 ^ clkbuf_0_clk/X (sky130_fd_sc_hd__clkbuf_16)
                                                         clknet_0_clk (net)
                      0.056588    0.000142   10.178368 ^ clkbuf_2_0__f_clk/A (sky130_fd_sc_hd__clkbuf_16)
     9    0.021369    0.043022    0.124468   10.302836 ^ clkbuf_2_0__f_clk/X (sky130_fd_sc_hd__clkbuf_16)
                                                         clknet_2_0__leaf_clk (net)
                      0.043022    0.000029   10.302866 ^ _778_/CLK (sky130_fd_sc_hd__dfxtp_2)
                                 -0.250000   10.052865   clock uncertainty
                                  0.000000   10.052865   clock reconvergence pessimism
                                 -0.108696    9.944170   library setup time
                                              9.944170   data required time
---------------------------------------------------------------------------------------------
                                              9.944170   data required time
                                             -2.994232   data arrival time
---------------------------------------------------------------------------------------------
                                              6.949938   slack (MET)


Startpoint: rst (input port clocked by clk)
Endpoint: _776_ (rising edge-triggered flip-flop clocked by clk)
Path Group: clk
Path Type: max

Fanout         Cap        Slew       Delay        Time   Description
---------------------------------------------------------------------------------------------
                                  0.000000    0.000000   clock clk (rise edge)
                                  0.000000    0.000000   clock network delay (propagated)
                                  2.000000    2.000000 ^ input external delay
     1    0.002980    0.020505    0.011467    2.011467 ^ rst (in)
                                                         rst (net)
                      0.020505    0.000000    2.011467 ^ input17/A (sky130_fd_sc_hd__clkdlybuf4s25_1)
     3    0.013129    0.141262    0.321731    2.333197 ^ input17/X (sky130_fd_sc_hd__clkdlybuf4s25_1)
                                                         net17 (net)
                      0.141262    0.000075    2.333273 ^ _369_/A (sky130_fd_sc_hd__inv_2)
     4    0.014761    0.054187    0.079587    2.412860 v _369_/Y (sky130_fd_sc_hd__inv_2)
                                                         _367_ (net)
                      0.054187    0.000133    2.412993 v fanout37/A (sky130_fd_sc_hd__clkdlybuf4s25_1)
    10    0.019593    0.153147    0.358045    2.771038 v fanout37/X (sky130_fd_sc_hd__clkdlybuf4s25_1)
                                                         net37 (net)
                      0.153147    0.000083    2.771120 v _710_/A (sky130_fd_sc_hd__and2_2)
     1    0.002514    0.035660    0.219951    2.991072 v _710_/X (sky130_fd_sc_hd__and2_2)
                                                         _006_ (net)
                      0.035660    0.000012    2.991084 v _776_/D (sky130_fd_sc_hd__dfxtp_2)
                                              2.991084   data arrival time

                                 10.000000   10.000000   clock clk (rise edge)
                                  0.000000   10.000000   clock source latency
     1    0.012454    0.062209    0.039909   10.039908 ^ clk (in)
                                                         clk (net)
                      0.062211    0.000000   10.039908 ^ clkbuf_0_clk/A (sky130_fd_sc_hd__clkbuf_16)
     4    0.036344    0.056588    0.138317   10.178226 ^ clkbuf_0_clk/X (sky130_fd_sc_hd__clkbuf_16)
                                                         clknet_0_clk (net)
                      0.056588    0.000129   10.178354 ^ clkbuf_2_2__f_clk/A (sky130_fd_sc_hd__clkbuf_16)
     9    0.021730    0.043338    0.124803   10.303158 ^ clkbuf_2_2__f_clk/X (sky130_fd_sc_hd__clkbuf_16)
                                                         clknet_2_2__leaf_clk (net)
                      0.043338    0.000042   10.303200 ^ _776_/CLK (sky130_fd_sc_hd__dfxtp_2)
                                 -0.250000   10.053200   clock uncertainty
                                  0.000000   10.053200   clock reconvergence pessimism
                                 -0.109196    9.944003   library setup time
                                              9.944003   data required time
---------------------------------------------------------------------------------------------
                                              9.944003   data required time
                                             -2.991084   data arrival time
---------------------------------------------------------------------------------------------
                                              6.952919   slack (MET)


Startpoint: rst (input port clocked by clk)
Endpoint: _774_ (rising edge-triggered flip-flop clocked by clk)
Path Group: clk
Path Type: max

Fanout         Cap        Slew       Delay        Time   Description
---------------------------------------------------------------------------------------------
                                  0.000000    0.000000   clock clk (rise edge)
                                  0.000000    0.000000   clock network delay (propagated)
                                  2.000000    2.000000 ^ input external delay
     1    0.002980    0.020505    0.011467    2.011467 ^ rst (in)
                                                         rst (net)
                      0.020505    0.000000    2.011467 ^ input17/A (sky130_fd_sc_hd__clkdlybuf4s25_1)
     3    0.013129    0.141262    0.321731    2.333197 ^ input17/X (sky130_fd_sc_hd__clkdlybuf4s25_1)
                                                         net17 (net)
                      0.141262    0.000075    2.333273 ^ _369_/A (sky130_fd_sc_hd__inv_2)
     4    0.014761    0.054187    0.079587    2.412860 v _369_/Y (sky130_fd_sc_hd__inv_2)
                                                         _367_ (net)
                      0.054187    0.000133    2.412993 v fanout37/A (sky130_fd_sc_hd__clkdlybuf4s25_1)
    10    0.019593    0.153147    0.358045    2.771038 v fanout37/X (sky130_fd_sc_hd__clkdlybuf4s25_1)
                                                         net37 (net)
                      0.153147    0.000034    2.771071 v _713_/A (sky130_fd_sc_hd__and2_2)
     1    0.002186    0.034831    0.218432    2.989503 v _713_/X (sky130_fd_sc_hd__and2_2)
                                                         _004_ (net)
                      0.034831    0.000006    2.989510 v _774_/D (sky130_fd_sc_hd__dfxtp_2)
                                              2.989510   data arrival time

                                 10.000000   10.000000   clock clk (rise edge)
                                  0.000000   10.000000   clock source latency
     1    0.012454    0.062209    0.039909   10.039908 ^ clk (in)
                                                         clk (net)
                      0.062211    0.000000   10.039908 ^ clkbuf_0_clk/A (sky130_fd_sc_hd__clkbuf_16)
     4    0.036344    0.056588    0.138317   10.178226 ^ clkbuf_0_clk/X (sky130_fd_sc_hd__clkbuf_16)
                                                         clknet_0_clk (net)
                      0.056588    0.000129   10.178354 ^ clkbuf_2_2__f_clk/A (sky130_fd_sc_hd__clkbuf_16)
     9    0.021730    0.043338    0.124803   10.303158 ^ clkbuf_2_2__f_clk/X (sky130_fd_sc_hd__clkbuf_16)
                                                         clknet_2_2__leaf_clk (net)
                      0.043338    0.000028   10.303186 ^ _774_/CLK (sky130_fd_sc_hd__dfxtp_2)
                                 -0.250000   10.053186   clock uncertainty
                                  0.000000   10.053186   clock reconvergence pessimism
                                 -0.108834    9.944352   library setup time
                                              9.944352   data required time
---------------------------------------------------------------------------------------------
                                              9.944352   data required time
                                             -2.989510   data arrival time
---------------------------------------------------------------------------------------------
                                              6.954843   slack (MET)


Startpoint: rst (input port clocked by clk)
Endpoint: _779_ (rising edge-triggered flip-flop clocked by clk)
Path Group: clk
Path Type: max

Fanout         Cap        Slew       Delay        Time   Description
---------------------------------------------------------------------------------------------
                                  0.000000    0.000000   clock clk (rise edge)
                                  0.000000    0.000000   clock network delay (propagated)
                                  2.000000    2.000000 ^ input external delay
     1    0.002980    0.020505    0.011467    2.011467 ^ rst (in)
                                                         rst (net)
                      0.020505    0.000000    2.011467 ^ input17/A (sky130_fd_sc_hd__clkdlybuf4s25_1)
     3    0.013129    0.141262    0.321731    2.333197 ^ input17/X (sky130_fd_sc_hd__clkdlybuf4s25_1)
                                                         net17 (net)
                      0.141262    0.000075    2.333273 ^ _369_/A (sky130_fd_sc_hd__inv_2)
     4    0.014761    0.054187    0.079587    2.412860 v _369_/Y (sky130_fd_sc_hd__inv_2)
                                                         _367_ (net)
                      0.054187    0.000133    2.412993 v fanout37/A (sky130_fd_sc_hd__clkdlybuf4s25_1)
    10    0.019593    0.153147    0.358045    2.771038 v fanout37/X (sky130_fd_sc_hd__clkdlybuf4s25_1)
                                                         net37 (net)
                      0.153147    0.000033    2.771070 v _707_/A (sky130_fd_sc_hd__and2_2)
     1    0.002105    0.035031    0.218057    2.989127 v _707_/X (sky130_fd_sc_hd__and2_2)
                                                         _009_ (net)
                      0.035031    0.000004    2.989132 v _779_/D (sky130_fd_sc_hd__dfxtp_2)
                                              2.989132   data arrival time

                                 10.000000   10.000000   clock clk (rise edge)
                                  0.000000   10.000000   clock source latency
     1    0.012454    0.062209    0.039909   10.039908 ^ clk (in)
                                                         clk (net)
                      0.062211    0.000000   10.039908 ^ clkbuf_0_clk/A (sky130_fd_sc_hd__clkbuf_16)
     4    0.036344    0.056588    0.138317   10.178226 ^ clkbuf_0_clk/X (sky130_fd_sc_hd__clkbuf_16)
                                                         clknet_0_clk (net)
                      0.056588    0.000129   10.178354 ^ clkbuf_2_2__f_clk/A (sky130_fd_sc_hd__clkbuf_16)
     9    0.021730    0.043338    0.124803   10.303158 ^ clkbuf_2_2__f_clk/X (sky130_fd_sc_hd__clkbuf_16)
                                                         clknet_2_2__leaf_clk (net)
                      0.043338    0.000016   10.303174 ^ _779_/CLK (sky130_fd_sc_hd__dfxtp_2)
                                 -0.250000   10.053174   clock uncertainty
                                  0.000000   10.053174   clock reconvergence pessimism
                                 -0.108921    9.944252   library setup time
                                              9.944252   data required time
---------------------------------------------------------------------------------------------
                                              9.944252   data required time
                                             -2.989132   data arrival time
---------------------------------------------------------------------------------------------
                                              6.955120   slack (MET)


Startpoint: rst (input port clocked by clk)
Endpoint: _777_ (rising edge-triggered flip-flop clocked by clk)
Path Group: clk
Path Type: max

Fanout         Cap        Slew       Delay        Time   Description
---------------------------------------------------------------------------------------------
                                  0.000000    0.000000   clock clk (rise edge)
                                  0.000000    0.000000   clock network delay (propagated)
                                  2.000000    2.000000 ^ input external delay
     1    0.002980    0.020505    0.011467    2.011467 ^ rst (in)
                                                         rst (net)
                      0.020505    0.000000    2.011467 ^ input17/A (sky130_fd_sc_hd__clkdlybuf4s25_1)
     3    0.013129    0.141262    0.321731    2.333197 ^ input17/X (sky130_fd_sc_hd__clkdlybuf4s25_1)
                                                         net17 (net)
                      0.141262    0.000075    2.333273 ^ _369_/A (sky130_fd_sc_hd__inv_2)
     4    0.014761    0.054187    0.079587    2.412860 v _369_/Y (sky130_fd_sc_hd__inv_2)
                                                         _367_ (net)
                      0.054187    0.000133    2.412993 v fanout37/A (sky130_fd_sc_hd__clkdlybuf4s25_1)
    10    0.019593    0.153147    0.358045    2.771038 v fanout37/X (sky130_fd_sc_hd__clkdlybuf4s25_1)
                                                         net37 (net)
                      0.153147    0.000028    2.771065 v _709_/A (sky130_fd_sc_hd__and2_2)
     1    0.001946    0.034554    0.217322    2.988387 v _709_/X (sky130_fd_sc_hd__and2_2)
                                                         _007_ (net)
                      0.034554    0.000003    2.988390 v _777_/D (sky130_fd_sc_hd__dfxtp_2)
                                              2.988390   data arrival time

                                 10.000000   10.000000   clock clk (rise edge)
                                  0.000000   10.000000   clock source latency
     1    0.012454    0.062209    0.039909   10.039908 ^ clk (in)
                                                         clk (net)
                      0.062211    0.000000   10.039908 ^ clkbuf_0_clk/A (sky130_fd_sc_hd__clkbuf_16)
     4    0.036344    0.056588    0.138317   10.178226 ^ clkbuf_0_clk/X (sky130_fd_sc_hd__clkbuf_16)
                                                         clknet_0_clk (net)
                      0.056588    0.000129   10.178354 ^ clkbuf_2_2__f_clk/A (sky130_fd_sc_hd__clkbuf_16)
     9    0.021730    0.043338    0.124803   10.303158 ^ clkbuf_2_2__f_clk/X (sky130_fd_sc_hd__clkbuf_16)
                                                         clknet_2_2__leaf_clk (net)
                      0.043338    0.000034   10.303191 ^ _777_/CLK (sky130_fd_sc_hd__dfxtp_2)
                                 -0.250000   10.053191   clock uncertainty
                                  0.000000   10.053191   clock reconvergence pessimism
                                 -0.108713    9.944478   library setup time
                                              9.944478   data required time
---------------------------------------------------------------------------------------------
                                              9.944478   data required time
                                             -2.988390   data arrival time
---------------------------------------------------------------------------------------------
                                              6.956089   slack (MET)


Startpoint: rst (input port clocked by clk)
Endpoint: _773_ (rising edge-triggered flip-flop clocked by clk)
Path Group: clk
Path Type: max

Fanout         Cap        Slew       Delay        Time   Description
---------------------------------------------------------------------------------------------
                                  0.000000    0.000000   clock clk (rise edge)
                                  0.000000    0.000000   clock network delay (propagated)
                                  2.000000    2.000000 ^ input external delay
     1    0.002980    0.020505    0.011467    2.011467 ^ rst (in)
                                                         rst (net)
                      0.020505    0.000000    2.011467 ^ input17/A (sky130_fd_sc_hd__clkdlybuf4s25_1)
     3    0.013129    0.141262    0.321731    2.333197 ^ input17/X (sky130_fd_sc_hd__clkdlybuf4s25_1)
                                                         net17 (net)
                      0.141262    0.000075    2.333273 ^ _369_/A (sky130_fd_sc_hd__inv_2)
     4    0.014761    0.054187    0.079587    2.412860 v _369_/Y (sky130_fd_sc_hd__inv_2)
                                                         _367_ (net)
                      0.054187    0.000133    2.412993 v fanout37/A (sky130_fd_sc_hd__clkdlybuf4s25_1)
    10    0.019593    0.153147    0.358045    2.771038 v fanout37/X (sky130_fd_sc_hd__clkdlybuf4s25_1)
                                                         net37 (net)
                      0.153147    0.000043    2.771080 v _714_/A (sky130_fd_sc_hd__and2_2)
     1    0.001924    0.034490    0.217218    2.988299 v _714_/X (sky130_fd_sc_hd__and2_2)
                                                         _003_ (net)
                      0.034490    0.000003    2.988302 v _773_/D (sky130_fd_sc_hd__dfxtp_2)
                                              2.988302   data arrival time

                                 10.000000   10.000000   clock clk (rise edge)
                                  0.000000   10.000000   clock source latency
     1    0.012454    0.062209    0.039909   10.039908 ^ clk (in)
                                                         clk (net)
                      0.062211    0.000000   10.039908 ^ clkbuf_0_clk/A (sky130_fd_sc_hd__clkbuf_16)
     4    0.036344    0.056588    0.138317   10.178226 ^ clkbuf_0_clk/X (sky130_fd_sc_hd__clkbuf_16)
                                                         clknet_0_clk (net)
                      0.056588    0.000129   10.178354 ^ clkbuf_2_2__f_clk/A (sky130_fd_sc_hd__clkbuf_16)
     9    0.021730    0.043338    0.124803   10.303158 ^ clkbuf_2_2__f_clk/X (sky130_fd_sc_hd__clkbuf_16)
                                                         clknet_2_2__leaf_clk (net)
                      0.043338    0.000044   10.303202 ^ _773_/CLK (sky130_fd_sc_hd__dfxtp_2)
                                 -0.250000   10.053202   clock uncertainty
                                  0.000000   10.053202   clock reconvergence pessimism
                                 -0.108685    9.944516   library setup time
                                              9.944516   data required time
---------------------------------------------------------------------------------------------
                                              9.944516   data required time
                                             -2.988302   data arrival time
---------------------------------------------------------------------------------------------
                                              6.956213   slack (MET)


Startpoint: rst (input port clocked by clk)
Endpoint: _756_ (rising edge-triggered flip-flop clocked by clk)
Path Group: clk
Path Type: max

Fanout         Cap        Slew       Delay        Time   Description
---------------------------------------------------------------------------------------------
                                  0.000000    0.000000   clock clk (rise edge)
                                  0.000000    0.000000   clock network delay (propagated)
                                  2.000000    2.000000 ^ input external delay
     1    0.002980    0.020505    0.011467    2.011467 ^ rst (in)
                                                         rst (net)
                      0.020505    0.000000    2.011467 ^ input17/A (sky130_fd_sc_hd__clkdlybuf4s25_1)
     3    0.013129    0.141262    0.321731    2.333197 ^ input17/X (sky130_fd_sc_hd__clkdlybuf4s25_1)
                                                         net17 (net)
                      0.141262    0.000075    2.333273 ^ _369_/A (sky130_fd_sc_hd__inv_2)
     4    0.014761    0.054187    0.079587    2.412860 v _369_/Y (sky130_fd_sc_hd__inv_2)
                                                         _367_ (net)
                      0.054187    0.000133    2.412993 v fanout37/A (sky130_fd_sc_hd__clkdlybuf4s25_1)
    10    0.019593    0.153147    0.358045    2.771038 v fanout37/X (sky130_fd_sc_hd__clkdlybuf4s25_1)
                                                         net37 (net)
                      0.153147    0.000035    2.771072 v _735_/A (sky130_fd_sc_hd__and2_2)
     1    0.001882    0.034360    0.217024    2.988097 v _735_/X (sky130_fd_sc_hd__and2_2)
                                                         _020_ (net)
                      0.034360    0.000002    2.988098 v _756_/D (sky130_fd_sc_hd__dfxtp_2)
                                              2.988098   data arrival time

                                 10.000000   10.000000   clock clk (rise edge)
                                  0.000000   10.000000   clock source latency
     1    0.012454    0.062209    0.039909   10.039908 ^ clk (in)
                                                         clk (net)
                      0.062211    0.000000   10.039908 ^ clkbuf_0_clk/A (sky130_fd_sc_hd__clkbuf_16)
     4    0.036344    0.056588    0.138317   10.178226 ^ clkbuf_0_clk/X (sky130_fd_sc_hd__clkbuf_16)
                                                         clknet_0_clk (net)
                      0.056588    0.000129   10.178354 ^ clkbuf_2_2__f_clk/A (sky130_fd_sc_hd__clkbuf_16)
     9    0.021730    0.043338    0.124803   10.303158 ^ clkbuf_2_2__f_clk/X (sky130_fd_sc_hd__clkbuf_16)
                                                         clknet_2_2__leaf_clk (net)
                      0.043338    0.000017   10.303175 ^ _756_/CLK (sky130_fd_sc_hd__dfxtp_2)
                                 -0.250000   10.053175   clock uncertainty
                                  0.000000   10.053175   clock reconvergence pessimism
                                 -0.108628    9.944546   library setup time
                                              9.944546   data required time
---------------------------------------------------------------------------------------------
                                              9.944546   data required time
                                             -2.988098   data arrival time
---------------------------------------------------------------------------------------------
                                              6.956448   slack (MET)


Startpoint: rst (input port clocked by clk)
Endpoint: _748_ (rising edge-triggered flip-flop clocked by clk)
Path Group: clk
Path Type: max

Fanout         Cap        Slew       Delay        Time   Description
---------------------------------------------------------------------------------------------
                                  0.000000    0.000000   clock clk (rise edge)
                                  0.000000    0.000000   clock network delay (propagated)
                                  2.000000    2.000000 ^ input external delay
     1    0.002980    0.020505    0.011467    2.011467 ^ rst (in)
                                                         rst (net)
                      0.020505    0.000000    2.011467 ^ input17/A (sky130_fd_sc_hd__clkdlybuf4s25_1)
     3    0.013129    0.141262    0.321731    2.333197 ^ input17/X (sky130_fd_sc_hd__clkdlybuf4s25_1)
                                                         net17 (net)
                      0.141262    0.000075    2.333273 ^ _369_/A (sky130_fd_sc_hd__inv_2)
     4    0.014761    0.054187    0.079587    2.412860 v _369_/Y (sky130_fd_sc_hd__inv_2)
                                                         _367_ (net)
                      0.054187    0.000133    2.412993 v fanout37/A (sky130_fd_sc_hd__clkdlybuf4s25_1)
    10    0.019593    0.153147    0.358045    2.771038 v fanout37/X (sky130_fd_sc_hd__clkdlybuf4s25_1)
                                                         net37 (net)
                      0.153147    0.000016    2.771054 v _719_/B1 (sky130_fd_sc_hd__o41a_2)
     1    0.002416    0.060557    0.165383    2.936436 v _719_/X (sky130_fd_sc_hd__o41a_2)
                                                         _012_ (net)
                      0.060557    0.000010    2.936447 v _748_/D (sky130_fd_sc_hd__dfxtp_2)
                                              2.936447   data arrival time

                                 10.000000   10.000000   clock clk (rise edge)
                                  0.000000   10.000000   clock source latency
     1    0.012454    0.062209    0.039909   10.039908 ^ clk (in)
                                                         clk (net)
                      0.062211    0.000000   10.039908 ^ clkbuf_0_clk/A (sky130_fd_sc_hd__clkbuf_16)
     4    0.036344    0.056588    0.138317   10.178226 ^ clkbuf_0_clk/X (sky130_fd_sc_hd__clkbuf_16)
                                                         clknet_0_clk (net)
                      0.056588    0.000129   10.178354 ^ clkbuf_2_2__f_clk/A (sky130_fd_sc_hd__clkbuf_16)
     9    0.021730    0.043338    0.124803   10.303158 ^ clkbuf_2_2__f_clk/X (sky130_fd_sc_hd__clkbuf_16)
                                                         clknet_2_2__leaf_clk (net)
                      0.043338    0.000049   10.303206 ^ _748_/CLK (sky130_fd_sc_hd__dfxtp_2)
                                 -0.250000   10.053206   clock uncertainty
                                  0.000000   10.053206   clock reconvergence pessimism
                                 -0.120064    9.933143   library setup time
                                              9.933143   data required time
---------------------------------------------------------------------------------------------
                                              9.933143   data required time
                                             -2.936447   data arrival time
---------------------------------------------------------------------------------------------
                                              6.996696   slack (MET)


Startpoint: rst (input port clocked by clk)
Endpoint: _750_ (rising edge-triggered flip-flop clocked by clk)
Path Group: clk
Path Type: max

Fanout         Cap        Slew       Delay        Time   Description
---------------------------------------------------------------------------------------------
                                  0.000000    0.000000   clock clk (rise edge)
                                  0.000000    0.000000   clock network delay (propagated)
                                  2.000000    2.000000 ^ input external delay
     1    0.002980    0.020505    0.011467    2.011467 ^ rst (in)
                                                         rst (net)
                      0.020505    0.000000    2.011467 ^ input17/A (sky130_fd_sc_hd__clkdlybuf4s25_1)
     3    0.013129    0.141262    0.321731    2.333197 ^ input17/X (sky130_fd_sc_hd__clkdlybuf4s25_1)
                                                         net17 (net)
                      0.141262    0.000075    2.333273 ^ _369_/A (sky130_fd_sc_hd__inv_2)
     4    0.014761    0.054187    0.079587    2.412860 v _369_/Y (sky130_fd_sc_hd__inv_2)
                                                         _367_ (net)
                      0.054187    0.000075    2.412935 v fanout35/A (sky130_fd_sc_hd__clkdlybuf4s25_1)
    10    0.020290    0.157832    0.362007    2.774942 v fanout35/X (sky130_fd_sc_hd__clkdlybuf4s25_1)
                                                         net35 (net)
                      0.157832    0.000036    2.774979 v _724_/B1 (sky130_fd_sc_hd__o21a_2)
     1    0.002271    0.032476    0.165779    2.940758 v _724_/X (sky130_fd_sc_hd__o21a_2)
                                                         _014_ (net)
                      0.032476    0.000006    2.940764 v _750_/D (sky130_fd_sc_hd__dfxtp_2)
                                              2.940764   data arrival time

                                 10.000000   10.000000   clock clk (rise edge)
                                  0.000000   10.000000   clock source latency
     1    0.012454    0.062209    0.039909   10.039908 ^ clk (in)
                                                         clk (net)
                      0.062211    0.000000   10.039908 ^ clkbuf_0_clk/A (sky130_fd_sc_hd__clkbuf_16)
     4    0.036344    0.056588    0.138317   10.178226 ^ clkbuf_0_clk/X (sky130_fd_sc_hd__clkbuf_16)
                                                         clknet_0_clk (net)
                      0.056588    0.000142   10.178368 ^ clkbuf_2_0__f_clk/A (sky130_fd_sc_hd__clkbuf_16)
     9    0.021369    0.043022    0.124468   10.302836 ^ clkbuf_2_0__f_clk/X (sky130_fd_sc_hd__clkbuf_16)
                                                         clknet_2_0__leaf_clk (net)
                      0.043022    0.000020   10.302856 ^ _750_/CLK (sky130_fd_sc_hd__dfxtp_2)
                                 -0.250000   10.052856   clock uncertainty
                                  0.000000   10.052856   clock reconvergence pessimism
                                 -0.107880    9.944977   library setup time
                                              9.944977   data required time
---------------------------------------------------------------------------------------------
                                              9.944977   data required time
                                             -2.940764   data arrival time
---------------------------------------------------------------------------------------------
                                              7.004213   slack (MET)


Startpoint: rst (input port clocked by clk)
Endpoint: _767_ (rising edge-triggered flip-flop clocked by clk)
Path Group: clk
Path Type: max

Fanout         Cap        Slew       Delay        Time   Description
---------------------------------------------------------------------------------------------
                                  0.000000    0.000000   clock clk (rise edge)
                                  0.000000    0.000000   clock network delay (propagated)
                                  2.000000    2.000000 ^ input external delay
     1    0.002980    0.020505    0.011467    2.011467 ^ rst (in)
                                                         rst (net)
                      0.020505    0.000000    2.011467 ^ input17/A (sky130_fd_sc_hd__clkdlybuf4s25_1)
     3    0.013129    0.141262    0.321731    2.333197 ^ input17/X (sky130_fd_sc_hd__clkdlybuf4s25_1)
                                                         net17 (net)
                      0.141262    0.000075    2.333273 ^ _369_/A (sky130_fd_sc_hd__inv_2)
     4    0.014761    0.054187    0.079587    2.412860 v _369_/Y (sky130_fd_sc_hd__inv_2)
                                                         _367_ (net)
                      0.054187    0.000172    2.413032 v fanout38/A (sky130_fd_sc_hd__clkdlybuf4s25_1)
     6    0.011103    0.093966    0.309777    2.722809 v fanout38/X (sky130_fd_sc_hd__clkdlybuf4s25_1)
                                                         net38 (net)
                      0.093966    0.000065    2.722873 v _746_/B (sky130_fd_sc_hd__and2_2)
     1    0.002587    0.035736    0.213736    2.936610 v _746_/X (sky130_fd_sc_hd__and2_2)
                                                         _031_ (net)
                      0.035736    0.000013    2.936623 v _767_/D (sky130_fd_sc_hd__dfxtp_2)
                                              2.936623   data arrival time

                                 10.000000   10.000000   clock clk (rise edge)
                                  0.000000   10.000000   clock source latency
     1    0.012454    0.062209    0.039909   10.039908 ^ clk (in)
                                                         clk (net)
                      0.062211    0.000000   10.039908 ^ clkbuf_0_clk/A (sky130_fd_sc_hd__clkbuf_16)
     4    0.036344    0.056588    0.138317   10.178226 ^ clkbuf_0_clk/X (sky130_fd_sc_hd__clkbuf_16)
                                                         clknet_0_clk (net)
                      0.056588    0.000109   10.178335 ^ clkbuf_2_3__f_clk/A (sky130_fd_sc_hd__clkbuf_16)
     9    0.021622    0.043243    0.124707   10.303042 ^ clkbuf_2_3__f_clk/X (sky130_fd_sc_hd__clkbuf_16)
                                                         clknet_2_3__leaf_clk (net)
                      0.043243    0.000018   10.303060 ^ _767_/CLK (sky130_fd_sc_hd__dfxtp_2)
                                 -0.250000   10.053060   clock uncertainty
                                  0.000000   10.053060   clock reconvergence pessimism
                                 -0.109251    9.943809   library setup time
                                              9.943809   data required time
---------------------------------------------------------------------------------------------
                                              9.943809   data required time
                                             -2.936623   data arrival time
---------------------------------------------------------------------------------------------
                                              7.007185   slack (MET)


Startpoint: rst (input port clocked by clk)
Endpoint: _754_ (rising edge-triggered flip-flop clocked by clk)
Path Group: clk
Path Type: max

Fanout         Cap        Slew       Delay        Time   Description
---------------------------------------------------------------------------------------------
                                  0.000000    0.000000   clock clk (rise edge)
                                  0.000000    0.000000   clock network delay (propagated)
                                  2.000000    2.000000 ^ input external delay
     1    0.002980    0.020505    0.011467    2.011467 ^ rst (in)
                                                         rst (net)
                      0.020505    0.000000    2.011467 ^ input17/A (sky130_fd_sc_hd__clkdlybuf4s25_1)
     3    0.013129    0.141262    0.321731    2.333197 ^ input17/X (sky130_fd_sc_hd__clkdlybuf4s25_1)
                                                         net17 (net)
                      0.141262    0.000075    2.333273 ^ _369_/A (sky130_fd_sc_hd__inv_2)
     4    0.014761    0.054187    0.079587    2.412860 v _369_/Y (sky130_fd_sc_hd__inv_2)
                                                         _367_ (net)
                      0.054187    0.000091    2.412951 v fanout36/A (sky130_fd_sc_hd__clkdlybuf4s25_1)
     5    0.010404    0.091426    0.305837    2.718787 v fanout36/X (sky130_fd_sc_hd__clkdlybuf4s25_1)
                                                         net36 (net)
                      0.091426    0.000006    2.718793 v _731_/B (sky130_fd_sc_hd__and3b_2)
     1    0.002122    0.036298    0.214880    2.933673 v _731_/X (sky130_fd_sc_hd__and3b_2)
                                                         _018_ (net)
                      0.036298    0.000006    2.933679 v _754_/D (sky130_fd_sc_hd__dfxtp_2)
                                              2.933679   data arrival time

                                 10.000000   10.000000   clock clk (rise edge)
                                  0.000000   10.000000   clock source latency
     1    0.012454    0.062209    0.039909   10.039908 ^ clk (in)
                                                         clk (net)
                      0.062211    0.000000   10.039908 ^ clkbuf_0_clk/A (sky130_fd_sc_hd__clkbuf_16)
     4    0.036344    0.056588    0.138317   10.178226 ^ clkbuf_0_clk/X (sky130_fd_sc_hd__clkbuf_16)
                                                         clknet_0_clk (net)
                      0.056588    0.000107   10.178333 ^ clkbuf_2_1__f_clk/A (sky130_fd_sc_hd__clkbuf_16)
     9    0.020919    0.042636    0.124056   10.302389 ^ clkbuf_2_1__f_clk/X (sky130_fd_sc_hd__clkbuf_16)
                                                         clknet_2_1__leaf_clk (net)
                      0.042636    0.000068   10.302457 ^ _754_/CLK (sky130_fd_sc_hd__dfxtp_2)
                                 -0.250000   10.052457   clock uncertainty
                                  0.000000   10.052457   clock reconvergence pessimism
                                 -0.109639    9.942819   library setup time
                                              9.942819   data required time
---------------------------------------------------------------------------------------------
                                              9.942819   data required time
                                             -2.933679   data arrival time
---------------------------------------------------------------------------------------------
                                              7.009139   slack (MET)


Startpoint: rst (input port clocked by clk)
Endpoint: _764_ (rising edge-triggered flip-flop clocked by clk)
Path Group: clk
Path Type: max

Fanout         Cap        Slew       Delay        Time   Description
---------------------------------------------------------------------------------------------
                                  0.000000    0.000000   clock clk (rise edge)
                                  0.000000    0.000000   clock network delay (propagated)
                                  2.000000    2.000000 ^ input external delay
     1    0.002980    0.020505    0.011467    2.011467 ^ rst (in)
                                                         rst (net)
                      0.020505    0.000000    2.011467 ^ input17/A (sky130_fd_sc_hd__clkdlybuf4s25_1)
     3    0.013129    0.141262    0.321731    2.333197 ^ input17/X (sky130_fd_sc_hd__clkdlybuf4s25_1)
                                                         net17 (net)
                      0.141262    0.000075    2.333273 ^ _369_/A (sky130_fd_sc_hd__inv_2)
     4    0.014761    0.054187    0.079587    2.412860 v _369_/Y (sky130_fd_sc_hd__inv_2)
                                                         _367_ (net)
                      0.054187    0.000172    2.413032 v fanout38/A (sky130_fd_sc_hd__clkdlybuf4s25_1)
     6    0.011103    0.093966    0.309777    2.722809 v fanout38/X (sky130_fd_sc_hd__clkdlybuf4s25_1)
                                                         net38 (net)
                      0.093966    0.000003    2.722812 v _743_/B (sky130_fd_sc_hd__and2_2)
     1    0.002223    0.035307    0.211986    2.934798 v _743_/X (sky130_fd_sc_hd__and2_2)
                                                         _028_ (net)
                      0.035307    0.000006    2.934804 v _764_/D (sky130_fd_sc_hd__dfxtp_2)
                                              2.934804   data arrival time

                                 10.000000   10.000000   clock clk (rise edge)
                                  0.000000   10.000000   clock source latency
     1    0.012454    0.062209    0.039909   10.039908 ^ clk (in)
                                                         clk (net)
                      0.062211    0.000000   10.039908 ^ clkbuf_0_clk/A (sky130_fd_sc_hd__clkbuf_16)
     4    0.036344    0.056588    0.138317   10.178226 ^ clkbuf_0_clk/X (sky130_fd_sc_hd__clkbuf_16)
                                                         clknet_0_clk (net)
                      0.056588    0.000109   10.178335 ^ clkbuf_2_3__f_clk/A (sky130_fd_sc_hd__clkbuf_16)
     9    0.021622    0.043243    0.124707   10.303042 ^ clkbuf_2_3__f_clk/X (sky130_fd_sc_hd__clkbuf_16)
                                                         clknet_2_3__leaf_clk (net)
                      0.043243    0.000040   10.303082 ^ _764_/CLK (sky130_fd_sc_hd__dfxtp_2)
                                 -0.250000   10.053082   clock uncertainty
                                  0.000000   10.053082   clock reconvergence pessimism
                                 -0.109064    9.944018   library setup time
                                              9.944018   data required time
---------------------------------------------------------------------------------------------
                                              9.944018   data required time
                                             -2.934804   data arrival time
---------------------------------------------------------------------------------------------
                                              7.009214   slack (MET)


Startpoint: rst (input port clocked by clk)
Endpoint: _766_ (rising edge-triggered flip-flop clocked by clk)
Path Group: clk
Path Type: max

Fanout         Cap        Slew       Delay        Time   Description
---------------------------------------------------------------------------------------------
                                  0.000000    0.000000   clock clk (rise edge)
                                  0.000000    0.000000   clock network delay (propagated)
                                  2.000000    2.000000 ^ input external delay
     1    0.002980    0.020505    0.011467    2.011467 ^ rst (in)
                                                         rst (net)
                      0.020505    0.000000    2.011467 ^ input17/A (sky130_fd_sc_hd__clkdlybuf4s25_1)
     3    0.013129    0.141262    0.321731    2.333197 ^ input17/X (sky130_fd_sc_hd__clkdlybuf4s25_1)
                                                         net17 (net)
                      0.141262    0.000075    2.333273 ^ _369_/A (sky130_fd_sc_hd__inv_2)
     4    0.014761    0.054187    0.079587    2.412860 v _369_/Y (sky130_fd_sc_hd__inv_2)
                                                         _367_ (net)
                      0.054187    0.000172    2.413032 v fanout38/A (sky130_fd_sc_hd__clkdlybuf4s25_1)
     6    0.011103    0.093966    0.309777    2.722809 v fanout38/X (sky130_fd_sc_hd__clkdlybuf4s25_1)
                                                         net38 (net)
                      0.093966    0.000067    2.722876 v _745_/B (sky130_fd_sc_hd__and2_2)
     1    0.002118    0.034998    0.211480    2.934356 v _745_/X (sky130_fd_sc_hd__and2_2)
                                                         _030_ (net)
                      0.034998    0.000006    2.934362 v _766_/D (sky130_fd_sc_hd__dfxtp_2)
                                              2.934362   data arrival time

                                 10.000000   10.000000   clock clk (rise edge)
                                  0.000000   10.000000   clock source latency
     1    0.012454    0.062209    0.039909   10.039908 ^ clk (in)
                                                         clk (net)
                      0.062211    0.000000   10.039908 ^ clkbuf_0_clk/A (sky130_fd_sc_hd__clkbuf_16)
     4    0.036344    0.056588    0.138317   10.178226 ^ clkbuf_0_clk/X (sky130_fd_sc_hd__clkbuf_16)
                                                         clknet_0_clk (net)
                      0.056588    0.000109   10.178335 ^ clkbuf_2_3__f_clk/A (sky130_fd_sc_hd__clkbuf_16)
     9    0.021622    0.043243    0.124707   10.303042 ^ clkbuf_2_3__f_clk/X (sky130_fd_sc_hd__clkbuf_16)
                                                         clknet_2_3__leaf_clk (net)
                      0.043243    0.000010   10.303052 ^ _766_/CLK (sky130_fd_sc_hd__dfxtp_2)
                                 -0.250000   10.053052   clock uncertainty
                                  0.000000   10.053052   clock reconvergence pessimism
                                 -0.108929    9.944123   library setup time
                                              9.944123   data required time
---------------------------------------------------------------------------------------------
                                              9.944123   data required time
                                             -2.934362   data arrival time
---------------------------------------------------------------------------------------------
                                              7.009761   slack (MET)


Startpoint: rst (input port clocked by clk)
Endpoint: _765_ (rising edge-triggered flip-flop clocked by clk)
Path Group: clk
Path Type: max

Fanout         Cap        Slew       Delay        Time   Description
---------------------------------------------------------------------------------------------
                                  0.000000    0.000000   clock clk (rise edge)
                                  0.000000    0.000000   clock network delay (propagated)
                                  2.000000    2.000000 ^ input external delay
     1    0.002980    0.020505    0.011467    2.011467 ^ rst (in)
                                                         rst (net)
                      0.020505    0.000000    2.011467 ^ input17/A (sky130_fd_sc_hd__clkdlybuf4s25_1)
     3    0.013129    0.141262    0.321731    2.333197 ^ input17/X (sky130_fd_sc_hd__clkdlybuf4s25_1)
                                                         net17 (net)
                      0.141262    0.000075    2.333273 ^ _369_/A (sky130_fd_sc_hd__inv_2)
     4    0.014761    0.054187    0.079587    2.412860 v _369_/Y (sky130_fd_sc_hd__inv_2)
                                                         _367_ (net)
                      0.054187    0.000172    2.413032 v fanout38/A (sky130_fd_sc_hd__clkdlybuf4s25_1)
     6    0.011103    0.093966    0.309777    2.722809 v fanout38/X (sky130_fd_sc_hd__clkdlybuf4s25_1)
                                                         net38 (net)
                      0.093966    0.000068    2.722877 v _744_/B (sky130_fd_sc_hd__and2_2)
     1    0.001953    0.034508    0.210681    2.933557 v _744_/X (sky130_fd_sc_hd__and2_2)
                                                         _029_ (net)
                      0.034508    0.000003    2.933561 v _765_/D (sky130_fd_sc_hd__dfxtp_2)
                                              2.933561   data arrival time

                                 10.000000   10.000000   clock clk (rise edge)
                                  0.000000   10.000000   clock source latency
     1    0.012454    0.062209    0.039909   10.039908 ^ clk (in)
                                                         clk (net)
                      0.062211    0.000000   10.039908 ^ clkbuf_0_clk/A (sky130_fd_sc_hd__clkbuf_16)
     4    0.036344    0.056588    0.138317   10.178226 ^ clkbuf_0_clk/X (sky130_fd_sc_hd__clkbuf_16)
                                                         clknet_0_clk (net)
                      0.056588    0.000109   10.178335 ^ clkbuf_2_3__f_clk/A (sky130_fd_sc_hd__clkbuf_16)
     9    0.021622    0.043243    0.124707   10.303042 ^ clkbuf_2_3__f_clk/X (sky130_fd_sc_hd__clkbuf_16)
                                                         clknet_2_3__leaf_clk (net)
                      0.043243    0.000013   10.303056 ^ _765_/CLK (sky130_fd_sc_hd__dfxtp_2)
                                 -0.250000   10.053056   clock uncertainty
                                  0.000000   10.053056   clock reconvergence pessimism
                                 -0.108715    9.944341   library setup time
                                              9.944341   data required time
---------------------------------------------------------------------------------------------
                                              9.944341   data required time
                                             -2.933561   data arrival time
---------------------------------------------------------------------------------------------
                                              7.010780   slack (MET)


Startpoint: rst (input port clocked by clk)
Endpoint: _763_ (rising edge-triggered flip-flop clocked by clk)
Path Group: clk
Path Type: max

Fanout         Cap        Slew       Delay        Time   Description
---------------------------------------------------------------------------------------------
                                  0.000000    0.000000   clock clk (rise edge)
                                  0.000000    0.000000   clock network delay (propagated)
                                  2.000000    2.000000 ^ input external delay
     1    0.002980    0.020505    0.011467    2.011467 ^ rst (in)
                                                         rst (net)
                      0.020505    0.000000    2.011467 ^ input17/A (sky130_fd_sc_hd__clkdlybuf4s25_1)
     3    0.013129    0.141262    0.321731    2.333197 ^ input17/X (sky130_fd_sc_hd__clkdlybuf4s25_1)
                                                         net17 (net)
                      0.141262    0.000075    2.333273 ^ _369_/A (sky130_fd_sc_hd__inv_2)
     4    0.014761    0.054187    0.079587    2.412860 v _369_/Y (sky130_fd_sc_hd__inv_2)
                                                         _367_ (net)
                      0.054187    0.000172    2.413032 v fanout38/A (sky130_fd_sc_hd__clkdlybuf4s25_1)
     6    0.011103    0.093966    0.309777    2.722809 v fanout38/X (sky130_fd_sc_hd__clkdlybuf4s25_1)
                                                         net38 (net)
                      0.093966    0.000022    2.722831 v _742_/B (sky130_fd_sc_hd__and2_2)
     1    0.001953    0.034509    0.210681    2.933512 v _742_/X (sky130_fd_sc_hd__and2_2)
                                                         _027_ (net)
                      0.034509    0.000003    2.933515 v _763_/D (sky130_fd_sc_hd__dfxtp_2)
                                              2.933515   data arrival time

                                 10.000000   10.000000   clock clk (rise edge)
                                  0.000000   10.000000   clock source latency
     1    0.012454    0.062209    0.039909   10.039908 ^ clk (in)
                                                         clk (net)
                      0.062211    0.000000   10.039908 ^ clkbuf_0_clk/A (sky130_fd_sc_hd__clkbuf_16)
     4    0.036344    0.056588    0.138317   10.178226 ^ clkbuf_0_clk/X (sky130_fd_sc_hd__clkbuf_16)
                                                         clknet_0_clk (net)
                      0.056588    0.000109   10.178335 ^ clkbuf_2_3__f_clk/A (sky130_fd_sc_hd__clkbuf_16)
     9    0.021622    0.043243    0.124707   10.303042 ^ clkbuf_2_3__f_clk/X (sky130_fd_sc_hd__clkbuf_16)
                                                         clknet_2_3__leaf_clk (net)
                      0.043243    0.000035   10.303077 ^ _763_/CLK (sky130_fd_sc_hd__dfxtp_2)
                                 -0.250000   10.053077   clock uncertainty
                                  0.000000   10.053077   clock reconvergence pessimism
                                 -0.108715    9.944361   library setup time
                                              9.944361   data required time
---------------------------------------------------------------------------------------------
                                              9.944361   data required time
                                             -2.933515   data arrival time
---------------------------------------------------------------------------------------------
                                              7.010846   slack (MET)


Startpoint: rst (input port clocked by clk)
Endpoint: _760_ (rising edge-triggered flip-flop clocked by clk)
Path Group: clk
Path Type: max

Fanout         Cap        Slew       Delay        Time   Description
---------------------------------------------------------------------------------------------
                                  0.000000    0.000000   clock clk (rise edge)
                                  0.000000    0.000000   clock network delay (propagated)
                                  2.000000    2.000000 ^ input external delay
     1    0.002980    0.020505    0.011467    2.011467 ^ rst (in)
                                                         rst (net)
                      0.020505    0.000000    2.011467 ^ input17/A (sky130_fd_sc_hd__clkdlybuf4s25_1)
     3    0.013129    0.141262    0.321731    2.333197 ^ input17/X (sky130_fd_sc_hd__clkdlybuf4s25_1)
                                                         net17 (net)
                      0.141262    0.000075    2.333273 ^ _369_/A (sky130_fd_sc_hd__inv_2)
     4    0.014761    0.054187    0.079587    2.412860 v _369_/Y (sky130_fd_sc_hd__inv_2)
                                                         _367_ (net)
                      0.054187    0.000091    2.412951 v fanout36/A (sky130_fd_sc_hd__clkdlybuf4s25_1)
     5    0.010404    0.091426    0.305837    2.718787 v fanout36/X (sky130_fd_sc_hd__clkdlybuf4s25_1)
                                                         net36 (net)
                      0.091426    0.000022    2.718809 v _739_/B (sky130_fd_sc_hd__and2_2)
     1    0.002721    0.036073    0.213154    2.931963 v _739_/X (sky130_fd_sc_hd__and2_2)
                                                         _024_ (net)
                      0.036073    0.000014    2.931978 v _760_/D (sky130_fd_sc_hd__dfxtp_2)
                                              2.931978   data arrival time

                                 10.000000   10.000000   clock clk (rise edge)
                                  0.000000   10.000000   clock source latency
     1    0.012454    0.062209    0.039909   10.039908 ^ clk (in)
                                                         clk (net)
                      0.062211    0.000000   10.039908 ^ clkbuf_0_clk/A (sky130_fd_sc_hd__clkbuf_16)
     4    0.036344    0.056588    0.138317   10.178226 ^ clkbuf_0_clk/X (sky130_fd_sc_hd__clkbuf_16)
                                                         clknet_0_clk (net)
                      0.056588    0.000107   10.178333 ^ clkbuf_2_1__f_clk/A (sky130_fd_sc_hd__clkbuf_16)
     9    0.020919    0.042636    0.124056   10.302389 ^ clkbuf_2_1__f_clk/X (sky130_fd_sc_hd__clkbuf_16)
                                                         clknet_2_1__leaf_clk (net)
                      0.042636    0.000050   10.302439 ^ _760_/CLK (sky130_fd_sc_hd__dfxtp_2)
                                 -0.250000   10.052439   clock uncertainty
                                  0.000000   10.052439   clock reconvergence pessimism
                                 -0.109540    9.942900   library setup time
                                              9.942900   data required time
---------------------------------------------------------------------------------------------
                                              9.942900   data required time
                                             -2.931978   data arrival time
---------------------------------------------------------------------------------------------
                                              7.010922   slack (MET)


Startpoint: rst (input port clocked by clk)
Endpoint: _768_ (rising edge-triggered flip-flop clocked by clk)
Path Group: clk
Path Type: max

Fanout         Cap        Slew       Delay        Time   Description
---------------------------------------------------------------------------------------------
                                  0.000000    0.000000   clock clk (rise edge)
                                  0.000000    0.000000   clock network delay (propagated)
                                  2.000000    2.000000 ^ input external delay
     1    0.002980    0.020505    0.011467    2.011467 ^ rst (in)
                                                         rst (net)
                      0.020505    0.000000    2.011467 ^ input17/A (sky130_fd_sc_hd__clkdlybuf4s25_1)
     3    0.013129    0.141262    0.321731    2.333197 ^ input17/X (sky130_fd_sc_hd__clkdlybuf4s25_1)
                                                         net17 (net)
                      0.141262    0.000075    2.333273 ^ _369_/A (sky130_fd_sc_hd__inv_2)
     4    0.014761    0.054187    0.079587    2.412860 v _369_/Y (sky130_fd_sc_hd__inv_2)
                                                         _367_ (net)
                      0.054187    0.000172    2.413032 v fanout38/A (sky130_fd_sc_hd__clkdlybuf4s25_1)
     6    0.011103    0.093966    0.309777    2.722809 v fanout38/X (sky130_fd_sc_hd__clkdlybuf4s25_1)
                                                         net38 (net)
                      0.093966    0.000049    2.722858 v _747_/B (sky130_fd_sc_hd__and2_2)
     1    0.001924    0.034424    0.210543    2.933401 v _747_/X (sky130_fd_sc_hd__and2_2)
                                                         _032_ (net)
                      0.034424    0.000003    2.933404 v _768_/D (sky130_fd_sc_hd__dfxtp_2)
                                              2.933404   data arrival time

                                 10.000000   10.000000   clock clk (rise edge)
                                  0.000000   10.000000   clock source latency
     1    0.012454    0.062209    0.039909   10.039908 ^ clk (in)
                                                         clk (net)
                      0.062211    0.000000   10.039908 ^ clkbuf_0_clk/A (sky130_fd_sc_hd__clkbuf_16)
     4    0.036344    0.056588    0.138317   10.178226 ^ clkbuf_0_clk/X (sky130_fd_sc_hd__clkbuf_16)
                                                         clknet_0_clk (net)
                      0.056588    0.000109   10.178335 ^ clkbuf_2_3__f_clk/A (sky130_fd_sc_hd__clkbuf_16)
     9    0.021622    0.043243    0.124707   10.303042 ^ clkbuf_2_3__f_clk/X (sky130_fd_sc_hd__clkbuf_16)
                                                         clknet_2_3__leaf_clk (net)
                      0.043243    0.000018   10.303060 ^ _768_/CLK (sky130_fd_sc_hd__dfxtp_2)
                                 -0.250000   10.053060   clock uncertainty
                                  0.000000   10.053060   clock reconvergence pessimism
                                 -0.108678    9.944382   library setup time
                                              9.944382   data required time
---------------------------------------------------------------------------------------------
                                              9.944382   data required time
                                             -2.933404   data arrival time
---------------------------------------------------------------------------------------------
                                              7.010978   slack (MET)


Startpoint: rst (input port clocked by clk)
Endpoint: _759_ (rising edge-triggered flip-flop clocked by clk)
Path Group: clk
Path Type: max

Fanout         Cap        Slew       Delay        Time   Description
---------------------------------------------------------------------------------------------
                                  0.000000    0.000000   clock clk (rise edge)
                                  0.000000    0.000000   clock network delay (propagated)
                                  2.000000    2.000000 ^ input external delay
     1    0.002980    0.020505    0.011467    2.011467 ^ rst (in)
                                                         rst (net)
                      0.020505    0.000000    2.011467 ^ input17/A (sky130_fd_sc_hd__clkdlybuf4s25_1)
     3    0.013129    0.141262    0.321731    2.333197 ^ input17/X (sky130_fd_sc_hd__clkdlybuf4s25_1)
                                                         net17 (net)
                      0.141262    0.000075    2.333273 ^ _369_/A (sky130_fd_sc_hd__inv_2)
     4    0.014761    0.054187    0.079587    2.412860 v _369_/Y (sky130_fd_sc_hd__inv_2)
                                                         _367_ (net)
                      0.054187    0.000091    2.412951 v fanout36/A (sky130_fd_sc_hd__clkdlybuf4s25_1)
     5    0.010404    0.091426    0.305837    2.718787 v fanout36/X (sky130_fd_sc_hd__clkdlybuf4s25_1)
                                                         net36 (net)
                      0.091426    0.000024    2.718811 v _738_/B (sky130_fd_sc_hd__and2_2)
     1    0.002288    0.035001    0.211068    2.929879 v _738_/X (sky130_fd_sc_hd__and2_2)
                                                         _023_ (net)
                      0.035001    0.000008    2.929886 v _759_/D (sky130_fd_sc_hd__dfxtp_2)
                                              2.929886   data arrival time

                                 10.000000   10.000000   clock clk (rise edge)
                                  0.000000   10.000000   clock source latency
     1    0.012454    0.062209    0.039909   10.039908 ^ clk (in)
                                                         clk (net)
                      0.062211    0.000000   10.039908 ^ clkbuf_0_clk/A (sky130_fd_sc_hd__clkbuf_16)
     4    0.036344    0.056588    0.138317   10.178226 ^ clkbuf_0_clk/X (sky130_fd_sc_hd__clkbuf_16)
                                                         clknet_0_clk (net)
                      0.056588    0.000107   10.178333 ^ clkbuf_2_1__f_clk/A (sky130_fd_sc_hd__clkbuf_16)
     9    0.020919    0.042636    0.124056   10.302389 ^ clkbuf_2_1__f_clk/X (sky130_fd_sc_hd__clkbuf_16)
                                                         clknet_2_1__leaf_clk (net)
                      0.042636    0.000043   10.302432 ^ _759_/CLK (sky130_fd_sc_hd__dfxtp_2)
                                 -0.250000   10.052432   clock uncertainty
                                  0.000000   10.052432   clock reconvergence pessimism
                                 -0.109072    9.943360   library setup time
                                              9.943360   data required time
---------------------------------------------------------------------------------------------
                                              9.943360   data required time
                                             -2.929886   data arrival time
---------------------------------------------------------------------------------------------
                                              7.013474   slack (MET)


Startpoint: rst (input port clocked by clk)
Endpoint: _757_ (rising edge-triggered flip-flop clocked by clk)
Path Group: clk
Path Type: max

Fanout         Cap        Slew       Delay        Time   Description
---------------------------------------------------------------------------------------------
                                  0.000000    0.000000   clock clk (rise edge)
                                  0.000000    0.000000   clock network delay (propagated)
                                  2.000000    2.000000 ^ input external delay
     1    0.002980    0.020505    0.011467    2.011467 ^ rst (in)
                                                         rst (net)
                      0.020505    0.000000    2.011467 ^ input17/A (sky130_fd_sc_hd__clkdlybuf4s25_1)
     3    0.013129    0.141262    0.321731    2.333197 ^ input17/X (sky130_fd_sc_hd__clkdlybuf4s25_1)
                                                         net17 (net)
                      0.141262    0.000075    2.333273 ^ _369_/A (sky130_fd_sc_hd__inv_2)
     4    0.014761    0.054187    0.079587    2.412860 v _369_/Y (sky130_fd_sc_hd__inv_2)
                                                         _367_ (net)
                      0.054187    0.000091    2.412951 v fanout36/A (sky130_fd_sc_hd__clkdlybuf4s25_1)
     5    0.010404    0.091426    0.305837    2.718787 v fanout36/X (sky130_fd_sc_hd__clkdlybuf4s25_1)
                                                         net36 (net)
                      0.091426    0.000026    2.718813 v _736_/B (sky130_fd_sc_hd__and2_2)
     1    0.001953    0.034510    0.209454    2.928267 v _736_/X (sky130_fd_sc_hd__and2_2)
                                                         _021_ (net)
                      0.034510    0.000003    2.928271 v _757_/D (sky130_fd_sc_hd__dfxtp_2)
                                              2.928271   data arrival time

                                 10.000000   10.000000   clock clk (rise edge)
                                  0.000000   10.000000   clock source latency
     1    0.012454    0.062209    0.039909   10.039908 ^ clk (in)
                                                         clk (net)
                      0.062211    0.000000   10.039908 ^ clkbuf_0_clk/A (sky130_fd_sc_hd__clkbuf_16)
     4    0.036344    0.056588    0.138317   10.178226 ^ clkbuf_0_clk/X (sky130_fd_sc_hd__clkbuf_16)
                                                         clknet_0_clk (net)
                      0.056588    0.000107   10.178333 ^ clkbuf_2_1__f_clk/A (sky130_fd_sc_hd__clkbuf_16)
     9    0.020919    0.042636    0.124056   10.302389 ^ clkbuf_2_1__f_clk/X (sky130_fd_sc_hd__clkbuf_16)
                                                         clknet_2_1__leaf_clk (net)
                      0.042636    0.000039   10.302428 ^ _757_/CLK (sky130_fd_sc_hd__dfxtp_2)
                                 -0.250000   10.052428   clock uncertainty
                                  0.000000   10.052428   clock reconvergence pessimism
                                 -0.108858    9.943571   library setup time
                                              9.943571   data required time
---------------------------------------------------------------------------------------------
                                              9.943571   data required time
                                             -2.928271   data arrival time
---------------------------------------------------------------------------------------------
                                              7.015300   slack (MET)


Startpoint: rst (input port clocked by clk)
Endpoint: _758_ (rising edge-triggered flip-flop clocked by clk)
Path Group: clk
Path Type: max

Fanout         Cap        Slew       Delay        Time   Description
---------------------------------------------------------------------------------------------
                                  0.000000    0.000000   clock clk (rise edge)
                                  0.000000    0.000000   clock network delay (propagated)
                                  2.000000    2.000000 ^ input external delay
     1    0.002980    0.020505    0.011467    2.011467 ^ rst (in)
                                                         rst (net)
                      0.020505    0.000000    2.011467 ^ input17/A (sky130_fd_sc_hd__clkdlybuf4s25_1)
     3    0.013129    0.141262    0.321731    2.333197 ^ input17/X (sky130_fd_sc_hd__clkdlybuf4s25_1)
                                                         net17 (net)
                      0.141262    0.000075    2.333273 ^ _369_/A (sky130_fd_sc_hd__inv_2)
     4    0.014761    0.054187    0.079587    2.412860 v _369_/Y (sky130_fd_sc_hd__inv_2)
                                                         _367_ (net)
                      0.054187    0.000091    2.412951 v fanout36/A (sky130_fd_sc_hd__clkdlybuf4s25_1)
     5    0.010404    0.091426    0.305837    2.718787 v fanout36/X (sky130_fd_sc_hd__clkdlybuf4s25_1)
                                                         net36 (net)
                      0.091426    0.000019    2.718806 v _737_/B (sky130_fd_sc_hd__and2_2)
     1    0.001882    0.034303    0.209116    2.927922 v _737_/X (sky130_fd_sc_hd__and2_2)
                                                         _022_ (net)
                      0.034303    0.000002    2.927924 v _758_/D (sky130_fd_sc_hd__dfxtp_2)
                                              2.927924   data arrival time

                                 10.000000   10.000000   clock clk (rise edge)
                                  0.000000   10.000000   clock source latency
     1    0.012454    0.062209    0.039909   10.039908 ^ clk (in)
                                                         clk (net)
                      0.062211    0.000000   10.039908 ^ clkbuf_0_clk/A (sky130_fd_sc_hd__clkbuf_16)
     4    0.036344    0.056588    0.138317   10.178226 ^ clkbuf_0_clk/X (sky130_fd_sc_hd__clkbuf_16)
                                                         clknet_0_clk (net)
                      0.056588    0.000107   10.178333 ^ clkbuf_2_1__f_clk/A (sky130_fd_sc_hd__clkbuf_16)
     9    0.020919    0.042636    0.124056   10.302389 ^ clkbuf_2_1__f_clk/X (sky130_fd_sc_hd__clkbuf_16)
                                                         clknet_2_1__leaf_clk (net)
                      0.042636    0.000038   10.302427 ^ _758_/CLK (sky130_fd_sc_hd__dfxtp_2)
                                 -0.250000   10.052427   clock uncertainty
                                  0.000000   10.052427   clock reconvergence pessimism
                                 -0.108767    9.943661   library setup time
                                              9.943661   data required time
---------------------------------------------------------------------------------------------
                                              9.943661   data required time
                                             -2.927924   data arrival time
---------------------------------------------------------------------------------------------
                                              7.015737   slack (MET)


Startpoint: start_diag (input port clocked by clk)
Endpoint: _769_ (rising edge-triggered flip-flop clocked by clk)
Path Group: clk
Path Type: max

Fanout         Cap        Slew       Delay        Time   Description
---------------------------------------------------------------------------------------------
                                  0.000000    0.000000   clock clk (rise edge)
                                  0.000000    0.000000   clock network delay (propagated)
                                  2.000000    2.000000 ^ input external delay
     1    0.003136    0.021183    0.012045    2.012045 ^ start_diag (in)
                                                         start_diag (net)
                      0.021183    0.000000    2.012045 ^ input18/A (sky130_fd_sc_hd__clkdlybuf4s25_1)
     2    0.006895    0.084465    0.276785    2.288829 ^ input18/X (sky130_fd_sc_hd__clkdlybuf4s25_1)
                                                         net18 (net)
                      0.084465    0.000009    2.288838 ^ _370_/A (sky130_fd_sc_hd__inv_2)
     1    0.002604    0.021301    0.032777    2.321615 v _370_/Y (sky130_fd_sc_hd__inv_2)
                                                         _368_ (net)
                      0.021301    0.000005    2.321620 v _718_/A1 (sky130_fd_sc_hd__a211o_2)
     1    0.002016    0.044213    0.284954    2.606575 v _718_/X (sky130_fd_sc_hd__a211o_2)
                                                         _011_ (net)
                      0.044213    0.000004    2.606578 v _769_/D (sky130_fd_sc_hd__dfxtp_2)
                                              2.606578   data arrival time

                                 10.000000   10.000000   clock clk (rise edge)
                                  0.000000   10.000000   clock source latency
     1    0.012454    0.062209    0.039909   10.039908 ^ clk (in)
                                                         clk (net)
                      0.062211    0.000000   10.039908 ^ clkbuf_0_clk/A (sky130_fd_sc_hd__clkbuf_16)
     4    0.036344    0.056588    0.138317   10.178226 ^ clkbuf_0_clk/X (sky130_fd_sc_hd__clkbuf_16)
                                                         clknet_0_clk (net)
                      0.056588    0.000142   10.178368 ^ clkbuf_2_0__f_clk/A (sky130_fd_sc_hd__clkbuf_16)
     9    0.021369    0.043022    0.124468   10.302836 ^ clkbuf_2_0__f_clk/X (sky130_fd_sc_hd__clkbuf_16)
                                                         clknet_2_0__leaf_clk (net)
                      0.043022    0.000049   10.302885 ^ _769_/CLK (sky130_fd_sc_hd__dfxtp_2)
                                 -0.250000   10.052885   clock uncertainty
                                  0.000000   10.052885   clock reconvergence pessimism
                                 -0.113003    9.939882   library setup time
                                              9.939882   data required time
---------------------------------------------------------------------------------------------
                                              9.939882   data required time
                                             -2.606578   data arrival time
---------------------------------------------------------------------------------------------
                                              7.333304   slack (MET)


Startpoint: rst (input port clocked by clk)
Endpoint: _749_ (rising edge-triggered flip-flop clocked by clk)
Path Group: clk
Path Type: max

Fanout         Cap        Slew       Delay        Time   Description
---------------------------------------------------------------------------------------------
                                  0.000000    0.000000   clock clk (rise edge)
                                  0.000000    0.000000   clock network delay (propagated)
                                  2.000000    2.000000 ^ input external delay
     1    0.002980    0.020505    0.011467    2.011467 ^ rst (in)
                                                         rst (net)
                      0.020505    0.000000    2.011467 ^ input17/A (sky130_fd_sc_hd__clkdlybuf4s25_1)
     3    0.013129    0.141262    0.321731    2.333197 ^ input17/X (sky130_fd_sc_hd__clkdlybuf4s25_1)
                                                         net17 (net)
                      0.141262    0.000072    2.333269 ^ _722_/A (sky130_fd_sc_hd__nor2_2)
     1    0.003012    0.040711    0.057492    2.390761 v _722_/Y (sky130_fd_sc_hd__nor2_2)
                                                         _013_ (net)
                      0.040711    0.000022    2.390783 v _749_/D (sky130_fd_sc_hd__dfxtp_2)
                                              2.390783   data arrival time

                                 10.000000   10.000000   clock clk (rise edge)
                                  0.000000   10.000000   clock source latency
     1    0.012454    0.062209    0.039909   10.039908 ^ clk (in)
                                                         clk (net)
                      0.062211    0.000000   10.039908 ^ clkbuf_0_clk/A (sky130_fd_sc_hd__clkbuf_16)
     4    0.036344    0.056588    0.138317   10.178226 ^ clkbuf_0_clk/X (sky130_fd_sc_hd__clkbuf_16)
                                                         clknet_0_clk (net)
                      0.056588    0.000142   10.178368 ^ clkbuf_2_0__f_clk/A (sky130_fd_sc_hd__clkbuf_16)
     9    0.021369    0.043022    0.124468   10.302836 ^ clkbuf_2_0__f_clk/X (sky130_fd_sc_hd__clkbuf_16)
                                                         clknet_2_0__leaf_clk (net)
                      0.043023    0.000083   10.302919 ^ _749_/CLK (sky130_fd_sc_hd__dfxtp_2)
                                 -0.250000   10.052919   clock uncertainty
                                  0.000000   10.052919   clock reconvergence pessimism
                                 -0.111474    9.941445   library setup time
                                              9.941445   data required time
---------------------------------------------------------------------------------------------
                                              9.941445   data required time
                                             -2.390783   data arrival time
---------------------------------------------------------------------------------------------
                                              7.550663   slack (MET)



%OL_END_REPORT
%OL_CREATE_REPORT checks.rpt

===========================================================================
report_checks -unconstrained
===========================================================================
======================= nom_tt_025C_1v80 Corner ===================================

Startpoint: h0[1] (input port clocked by clk)
Endpoint: y[8] (output port clocked by clk)
Path Group: clk
Path Type: max

Fanout         Cap        Slew       Delay        Time   Description
---------------------------------------------------------------------------------------------
                                  0.000000    0.000000   clock clk (rise edge)
                                  0.000000    0.000000   clock network delay (propagated)
                                  2.000000    2.000000 v input external delay
     1    0.002884    0.008827    0.004782    2.004782 v h0[1] (in)
                                                         h0[1] (net)
                      0.008827    0.000000    2.004782 v input2/A (sky130_fd_sc_hd__clkdlybuf4s25_1)
     8    0.027491    0.207239    0.381984    2.386766 v input2/X (sky130_fd_sc_hd__clkdlybuf4s25_1)
                                                         net2 (net)
                      0.207239    0.000262    2.387028 v _453_/A2 (sky130_fd_sc_hd__a22o_2)
     2    0.006983    0.049732    0.347354    2.734382 v _453_/X (sky130_fd_sc_hd__a22o_2)
                                                         _114_ (net)
                      0.049732    0.000021    2.734403 v _454_/B2 (sky130_fd_sc_hd__a22o_2)
     2    0.007071    0.051734    0.249208    2.983611 v _454_/X (sky130_fd_sc_hd__a22o_2)
                                                         _115_ (net)
                      0.051734    0.000005    2.983616 v _457_/A1 (sky130_fd_sc_hd__a21o_2)
     2    0.006832    0.043447    0.207944    3.191561 v _457_/X (sky130_fd_sc_hd__a21o_2)
                                                         _118_ (net)
                      0.043447    0.000019    3.191580 v _459_/B2 (sky130_fd_sc_hd__a22o_2)
     2    0.007768    0.051643    0.249649    3.441229 v _459_/X (sky130_fd_sc_hd__a22o_2)
                                                         _120_ (net)
                      0.051643    0.000028    3.441257 v _461_/A2 (sky130_fd_sc_hd__a21o_2)
     3    0.009447    0.051455    0.240693    3.681950 v _461_/X (sky130_fd_sc_hd__a21o_2)
                                                         _122_ (net)
                      0.051455    0.000023    3.681973 v _463_/A2 (sky130_fd_sc_hd__a21o_2)
     2    0.008509    0.047576    0.237344    3.919317 v _463_/X (sky130_fd_sc_hd__a21o_2)
                                                         _124_ (net)
                      0.047576    0.000056    3.919373 v _477_/A2 (sky130_fd_sc_hd__a21o_2)
     3    0.009106    0.050631    0.237749    4.157122 v _477_/X (sky130_fd_sc_hd__a21o_2)
                                                         _138_ (net)
                      0.050631    0.000014    4.157135 v _478_/C (sky130_fd_sc_hd__and3_2)
     2    0.009242    0.053022    0.238967    4.396103 v _478_/X (sky130_fd_sc_hd__and3_2)
                                                         _139_ (net)
                      0.053022    0.000087    4.396189 v _496_/A1 (sky130_fd_sc_hd__o21a_2)
     2    0.006381    0.042208    0.229692    4.625882 v _496_/X (sky130_fd_sc_hd__o21a_2)
                                                         _157_ (net)
                      0.042208    0.000010    4.625891 v _512_/B (sky130_fd_sc_hd__or3_2)
     3    0.007018    0.090371    0.488998    5.114890 v _512_/X (sky130_fd_sc_hd__or3_2)
                                                         _173_ (net)
                      0.090371    0.000030    5.114920 v _515_/A1 (sky130_fd_sc_hd__a211o_2)
     2    0.007451    0.061972    0.339383    5.454302 v _515_/X (sky130_fd_sc_hd__a211o_2)
                                                         _176_ (net)
                      0.061972    0.000004    5.454307 v _585_/A1 (sky130_fd_sc_hd__a21o_2)
     2    0.011405    0.055625    0.227728    5.682034 v _585_/X (sky130_fd_sc_hd__a21o_2)
                                                         _245_ (net)
                      0.055625    0.000062    5.682096 v _637_/A2 (sky130_fd_sc_hd__a21o_2)
     2    0.011329    0.055417    0.248793    5.930889 v _637_/X (sky130_fd_sc_hd__a21o_2)
                                                         _296_ (net)
                      0.055417    0.000071    5.930960 v _674_/A2 (sky130_fd_sc_hd__a21o_2)
     2    0.012214    0.056329    0.251741    6.182702 v _674_/X (sky130_fd_sc_hd__a21o_2)
                                                         _332_ (net)
                      0.056329    0.000109    6.182811 v _695_/A2 (sky130_fd_sc_hd__a21o_2)
     2    0.011370    0.055517    0.249245    6.432055 v _695_/X (sky130_fd_sc_hd__a21o_2)
                                                         _352_ (net)
                      0.055517    0.000054    6.432109 v _697_/A2 (sky130_fd_sc_hd__a21o_2)
     2    0.012274    0.056444    0.252034    6.684143 v _697_/X (sky130_fd_sc_hd__a21o_2)
                                                         _353_ (net)
                      0.056444    0.000041    6.684184 v _701_/A (sky130_fd_sc_hd__xor2_2)
     1    0.002581    0.089181    0.143019    6.827203 ^ _701_/X (sky130_fd_sc_hd__xor2_2)
                                                         net33 (net)
                      0.089181    0.000004    6.827208 ^ output33/A (sky130_fd_sc_hd__clkdlybuf4s25_1)
     1    0.034532    0.348727    0.500542    7.327750 ^ output33/X (sky130_fd_sc_hd__clkdlybuf4s25_1)
                                                         y[8] (net)
                      0.348727    0.000261    7.328011 ^ y[8] (out)
                                              7.328011   data arrival time

                                 10.000000   10.000000   clock clk (rise edge)
                                  0.000000   10.000000   clock network delay (propagated)
                                 -0.250000    9.750000   clock uncertainty
                                  0.000000    9.750000   clock reconvergence pessimism
                                 -2.000000    7.750000   output external delay
                                              7.750000   data required time
---------------------------------------------------------------------------------------------
                                              7.750000   data required time
                                             -7.328011   data arrival time
---------------------------------------------------------------------------------------------
                                              0.421990   slack (MET)




===========================================================================
report_checks --slack_max -0.01
============================================================================
======================= nom_tt_025C_1v80 Corner ===================================

No paths found.


===========================================================================
 report_check_types -max_slew -max_cap -max_fanout -violators
============================================================================
======================= nom_tt_025C_1v80 Corner ===================================



===========================================================================
report_parasitic_annotation -report_unannotated
============================================================================
Found 14 unannotated drivers.
 clkload0/X
 clkload1/X
 clkload2/X
 self_diagnosing_fir/HI
 self_diagnosing_fir_39/HI
 self_diagnosing_fir_40/HI
 self_diagnosing_fir_41/HI
 self_diagnosing_fir_42/HI
 self_diagnosing_fir_43/HI
 self_diagnosing_fir_44/HI
 self_diagnosing_fir_45/HI
 self_diagnosing_fir_46/HI
 self_diagnosing_fir_47/HI
 self_diagnosing_fir_48/HI
Found 0 partially unannotated drivers.

===========================================================================
max slew violation count 0
Writing metric design__max_slew_violation__count__corner:nom_tt_025C_1v80: 0
max fanout violation count 0
Writing metric design__max_fanout_violation__count__corner:nom_tt_025C_1v80: 0
max cap violation count 0
Writing metric design__max_cap_violation__count__corner:nom_tt_025C_1v80: 0
============================================================================

===========================================================================
check_setup -verbose -unconstrained_endpoints -multiple_clock -no_clock -no_input_delay -loops -generated_clocks
===========================================================================
%OL_END_REPORT
%OL_CREATE_REPORT power.rpt

===========================================================================
 report_power
============================================================================
======================= nom_tt_025C_1v80 Corner ===================================

Group                    Internal    Switching      Leakage        Total
                            Power        Power        Power        Power (Watts)
------------------------------------------------------------------------
Sequential           1.369312e-04 6.242985e-06 2.830513e-10 1.431745e-04  30.5%
Combinational        9.200534e-05 9.586461e-05 1.750149e-09 1.878717e-04  40.0%
Clock                9.945651e-05 3.952279e-05 2.957401e-10 1.389796e-04  29.6%
Macro                0.000000e+00 0.000000e+00 0.000000e+00 0.000000e+00   0.0%
Pad                  0.000000e+00 0.000000e+00 0.000000e+00 0.000000e+00   0.0%
------------------------------------------------------------------------
Total                3.283930e-04 1.416304e-04 2.328946e-09 4.700258e-04 100.0%
                            69.9%        30.1%         0.0%
Writing metric power__internal__total: 0.0003283930418547243
Writing metric power__switching__total: 0.00014163038576953113
Writing metric power__leakage__total: 2.3289459250008804e-9
Writing metric power__total: 0.00047002575593069196

%OL_END_REPORT
%OL_CREATE_REPORT skew.min.rpt

===========================================================================
Clock Skew (Hold)
============================================================================
Writing metric clock__skew__worst_hold__corner:nom_tt_025C_1v80: -0.31383924125579993
======================= nom_tt_025C_1v80 Corner ===================================

Clock clk
0.303194 source latency _780_/CLK ^
-0.335122 target latency _748_/CLK ^
-0.250000 clock uncertainty
-0.031911 CRPR
--------------
-0.313839 hold skew

%OL_END_REPORT
%OL_CREATE_REPORT skew.max.rpt

===========================================================================
Clock Skew (Setup)
============================================================================
Writing metric clock__skew__worst_setup__corner:nom_tt_025C_1v80: 0.26390265719676004
======================= nom_tt_025C_1v80 Corner ===================================

Clock clk
0.335122 source latency _748_/CLK ^
-0.302459 target latency _753_/CLK ^
0.250000 clock uncertainty
-0.018761 CRPR
--------------
0.263903 setup skew

%OL_END_REPORT
%OL_CREATE_REPORT ws.min.rpt

===========================================================================
Worst Slack (Hold)
============================================================================
Writing metric timing__hold__ws__corner:nom_tt_025C_1v80: 0.1524000968558594
nom_tt_025C_1v80: 0.1524000968558594
%OL_END_REPORT
%OL_CREATE_REPORT ws.max.rpt

===========================================================================
Worst Slack (Setup)
============================================================================
Writing metric timing__setup__ws__corner:nom_tt_025C_1v80: 0.42198956634576407
nom_tt_025C_1v80: 0.42198956634576407
%OL_END_REPORT
%OL_CREATE_REPORT tns.min.rpt

===========================================================================
Total Negative Slack (Hold)
============================================================================
Writing metric timing__hold__tns__corner:nom_tt_025C_1v80: 0.0
nom_tt_025C_1v80: 0.0
%OL_END_REPORT
%OL_CREATE_REPORT tns.max.rpt

===========================================================================
Total Negative Slack (Setup)
============================================================================
Writing metric timing__setup__tns__corner:nom_tt_025C_1v80: 0.0
nom_tt_025C_1v80: 0.0
%OL_END_REPORT
%OL_CREATE_REPORT wns.min.rpt

===========================================================================
Worst Negative Slack (Hold)
============================================================================
Writing metric timing__hold__wns__corner:nom_tt_025C_1v80: 0
nom_tt_025C_1v80: 0
%OL_END_REPORT
%OL_CREATE_REPORT wns.max.rpt

===========================================================================
Worst Negative Slack (Setup)
============================================================================
Writing metric timing__setup__wns__corner:nom_tt_025C_1v80: 0.0
nom_tt_025C_1v80: 0.0
%OL_END_REPORT
%OL_CREATE_REPORT violator_list.rpt

===========================================================================
Violator List
============================================================================
Writing metric timing__hold_vio__count__corner:nom_tt_025C_1v80: 0
Writing metric timing__hold_r2r__ws__corner:nom_tt_025C_1v80: 0.152400
Writing metric timing__hold_r2r_vio__count__corner:nom_tt_025C_1v80: 0
Writing metric timing__setup_vio__count__corner:nom_tt_025C_1v80: 0
Writing metric timing__setup_r2r__ws__corner:nom_tt_025C_1v80: 1e30
Writing metric timing__setup_r2r_vio__count__corner:nom_tt_025C_1v80: 0
%OL_END_REPORT
%OL_CREATE_REPORT unpropagated.rpt
%OL_END_REPORT
%OL_CREATE_REPORT clock.rpt
Clock: clk
Sources: clk 
Generated: no
Virtual: yes
Propagated: no
Period: 10.000000

===========================================================================
report_clock_properties
============================================================================
Clock                   Period          Waveform
----------------------------------------------------
clk                  10.000000    0.000000  5.000000

===========================================================================
report_clock_latency
============================================================================
Clock clk
rise -> rise
    min     max
0.000000 0.000000 source latency
0.302427         network latency _758_/CLK
        0.335122 network latency _748_/CLK
---------------
0.302427 0.335122 latency
        0.032695 skew

fall -> fall
    min     max
0.000000 0.000000 source latency
0.296531         network latency _758_/CLK
        0.328479 network latency _748_/CLK
---------------
0.296531 0.328479 latency
        0.031947 skew



===========================================================================
report_clock_min_period
============================================================================
clk period_min = 2.77 fmax = 361.59
%OL_END_REPORT
